ticker,year,quarter,quarter_key,name,corp_code,fs_div,fs_div_used,Assets,Equity,Liabilities,Debt_to_Equity,Debt_to_Equity_log,Revenue_ttm,Revenue_ttm_yoy,Revenue_acc2,Revenue_ttm_ready,Revenue_ttm_yoy_ready,Revenue_acc2_ready,Revenue_acc2_missing_reason,OpIncome_ttm,OpIncome_ttm_yoy,OpIncome_acc2,OpIncome_ttm_ready,OpIncome_ttm_yoy_ready,OpIncome_acc2_ready,OpIncome_acc2_missing_reason,NetIncome_ttm,NetIncome_ttm_yoy,NetIncome_acc2,NetIncome_ttm_ready,NetIncome_ttm_yoy_ready,NetIncome_acc2_ready,NetIncome_acc2_missing_reason,CFO_ttm,CFO_ttm_yoy,CFO_acc2,CFO_ttm_ready,CFO_ttm_yoy_ready,CFO_acc2_ready,CFO_acc2_missing_reason,CAPEX_ttm,CAPEX_ttm_yoy,CAPEX_acc2,CAPEX_ttm_ready,CAPEX_ttm_yoy_ready,CAPEX_acc2_ready,CAPEX_acc2_missing_reason,Assets_ttm,CFO_to_Assets_ttm,CAPEX_to_Assets_ttm,OpMargin_ttm,OpIncome_to_Assets_ttm,history_quarters,first_quarter_key,latest_quarter_key,CFO_isnull,CFO_warn,CFO_safe,Quality_CFO_to_Assets,rebalance_month,industry4,passed_filters,filter_status,industry4_scored,CFO_warn_scored,CFO_isnull_scored,quarter_scored,year_scored,corp_code_scored,score_total,score,score_rank,OpIncome_acc2__raw,OpIncome_acc2__z,OpIncome_acc2__rank,OpIncome_acc2__mult,OpIncome_acc2__contrib,Revenue_acc2__raw,Revenue_acc2__z,Revenue_acc2__rank,Revenue_acc2__mult,Revenue_acc2__contrib,Debt_to_Equity_log__raw,Debt_to_Equity_log__z,Debt_to_Equity_log__rank,Debt_to_Equity_log__mult,Debt_to_Equity_log__contrib,Quality_CFO_to_Assets__raw,Quality_CFO_to_Assets__z,Quality_CFO_to_Assets__rank,Quality_CFO_to_Assets__mult,Quality_CFO_to_Assets__contrib,CFO_isnull__raw,CFO_isnull__z,CFO_isnull__rank,CFO_isnull__mult,CFO_isnull__contrib,selected_topk
005690,2025,4,202504,파미셀,00145163,CFS,OFS,157172891322.0,123877690491.0,33295200831.0,0.2687747947110701,0.23805170624642055,88414198421.0,0.7592513378764201,0.6185989397067164,1,1,1,,26162580976.0,6.760396831742677,3.455725106503685,1,1,1,,31512892375.0,4.6100230133585915,3.3698691665215104,1,1,1,,17269733026.0,180.02449504732073,180.99583792230587,1,1,1,,6493310000.0,32.44570340270426,33.39434882358297,1,1,1,,157172891322.0,0.10987730060026388,0.04131316759133202,0.2959092707194177,0.16645733724145048,40,20161,20254,0,0,17269733026.0,0.10987730060026388,2026-03-31,211,True,passed,211,0,0,4,2025,00145163,4.31176403840372,4.31176403840372,1.0,3.455725106503685,3.0,1.0,1.0,3.0,0.6185989397067164,3.0,1.0,1.0,0.75,0.23805170624642055,-0.747897252582058,335.0,1.0,0.26176403840372026,0.10987730060026388,3.0,1.0,1.0,0.30000000000000004,0,0.0,1.0,1.0,-0.0,1
060280,2025,4,202504,큐렉소,00356802,CFS,CFS,101137762292.0,96248964468.0,4888797824.0,0.05079325113804611,0.049545356214452746,57303990899.0,0.3549749730557985,0.6056819219953464,1,1,1,,2020623118.0,-1.458812292610165,2.414447956993927,1,1,1,,1948186293.0,-1.2708767734518343,-1.6048803403510525,1,1,1,,-3580245866.0,-7.286765245788125,-6.778152694414612,1,1,1,,1557077139.0,-0.379713966354453,-2.963559359560793,1,1,1,,101137762292.0,-0.03539969428692014,0.015395605990416152,0.0352614728276327,0.019978918578069344,40,20161,20254,0,0,-3580245866.0,-0.03539969428692014,2026-03-31,47812,True,passed,47812,0,0,4,2025,00356802,3.9747763712057536,3.9747763712057536,2.0,2.414447956993927,3.0,1.0,1.0,3.0,0.6056819219953464,3.0,1.0,1.0,0.75,0.049545356214452746,-1.1526319829661706,397.0,1.0,0.4034211940381597,-0.03539969428692014,-1.7864482283240593,371.0,1.0,-0.17864482283240593,0,0.0,1.0,1.0,-0.0,1
218410,2025,4,202504,RFHIC,01078178,CFS,CFS,546184500788.0,396459689603.0,149724811185.0,0.37765456391021457,0.3203824618557173,145307187949.0,0.6093260022165736,0.6213765204012979,1,1,1,,23526679723.0,7.866429888021612,8.30404941790467,1,1,1,,28356702839.0,0.491731053190267,0.5731134750750903,1,1,1,,7113113146.0,-0.6674714510405957,-2.6051004703006964,1,1,1,,1132715030.0,-0.9380969237049829,-1.156785368392233,1,1,1,,546184500788.0,0.013023279012380718,0.0020738688636638193,0.16190995129062305,0.04307460151113262,34,20173,20254,0,0,7113113146.0,0.013023279012380718,2026-03-31,264,True,passed,264,0,0,4,2025,01078178,3.9376113264731205,3.9376113264731205,3.0,8.30404941790467,3.0,1.0,1.0,3.0,0.6213765204012979,3.0,1.0,1.0,0.75,0.3203824618557173,-0.5711280553205438,291.0,1.0,0.1998948193621903,0.013023279012380718,-0.12283492889069399,223.0,1.0,-0.0122834928890694,0,0.0,1.0,1.0,-0.0,1
450080,2025,4,202504,에코프로머티,01311408,CFS,OFS,1729095169605.0,1144680193740.0,584414975865.0,0.5105486921683757,0.4124729571200462,329352387595.0,0.40765963765102353,1.0792847010207884,1,1,1,,-40228643145.0,0.5364214866071733,3.2093966129029514,1,1,1,,-137484209443.0,8.197906964947187,10.305005795004547,1,1,1,,54189539655.0,2.230515966571011,2.968569778314712,1,1,1,,29273113945.0,-0.6797163706816036,-6.106360335945358,1,1,1,,1729095169605.0,0.031339824786728906,0.016929729756683807,-0.1221446835067994,-0.02326571946539528,13,20224,20254,0,1,54189539655.0,0.031339824786728906,2026-03-31,28202,True,passed,28202,1,0,4,2025,01311408,3.911078188275336,3.911078188275336,4.0,3.2093966129029514,3.0,1.0,1.0,3.0,1.0792847010207884,3.0,1.0,1.0,0.75,0.4124729571200462,-0.37340409660283064,253.0,1.0,0.13069143381099071,0.031339824786728906,0.5064459077390883,114.0,0.6,0.030386754464345297,0,0.0,1.0,0.6,-0.0,1
053610,2025,4,202504,프로텍,00325112,CFS,CFS,442823095798.0,354099701627.0,88723394171.0,0.25056048836906125,0.22359184151239114,179498850891.0,0.4114977515400111,0.3543174011211123,1,1,1,,30754836345.0,2.265516498471132,2.6259971117294034,1,1,1,,23503936259.0,0.9481858978139166,1.0593289081276005,1,1,1,,12330335197.0,-0.12760105348700745,0.1727661219544525,1,1,1,,-2771257738.0,-3.2286783387037903,-2.894698389503253,1,1,1,,442823095798.0,0.027844833103792436,-0.00625815989341294,0.17133723247997704,0.0694517441317678,40,20161,20254,0,0,12330335197.0,0.027844833103792436,2026-03-31,29271,True,passed,29271,0,0,4,2025,00325112,3.8404239699490565,3.8404239699490565,5.0,2.6259971117294034,3.0,1.0,1.0,3.0,0.3543174011211123,2.116626046036402,54.0,1.0,0.5291565115091005,0.22359184151239114,-0.7789434717334324,343.0,1.0,0.2726302151067013,0.027844833103792436,0.38637243333254945,129.0,1.0,0.038637243333254946,0,0.0,1.0,1.0,-0.0,1
100840,2025,4,202504,SNT에너지,00648721,CFS,CFS,589839322838.0,364744033303.0,225095289535.0,0.6171322050058292,0.48065433668749946,457820946881.0,1.0383075257842291,1.0852600533981915,1,1,1,,86996847532.0,4.0971468639461195,4.084069368219204,1,1,1,,59509513638.0,0.6099153561241448,-0.9211218438705138,1,1,1,,11320364085.0,0.048677353557393666,0.513187619378723,1,1,1,,1173402894.0,0.1889469377745545,-0.3462074216847011,1,1,1,,589839322838.0,0.01919228448610767,0.001989360235180991,0.19002373771817135,0.1474924511872427,40,20161,20254,0,0,11320364085.0,0.01919228448610767,2026-03-31,29176,True,passed,29176,0,0,4,2025,00648721,3.838365729207254,3.838365729207254,6.0,4.084069368219204,3.0,1.0,1.0,3.0,1.0852600533981915,3.0,1.0,1.0,0.75,0.48065433668749946,-0.22701448016937745,236.0,1.0,0.0794550680592821,0.01919228448610767,0.08910661147972267,184.0,1.0,0.008910661147972267,0,0.0,1.0,1.0,-0.0,1
041920,2025,4,202504,메디아나,00273439,CFS,CFS,146835881738.0,135432248814.0,11403632924.0,0.084201754189739,0.08084400580049247,49941574445.0,0.1350387385333769,0.4149844530359782,1,1,1,,4370574369.0,1.180374769618802,1.9089062941197898,1,1,1,,3000957137.0,-0.5933901542798659,-0.7851238347895226,1,1,1,,2383860301.0,-0.19804440461810813,0.13651757544230436,1,1,1,,107940201.0,-0.6469843092274332,-2.0802977054237335,1,1,1,,146835881738.0,0.01623486216573095,0.0007351077932885522,0.08751374816613473,0.029765029618567196,40,20161,20254,0,0,2383860301.0,0.01623486216573095,2026-03-31,27112,True,passed,27112,0,0,4,2025,00273439,3.83043356382806,3.83043356382806,7.0,1.9089062941197898,2.8323365542228713,54.0,1.0,2.8323365542228713,0.4149844530359782,2.477782719128317,44.0,1.0,0.6194456797820792,0.08084400580049247,-1.0854318568195218,390.0,1.0,0.3799011498868326,0.01623486216573095,-0.012498200637232343,203.0,1.0,-0.0012498200637232344,0,0.0,1.0,1.0,-0.0,1
171090,2025,4,202504,선익시스템,00327819,CFS,CFS,365622084365.0,143805770416.0,221816313949.0,1.5424715802942526,0.9331366710194042,426997542316.0,3.267048913320223,1.8841167924072701,1,1,1,,91728464061.0,8.685403760113978,11.962189861509312,1,1,1,,89954333044.0,-3.5014590395750615,-9.824918281406426,1,1,1,,39711891524.0,-1.686812665946599,6.803289716087198,1,1,1,,4472505892.0,-0.020022184665830944,-9.269840954358742,1,1,1,,365622084365.0,0.10861458654219497,0.01223259229476714,0.21482199537606764,0.250883269866783,34,20173,20254,0,0,39711891524.0,0.10861458654219497,2026-03-31,292,True,passed,292,0,0,4,2025,00327819,3.7894274751139028,3.7894274751139028,8.0,11.962189861509312,3.0,1.0,1.0,3.0,1.8841167924072701,3.0,1.0,1.0,0.75,0.9331366710194042,0.7444929282459914,105.0,1.0,-0.260572524886097,0.10861458654219497,3.0,1.0,1.0,0.30000000000000004,0,0.0,1.0,1.0,-0.0,1
361610,2025,4,202504,SK아이이테크놀로지,01386916,CFS,CFS,4391860994000.0,2601445266000.0,1790415728000.0,0.6882388614514098,0.5236858917619688,182787567000.0,0.0938607295144609,0.7362930733590869,1,1,1,,-199140363000.0,-0.08647480941676233,9.944065861593883,1,1,1,,-171362058000.0,-0.18610107786024266,2.679535345549216,1,1,1,,-13159880000.0,-0.6479136809175796,1.7019242472644982,1,1,1,,22954431000.0,-0.5713661974421571,-0.24348229312093583,1,1,1,,4391860994000.0,-0.002996424526636555,0.005226584136282889,-1.0894633933171176,-0.04534304780412183,19,20212,20254,0,0,-13159880000.0,-0.002996424526636555,2026-03-31,282,True,passed,282,0,0,4,2025,01386916,3.729797503857764,3.729797503857764,9.0,9.944065861593883,3.0,1.0,1.0,3.0,0.7362930733590869,3.0,1.0,1.0,0.75,0.5236858917619688,-0.13462308413353627,223.0,1.0,0.04711807944673769,-0.002996424526636555,-0.6732057558897389,300.0,1.0,-0.06732057558897389,0,0.0,1.0,1.0,-0.0,1
003160,2025,4,202504,디아이,00118275,CFS,CFS,373777690545.0,185897332896.0,187880357649.0,1.0106673114783706,0.69846666273297,323229794794.0,1.0241160408811925,1.0060865265924501,1,1,1,,26502982822.0,4.4754809883899425,4.093940747094373,1,1,1,,5852400180.0,0.10315837070580014,-2.0538055954519088,1,1,1,,12008824866.0,11.940318808157986,12.905032547277534,1,1,1,,1555390499.0,0.290005370872386,-5.753903302025839,1,1,1,,373777690545.0,0.03212825476151372,0.0041612716284166315,0.081994244493738,0.07090573753440547,40,20161,20254,0,0,12008824866.0,0.03212825476151372,2026-03-31,27212,True,passed,27212,0,0,4,2025,00118275,3.7191286161572155,3.7191286161572155,10.0,4.093940747094373,3.0,1.0,1.0,3.0,1.0060865265924501,3.0,1.0,1.0,0.75,0.69846666273297,0.2406419836123467,170.0,1.0,-0.08422469426432135,0.03212825476151372,0.5335331042153705,111.0,1.0,0.05335331042153705,0,0.0,1.0,1.0,-0.0,1
322000,2025,4,202504,HD현대에너지솔루션,01199550,CFS,CFS,530430417283.0,417784216586.0,112646200697.0,0.26962770785720197,0.23872371407604293,371610970361.0,0.15504644157424452,0.36102654694538605,1,1,1,,26547885709.0,330.35938550168385,331.35215204500884,1,1,1,,29705468294.0,-48.68470480595912,-47.762016226342965,1,1,1,,-6212074189.0,-1.1792679042882137,-0.8961128016831201,1,1,1,,1056098140.0,-0.7767304559426826,-0.8832676545341498,1,1,1,,530430417283.0,-0.011711383786811906,0.001991021075694724,0.07143999458145749,0.05004970462475559,25,20194,20254,0,0,-6212074189.0,-0.011711383786811906,2026-03-31,2612,True,passed,2612,0,0,4,2025,01199550,3.7031390244269753,3.7031390244269753,11.0,331.35215204500884,3.0,1.0,1.0,3.0,0.36102654694538605,2.1565662229314895,51.0,1.0,0.5391415557328724,0.23872371407604293,-0.7464544104300982,334.0,1.0,0.2612590436505344,-0.011711383786811906,-0.9726157495643116,340.0,1.0,-0.09726157495643117,0,0.0,1.0,1.0,-0.0,0
397030,2025,4,202504,에이프릴바이오,01375822,CFS,OFS,97119844414.0,96316078884.0,803765530.0,0.00834508152027274,0.008310453841306981,2172000000.0,-0.6806821523081447,7.960298690364431,1,1,1,,-4764352064.0,-1.2468529636994945,1.7424289273421016,1,1,1,,-4772238509.0,-1.2063773194776244,1.8990610798813503,1,1,1,,-860403470.0,-1.1444724995078444,5.021447953541582,1,1,1,,0.0,-1.0,-0.5368224352413196,1,1,1,,97119844414.0,-0.008859193249242595,0.0,-2.1935322578268877,-0.049056421916108525,14,20223,20254,0,0,-860403470.0,-0.008859193249242595,2026-03-31,70113,True,passed,70113,0,0,4,2025,01375822,3.6874078902233136,3.6874078902233136,12.0,1.7424289273421016,2.590462467603559,57.0,1.0,2.590462467603559,7.960298690364431,3.0,1.0,1.0,0.75,0.008310453841306981,-1.2411658551226266,400.0,1.0,0.43440804929291926,-0.008859193249242595,-0.8746262667316493,329.0,1.0,-0.08746262667316494,0,0.0,1.0,1.0,-0.0,0
098460,2025,4,202504,고영,00579999,CFS,CFS,410335212878.0,335165611050.0,75169601828.0,0.2242759977448468,0.20234964702508956,172360832068.0,0.10318014198694492,0.2128991497020375,1,1,1,,12646074759.0,3.8130464141012164,4.671794582701394,1,1,1,,6302311916.0,-0.7521078642961823,-1.165276745008475,1,1,1,,15042890383.0,0.6337339999465961,2.9736964739126908,1,1,1,,2717575290.0,-0.18013148599143114,-3.1335365971446834,1,1,1,,410335212878.0,0.03666000360410823,0.006622817649354368,0.07336977088861381,0.030818887490311257,40,20161,20254,0,1,15042890383.0,0.03666000360410823,2026-03-31,29271,True,passed,29271,1,0,4,2025,00579999,3.648634105290692,3.648634105290692,13.0,4.671794582701394,3.0,1.0,1.0,3.0,0.2128991497020375,1.2747498779202813,80.0,1.0,0.3186874694800703,0.20234964702508956,-0.8245517701123828,352.0,1.0,0.288593119539334,0.03666000360410823,0.689225271188125,99.0,0.6,0.041353516271287506,0,0.0,1.0,0.6,-0.0,0
247540,2025,4,202504,에코프로비엠,01160363,CFS,CFS,4882022445703.0,2016007934583.0,2866014511120.0,1.4216285868501897,0.8844402835987852,1906516241233.0,-0.1507349783981563,0.40888222813817143,1,1,1,,92829384864.0,12.037835070003013,12.97319944012392,1,1,1,,42516972935.0,-5.742195367091034,-4.474554295633165,1,1,1,,411381969589.0,1.4461431534712834,2.116517912845913,1,1,1,,162627095769.0,-0.23073902953263992,,1,1,0,missing_prev_yoy,4882022445703.0,0.0842646616569912,0.03331141910503488,0.04869058173035259,0.01901453463117636,29,20184,20254,0,0,411381969589.0,0.0842646616569912,2026-03-31,28202,True,passed,28202,0,0,4,2025,01160363,3.618857787851793,3.618857787851793,14.0,12.97319944012392,3.0,1.0,1.0,3.0,0.40888222813817143,2.441455599662495,45.0,1.0,0.6103638999156238,0.8844402835987852,0.6399387886638386,117.0,1.0,-0.22397857603234347,0.0842646616569912,2.324724639685127,17.0,1.0,0.2324724639685127,0,0.0,1.0,1.0,-0.0,0
356860,2025,4,202504,티엘비,00920379,CFS,CFS,246296090246.0,126043259710.0,120252830536.0,0.9540599855373258,0.6699092519914207,189609772100.0,0.4197043744088662,0.4078792040057735,1,1,1,,17310206628.0,28.422731451536592,29.28271311575153,1,1,1,,12418998942.0,3.4223948551924233,3.6329848154106688,1,1,1,,4293372902.0,-3.7060828067977116,-2.1638204653172464,1,1,1,,24950975462.0,7.865271794787249,8.36903821860532,1,1,1,,246296090246.0,0.01743175418542693,0.10130479715321108,0.09129385282352755,0.07028210074593796,21,20204,20254,0,0,4293372902.0,0.01743175418542693,2026-03-31,2622,True,passed,2622,0,0,4,2025,00920379,3.5489687189810413,3.5489687189810413,15.0,29.28271311575153,3.0,1.0,1.0,3.0,0.4078792040057735,2.4354845025471104,47.0,1.0,0.6088711256367776,0.6699092519914207,0.17932746590517545,176.0,1.0,-0.0627646130668114,0.01743175418542693,0.02862206411075343,193.0,1.0,0.002862206411075343,0,0.0,1.0,1.0,-0.0,0
353200,2025,4,202504,대덕전자,01478712,CFS,CFS,1178006544303.0,897305160164.0,280701384139.0,0.3128271145656806,0.272182914576249,779121228716.0,0.18141416695551715,0.19984376532115367,1,1,1,,24613646584.0,11.057843344577854,11.966370174985034,1,1,1,,24326377103.0,0.30884476238536895,0.44886098765496363,1,1,1,,15458065857.0,0.8078065775136731,1.6392026549153595,1,1,1,,16214008135.0,0.8213814114979627,1.2085838252724144,1,1,1,,1178006544303.0,0.013122224092690581,0.013763937232278674,0.031591549141285175,0.020894320751472007,23,20202,20254,0,0,15458065857.0,0.013122224092690581,2026-03-31,2622,True,passed,2622,0,0,4,2025,01478712,3.523429334838343,3.523429334838343,16.0,11.966370174985034,3.0,1.0,1.0,3.0,0.19984376532115367,1.197029945269643,84.0,1.0,0.2992574863174107,0.272182914576249,-0.6746154485541597,313.0,1.0,0.23611540699395586,0.013122224092690581,-0.11943558473023602,221.0,1.0,-0.011943558473023603,0,0.0,1.0,1.0,-0.0,0
298380,2025,4,202504,에이비엘바이오,01256864,CFS,CFS,280934191003.0,156697416161.0,124236774842.0,0.7928450761073937,0.5838037860418026,77906720026.0,2.0592655937064293,2.6123110693487375,1,1,1,,-17981218588.0,-0.5976181534134928,17.741805684422815,1,1,1,,-16578264048.0,-0.6088324276071618,29.364269320113777,1,1,1,,-23624991896.0,0.5186080601824221,0.621631681099445,1,1,1,,,,,0,0,0,missing_ttm_yoy,280934191003.0,-0.08409439880440796,,-0.23080446182305048,-0.0640050914550589,29,20184,20254,0,0,-23624991896.0,-0.08409439880440796,2026-03-31,211,True,passed,211,0,0,4,2025,01256864,3.4519411933366992,3.4519411933366992,17.0,17.741805684422815,3.0,1.0,1.0,3.0,2.6123110693487375,3.0,1.0,1.0,0.75,0.5838037860418026,-0.005546266676284376,202.0,1.0,0.0019411933366995314,-0.08409439880440796,-3.0,395.0,1.0,-0.30000000000000004,0,0.0,1.0,1.0,-0.0,0
402340,2025,4,202504,SK스퀘어,01596425,CFS,CFS,30504546000000.0,27983163000000.0,2521383000000.0,0.09010357406702023,0.08627271380657554,1003632000000.0,-0.30741441810105385,0.044520284728126525,1,1,1,,6151913000000.0,1.2365721066574955,3.7827610468999073,1,1,1,,6336290000000.0,1.5130614914353182,3.9438331404746583,1,1,1,,81721000000.0,-0.04715210167317674,-0.38320120360017806,1,1,1,,10877000000.0,-0.4099490072691765,-0.4190359352306392,1,1,1,,30504546000000.0,0.002678977749742612,0.00035656980438259926,6.129650110797583,0.20167200652650263,10,20233,20254,0,0,81721000000.0,0.002678977749742612,2026-03-31,64992,True,passed,64992,0,0,4,2025,01596425,3.3960930517678776,3.3960930517678776,18.0,3.7827610468999073,3.0,1.0,1.0,3.0,0.044520284728126525,0.2723746384194927,152.0,1.0,0.06809365960487318,0.08627271380657554,-1.0737760867576458,388.0,1.0,0.375821630365176,0.002678977749742612,-0.47822238202171785,283.0,1.0,-0.04782223820217179,0,0.0,1.0,1.0,-0.0,0
131290,2025,4,202504,티에스이,00372226,CFS,CFS,608025581215.0,464563900422.0,143461680793.0,0.3088093600529065,0.26911783847043846,324501463038.0,0.36702829284753546,-0.011405436599751795,1,1,1,,37690531394.0,0.9518241416953857,4.063566098248995,1,1,1,,28276149648.0,-0.10308929414662948,4.338395401906024,1,1,1,,22684728360.0,0.3927602120059257,-3.3314089364848707,1,1,1,,12176287371.0,-0.07491001145760734,-0.8905689629004847,1,1,1,,608025581215.0,0.03730883874107691,0.020025945860153573,0.11614903378597814,0.06198839745966625,40,20161,20254,0,0,22684728360.0,0.03730883874107691,2026-03-31,27212,True,passed,27212,0,0,4,2025,00372226,3.2944312692102535,3.2944312692102535,19.0,4.063566098248995,3.0,1.0,1.0,3.0,-0.011405436599751795,-0.060556447194917526,221.0,1.0,-0.015139111798729381,0.26911783847043846,-0.6811963555160823,315.0,1.0,0.23841872443062878,0.03730883874107691,0.7115165657835428,95.0,1.0,0.07115165657835429,0,0.0,1.0,1.0,-0.0,0
178920,2025,4,202504,PI첨단소재,00767460,CFS,OFS,464759120865.0,355154473586.0,109604647279.0,0.30861119718504526,0.2689664200308669,195003446574.0,0.07949159559045005,-0.07662196970036428,1,1,1,,31430980803.0,0.37486275821422876,4.170158036363945,1,1,1,,21958536075.0,0.29694113905824193,4.117709064684388,1,1,1,,25725323464.0,1.4960196198115319,1.921561744175567,1,1,1,,1949154163.0,0.28845367740297667,1.208048356163482,1,1,1,,464759120865.0,0.055351949663990596,0.00419390190637308,0.16118166809463316,0.06762854001552743,40,20161,20254,0,0,25725323464.0,0.055351949663990596,2026-03-31,2221,True,passed,2221,0,0,4,2025,00767460,3.2594736895877765,3.2594736895877765,20.0,4.170158036363945,3.0,1.0,1.0,3.0,-0.07662196970036428,-0.448796610212208,286.0,1.0,-0.112199152553052,0.2689664200308669,-0.6815214602210685,316.0,1.0,0.23853251107737397,0.055351949663990596,1.3314033106345455,44.0,1.0,0.13314033106345455,0,0.0,1.0,1.0,-0.0,0
000100,2025,4,202504,유한양행,00145109,CFS,CFS,3220925833989.0,2362284335746.0,858641498243.0,0.3634793175614249,0.3100397545499756,1616624008341.0,0.10048795278101674,0.03283415723087746,1,1,1,,82360675082.0,10.278660893749757,11.147973753510511,1,1,1,,164149185534.0,7.365746399819077,8.195147978654143,1,1,1,,7697210176.0,-0.8562202220002778,-0.7687977796952249,1,1,1,,49682322071.0,0.12151475943680201,0.4261470250492835,1,1,1,,3220925833989.0,0.002389750827161172,0.015424857519761715,0.05094609176720044,0.025570497219428143,40,20161,20254,0,0,7697210176.0,0.002389750827161172,2026-03-31,212,True,passed,212,0,0,4,2025,00145109,3.20955267228866,3.20955267228866,21.0,11.147973753510511,3.0,1.0,1.0,3.0,0.03283415723087746,0.20280602094064967,164.0,1.0,0.05070150523516242,0.3100397545499756,-0.5933344841868459,296.0,1.0,0.20766706946539604,0.002389750827161172,-0.4881590241189848,286.0,1.0,-0.04881590241189848,0,0.0,1.0,1.0,-0.0,0
095610,2025,4,202504,테스,00524421,CFS,CFS,487468886334.0,391753766498.0,95715119836.0,0.24432469582009406,0.21859296976161705,283547331902.0,0.4979921778457592,-0.08953404920000563,1,1,1,,49421972958.0,0.43623734753681864,67.84288655189508,1,1,1,,44817128622.0,0.11587494077453853,-6.021556660924148,1,1,1,,16902311278.0,0.49347007222799144,2.712255125568911,1,1,1,,62513702290.0,-3.620737702929877,1.61905442341408,1,1,1,,487468886334.0,0.03467362072093153,0.12824142020659626,0.1742988467797725,0.10138487674501025,40,20161,20254,0,0,16902311278.0,0.03467362072093153,2026-03-31,29271,True,passed,29271,0,0,4,2025,00524421,3.207069002287817,3.207069002287817,22.0,67.84288655189508,3.0,1.0,1.0,3.0,-0.08953404920000563,-0.5256634354097266,291.0,1.0,-0.13141585885243165,0.21859296976161705,-0.7896763569117364,344.0,1.0,0.2763867249191077,0.03467362072093153,0.6209813622114068,105.0,1.0,0.06209813622114068,0,0.0,1.0,1.0,-0.0,0
373220,2025,4,202504,LG에너지솔루션,01515323,CFS,CFS,67147953000000.0,29321676000000.0,37826277000000.0,1.290044846004028,0.8285714007822683,17971886000000.0,-0.041077078107253806,0.2245841211563755,1,1,1,,744811000000.0,4.8587486627650875,5.769971196520679,1,1,1,,-455293000000.0,1.0443770907703014,2.227303920038594,1,1,1,,1752971000000.0,-0.4491526142744422,-0.6401319381335344,1,1,1,,2372085000000.0,-0.30749181179282836,0.4922731101457525,1,1,1,,67147953000000.0,0.02610609738170276,0.03532624442028784,0.041443118435093566,0.011092087944959394,21,20204,20254,0,0,1752971000000.0,0.02610609738170276,2026-03-31,28202,True,passed,28202,0,0,4,2025,01515323,3.186746868029733,3.186746868029733,23.0,5.769971196520679,3.0,1.0,1.0,3.0,0.2245841211563755,1.3443116133668096,73.0,1.0,0.3360779033417024,0.8285714007822683,0.519984860216495,134.0,1.0,-0.18199470107577326,0.02610609738170276,0.32663665763803995,143.0,1.0,0.032663665763803994,0,0.0,1.0,1.0,-0.0,0
009420,2025,4,202504,한올바이오파마,00162586,CFS,CFS,225224012033.0,161681400836.0,63542611197.0,0.3930112608404095,0.33146777864181376,114380954753.0,0.12023923779784296,0.11863569094350357,1,1,1,,-1264690091.0,5.333567759474662,6.427750193223497,1,1,1,,-5858120653.0,1.8903737091567252,3.5257652760248948,1,1,1,,-12676079634.0,-4.588747786987566,-4.763757290150457,1,1,1,,3989714292.0,0.3242775221194778,-0.6079478587493019,1,1,1,,225224012033.0,-0.056282096742609714,0.017714426876542025,-0.011056824046722076,-0.005615254251019632,40,20161,20254,0,0,-12676079634.0,-0.056282096742609714,2026-03-31,212,True,passed,212,0,0,4,2025,00162586,3.1195740472004787,3.1195740472004787,24.0,6.427750193223497,3.0,1.0,1.0,3.0,0.11863569094350357,0.7135906310997361,105.0,1.0,0.17839765777493402,0.33146777864181376,-0.5473271982147625,285.0,1.0,0.19156451937516686,-0.056282096742609714,-2.5038812994962236,389.0,1.0,-0.2503881299496224,0,0.0,1.0,1.0,-0.0,0
251270,2025,4,202504,넷마블,00904672,CFS,CFS,8093652130179.0,5492482877191.0,2601169252988.0,0.4735871392134965,0.38769965901983855,2139119146286.0,0.0608224246603295,-0.016643830319707176,1,1,1,,261608821616.0,0.7425284808473596,4.965083420716336,1,1,1,,190220877454.0,-11.950518210899299,-11.013588396336678,1,1,1,,61716356277.0,-0.16270646733672878,2.607351679750336,1,1,1,,32630463969.0,0.5007064145470814,-2.1131020432567738,1,1,1,,8093652130179.0,0.007625279080982083,0.0040316118662093205,0.1222974522341183,0.03232271629769369,35,20172,20254,0,0,61716356277.0,0.007625279080982083,2026-03-31,5821,True,passed,5821,0,0,4,2025,00904672,3.0955437970776916,3.0955437970776916,25.0,4.965083420716336,3.0,1.0,1.0,3.0,-0.016643830319707176,-0.09174109831163148,226.0,1.0,-0.02293527457790787,0.38769965901983855,-0.4265938916713386,267.0,1.0,0.1493078620849685,0.007625279080982083,-0.30828790429368974,256.0,1.0,-0.030828790429368976,0,0.0,1.0,1.0,-0.0,0
052400,2025,4,202504,코나아이,00349732,CFS,CFS,559070392738.0,257888596774.0,301181795964.0,1.1678755855496004,0.7737476951916037,215913386520.0,0.1946623467964239,0.3348816599021338,1,1,1,,58722210940.0,1.5201381039646646,1.60043644888358,1,1,1,,44492412626.0,0.9576571992231604,0.9201557393533388,1,1,1,,66298905944.0,11.927986804315983,13.0335115610944,1,1,1,,9859814630.0,1.5804503935637308,2.1269797519932405,1,1,1,,559070392738.0,0.11858776069200644,0.017636087974024866,0.27197114494131,0.10503545117532147,40,20161,20254,0,0,66298905944.0,0.11858776069200644,2026-03-31,58221,True,passed,58221,0,0,4,2025,00349732,3.043596910880564,3.043596910880564,26.0,1.60043644888358,2.384162345858901,58.0,1.0,2.384162345858901,0.3348816599021338,2.000923248287602,56.0,1.0,0.5002308120719005,0.7737476951916037,0.40227499157210883,151.0,1.0,-0.14079624705023808,0.11858776069200644,3.0,1.0,1.0,0.30000000000000004,0,0.0,1.0,1.0,-0.0,0
263750,2025,4,202504,펄어비스,01152470,CFS,CFS,1149099301311.0,799102814399.0,349996486912.0,0.43798680295630055,0.3632440818967292,258746822469.0,-0.015916255408483404,-0.07374398439531615,1,1,1,,-25425818168.0,7.317441977830638,8.152057843811976,1,1,1,,-37409671824.0,-1.5489044342855098,-187.89611871178408,1,1,1,,11598372212.0,-2.5561222603629603,-1.1283074501867707,1,1,1,,672186063.0,-0.6151075728928981,-2.3748413886778024,1,1,1,,1149099301311.0,0.010093446405169241,0.0005849677762688631,-0.09826523829503732,-0.022126737122711543,33,20174,20254,0,0,11598372212.0,0.010093446405169241,2026-03-31,58211,True,passed,58211,0,0,4,2025,01152470,3.0374204216768077,3.0374204216768077,27.0,8.152057843811976,3.0,1.0,1.0,3.0,-0.07374398439531615,-0.43166369267012605,284.0,1.0,-0.10791592316753151,0.3632440818967292,-0.47910152025589814,276.0,1.0,0.16768553208956433,0.010093446405169241,-0.22349187245225172,241.0,1.0,-0.022349187245225173,0,0.0,1.0,1.0,-0.0,0
001430,2025,4,202504,세아베스틸지주,00106669,CFS,CFS,3914568488213.0,1952953862759.0,1961614625454.0,1.0044346990782285,0.6953620754075066,2725675916472.0,-0.009776666788947286,0.10885582876437339,1,1,1,,71455387762.0,1.5602709982387615,2.3802441298582204,1,1,1,,22270777701.0,1.5012245311043455,2.4067497639191915,1,1,1,,13022038786.0,-0.5796923295787504,0.11242835232072546,1,1,1,,80751080867.0,0.7726341131789485,1.0912160416483792,1,1,1,,3914568488213.0,0.0033265579144189554,0.0206283479546076,0.026215658042900727,0.018253707395120677,40,20161,20254,0,0,13022038786.0,0.0033265579144189554,2026-03-31,2411,True,passed,2411,0,0,4,2025,00106669,3.036353442063559,3.036353442063559,28.0,2.3802441298582204,3.0,1.0,1.0,3.0,0.10885582876437339,0.6553701905734906,111.0,1.0,0.16384254764337264,0.6953620754075066,0.2339762436311086,171.0,1.0,-0.08189168527088801,0.0033265579144189554,-0.455974203089253,279.0,1.0,-0.0455974203089253,0,0.0,1.0,1.0,-0.0,0
126340,2025,4,202504,비나텍,00563518,CFS,CFS,202256288790.0,78228674176.0,124027614614.0,1.5854495288385033,0.9498993918121267,59218272014.0,0.30024771898005054,0.20170831832304548,1,1,1,,-791962338.0,-0.8574067366217064,3.732043666144008,1,1,1,,-9203460586.0,2.135093702736582,6.224984169907733,1,1,1,,3422040889.0,19.184179611996164,20.148223743168142,1,1,1,,10421606860.0,1.534258499970755,1.7731067591410874,1,1,1,,202256288790.0,0.016919329972246544,0.051526738290054434,-0.013373614444757344,-0.003915637643397501,22,20203,20254,0,0,3422040889.0,0.016919329972246544,2026-03-31,282,True,passed,282,0,0,4,2025,00563518,3.02996494738611,3.02996494738611,29.0,3.732043666144008,3.0,1.0,1.0,3.0,0.20170831832304548,1.2081298048756737,83.0,1.0,0.3020324512189184,0.9498993918121267,0.7804835210265324,98.0,1.0,-0.2731692323592863,0.016919329972246544,0.011017285264782017,196.0,1.0,0.0011017285264782017,0,0.0,1.0,1.0,-0.0,0
033240,2025,4,202504,자화전자,00146861,CFS,CFS,777823953224.0,444654832356.0,333169120868.0,0.7492758351521924,0.5592018938086032,593015187747.0,0.17757010163406228,-0.09383097447608835,1,1,1,,22573767503.0,-0.41309045916002285,27.812725902827637,1,1,1,,23187098938.0,0.37844888456851455,2.5396260502244385,1,1,1,,35517652008.0,-0.19533126783216148,1.5873497552650957,1,1,1,,32771249042.0,0.707997084990079,0.7447786768179819,1,1,1,,777823953224.0,0.04566284165045702,0.042131961745542235,0.03806608661873045,0.029021692388662066,40,20161,20254,0,0,35517652008.0,0.04566284165045702,2026-03-31,26292,True,passed,26292,0,0,4,2025,00146861,2.9824705149821154,2.9824705149821154,30.0,27.812725902827637,3.0,1.0,1.0,3.0,-0.09383097447608835,-0.551243436221573,294.0,1.0,-0.13781085905539325,0.5592018938086032,-0.05836804280347779,213.0,1.0,0.020428814981217226,0.04566284165045702,0.9985255905629119,66.0,1.0,0.0998525590562912,0,0.0,1.0,1.0,-0.0,0
326030,2025,4,202504,에스케이바이오팜,00878696,CFS,CFS,1198308575535.0,826269525829.0,372039049706.0,0.45026354969673066,0.3717452983279626,515014125508.0,0.2530918464638152,-0.30045043838456453,1,1,1,,133832871657.0,0.7381854987903167,4.610073396934597,1,1,1,,181887092820.0,-0.1757318029072662,13.83102867346413,1,1,1,,87003680078.0,0.5303516216036821,4.6354058802467915,1,1,1,,26546151908.0,43.10599909881456,43.434412461660784,1,1,1,,1198308575535.0,0.07260540553100532,0.02215301838772883,0.2598625261491417,0.1116848150713172,23,20202,20254,0,0,87003680078.0,0.07260540553100532,2026-03-31,7011,True,passed,7011,0,0,4,2025,00878696,2.908396046404781,2.908396046404781,31.0,4.610073396934597,3.0,1.0,1.0,3.0,-0.30045043838456453,-1.7812685623136957,353.0,1.0,-0.4453171405784239,0.3717452983279626,-0.46084888558524256,274.0,1.0,0.1612971099548349,0.07260540553100532,1.924160770283698,23.0,1.0,0.19241607702836983,0,0.0,1.0,1.0,-0.0,0
003670,2025,4,202504,포스코퓨처엠,00155276,CFS,CFS,9143896515830.0,4512079082909.0,4631817432921.0,1.0265372897530871,0.7063285679793946,2063899869084.0,-0.2568297131890379,-0.056218451457201724,1,1,1,,-33842667016.0,51.35978732913881,51.84458929691228,1,1,1,,-9927215216.0,-0.9568625673784168,-12.249109930432835,1,1,1,,155108192327.0,0.7752437005178336,1.2540592291175574,1,1,1,,294637115074.0,-0.4483743612245983,-0.5535305191676603,1,1,1,,9143896515830.0,0.01696303015442872,0.03222227138768702,-0.016397436485627595,-0.0037011209561931564,40,20161,20254,0,0,155108192327.0,0.01696303015442872,2026-03-31,282,True,passed,282,0,0,4,2025,00155276,2.829286035878154,2.829286035878154,32.0,51.84458929691228,3.0,1.0,1.0,3.0,-0.056218451457201724,-0.32733254470245615,268.0,1.0,-0.08183313617561404,0.7063285679793946,0.2575219778389469,169.0,1.0,-0.09013269224363142,0.01696303015442872,0.0125186429739952,195.0,1.0,0.00125186429739952,0,0.0,1.0,1.0,-0.0,0
252990,2025,4,202504,샘씨엔에스,01199727,CFS,OFS,253730108291.0,166531612176.0,87198496115.0,0.5236152762566407,0.4210859819941012,57155517597.0,0.5211084647956474,-0.2369899752976452,1,1,1,,9238888590.0,3.377018868039375,4.9518310911875325,1,1,1,,9721880493.0,11.400124668319691,12.689799570418822,1,1,1,,6521364498.0,4.070731398716153,5.034936640795644,1,1,1,,1827853530.0,-0.5703975125421674,0.3500289751525818,1,1,1,,253730108291.0,0.025701973415471552,0.007203928387969065,0.1616447366489239,0.03641226755558718,19,20212,20254,0,0,6521364498.0,0.025701973415471552,2026-03-31,2629,True,passed,2629,0,0,4,2025,01199727,2.8046236412326717,2.8046236412326717,33.0,4.9518310911875325,3.0,1.0,1.0,3.0,-0.2369899752976452,-1.403482449457799,340.0,1.0,-0.3508706123644498,0.4210859819941012,-0.3549114023270085,247.0,1.0,0.12421899081445298,0.025701973415471552,0.3127526278266838,147.0,1.0,0.03127526278266838,0,0.0,1.0,1.0,-0.0,0
083650,2025,4,202504,비에이치아이,00409788,CFS,CFS,830757375864.0,177646394222.0,653110981642.0,3.6764662998215685,1.5425427605843622,569422036495.0,0.8577648489403549,0.7835517521987827,1,1,1,,57142703211.0,2.3303606705657565,1.939555394802731,1,1,1,,53530654560.0,2.000808627257004,-0.7300482911975457,1,1,1,,-17670475596.0,-1.4926093863764982,-2.112075302283422,1,1,1,,3825668447.0,0.3789872003026342,0.5376953150571574,1,1,1,,830757375864.0,-0.021270320444187984,0.004605036991722461,0.1003521106466728,0.06878386502626081,40,20161,20254,0,0,-17670475596.0,-0.021270320444187984,2026-03-31,29176,True,passed,29176,0,0,4,2025,00409788,2.778240486137056,2.778240486137056,34.0,1.939555394802731,2.8768664706726508,53.0,1.0,2.8768664706726508,0.7835517521987827,3.0,1.0,1.0,0.75,1.5425427605843622,2.05292529305854,44.0,1.0,-0.718523852570489,-0.021270320444187984,-1.3010213196510532,355.0,1.0,-0.1301021319651053,0,0.0,1.0,1.0,-0.0,0
018880,2025,4,202504,한온시스템,00161125,CFS,CFS,10492248416160.0,3912981016446.0,6579267399714.0,1.681395174692076,0.9863372466357356,8178030741485.0,0.09055763789200233,0.05364245634700593,1,1,1,,175070085297.0,95.15158950750319,96.14450454895227,1,1,1,,-252539860402.0,-0.25542304226644297,4.0942708698932275,1,1,1,,134214939320.0,-0.11808306783760536,0.31785178693062255,1,1,1,,136427638217.0,-0.20278036410055023,-0.15708742383903485,1,1,1,,10492248416160.0,0.012791818683332375,0.01300270759953379,0.021407364539352425,0.016685659579634023,40,20161,20254,0,0,134214939320.0,0.012791818683332375,2026-03-31,29172,True,passed,29172,0,0,4,2025,00161125,2.768040008382953,2.768040008382953,35.0,96.14450454895227,3.0,1.0,1.0,3.0,0.05364245634700593,0.3266797851055588,142.0,1.0,0.0816699462763897,0.9863372466357356,0.8587178369809172,90.0,1.0,-0.300551242943321,0.012791818683332375,-0.13078694950115918,225.0,1.0,-0.013078694950115918,0,0.0,1.0,1.0,-0.0,0
003620,2025,4,202504,KG모빌리티,00138242,CFS,CFS,3369204394425.0,1484549777823.0,1884654616602.0,1.2695125786659232,0.8195650853823563,3086414654159.0,0.026779681477338668,-0.03477037120414783,1,1,1,,34735791729.0,-0.1621415661833846,25.031067921745066,1,1,1,,38325626664.0,-0.5535866045516391,24.218250851136272,1,1,1,,26143443303.0,-0.36137281472639293,1.1415086278783653,1,1,1,,36371859210.0,-0.33484243830731586,,1,1,0,missing_prev_yoy,3369204394425.0,0.0077595302161719195,0.010795385186539668,0.011254415113080443,0.010309790580374727,40,20161,20254,0,0,26143443303.0,0.0077595302161719195,2026-03-31,301,True,passed,301,0,0,4,2025,00138242,2.744493203763762,2.744493203763762,36.0,25.031067921745066,3.0,1.0,1.0,3.0,-0.03477037120414783,-0.19965010318096157,244.0,1.0,-0.049912525795240394,0.8195650853823563,0.5006477469865189,137.0,1.0,-0.17522671144528162,0.0077595302161719195,-0.30367558995715843,254.0,1.0,-0.030367558995715846,0,0.0,1.0,1.0,-0.0,0
000660,2025,4,202504,SK하이닉스,00164779,CFS,CFS,176107659000000.0,120666751000000.0,55440908000000.0,0.4594547175634156,0.3780628848378527,72697746000000.0,0.4952264290349808,-0.5562848909277458,1,1,1,,35822929000000.0,1.179360117478712,4.947360566088023,1,1,1,,30350364000000.0,1.1611636220497,4.180987584834447,1,1,1,,20861736000000.0,0.8928867677900671,-0.895218090709043,1,1,1,,12245756000000.0,0.6405260612523493,-2.443708021405935,1,1,1,,176107659000000.0,0.1184601289828059,0.06953562422858622,0.4927653327793684,0.2034149406301517,40,20161,20254,0,0,20861736000000.0,0.1184601289828059,2026-03-31,2612,True,passed,2612,0,0,4,2025,00164779,2.7065496235422355,2.7065496235422355,37.0,4.947360566088023,3.0,1.0,1.0,3.0,-0.5562848909277458,-3.0,368.0,1.0,-0.75,0.3780628848378527,-0.44728463869210044,270.0,1.0,0.15654962354223514,0.1184601289828059,3.0,1.0,1.0,0.30000000000000004,0,0.0,1.0,1.0,-0.0,0
319400,2025,4,202504,현대무벡스,01358463,CFS,CFS,283436434561.0,160303427587.0,123133006974.0,0.7681246048664379,0.5699194395976359,290463469735.0,0.12837080942808243,-0.22102907392791815,1,1,1,,11490826526.0,-0.335636797640841,16.64875620114658,1,1,1,,6287004429.0,-0.7185258635989165,97.78332976498135,1,1,1,,6038914905.0,-1.2914589643479366,-4.325666853343932,1,1,1,,5665286146.0,-4.375376216204518,-8.142713370479267,1,1,1,,283436434561.0,0.021306064318630604,0.01998785426007305,0.039560315575943104,0.04054110595836963,21,20204,20254,0,0,6038914905.0,0.021306064318630604,2026-03-31,291,True,passed,291,0,0,4,2025,01358463,2.7014311946176544,2.7014311946176544,38.0,16.64875620114658,3.0,1.0,1.0,3.0,-0.22102907392791815,-1.3084657005587759,338.0,1.0,-0.32711642513969397,0.5699194395976359,-0.03535681265357609,209.0,1.0,0.01237488442875163,0.021306064318630604,0.1617273532859669,176.0,1.0,0.016172735328596692,0,0.0,1.0,1.0,-0.0,0
064260,2025,4,202504,다날,00389970,CFS,CFS,741963126216.0,307585989379.0,434377136837.0,1.4122136632880604,0.880544858394418,169078206291.0,-0.12253317248661633,-0.01000257260289883,1,1,1,,294191308.0,-1.0711400913894646,3.9016754850927615,1,1,1,,-31949352582.0,-11.434958414660853,-10.350519239226637,1,1,1,,-2914374908.0,-0.8134103585248801,-2.3241440757305787,1,1,1,,-166660157.0,-1.0317709772795525,8.45530555106285,1,1,1,,741963126216.0,-0.0039279241852129025,-0.00022462053855690122,0.0017399717826061404,0.0003965039469014733,40,20161,20254,0,0,-2914374908.0,-0.0039279241852129025,2026-03-31,582,True,passed,582,0,0,4,2025,00389970,2.6953766351253114,2.6953766351253114,39.0,3.9016754850927615,3.0,1.0,1.0,3.0,-0.01000257260289883,-0.05220506571333785,219.0,1.0,-0.013051266428334462,0.880544858394418,0.6315750711044371,118.0,1.0,-0.22105127488655296,-0.0039279241852129025,-0.7052082355980145,304.0,1.0,-0.07052082355980145,0,0.0,1.0,1.0,-0.0,0
009240,2025,4,202504,한샘,00161693,CFS,CFS,992956864953.0,399759358345.0,593197506608.0,1.4838864787652055,0.9098244620467197,1303146562137.0,-0.10393311226870383,-0.08255781998235501,1,1,1,,11647285873.0,-0.5135424499322339,8.542599138225789,1,1,1,,46335535203.0,-0.20237012075649052,1.9810345103784581,1,1,1,,32847421681.0,1.0955617684335475,3.3911311314024704,1,1,1,,3545604559.0,0.6939175205015293,1.0978274581447485,1,1,1,,992956864953.0,0.033080411486509816,0.0035707538606602265,0.00893781728887032,0.011729901150893705,40,20161,20254,0,0,32847421681.0,0.033080411486509816,2026-03-31,46431,True,passed,46431,0,0,4,2025,00161693,2.69253714256029,2.69253714256029,40.0,8.542599138225789,3.0,1.0,1.0,3.0,-0.08255781998235501,-0.4841332859225068,289.0,1.0,-0.1210333214806267,0.9098244620467197,0.6944401814201286,109.0,1.0,-0.243054063497045,0.033080411486509816,0.566245275379616,107.0,1.0,0.0566245275379616,0,0.0,1.0,1.0,-0.0,0
009830,2025,4,202504,한화솔루션,00162461,CFS,CFS,33144011000000.0,11185039000000.0,21958972000000.0,1.9632450096955407,1.0862849549114435,9968739000000.0,0.03616805287962932,0.10778161442046874,1,1,1,,-357341000000.0,0.6298568075652489,2.062986732982152,1,1,1,,-619804000000.0,-0.3684067035987635,-4.948845827114748,1,1,1,,-371516000000.0,-1.2914048750348803,-3.6759771881593784,1,1,1,,379036000000.0,-0.5852408465451248,-0.7773770766796294,1,1,1,,33144011000000.0,-0.011209144240267118,0.01143603289294105,-0.03584615867663904,-0.010781465164249432,40,20161,20254,0,0,-371516000000.0,-0.011209144240267118,2026-03-31,20111,True,passed,20111,0,0,4,2025,00162461,2.6910486350849525,2.6910486350849525,41.0,2.062986732982152,3.0,1.0,1.0,3.0,0.10778161442046874,0.6489752914249933,113.0,1.0,0.16224382285624833,1.0862849549114435,1.0733117154079224,74.0,1.0,-0.3756591003927728,-0.011209144240267118,-0.9553608737852284,338.0,1.0,-0.09553608737852284,0,0.0,1.0,1.0,-0.0,0
020150,2025,4,202504,롯데에너지머티리얼즈,00113997,CFS,CFS,2208680587320.0,1793464927050.0,415215660270.0,0.2315159075638975,0.20824585572109267,533824850423.0,-0.2272415934179246,-0.3954543767919503,1,1,1,,-110943093099.0,2.3920641057119365,7.1213370598594885,1,1,1,,-142624272576.0,-7.408508737213422,-5.9813579313583345,1,1,1,,15569246101.0,-0.12999156148125846,2.018200851266065,1,1,1,,15929799446.0,0.32395646408486867,0.8122673112260602,1,1,1,,2208680587320.0,0.007049116196512431,0.007212359966150255,-0.20782676754573953,-0.05023048318345465,40,20161,20254,0,0,15569246101.0,0.007049116196512431,2026-03-31,2629,True,passed,2629,0,0,4,2025,00113997,2.664645049949857,2.664645049949857,42.0,7.1213370598594885,3.0,1.0,1.0,3.0,-0.3954543767919503,-2.346835954215147,361.0,1.0,-0.5867089885537867,0.20824585572109267,-0.8118922473087183,350.0,1.0,0.2841622865580514,0.007049116196512431,-0.32808248054407957,259.0,1.0,-0.032808248054407955,0,0.0,1.0,1.0,-0.0,0
030610,2025,4,202504,교보증권,00113359,CFS,CFS,19271473250000.0,2118939049000.0,17152534201000.0,8.094869085118267,2.20771041770687,3676360963000.0,0.3972195189207026,0.5100465142220721,1,1,1,,149810629000.0,3.4766964160679574,3.8574276224453596,1,1,1,,112080758000.0,0.9412924334366819,0.8837716686286246,1,1,1,,113406909000.0,-0.9058350426302785,-682.0431654088234,1,1,1,,4623063000.0,0.29300352823215015,0.6053794169861144,1,1,1,,19271473250000.0,0.005884703651289348,0.00023989151945090655,0.04074970616534642,0.007773698827099273,10,20233,20254,0,0,113406909000.0,0.005884703651289348,2026-03-31,66121,True,passed,66121,0,0,4,2025,00113359,2.663191311525945,2.663191311525945,43.0,3.8574276224453596,3.0,1.0,1.0,3.0,0.5100465142220721,3.0,1.0,1.0,0.75,2.20771041770687,3.0,1.0,1.0,-1.0499999999999998,0.005884703651289348,-0.36808688474055107,267.0,1.0,-0.03680868847405511,0,0.0,1.0,1.0,-0.0,0
225570,2025,4,202504,넥슨게임즈,01096341,CFS,CFS,404480249030.0,254873786323.0,149606462707.0,0.5869825409091096,0.4618344401662458,129166730594.0,-0.1065572440071626,-0.16340213840789508,1,1,1,,-49761509977.0,5.144243633959572,9.43292786268557,1,1,1,,-50687621678.0,5.132473496784732,8.441601141437138,1,1,1,,-21106040810.0,-2.1551744817317413,-15.027900531754051,1,1,1,,965785128.0,-0.4130582035835506,-1.6091528364925398,1,1,1,,404480249030.0,-0.05218064630007331,0.0023877188819876553,-0.38525020915340485,-0.12302580928570686,35,20172,20254,0,0,-21106040810.0,-0.05218064630007331,2026-03-31,582,True,passed,582,0,0,4,2025,01096341,2.6159486620910513,2.6159486620910513,44.0,9.43292786268557,3.0,1.0,1.0,3.0,-0.16340213840789508,-0.965407126654446,325.0,1.0,-0.2413517816636115,0.4618344401662458,-0.26742195579603273,238.0,1.0,0.09359768452861145,-0.05218064630007331,-2.3629724077394894,384.0,1.0,-0.23629724077394895,0,0.0,1.0,1.0,-0.0,0
042520,2025,4,202504,한스바이오메드,00349060,CFS,CFS,126407117302.0,33886510129.0,92520607173.0,2.730307925507533,1.3164907840037212,67745961528.0,0.12305422094793572,0.11033166298595853,1,1,1,,-25931354125.0,913.6507234287205,914.6440940967984,1,1,1,,-28642191436.0,2.6873062758463355,3.3567083460088596,1,1,1,,1205792797.0,-2.6107765869491315,-2.400588909301879,1,1,1,,448853038.0,-0.3545735413837864,-1.1348179983492486,1,1,1,,126407117302.0,0.009538962858548805,0.0035508525752362703,-0.38277343091930793,-0.20514156701356653,39,20161,20254,0,0,1205792797.0,0.009538962858548805,2026-03-31,213,True,passed,213,0,0,4,2025,00349060,2.5931326016094722,2.5931326016094722,45.0,914.6440940967984,3.0,1.0,1.0,3.0,0.11033166298595853,0.6641559706745387,110.0,1.0,0.16603899266863467,1.3164907840037212,1.567577792676479,53.0,1.0,-0.5486522274367676,0.009538962858548805,-0.24254163622394598,242.0,1.0,-0.0242541636223946,0,0.0,1.0,1.0,-0.0,0
000720,2025,4,202504,현대건설,00164478,CFS,CFS,27791708000000.0,10112865000000.0,17678843000000.0,1.7481537625588792,1.010929327146565,23236443000000.0,-0.048207985446658275,-0.16845557884057627,1,1,1,,549468000000.0,-1.3988267495868145,2.1451359803734302,1,1,1,,491241000000.0,-1.6092329786798656,1.0956338588272176,1,1,1,,1647462000000.0,1.799116495204438,2.0563202550925705,1,1,1,,40233000000.0,0.15185089753499947,0.7129285687799258,1,1,1,,27791708000000.0,0.05927890434081993,0.0014476620148714862,0.023646820642901325,0.01977093311429438,40,20161,20254,0,0,1647462000000.0,0.05927890434081993,2026-03-31,41221,True,passed,41221,0,0,4,2025,00164478,2.5787275501658677,2.5787275501658677,46.0,2.1451359803734302,3.0,1.0,1.0,3.0,-0.16845557884057627,-0.9954907334348851,329.0,1.0,-0.24887268335872129,1.010929327146565,0.9115185467365671,87.0,1.0,-0.31903149135779846,0.05927890434081993,1.466317248823873,38.0,1.0,0.1466317248823873,0,0.0,1.0,1.0,-0.0,0
068270,2025,4,202504,셀트리온,00413046,CFS,CFS,22334900189800.0,17352529819114.0,4982370370686.0,0.28712645491021516,0.2524121793507207,3133526032406.0,0.17124949272672652,-0.6074215983823277,1,1,1,,867059388244.0,2.0494915402362,2.308765690440816,1,1,1,,699560973080.0,1.0895561842025745,1.0383100337851754,1,1,1,,139878299696.0,-0.5427772444636796,-1.587883401528536,1,1,1,,108690145264.0,0.14232933956025584,0.9884894213775117,1,1,1,,22334900189800.0,0.006262768067344229,0.004866381507880527,0.27670406413641635,0.03882083111524145,40,20161,20254,0,0,139878299696.0,0.006262768067344229,2026-03-31,211,True,passed,211,0,0,4,2025,00413046,2.465462736340364,2.465462736340364,47.0,2.308765690440816,3.0,1.0,1.0,3.0,-0.6074215983823277,-3.0,368.0,1.0,-0.75,0.2524121793507207,-0.7170644333742618,327.0,1.0,0.25097255168099164,0.006262768067344229,-0.35509815340627565,266.0,1.0,-0.03550981534062757,0,0.0,1.0,1.0,-0.0,0
122640,2025,4,202504,예스티,00530556,CFS,CFS,226399320290.0,136013819738.0,90385500552.0,0.6645317418928997,0.5095438477777582,68348448523.0,-0.10969869622377915,-0.3445584554812957,1,1,1,,2678493374.0,-0.612967269728562,7.65947370928169,1,1,1,,483192982.0,-0.9004452327542025,0.32691683585042886,1,1,1,,-1997619108.0,2.2692937437126,3.442085448948297,1,1,1,,3740610792.0,-0.36480013599480154,-0.9801788337451146,1,1,1,,226399320290.0,-0.008823432444237044,0.01652218207726316,0.03918879553057679,0.011830836641068787,40,20161,20254,0,0,-1997619108.0,-0.008823432444237044,2026-03-31,29271,True,passed,29271,0,0,4,2025,00530556,2.459443720141536,2.459443720141536,48.0,7.65947370928169,3.0,1.0,1.0,3.0,-0.3445584554812957,-2.043847741761729,357.0,1.0,-0.5109619354404322,0.5095438477777582,-0.16498692258279313,229.0,1.0,0.05774542290397759,-0.008823432444237044,-0.8733976732200951,328.0,1.0,-0.08733976732200951,0,0.0,1.0,1.0,-0.0,0
005440,2025,4,202504,현대지에프홀딩스,00105280,CFS,CFS,10490130570000.0,7306462632000.0,3183667938000.0,0.4357331445255792,0.3616756208539548,6166435839000.0,0.1423761173838971,-1.403384795634264,1,1,1,,199314600000.0,0.5158599201619394,9.683478840942541,1,1,1,,354828041000.0,-0.5111142377303067,-2.3580384421128633,1,1,1,,93775461000.0,-0.083149203092164,-0.15092299894156025,1,1,1,,55888445000.0,0.7270193122532849,-0.6366171709017268,1,1,1,,10490130570000.0,0.008939398835337852,0.005327716812203606,0.03232249636644602,0.019000202015597982,40,20161,20254,0,0,93775461000.0,0.008939398835337852,2026-03-31,64992,True,passed,64992,0,0,4,2025,00105280,2.3925501680203354,2.3925501680203354,49.0,9.683478840942541,3.0,1.0,1.0,3.0,-1.403384795634264,-3.0,368.0,1.0,-0.75,0.3616756208539548,-0.48246910260608217,278.0,1.0,0.16886418591212876,0.008939398835337852,-0.26314017891793445,246.0,1.0,-0.026314017891793447,0,0.0,1.0,1.0,-0.0,0
001270,2025,4,202504,부국증권,00123772,CFS,CFS,1811920840036.0,833260950620.0,978659889416.0,1.1744938829640508,0.7767959399745935,756956339250.0,0.3143976102422741,0.43972899988918634,1,1,1,,42857139411.0,0.5142799835027512,1.0327875368973103,1,1,1,,35145157130.0,0.4577763240494739,0.9731402885268426,1,1,1,,2927480046563.0,-0.09189779660264563,-1.2771056793414695,1,1,1,,244781000.0,-0.9035971756821068,-99.26565082572418,1,1,1,,1811920840036.0,1.6156776730405262,0.00013509475391603563,0.05661771649004656,0.02365287625377083,10,20233,20254,0,0,2927480046563.0,1.6156776730405262,2026-03-31,66121,True,passed,66121,0,0,4,2025,00123772,2.3726136587295574,2.3726136587295574,50.0,1.0327875368973103,1.5594282407689675,65.0,1.0,1.5594282407689675,0.43972899988918634,2.625089336750226,42.0,1.0,0.6562723341875565,0.7767959399745935,0.4088197606484764,149.0,1.0,-0.14308691622696673,1.6156776730405262,3.0,1.0,1.0,0.30000000000000004,0,0.0,1.0,1.0,-0.0,0
336570,2025,4,202504,원텍,01407909,CFS,CFS,217246511788.0,157375878761.0,59870633027.0,0.3804308099713487,0.3223956315893792,123598130744.0,0.3986402248670462,0.4084755926979051,1,1,1,,44073037439.0,0.6058209966408579,0.8539808385341047,1,1,1,,27331709096.0,0.12469670681938516,0.31765015416966014,1,1,1,,19121770598.0,0.43664753984107674,-1.9943714868320124,1,1,1,,544912697.0,0.6479933082324607,1.1989216036141468,1,1,1,,217246511788.0,0.08801876928021739,0.0025082690281892903,0.35658336557116177,0.2028710936542386,15,20222,20254,0,0,19121770598.0,0.08801876928021739,2026-03-31,271,True,passed,271,0,0,4,2025,01407909,2.3531516549213856,2.3531516549213856,51.0,0.8539808385341047,1.299640933430253,71.0,1.0,1.299640933430253,0.4084755926979051,2.4390348605935532,46.0,1.0,0.6097587151483883,0.3223956315893792,-0.5668056560526521,289.0,1.0,0.1983819796184282,0.08801876928021739,2.4537002672431614,16.0,1.0,0.24537002672431615,0,0.0,1.0,1.0,-0.0,0
006360,2025,4,202504,GS건설,00120030,CFS,CFS,18459842000000.0,5523557000000.0,12936285000000.0,2.3420207304821874,1.2065756331707758,9242375165711.0,-0.05250741401789405,0.00312205200806015,1,1,1,,289335820944.0,0.41717380109533275,1.8727986583235332,1,1,1,,-28635195838.0,-1.200107625922357,0.1318141337229719,1,1,1,,333538431803.0,-2.8471705013508455,-7.358915028120279,1,1,1,,108807355768.0,0.08629645636808991,0.49720802519947893,1,1,1,,18459842000000.0,0.018068325384529293,0.005894273405373676,0.031305353413636494,0.01567379725915314,40,20161,20254,0,0,333538431803.0,0.018068325384529293,2026-03-31,4111,True,passed,4111,0,0,4,2025,00120030,2.325352807471093,2.325352807471093,52.0,1.8727986583235332,2.7798759609467596,56.0,1.0,2.7798759609467596,0.00312205200806015,0.02592706054732046,189.0,1.0,0.006481765136830115,1.2065756331707758,1.3315832018844072,60.0,1.0,-0.4660541206595425,0.018068325384529293,0.05049202047045975,190.0,1.0,0.005049202047045976,0,0.0,1.0,1.0,-0.0,0
035760,2025,4,202504,CJ ENM,00265324,CFS,CFS,8666766089199.0,3445841457803.0,5220924631396.0,1.5151377958998606,0.9223275916730169,3888904447989.0,-0.05305954181911943,-0.3137868687116613,1,1,1,,115316672121.0,0.30089075214141503,5.329111194674228,1,1,1,,-62764623765.0,0.2699367988904464,1.1264788833293857,1,1,1,,238961098671.0,-0.4984585272161637,-1.181742450286559,1,1,1,,148943079751.0,-0.496079445741174,-0.5799760123014547,1,1,1,,8666766089199.0,0.02757211815936817,0.017185542821632288,0.02965273990741317,0.013305617220327888,40,20161,20254,0,0,238961098671.0,0.02757211815936817,2026-03-31,602,True,passed,602,0,0,4,2025,00265324,2.320085101000275,2.320085101000275,53.0,5.329111194674228,3.0,1.0,1.0,3.0,-0.3137868687116613,-1.8606615879483586,355.0,1.0,-0.46516539698708964,0.9223275916730169,0.7212851699173269,106.0,1.0,-0.25244980947106443,0.02757211815936817,0.3770030745842921,133.0,1.0,0.037700307458429214,0,0.0,1.0,1.0,-0.0,0
111770,2025,4,202504,영원무역,00776820,CFS,CFS,5716939046441.0,4105477128835.0,1611461917606.0,0.39251513698318424,0.3311115631251638,2858849530600.0,0.16719014181031633,0.2271615129134692,1,1,1,,333253678747.0,0.5788922013515627,1.1172397802392047,1,1,1,,273202894558.0,0.11207885912758475,0.44569175213079526,1,1,1,,220050044497.0,-0.49127957925545185,-1.113771164248939,1,1,1,,79049178486.0,0.8398032375505309,1.4334436703592823,1,1,1,,5716939046441.0,0.03849088519388519,0.013827185814620667,0.11656915664150344,0.0582923267223677,40,20161,20254,0,0,220050044497.0,0.03849088519388519,2026-03-31,46800,True,passed,46800,0,0,4,2025,00776820,2.289087111239411,2.289087111239411,54.0,1.1172397802392047,1.6821284589226477,62.0,1.0,1.6821284589226477,0.2271615129134692,1.3596550692108935,71.0,1.0,0.3399137673027234,0.3311115631251638,-0.5480920148433033,286.0,1.0,0.19183220519515615,0.03849088519388519,0.7521267981888353,88.0,1.0,0.07521267981888353,0,0.0,1.0,1.0,-0.0,0
042660,2025,4,202504,한화오션,00111704,CFS,CFS,20140914014349.0,6175006995811.0,13965907018538.0,2.2616827848150116,1.1822432538585768,9760154415189.0,0.20900285795774964,-0.2610750277960501,1,1,1,,877830931478.0,3.1349609838332446,4.9193994765716,1,1,1,,976534368444.0,0.6192992029542619,10.046414002883804,1,1,1,,806943016400.0,-4.168136597317637,-3.7277938144932374,1,1,1,,319456331915.0,1.5642154401754191,0.24315225601694745,1,1,1,,20140914014349.0,0.04006486576652426,0.015861064283746486,0.08994027083340989,0.04358446348823129,40,20161,20254,0,0,806943016400.0,0.04006486576652426,2026-03-31,3111,True,passed,3111,0,0,4,2025,00111704,2.246135437691829,2.246135437691829,55.0,4.9193994765716,3.0,1.0,1.0,3.0,-0.2610750277960501,-1.5468630350806936,346.0,1.0,-0.3867157587701734,1.1822432538585768,1.279340086578972,62.0,1.0,-0.44776903030264015,0.04006486576652426,0.8062022676464266,86.0,1.0,0.08062022676464266,0,0.0,1.0,1.0,-0.0,0
206650,2025,4,202504,유바이오로직스,00927558,CFS,OFS,240225281667.0,175356724098.0,64868557569.0,0.36992341127875716,0.3147548341012472,108079643940.0,0.804838963625139,0.7711762571289587,1,1,1,,41755921398.0,1.4076921764472266,0.8314216339154263,1,1,1,,23838540548.0,7.219356167198402,8.462307803424231,1,1,1,,5610420155.0,-0.8175692254095194,-3.4368336300547235,1,1,1,,26152726622.0,-21.0667056725312,-20.22183422144505,1,1,1,,240225281667.0,0.023354828084985485,0.10886750320581527,0.3863439948153478,0.17381984572249148,37,20164,20254,0,0,5610420155.0,0.023354828084985485,2026-03-31,212,True,passed,212,0,0,4,2025,00927558,2.2442000468094547,2.2442000468094547,56.0,0.8314216339154263,1.2668647842298184,74.0,1.0,1.2668647842298184,0.7711762571289587,3.0,1.0,1.0,0.75,0.3147548341012472,-0.5832109183197018,293.0,1.0,0.20412382141189564,0.023354828084985485,0.23211441167740982,159.0,1.0,0.023211441167740984,0,0.0,1.0,1.0,-0.0,0
003540,2025,4,202504,대신증권,00110893,CFS,CFS,39128864373000.0,4057222957000.0,35071641416000.0,8.644247996154677,2.2663616750603297,4238068491000.0,0.3650384824862878,0.2796204351399132,1,1,1,,227758194000.0,1.848711221867409,2.177817718470436,1,1,1,,146659527000.0,0.0402862542773097,-0.20032990774427173,1,1,1,,-896252770000.0,-0.5026098903798264,-0.797568377313358,1,1,1,,7134502000.0,-0.8546061668447416,-24.346371733557227,1,1,1,,39128864373000.0,-0.022905156701108844,0.00018233347975524187,0.05374103662639462,0.005820720781182688,10,20233,20254,0,0,-896252770000.0,-0.022905156701108844,2026-03-31,66121,True,passed,66121,0,0,4,2025,00110893,2.2322682394270448,2.2322682394270448,57.0,2.177817718470436,3.0,1.0,1.0,3.0,0.2796204351399132,1.6719479733044829,60.0,1.0,0.4179869933261207,2.2663616750603297,3.0,1.0,1.0,-1.0499999999999998,-0.022905156701108844,-1.3571875389907622,356.0,1.0,-0.13571875389907623,0,0.0,1.0,1.0,-0.0,0
015760,2025,4,202504,한국전력공사,00159193,CFS,CFS,254927457000000.0,49322944000000.0,205604513000000.0,4.168536918639731,1.6425896540094491,69856962000000.0,0.03806230008797473,-0.01756249262604359,1,1,1,,7838645000000.0,0.5776190941009187,2.337559108355563,1,1,1,,4876638000000.0,1.7989303928894889,3.112894586322723,1,1,1,,3491842000000.0,0.16139111149692864,-0.23127233035991712,1,1,1,,3958835000000.0,-0.001902238313020943,-0.07072963733925786,1,1,1,,254927457000000.0,0.013697394706290895,0.015529260937945967,0.11220993263348612,0.030748531728381066,40,20161,20254,0,0,3491842000000.0,0.013697394706290895,2026-03-31,35120,True,passed,35120,0,0,4,2025,00159193,2.172023749900164,2.172023749900164,58.0,2.337559108355563,3.0,1.0,1.0,3.0,-0.01756249262604359,-0.09720998153208191,228.0,1.0,-0.024302495383020477,1.6425896540094491,2.2677321281031086,41.0,1.0,-0.793706244836088,0.013697394706290895,-0.09967509880727542,216.0,1.0,-0.009967509880727542,0,0.0,1.0,1.0,-0.0,0
035900,2025,4,202504,JYP Ent.,00258689,CFS,CFS,851090190178.0,624947719298.0,226142470880.0,0.36185822253103744,0.30885010725107864,589228532270.0,0.3661224820611526,0.3556628466989866,1,1,1,,114454100732.0,0.43314668795954026,0.7973720892854611,1,1,1,,133397771388.0,1.2639278685965452,1.4256669303903418,1,1,1,,54860487115.0,-0.2511324742995661,-0.06762924175473317,1,1,1,,2980878684.0,-0.9604407654792964,-6.805268639903239,1,1,1,,851090190178.0,0.06445907583957264,0.003502423971514192,0.19424398932459389,0.13447940306780257,40,20161,20254,0,0,54860487115.0,0.06445907583957264,2026-03-31,59201,True,passed,59201,0,0,4,2025,00258689,2.1215429927701934,2.1215429927701934,59.0,0.7973720892854611,1.217394380735425,76.0,1.0,1.217394380735425,0.3556628466989866,2.124635610262684,53.0,1.0,0.531158902565671,0.30885010725107864,-0.5958887301243944,298.0,1.0,0.20856105554353802,0.06445907583957264,1.6442865392555923,28.0,1.0,0.16442865392555925,0,0.0,1.0,1.0,-0.0,0
101490,2025,4,202504,에스앤에스텍,00411048,CFS,CFS,393041682256.0,304257904926.0,88783777330.0,0.29180434063526967,0.256039954755558,182184821199.0,0.4073522623886823,0.24922655282241069,1,1,1,,38477893852.0,0.9352056647218867,0.9060195296038602,1,1,1,,45416933820.0,1.0521826723927186,0.9212056183520936,1,1,1,,14622746381.0,0.87035453583808,0.9644645808425473,1,1,1,,40534763094.0,3.718185292003805,3.6067780834558554,1,1,1,,393041682256.0,0.03720406013191181,0.1031309525782013,0.21120252279398566,0.09789774364678751,40,20161,20254,0,0,14622746381.0,0.03720406013191181,2026-03-31,2629,True,passed,2629,0,0,4,2025,00411048,2.0670383174657805,2.0670383174657805,60.0,0.9060195296038602,1.37524767274257,68.0,1.0,1.37524767274257,0.24922655282241069,1.4910103296632466,68.0,1.0,0.37275258241581166,0.256039954755558,-0.7092753764002026,325.0,1.0,0.24824638174007088,0.03720406013191181,0.7079168056732791,97.0,1.0,0.07079168056732792,0,0.0,1.0,1.0,-0.0,0
005420,2025,4,202504,코스모화학,00160302,CFS,CFS,1168366014277.0,584313905841.0,584052108436.0,0.9995519575995317,0.692923134263214,512155338577.0,-0.12090990133104085,-0.08525054919143094,1,1,1,,-11070238705.0,2.5047811143926393,1.4603892973452912,1,1,1,,-20400273449.0,-0.6082440697509293,-4.8151273091489974,1,1,1,,50002640477.0,-1.7737580039915726,-1.6988939211703578,1,1,1,,,,,0,0,0,missing_ttm_yoy,1168366014277.0,0.04279706861204986,,-0.02161500207292215,-0.009474974939125054,40,20161,20254,0,0,50002640477.0,0.04279706861204986,2026-03-31,2049,True,passed,2049,0,0,4,2025,00160302,2.065595796677664,2.065595796677664,61.0,1.4603892973452912,2.180688579318644,60.0,1.0,2.180688579318644,-0.08525054919143094,-0.5001633564796188,290.0,1.0,-0.1250408391199047,0.692923134263214,0.2287396869512376,173.0,1.0,-0.08005889043293316,0.04279706861204986,0.900069469118578,75.0,1.0,0.0900069469118578,0,0.0,1.0,1.0,-0.0,0
249420,2025,4,202504,일동제약,01168383,CFS,CFS,573030653651.0,239513589413.0,333517064238.0,1.3924765816227118,0.8723290560515966,421477903505.0,-0.0817320281359809,-0.09894082996271802,1,1,1,,12716827578.0,0.3365215098758081,1.5944021182241737,1,1,1,,2208331215.0,-1.6848669989860177,-0.7784343544144868,1,1,1,,16381470633.0,-0.10786588075422943,-0.16341868061512344,1,1,1,,2153561118.0,-0.4353011277998674,-0.7570648540283457,1,1,1,,573030653651.0,0.028587424649322533,0.0037581953151700157,0.03017199115836719,0.02219222915384399,38,20163,20254,0,0,16381470633.0,0.028587424649322533,2026-03-31,212,True,passed,212,0,0,4,2025,01168383,2.0562905247055117,2.0562905247055117,62.0,1.5944021182241737,2.3753950987258303,59.0,1.0,2.3753950987258303,-0.09894082996271802,-0.5816628871307976,299.0,1.0,-0.1454157217826994,0.8723290560515966,0.6139352380402083,122.0,1.0,-0.2148773333140729,0.028587424649322533,0.4118848107645335,126.0,1.0,0.04118848107645335,0,0.0,1.0,1.0,-0.0,0
237690,2025,4,202504,에스티팜,00871833,CFS,CFS,782566948564.0,593003682348.0,189563266216.0,0.3196662547952883,0.27737886735324996,249771072339.0,0.1778954570720752,0.2520987244662929,1,1,1,,40207612877.0,0.8617496478967384,1.057196470388535,1,1,1,,37100607294.0,0.9763797738046265,0.6512126969110592,1,1,1,,-21162379383.0,-1.3797402564264236,92.74106117891071,1,1,1,,5888875770.0,-0.8309877533078367,-3.975435654511781,1,1,1,,782566948564.0,-0.02704226062937195,0.007525076008903787,0.16097786064844413,0.05137913497468867,39,20162,20254,0,0,-21162379383.0,-0.02704226062937195,2026-03-31,212,True,passed,212,0,0,4,2025,00871833,2.054197673438296,2.054197673438296,63.0,1.057196470388535,1.5948918512754064,63.0,1.0,1.5948918512754064,0.2520987244662929,1.508108637932933,66.0,1.0,0.37702715948323323,0.27737886735324996,-0.6634594182881689,310.0,1.0,0.2322107964008591,-0.02704226062937195,-1.4993213372120269,362.0,1.0,-0.1499321337212027,0,0.0,1.0,1.0,-0.0,0
139130,2025,4,202504,iM금융지주,00878915,CFS,CFS,98860713000000.0,6436768000000.0,92423945000000.0,14.358750385286529,2.3978952727983707,195172203121.0,0.04792887214484054,0.0755412287069126,1,1,1,,427530436675.0,1.8543269030356724,2.4558509690106645,1,1,1,,332317778138.0,2.2839343161079544,2.9371701202134775,1,1,1,,1004549779604.0,-0.3228756659874821,-4.656904269628524,1,1,1,,23530901011.0,0.22002021109092307,0.5539603607990982,1,1,1,,98860713000000.0,0.010161263753013799,0.00023802074956712078,2.190529336854111,0.004324573672405134,10,20233,20254,0,0,1004549779604.0,0.010161263753013799,2026-03-31,64992,True,passed,64992,0,0,4,2025,00878915,2.04214511493798,2.04214511493798,64.0,2.4558509690106645,3.0,1.0,1.0,3.0,0.0755412287069126,0.4570452391810201,122.0,1.0,0.11426130979525502,2.3978952727983707,3.0,1.0,1.0,-1.0499999999999998,0.010161263753013799,-0.22116194857275023,240.0,1.0,-0.022116194857275024,0,0.0,1.0,1.0,-0.0,0
001510,2025,4,202504,SK증권,00131850,CFS,CFS,6859536112248.0,604618254601.0,6254917857647.0,10.345234881759811,2.3978952727983707,742253590038.0,0.24320582453904427,0.060585411724697114,1,1,1,,-474235503.0,-0.9955513335971073,11.392525695795468,1,1,1,,9840672214.0,-1.1168162041116083,-31.640291504620283,1,1,1,,-41780551433.0,-1.4213410838559568,-4.5399726058988845,1,1,1,,4355497695.0,1.0167651653890162,1.1018140579476345,1,1,1,,6859536112248.0,-0.0060908712702013494,0.0006349551374506316,-0.0006389130471914879,-6.913521486580293e-05,10,20233,20254,0,0,-41780551433.0,-0.0060908712702013494,2026-03-31,66121,True,passed,66121,0,0,4,2025,00131850,1.9640511469664426,1.9640511469664426,65.0,11.392525695795468,3.0,1.0,1.0,3.0,0.060585411724697114,0.36801185229008815,134.0,1.0,0.09200296307252204,2.3978952727983707,3.0,1.0,1.0,-1.0499999999999998,-0.0060908712702013494,-0.7795181610607982,317.0,1.0,-0.07795181610607982,0,0.0,1.0,1.0,-0.0,0
241560,2025,4,202504,두산밥캣,01032486,CFS,CFS,8558454000.0,5011583000.0,3546871000.0,0.7077346618822835,0.5351677331122714,4652348000.0,-0.06273770643575027,0.9393668666459908,1,1,1,,384830000.0,-0.2964539900809464,0.7053905763052455,1,1,1,,223194000.0,-0.39051513322655573,0.6114291162939212,1,1,1,,288639000.0,-0.2062961109108894,0.7940073452800964,1,1,1,,69023000.0,-0.06060721414408721,0.9398155208026275,1,1,1,,8558454000.0,0.03372560044138813,0.008064891159080835,0.08271737195927734,0.044964896697464285,37,20164,20254,0,0,288639000.0,0.03372560044138813,2026-03-31,29241,True,passed,29241,0,0,4,2025,01032486,1.9310858592649147,1.9310858592649147,66.0,0.7053905763052455,1.0837549265046187,82.0,1.0,1.0837549265046187,0.9393668666459908,3.0,1.0,1.0,0.75,0.5351677331122714,-0.10997086439430834,221.0,1.0,0.03848980253800791,0.03372560044138813,0.5884113022228823,106.0,1.0,0.058841130222288235,0,0.0,1.0,1.0,-0.0,0
027360,2025,4,202504,아주IB투자,00156895,CFS,CFS,338305070078.0,266869482953.0,71435587125.0,0.2676798648333311,0.23718835160956114,21641304.0,1649.873750858189,1650.8734405107816,1,1,1,,9556786083.0,0.13783020918690125,0.6475769793447859,1,1,1,,6185067486.0,-0.2052280436567412,0.3036579151434401,1,1,1,,-3432228627.0,-2.5222057151270434,-1.2899192845415244,1,1,1,,0.0,-1.0,-4.989004052296541,1,1,1,,338305070078.0,-0.010145365619878713,0.0,441.5993640216874,0.028249018203589372,10,20233,20254,0,0,-3432228627.0,-0.010145365619878713,2026-03-31,649,True,passed,649,0,0,4,2025,00156895,1.9202892982233428,1.9202892982233428,67.0,0.6475769793447859,0.9997578569350251,86.0,1.0,0.9997578569350251,1650.8734405107816,3.0,1.0,1.0,0.75,0.23718835160956114,-0.7497509281007656,337.0,1.0,0.26241282483526795,-0.010145365619878713,-0.9188138354695004,332.0,1.0,-0.09188138354695004,0,0.0,1.0,1.0,-0.0,0
032350,2025,4,202504,롯데관광개발,00231372,CFS,CFS,2167646813807.0,368224737001.0,1799422076806.0,4.8867495743533205,1.7727039903870063,466777820752.0,0.4046088892728812,-0.1284029759479588,1,1,1,,90370860830.0,4.365458335557441,5.641817016730223,1,1,1,,21107847880.0,-1.2411338867135764,-0.7476136601725453,1,1,1,,-8933532000.0,-1.1415465250515222,-13.907570373542317,1,1,1,,3639291810.0,-0.2704247024794644,-12.647791727647716,1,1,1,,2167646813807.0,-0.004121304237893901,0.0016789136435046703,0.1936057302045939,0.04169076818897597,40,20161,20254,0,0,-8933532000.0,-0.004121304237893901,2026-03-31,75210,True,passed,75210,0,0,4,2025,00231372,1.8480678837966031,1.8480678837966031,68.0,5.641817016730223,3.0,1.0,1.0,3.0,-0.1284029759479588,-0.7570538166440633,315.0,1.0,-0.18926345416101584,1.7727039903870063,2.5470956129085156,37.0,1.0,-0.8914834645179804,-0.004121304237893901,-0.7118519752440036,306.0,1.0,-0.07118519752440036,0,0.0,1.0,1.0,-0.0,0
000990,2025,4,202504,DB하이텍,00160843,CFS,CFS,2992581747645.0,2243995457046.0,748586290599.0,0.3335952790138178,0.28787851241655094,1022583731115.0,0.2124905599500484,0.26105374248100954,1,1,1,,196714974767.0,0.3680988923024746,0.6997719485159111,1,1,1,,161845529621.0,0.02175106759452361,0.2733357431194732,1,1,1,,167115913429.0,0.31635452418686194,0.08244987795751912,1,1,1,,68660867958.0,1.6229911672288626,2.4612681437549275,1,1,1,,2992581747645.0,0.055843391265923206,0.02294369001349166,0.19237053043324565,0.06573420255663995,40,20161,20254,0,0,167115913429.0,0.055843391265923206,2026-03-31,2611,True,passed,2611,0,0,4,2025,00160843,1.8250956611487514,1.8250956611487514,69.0,0.6997719485159111,1.0755916518751372,83.0,1.0,1.0755916518751372,0.26105374248100954,1.5614187034724902,63.0,1.0,0.39035467586812256,0.28787851241655094,-0.6409160344016137,304.0,1.0,0.22432061204056478,0.055843391265923206,1.3482872136492685,43.0,1.0,0.13482872136492685,0,0.0,1.0,1.0,-0.0,0
004000,2025,4,202504,롯데정밀화학,00157681,CFS,CFS,2746168414774.0,2435737106786.0,310431307988.0,0.12744860975477762,0.11995721242448422,1309319560199.0,0.047346331415184295,0.13312094439826339,1,1,1,,46789355517.0,0.16841359189976512,0.8336965706548338,1,1,1,,70875858234.0,-0.34337448959134753,0.10283786127905681,1,1,1,,17853888048.0,0.8523864904783769,1.6389484173353526,1,1,1,,147844132392.0,2.7954222775834685,3.097957410598247,1,1,1,,2746168414774.0,0.006501381325321708,0.053836513302177445,0.035735627068680324,0.017038050275897082,40,20161,20254,0,0,17853888048.0,0.006501381325321708,2026-03-31,20119,True,passed,20119,0,0,4,2025,00157681,1.7859443548645493,1.7859443548645493,70.0,0.8336965706548338,1.270170027799028,72.0,1.0,1.270170027799028,0.13312094439826339,0.799822708998552,103.0,1.0,0.199955677249638,0.11995721242448422,-1.0014533959627137,378.0,1.0,0.3505086885869498,0.006501381325321708,-0.3469003877106654,265.0,1.0,-0.03469003877106654,0,0.0,1.0,1.0,-0.0,0
009970,2025,4,202504,영원무역홀딩스,00140964,CFS,CFS,6995703461755.0,5286114065986.0,1709589395769.0,0.3234113707022545,0.28021277459627997,3632563804014.0,0.12453746367248142,0.1470208941114245,1,1,1,,538892376440.0,0.3442119652949831,0.7472122608080651,1,1,1,,427024662552.0,-0.021196991824739886,0.1568808507955033,1,1,1,,346988825901.0,-0.3601887126073936,-0.7190802957140344,1,1,1,,84754790864.0,0.780305958129405,1.3863361813120298,1,1,1,,6995703461755.0,0.049600276483696394,0.012115263508144429,0.14835042287337705,0.07703190671046668,40,20161,20254,0,0,346988825901.0,0.049600276483696394,2026-03-31,64992,True,passed,64992,0,0,4,2025,00140964,1.7086211897543582,1.7086211897543582,71.0,0.7472122608080651,1.1445174309567026,80.0,1.0,1.1445174309567026,0.1470208941114245,0.8825704186053224,98.0,1.0,0.2206426046513306,0.28021277459627997,-0.6573748450960891,309.0,1.0,0.23008119578363118,0.049600276483696394,1.1337995836269394,57.0,1.0,0.11337995836269395,0,0.0,1.0,1.0,-0.0,0
457190,2025,4,202504,이수스페셜티케미컬,01762569,CFS,CFS,366409360000.0,132855533000.0,233553827000.0,1.7579533326624792,1.0144888585109406,307484255913.0,0.2542138936399283,-2.6793451084653057,1,1,1,,3076070951.0,-0.7001009210439575,1.899832451916347,1,1,1,,2584644590.0,-0.7167064974102282,1.9704647577698735,1,1,1,,-6279226102.0,-1.4440099963032793,8.987461395159231,1,1,1,,83929664899.0,-19.09148861906165,-18.591902196489887,1,1,1,,366409360000.0,-0.01713718804017452,0.2290598277811462,0.010003994974852786,0.008395175688197485,11,20232,20254,0,0,-6279226102.0,-0.01713718804017452,2026-03-31,20111,True,passed,20111,0,0,4,2025,01762569,1.6315444423220002,1.6315444423220002,72.0,1.899832451916347,2.819153216826525,55.0,1.0,2.819153216826525,-2.6793451084653057,-3.0,368.0,1.0,-0.75,1.0144888585109406,0.9191610795573981,86.0,1.0,-0.3217063778450893,-0.01713718804017452,-1.159023966594357,350.0,1.0,-0.11590239665943569,0,0.0,1.0,1.0,-0.0,0
277810,2025,4,202504,레인보우로보틱스,01261644,CFS,CFS,143305317623.0,133830651193.0,9474666430.0,0.0707959375938206,0.0684022388520643,23428287203.0,0.4756238364243559,0.1118066291423696,1,1,1,,-1760498479.0,-0.10093821863482955,0.8556516003076262,1,1,1,,,,,0,0,0,missing_ttm_yoy,-7199002246.0,117.74707713455722,118.60543635743493,1,1,1,,5361494047.0,0.4011215327719919,-2.102962253889374,1,1,1,,143305317623.0,-0.05023541600137094,0.037413085124340835,-0.07514413937927855,-0.012284948724871646,21,20204,20254,0,0,-7199002246.0,-0.05023541600137094,2026-03-31,29280,True,passed,29280,0,0,4,2025,01261644,1.6299390705603876,1.6299390705603876,73.0,0.8556516003076262,1.3020683743836448,70.0,1.0,1.3020683743836448,0.1118066291423696,0.6729365831018596,109.0,1.0,0.1682341457754649,0.0684022388520643,-1.112145095872318,393.0,1.0,0.3892507835553113,-0.05023541600137094,-2.2961423315403326,383.0,1.0,-0.2296142331540333,0,0.0,1.0,1.0,-0.0,0
004020,2025,4,202504,현대제철,00145880,CFS,CFS,34442304939493.0,19840176064055.0,14602128875438.0,0.7359878676627817,0.5515766275402246,16998848213189.0,-0.034257434595598046,0.06913330809937401,1,1,1,,125995301051.0,0.16715804582465998,0.9777456186781015,1,1,1,,-16426381933.0,-1.6566869879768127,-0.7364150539675468,1,1,1,,539319092050.0,-0.37567719103207864,-0.18725318610438124,1,1,1,,371690829721.0,-0.030501055648439634,-0.19470216466383483,1,1,1,,34442304939493.0,0.015658623689600807,0.010791694411102075,0.007411990475521939,0.003658155320102531,40,20161,20254,0,0,539319092050.0,0.015658623689600807,2026-03-31,2411,True,passed,2411,0,0,4,2025,00145880,1.607112147805183,1.607112147805183,74.0,0.9777456186781015,1.4794581285985589,66.0,1.0,1.4794581285985589,0.06913330809937401,0.4188982843676666,126.0,1.0,0.10472457109191664,0.5515766275402246,-0.07473995858623998,215.0,1.0,0.02615898550518399,0.015658623689600807,-0.03229537390476404,208.0,1.0,-0.003229537390476404,0,0.0,1.0,1.0,-0.0,0
004690,2025,4,202504,삼천리,00128555,CFS,CFS,4459314886311.0,1882344303995.0,2576970582316.0,1.3690219036160163,0.8624771710672171,4360612751591.0,0.047301611747255556,0.16330614664602006,1,1,1,,136853484996.0,0.6413974114970036,1.0446097901386122,1,1,1,,115295361133.0,0.1980576057715493,0.3615063952331665,1,1,1,,52748478225.0,-1.7950464448602688,1.2037540352424139,1,1,1,,31382409999.0,-0.5662531248046201,-1.833105271485409,1,1,1,,4459314886311.0,0.01182883011624159,0.007037495848372646,0.0313840033023038,0.030689352172932786,40,20161,20254,0,0,52748478225.0,0.01182883011624159,2026-03-31,35200,True,passed,35200,0,0,4,2025,00128555,1.5976231971611272,1.5976231971611272,75.0,1.0446097901386122,1.5766047300411739,64.0,1.0,1.5766047300411739,0.16330614664602006,0.9795180605330982,94.0,1.0,0.24487951513327455,0.8624771710672171,0.5927826348931424,124.0,1.0,-0.20747392221259983,0.01182883011624159,-0.16387125800721372,228.0,1.0,-0.016387125800721374,0,0.0,1.0,1.0,-0.0,0
403870,2025,4,202504,HPSP,01288827,CFS,OFS,369707189477.0,308230752232.0,61476437245.0,0.1994493956226916,0.18186261451496571,140917807877.0,67.12201025771006,68.10692608456011,1,1,1,,74795105290.0,0.10347286625800312,0.182776628243016,1,1,1,,59175450590.0,-0.14517969142930998,-0.30017347289243634,1,1,1,,16625309550.0,-0.6323167813110071,-5.821144299119228,1,1,1,,43516850.0,,,1,0,0,missing_ttm_yoy,369707189477.0,0.044968856498351334,0.00011770625846243448,0.5307711382743396,0.20230903649941898,14,20223,20254,0,0,16625309550.0,0.044968856498351334,2026-03-31,29271,True,passed,29271,0,0,4,2025,01288827,1.4759087366036518,1.4759087366036518,76.0,0.182776628243016,0.32445188256071494,138.0,1.0,0.32445188256071494,68.10692608456011,3.0,1.0,1.0,0.75,0.18186261451496571,-0.8685386892689491,362.0,1.0,0.30398854124413216,0.044968856498351334,0.9746831279880462,68.0,1.0,0.09746831279880463,0,0.0,1.0,1.0,-0.0,0
051910,2025,4,202504,LG화학,00356361,CFS,CFS,101061661000000.0,47105545000000.0,53956116000000.0,1.1454302460570194,0.763340113178682,34735997000000.0,-0.041652078731753805,0.09029040503406671,1,1,1,,501185000000.0,0.19774066656788758,0.9469919114967873,1,1,1,,-1424347000000.0,1.8617263015773835,,1,1,0,missing_prev_yoy,2543234000000.0,-0.3982949394233627,-0.639168524629803,1,1,1,,24671552000000.0,-7.237755540368786,-7.29501837377759,1,1,1,,101061661000000.0,0.025165171191872653,0.24412375331927308,0.014428404055884735,0.004959200106556729,40,20161,20254,0,0,2543234000000.0,0.025165171191872653,2026-03-31,20111,True,passed,20111,0,0,4,2025,00356361,1.4674441352929928,1.4674441352929928,77.0,0.9469919114967873,1.4347762299199749,67.0,1.0,1.4347762299199749,0.09029040503406671,0.5448484747929312,118.0,1.0,0.1362121186982328,0.763340113178682,0.3799292727184147,155.0,1.0,-0.13297524545144512,0.025165171191872653,0.294310321262303,151.0,1.0,0.0294310321262303,0,0.0,1.0,1.0,-0.0,0
086520,2025,4,202504,에코프로,00536541,CFS,CFS,9778714530496.0,4487316128905.0,5291398401591.0,1.1791900212927973,0.7789532578935549,2453637343378.0,-0.03155090549766448,0.49544927227632807,1,1,1,,64376498847.0,-1.349338017295553,0.44087287455092894,1,1,1,,-279476837680.0,0.5884332471487268,3.081872530188212,1,1,1,,488854392421.0,1.1704621092618686,1.7647335538875537,1,1,1,,216892960391.0,-0.37445593760878004,-0.7429807809569183,1,1,1,,9778714530496.0,0.04999168253623251,0.022180109636557584,0.026237169490732824,0.006583329398382046,40,20161,20254,0,0,488854392421.0,0.04999168253623251,2026-03-31,64992,True,passed,64992,0,0,4,2025,00536541,1.4086544851741105,1.4086544851741105,78.0,0.44087287455092894,0.6994385551872911,100.0,1.0,0.6994385551872911,0.49544927227632807,2.956797365473215,36.0,1.0,0.7391993413683038,0.7789532578935549,0.4134516549381678,146.0,1.0,-0.14470807922835874,0.04999168253623251,1.1472466784687427,56.0,1.0,0.11472466784687428,0,0.0,1.0,1.0,-0.0,0
041960,2025,4,202504,코미팜,00187415,CFS,CFS,133915480942.0,72057179197.0,61858301745.0,0.8584613279945794,0.6197489023571212,39985452000.0,-0.16328861117375926,-0.5361564083204315,1,1,1,,1894731084.0,-0.6422427573440723,1.4301415081438797,1,1,1,,-7742647725.0,-2.3399131204656483,0.005594351450820767,1,1,1,,946942677.0,-0.6935065721574032,1.55695766837622,1,1,1,,1850432807.0,0.7407597238585024,-2.766925376255184,1,1,1,,133915480942.0,0.0070711964766054895,0.01381791555377708,0.04738551121042723,0.014148708354492825,40,20161,20254,0,0,946942677.0,0.0070711964766054895,2026-03-31,21230,True,passed,21230,0,0,4,2025,00187415,1.3289387985797598,1.3289387985797598,79.0,1.4301415081438797,2.1367417262000767,61.0,1.0,2.1367417262000767,-0.5361564083204315,-3.0,368.0,1.0,-0.75,0.6197489023571212,0.07163010938764602,190.0,1.0,-0.025070538285676108,0.0070711964766054895,-0.3273238933464084,258.0,1.0,-0.032732389334640836,0,0.0,1.0,1.0,-0.0,0
056080,2025,4,202504,유진로봇,00234227,CFS,OFS,53790100296.0,28718220360.0,25071879936.0,0.8730304183793094,0.6275576637888644,24712194776.0,0.24762940749856588,0.445423953282449,1,1,1,,-3348184038.0,0.2890116822932667,0.4546383356892886,1,1,1,,-5364760395.0,2.5885959936143097,3.1958667338771996,1,1,1,,288097099.0,-0.935375824221667,4.411462364759437,1,1,1,,43000993.0,0.8189612346857575,1.4520054209838043,1,1,1,,53790100296.0,0.005355950210440931,0.0007994220639740597,-0.13548711752837472,-0.062245357780992674,40,20161,20254,0,0,288097099.0,0.005355950210440931,2026-03-31,292,True,passed,292,0,0,4,2025,00234227,1.3146224365559316,1.3146224365559316,80.0,0.4546383356892886,0.7194383209463241,97.0,1.0,0.7194383209463241,0.445423953282449,2.6589919305965615,40.0,1.0,0.6647479826491404,0.6275576637888644,0.08839600057473043,187.0,1.0,-0.030938600201155648,0.005355950210440931,-0.3862526683837723,268.0,1.0,-0.038625266838377234,0,0.0,1.0,1.0,-0.0,0
087010,2025,4,202504,펩트론,00415868,CFS,OFS,178979600822.0,142008658725.0,36970942097.0,0.26034287225115116,0.23138380477947482,4033136759.0,0.5730542520186448,0.6086160588800735,1,1,1,,-15021945448.0,0.2700427851448479,0.26006243768007153,1,1,1,,-11799585981.0,-0.3165708476920678,-0.782016490711157,1,1,1,,-4913021703.0,1.0188326043593716,0.229229621180842,1,1,1,,1610352642.0,-19.091466105359352,-17.86283733698193,1,1,1,,178979600822.0,-0.027450176894103877,0.008997408836560871,-3.724630813591511,-0.08393104789042259,40,20161,20254,0,0,-4913021703.0,-0.027450176894103877,2026-03-31,211,True,passed,211,0,0,4,2025,00415868,1.3021812378180089,1.3021812378180089,81.0,0.26006243768007153,0.43674002675742724,123.0,1.0,0.43674002675742724,0.6086160588800735,3.0,1.0,1.0,0.75,0.23138380477947482,-0.7622136472392909,340.0,1.0,0.26677477653375176,-0.027450176894103877,-1.5133356547317034,363.0,1.0,-0.15133356547317034,0,0.0,1.0,1.0,-0.0,0
068760,2025,4,202504,셀트리온제약,00541349,CFS,OFS,759440541950.0,435963146742.0,323477395208.0,0.7419833479627389,0.5550243192357925,398225562193.0,0.13874759057606934,-0.04504868683208585,1,1,1,,39983733228.0,0.6959577553025491,0.8972838876380352,1,1,1,,27292802205.0,0.9940306862261126,1.2320292395722423,1,1,1,,7239060580.0,-0.7571019691259107,-0.7812998090497514,1,1,1,,2886837442.0,0.33200369731340174,0.10278295568823603,1,1,1,,759440541950.0,0.00953209656336283,0.003801268542481978,0.10040473797767378,0.052648931706140656,40,20161,20254,0,0,7239060580.0,0.00953209656336283,2026-03-31,212,True,passed,212,0,0,4,2025,00541349,1.2966366236470648,1.2966366236470648,82.0,0.8972838876380352,1.3625557046846009,69.0,1.0,1.3625557046846009,-0.04504868683208585,-0.2608378840275387,261.0,1.0,-0.06520947100688468,0.5550243192357925,-0.0673375524146888,214.0,1.0,0.023568143345141082,0.00953209656336283,-0.24277753375792466,243.0,1.0,-0.024277753375792466,0,0.0,1.0,1.0,-0.0,0
041510,2025,4,202504,에스엠,00260930,CFS,CFS,2007711293863.0,1358745854879.0,648965438984.0,0.4776209153858226,0.39043330477416793,853343204288.0,0.14159403234103918,0.06568109153804658,1,1,1,,134820122316.0,0.8227771960358117,0.6477767967529635,1,1,1,,314678660968.0,-110.13965942185497,-111.04180046004872,1,1,1,,61644771994.0,-0.23502078284281114,-2.43904069795045,1,1,1,,16310966473.0,-0.8179854575639307,-7.0003760600606935,1,1,1,,2007711293863.0,0.030704002205113087,0.008124159346444863,0.15799050327996605,0.06715115003243076,40,20161,20254,0,0,61644771994.0,0.030704002205113087,2026-03-31,59201,True,passed,59201,0,0,4,2025,00260930,1.2953486713125526,1.2953486713125526,83.0,0.6477767967529635,1.0000481705916444,85.0,1.0,1.0000481705916444,0.06568109153804658,0.39834691408134626,130.0,1.0,0.09958672852033656,0.39043330477416793,-0.4207245860635617,265.0,1.0,0.14725360512224658,0.030704002205113087,0.48460167078325045,115.0,1.0,0.048460167078325046,0,0.0,1.0,1.0,-0.0,0
003550,2025,4,202504,LG,00120021,CFS,CFS,33982889000000.0,30334813000000.0,3648076000000.0,0.1202603754306974,0.11356113635128837,5256367000000.0,0.004793078881263124,0.06788831633687187,1,1,1,,493233000000.0,0.00633507981588477,0.5521743396345459,1,1,1,,626709000000.0,0.8030484805068141,1.4367050325362412,1,1,1,,280361000000.0,-0.12339522115150114,-0.4145520407554656,1,1,1,,47068000000.0,0.1502724895525307,0.9844856920466862,1,1,1,,33982889000000.0,0.008250063730602775,0.0013850499879512893,0.0938353429279196,0.014514157404333693,40,20161,20254,0,0,280361000000.0,0.008250063730602775,2026-03-31,64992,True,passed,64992,0,0,4,2025,00120021,1.290652417708688,1.290652417708688,84.0,0.5521743396345459,0.8611478657534596,92.0,1.0,0.8611478657534596,0.06788831633687187,0.41148673116407447,128.0,1.0,0.10287168279101862,0.11356113635128837,-1.0151861647769322,380.0,1.0,0.3553151576719263,0.008250063730602775,-0.28682288507716414,250.0,1.0,-0.028682288507716414,0,0.0,1.0,1.0,-0.0,0
036570,2025,4,202504,엔씨소프트,00261443,CFS,CFS,4333140469623.0,3370430829195.0,962709640428.0,0.28563400028533903,0.25125198210867034,1146888952303.0,-0.024908696388561413,0.10816110135905288,1,1,1,,23545435910.0,-1.2480449249226337,0.5380336120537752,1,1,1,,61149164.0,-0.9994931259456281,-0.7095138062774925,1,1,1,,29766009476.0,0.5502669186399278,0.8900550017221316,1,1,1,,34690114659.0,0.0625655327181549,-3.0127480263146733,1,1,1,,4333140469623.0,0.006869384845626701,0.008005767387923654,0.020529830601925148,0.005433803975445214,40,20161,20254,0,0,29766009476.0,0.006869384845626701,2026-03-31,582,True,passed,582,0,0,4,2025,00261443,1.2218301567507501,1.2218301567507501,85.0,0.5380336120537752,0.8406028773629427,95.0,1.0,0.8406028773629427,0.10816110135905288,0.651234412906835,112.0,1.0,0.16280860322670876,0.25125198210867034,-0.7195554482280003,329.0,1.0,0.2518444068798001,0.006869384845626701,-0.334257307187014,262.0,1.0,-0.033425730718701405,0,0.0,1.0,1.0,-0.0,0
035720,2025,4,202504,카카오,00258801,CFS,CFS,27783524545811.0,15224922016050.0,12558602529761.0,0.8248713863047583,0.6015095112934314,6012567675768.0,0.010465612092750431,0.21541946128163736,1,1,1,,523988800290.0,0.5893551390114831,0.56088973139099,1,1,1,,325096785306.0,-2.3524082742793393,-1.4812200510009477,1,1,1,,467739803543.0,0.7316699793136703,1.1875122954382153,1,1,1,,192755956385.0,0.7972494880357461,1.3379016003245445,1,1,1,,27783524545811.0,0.01683515001027911,0.006937779116799001,0.08714892347936352,0.018859695047905765,40,20161,20254,0,0,467739803543.0,0.01683515001027911,2026-03-31,63120,True,passed,63120,0,0,4,2025,00258801,1.1856971607272397,1.1856971607272397,86.0,0.56088973139099,0.8738104123892099,91.0,1.0,0.8738104123892099,0.21541946128163736,1.2897535300924792,77.0,1.0,0.3224383825231198,0.6015095112934314,0.03246901469093698,196.0,1.0,-0.011364155141827943,0.01683515001027911,0.008125209567380793,197.0,1.0,0.0008125209567380793,0,0.0,1.0,1.0,-0.0,0
058470,2025,4,202504,리노공업,00369657,CFS,OFS,791928165325.0,731218952370.0,60709212955.0,0.08302467100754368,0.07975774800642708,275692256966.0,0.3175242980591715,0.16889735611975354,1,1,1,,128735844205.0,0.3763827201123744,0.2224448666963299,1,1,1,,110046204125.0,0.23996383280751,0.15419064657997894,1,1,1,,36457515117.0,0.19683847740269633,0.13509541616485987,1,1,1,,13298241899.0,6.7727269668781185,7.743968073826015,1,1,1,,791928165325.0,0.046036391573518756,0.016792232529755428,0.46695487795609897,0.16256000208322935,40,20161,20254,0,0,36457515117.0,0.046036391573518756,2026-03-31,2629,True,passed,2629,0,0,4,2025,00369657,1.117139784841662,1.117139784841662,87.0,0.2224448666963299,0.3820856566250599,129.0,1.0,0.3820856566250599,0.16889735611975354,1.0128030570568665,92.0,1.0,0.2532007642642166,0.07975774800642708,-1.0877641191296994,391.0,1.0,0.3807174416953948,0.046036391573518756,1.011359222569908,63.0,1.0,0.1011359222569908,0,0.0,1.0,1.0,-0.0,0
358570,2025,4,202504,지아이이노베이션,01351080,CFS,OFS,127456383512.0,116493928388.0,10962455124.0,0.09410323160781346,0.08993506116392948,499407949.0,44.63286948878111,44.3396888882153,1,1,1,,-29917071921.0,-0.13130118882186914,0.03961684820829614,1,1,1,,-25682984925.0,-0.42359021506680694,-0.41541348452984184,1,1,1,,-2977672437.0,-0.7689127129474413,-1.8826095845717545,1,1,1,,1511072719.0,188.12049048811014,184.42049048811015,1,1,1,,127456383512.0,-0.023362285630202685,0.011855606422864907,-59.90507756415387,-0.23472399809761832,13,20224,20254,0,0,-2977672437.0,-0.023362285630202685,2026-03-31,70113,True,passed,70113,0,0,4,2025,01351080,1.1022360150762822,1.1022360150762822,88.0,0.03961684820829614,0.11645579452335744,172.0,1.0,0.11645579452335744,44.3396888882153,3.0,1.0,1.0,0.75,0.08993506116392948,-1.0659128016746753,386.0,1.0,0.3730694805861363,-0.023362285630202685,-1.3728926003321156,357.0,1.0,-0.13728926003321157,0,0.0,1.0,1.0,-0.0,0
376300,2025,4,202504,디어유,01456011,CFS,CFS,243035308819.0,209891312346.0,33143996473.0,0.15791028271986332,0.14661690008708417,61531041463.0,0.07708949616452299,0.06255479126873431,1,1,1,,22676840315.0,0.18903090500308273,0.29496627914826434,1,1,1,,8909981958.0,-0.5817741595962643,-0.6632669876113578,1,1,1,,13760652601.0,1.4382969315278782,37.89440759662054,1,1,1,,529875363.0,2.331086435477681,3.1237630627167103,1,1,1,,243035308819.0,0.05661997290792103,0.002180240252228632,0.36854309265407276,0.09330677268745557,17,20214,20254,0,0,13760652601.0,0.05661997290792103,2026-03-31,58222,True,passed,58222,0,0,4,2025,01456011,1.0503569994527857,1.0503569994527857,89.0,0.29496627914826434,0.48745163361446137,115.0,1.0,0.48745163361446137,0.06255479126873431,0.37973575417307154,132.0,1.0,0.09493393854326788,0.14661690008708417,-0.9442134064535156,373.0,1.0,0.33047469225873044,0.05661997290792103,1.3749673503632616,41.0,1.0,0.13749673503632617,0,0.0,1.0,1.0,-0.0,0
010130,2025,4,202504,고려아연,00102858,CFS,CFS,20395719724719.0,11184217875641.0,9211501849078.0,0.8236160947061363,0.6008213951057304,12428053373793.0,0.40489239493317264,0.2112706577908039,1,1,1,,958520240990.0,0.6713731755385142,0.5232770508421383,1,1,1,,699510017204.0,15.676716041869533,16.58465131402518,1,1,1,,-109946227713.0,-1.8275591225294108,-1.314446440550551,1,1,1,,318517249795.0,0.4258446538867553,-0.1378467740291931,1,1,1,,20395719724719.0,-0.005390652018999284,0.01561686736697831,0.07712553303087906,0.04699614693313824,40,20161,20254,0,0,-109946227713.0,-0.005390652018999284,2026-03-31,24213,True,passed,24213,0,0,4,2025,00102858,1.049033768122202,1.049033768122202,90.0,0.5232770508421383,0.8191631475438559,96.0,1.0,0.8191631475438559,0.2112706577908039,1.2650553122169146,81.0,1.0,0.31626382805422865,0.6008213951057304,0.030991586903199895,197.0,1.0,-0.010847055416119963,-0.005390652018999284,-0.7554615205976267,312.0,1.0,-0.07554615205976267,0,0.0,1.0,1.0,-0.0,0
058610,2025,4,202504,에스피지,00220686,CFS,CFS,428472044456.0,257984198541.0,170487845915.0,0.660846078477575,0.5073271583526123,257588001315.0,-0.13056641542526515,-0.13075140238739624,1,1,1,,13006124186.0,0.44116784456386204,0.773608609463142,1,1,1,,5487359200.0,-0.48370425646810833,-0.44604588809438195,1,1,1,,6338228643.0,1.125562842016647,1.8198025136784883,1,1,1,,-4813457493.0,-3.108695282374477,-3.890971496373695,1,1,1,,428472044456.0,0.014792630522831871,-0.011234005941067403,0.05049196437568158,0.030354662233595512,40,20161,20254,0,0,6338228643.0,0.014792630522831871,2026-03-31,28111,True,passed,28111,0,0,4,2025,00220686,1.0433164611388581,1.0433164611388581,91.0,0.773608609463142,1.1828685464543278,78.0,1.0,1.1828685464543278,-0.13075140238739624,-0.7710342203903757,317.0,1.0,-0.19275855509759393,0.5073271583526123,-0.16974629114878348,231.0,1.0,0.05941120190207421,0.014792630522831871,-0.06204732119950025,212.0,1.0,-0.006204732119950026,0,0.0,1.0,1.0,-0.0,0
214450,2025,4,202504,파마리서치,00970453,CFS,CFS,1043888016418.0,723877585619.0,320010430799.0,0.4420781043045471,0.3660852012687266,400862707813.0,0.5364241595273906,0.1789895343952268,1,1,1,,152525200391.0,0.6737561074907976,0.26666269922506425,1,1,1,,117402525191.0,0.850882817885835,0.5581968287626997,1,1,1,,61527580399.0,0.5592528354790824,-0.11225790825638304,1,1,1,,7787098249.0,-0.4143919837383806,-2.846827865789863,1,1,1,,1043888016418.0,0.05894078620628858,0.007459706526491863,0.38049236663379543,0.14611260785843233,40,20161,20254,0,0,61527580399.0,0.05894078620628858,2026-03-31,213,True,passed,213,0,0,4,2025,00970453,1.0255708004939075,1.0255708004939075,92.0,0.26666269922506425,0.44632951188410835,122.0,1.0,0.44632951188410835,0.1789895343952268,1.0728827447155853,89.0,1.0,0.26822068617889633,0.3660852012687266,-0.4730014621792368,275.0,1.0,0.16555051176273286,0.05894078620628858,1.4547009066817005,39.0,1.0,0.14547009066817004,0,0.0,1.0,1.0,-0.0,0
000500,2025,4,202504,가온전선,00104768,CFS,CFS,1377927912000.0,483788805000.0,894139107000.0,1.8482013179283883,1.0466876785263428,1896279926000.0,0.4317908571393345,0.21319036289621263,1,1,1,,53064636000.0,0.6502192729540457,0.7191316980631688,1,1,1,,32727099000.0,0.9457311536645834,0.5663852139435532,1,1,1,,2252500000.0,-0.918783210915421,-1.121493380524199,1,1,1,,6490500000.0,0.31792450748555545,-1.4638846767724774,1,1,1,,1377927912000.0,0.0016347009015374382,0.00471033349674972,0.027983545716235146,0.038510458738715204,40,20161,20254,0,0,2252500000.0,0.0016347009015374382,2026-03-31,28302,True,passed,28302,0,0,4,2025,00104768,1.0255273876288498,1.0255273876288498,93.0,0.7191316980631688,1.103719329706411,81.0,1.0,1.103719329706411,0.21319036289621263,1.276483497488879,79.0,1.0,0.31912087437221975,1.0466876785263428,0.9882939269941574,82.0,1.0,-0.3459028744479551,0.0016347009015374382,-0.5140994200182585,287.0,1.0,-0.05140994200182585,0,0.0,1.0,1.0,-0.0,0
185750,2025,4,202504,종근당,00992871,CFS,CFS,1800298497462.0,1006355957106.0,793942540356.0,0.7889281468946218,0.5816166398824429,1262585238476.0,0.07575967829654728,0.14854337587976607,1,1,1,,59580433990.0,-0.18868690915476227,0.4265545278399978,1,1,1,,57592507154.0,-0.35847501610973964,0.10512511049582907,1,1,1,,76178607756.0,2.7628095013604757,3.6194275644550604,1,1,1,,42216776097.0,1.2215647998597832,3.2466693438043572,1,1,1,,1800298497462.0,0.04231443166974478,0.02344987576033407,0.047189236951571206,0.033094752939023434,40,20161,20254,0,0,76178607756.0,0.04231443166974478,2026-03-31,212,True,passed,212,0,0,4,2025,00992871,0.9934775560820137,0.9934775560820137,94.0,0.4265545278399978,0.678635504901003,104.0,1.0,0.678635504901003,0.14854337587976607,0.8916338959450315,97.0,1.0,0.22290847398625788,0.5816166398824429,-0.010242204033137144,205.0,1.0,0.003584771411598,0.04231443166974478,0.8834880578315478,77.0,1.0,0.0883488057831548,0,0.0,1.0,1.0,-0.0,0
036810,2025,4,202504,에프에스티,00223434,CFS,CFS,540070062623.0,242315300541.0,297754762082.0,1.228790593979102,0.801459103816939,214762744645.0,0.20007469323995886,-0.057313296723779494,1,1,1,,1325792580.0,-0.3338373372653437,0.8258920322232101,1,1,1,,-7563992839.0,60.50038126776294,61.49352290548111,1,1,1,,236879924.0,-0.9798971844700232,0.9183353330408103,1,1,1,,17561540175.0,-0.11199464758492428,-1.010997808801191,1,1,1,,540070062623.0,0.00043860961825865143,0.03251715173714224,0.006173289423133038,0.002454852938081627,40,20161,20254,0,0,236879924.0,0.00043860961825865143,2026-03-31,2629,True,passed,2629,0,0,4,2025,00223434,0.9582284905087667,0.9582284905087667,95.0,0.8258920322232101,1.2588308551464766,75.0,1.0,1.2588308551464766,-0.057313296723779494,-0.33385026167644954,270.0,1.0,-0.08346256541911239,0.801459103816939,0.4617730906899212,142.0,1.0,-0.1616205817414724,0.00043860961825865143,-0.5551921747712516,291.0,1.0,-0.05551921747712516,0,0.0,1.0,1.0,-0.0,0
001060,2025,4,202504,JW중외제약,00149947,CFS,CFS,605273167595.0,369369599885.0,235903567710.0,0.6386653579055952,0.4938821043609874,575281796868.0,0.06391670205040301,0.10574231921249899,1,1,1,,62433130186.0,0.11590010013725016,0.3618402173407481,1,1,1,,30922995576.0,-0.31576257667347896,-0.11790179216382934,1,1,1,,27554444203.0,0.4538262222510414,0.9066386936599095,1,1,1,,13490812451.0,0.688535845289131,0.9071058638506266,1,1,1,,605273167595.0,0.04552398103567877,0.022288799790356747,0.10852617017591025,0.1031486831542072,40,20161,20254,0,0,27554444203.0,0.04552398103567877,2026-03-31,212,True,passed,212,0,0,4,2025,00149947,0.9127114874200846,0.9127114874200846,96.0,0.3618402173407481,0.584612425090358,110.0,1.0,0.584612425090358,0.10574231921249899,0.6368351750106309,114.0,1.0,0.15920879375265773,0.4938821043609874,-0.19861364920530164,234.0,1.0,0.06951477722185558,0.04552398103567877,0.9937549135521321,67.0,1.0,0.09937549135521322,0,0.0,1.0,1.0,-0.0,0
023160,2025,4,202504,태광,00153375,CFS,CFS,740815619979.0,669616725985.0,71198893994.0,0.10632783087857772,0.10104627046161775,215550312288.0,0.05117391322132181,0.1876942003098091,1,1,1,,27166042957.0,-0.15881222011729634,0.13118990503427597,1,1,1,,35785829608.0,-0.08801337149265298,0.06847957219742129,1,1,1,,8119543835.0,-0.3180122758394236,-0.6248631772133745,1,1,1,,2125259071.0,-0.4913704291313796,-0.24163999254290125,1,1,1,,740815619979.0,0.010960276236116843,0.00286880974656048,0.12603109997216355,0.03667045108710056,40,20161,20254,0,0,8119543835.0,0.010960276236116843,2026-03-31,2413,True,passed,2413,0,0,4,2025,00153375,0.8760260201529988,0.8760260201529988,97.0,0.13118990503427597,0.2495018049657254,152.0,1.0,0.2495018049657254,0.1876942003098091,1.1247024406272768,87.0,1.0,0.2811756101568192,0.10104627046161775,-1.0420563517536054,383.0,1.0,0.3647197231137619,0.010960276236116843,-0.1937111808330771,233.0,1.0,-0.01937111808330771,0,0.0,1.0,1.0,-0.0,0
064960,2025,4,202504,SNT모티브,00398792,CFS,CFS,1279363819077.0,1019390057900.0,259973761177.0,0.2550287391585517,0.22715847204948206,775288589228.0,0.03638648988019333,0.16606854360575274,1,1,1,,80551228283.0,0.05840505727884726,0.19130212122431123,1,1,1,,48245408942.0,-0.44788341858217884,-0.966116857990463,1,1,1,,28533183729.0,-0.37284144070332537,-0.6137813460548327,1,1,1,,21598758481.0,0.39008958953606987,-0.5221167266281534,1,1,1,,1279363819077.0,0.02230263456221963,0.016882420902431392,0.10389837978037256,0.06296194020955968,40,20161,20254,0,0,28533183729.0,0.02230263456221963,2026-03-31,303,True,passed,303,0,0,4,2025,00398792,0.8753757764503415,0.8753757764503415,98.0,0.19130212122431123,0.33683852626936894,137.0,1.0,0.33683852626936894,0.16606854360575274,0.9959628697705125,93.0,1.0,0.24899071744262813,0.22715847204948206,-0.7712856965520423,342.0,1.0,0.26994999379321477,0.02230263456221963,0.1959653894512965,168.0,1.0,0.019596538945129652,0,0.0,1.0,1.0,-0.0,0
012630,2025,4,202504,HDC,00164636,CFS,CFS,12685578705605.0,5428726196750.0,7256852508855.0,1.3367505093919525,0.8487612930721667,4762736924644.0,0.028440851670025857,-0.012641782197182705,1,1,1,,452710264014.0,0.7976901206582465,0.6124496495613763,1,1,1,,299598450753.0,0.5607601667113564,0.11237492108589331,1,1,1,,686665096638.0,0.6336873788903172,2.578941465657736,1,1,1,,129887976696.0,-0.2730360027215474,-1.1543132834821233,1,1,1,,12685578705605.0,0.05412958388209784,0.010239026512728998,0.09505254461390153,0.03568700132016637,40,20161,20254,0,0,686665096638.0,0.05412958388209784,2026-03-31,649,True,passed,649,0,0,4,2025,00164636,0.8635163697470294,0.8635163697470294,99.0,0.6124496495613763,0.9487215450855979,89.0,1.0,0.9487215450855979,-0.012641782197182705,-0.06791652896362746,223.0,1.0,-0.016979132240906865,0.8487612930721667,0.563333801040242,129.0,1.0,-0.1971668303640847,0.05412958388209784,1.2894078726642295,47.0,1.0,0.12894078726642297,0,0.0,1.0,1.0,-0.0,0
025980,2025,4,202504,아난티,00161781,CFS,CFS,1610359434308.0,726361921905.0,883997512403.0,1.217020724440752,0.7961642785565411,184694609587.0,-0.06709596458288414,0.6190542187903237,1,1,1,,-869370643.0,-0.9417265925240208,0.1394086200587079,1,1,1,,-45195418766.0,0.04387547125522451,1.3485465113813329,1,1,1,,6378475636.0,0.4364503115580407,1.1642504234889681,1,1,1,,8797789693.0,1.7235788137861365,2.618332198316855,1,1,1,,1610359434308.0,0.003960901833534414,0.005463245972027709,-0.004707071012760039,-0.000539861241210155,40,20161,20254,0,0,6378475636.0,0.003960901833534414,2026-03-31,551,True,passed,551,0,0,4,2025,00161781,0.8103829846231081,0.8103829846231081,100.0,0.1394086200587079,0.2614427326016935,148.0,1.0,0.2614427326016935,0.6190542187903237,3.0,1.0,1.0,0.75,0.7961642785565411,0.4504047751194659,143.0,1.0,-0.15764167129181306,0.003960901833534414,-0.4341807668677231,276.0,1.0,-0.04341807668677231,0,0.0,1.0,1.0,-0.0,0
053800,2025,4,202504,안랩,00298270,CFS,CFS,487574291112.0,376267704694.0,111306586418.0,0.2958175390272204,0.2591418002309135,203121238929.0,0.05754316151976657,-0.014975958351244989,1,1,1,,25395724459.0,0.3258903432425906,0.2675990837990503,1,1,1,,38818141462.0,0.6632829494200829,0.8478676252915159,1,1,1,,26558964525.0,0.8230444266286445,0.9899484662346155,1,1,1,,2610483344.0,-0.13688992156902235,0.08559832093869435,1,1,1,,487574291112.0,0.05447162618937014,0.00535402171850843,0.12502742004186448,0.05208585629295697,40,20161,20254,0,0,26558964525.0,0.05447162618937014,2026-03-31,58221,True,passed,58221,0,0,4,2025,00298270,0.8032682917153564,0.8032682917153564,101.0,0.2675990837990503,0.44768998008432764,121.0,1.0,0.44768998008432764,-0.014975958351244989,-0.08181209941914594,224.0,1.0,-0.020453024854786485,0.2591418002309135,-0.7026155233398241,322.0,1.0,0.24591543316893844,0.05447162618937014,1.3011590331687681,46.0,1.0,0.1301159033168768,0,0.0,1.0,1.0,-0.0,0
119850,2025,4,202504,지엔씨에너지,00626464,CFS,CFS,370790899923.0,221486910749.0,149303989174.0,0.674098476831431,0.5152747975959475,193136619714.0,0.2677794169214611,0.1847631206677185,1,1,1,,36607215042.0,0.981293197939896,0.14847189747943856,1,1,1,,28236354051.0,0.0801698422889936,-1.4135052430524515,1,1,1,,27492049637.0,-0.035164321166614276,0.0939321030766801,1,1,1,,2781468574.0,20.579698598766974,17.81320515269828,1,1,1,,370790899923.0,0.07414434831790401,0.0075014477825038626,0.18954051850036824,0.09872738260189776,40,20161,20254,0,0,27492049637.0,0.07414434831790401,2026-03-31,28111,True,passed,28111,0,0,4,2025,00626464,0.8025661082384874,0.8025661082384874,102.0,0.14847189747943856,0.2746107204810553,144.0,1.0,0.2746107204810553,0.1847631206677185,1.1072534474968638,88.0,1.0,0.27681336187421596,0.5152747975959475,-0.15268222075648125,225.0,1.0,0.053438777264768436,0.07414434831790401,1.9770324861844781,21.0,1.0,0.19770324861844782,0,0.0,1.0,1.0,-0.0,0
069960,2025,4,202504,현대백화점,00428251,CFS,CFS,11249807365000.0,6310743780000.0,4939063585000.0,0.7826436561491964,0.5780974625689801,3220067778000.0,0.02199051802365748,0.038360237446102174,1,1,1,,305252246000.0,0.3909757873293369,0.4347233626215995,1,1,1,,93817016000.0,-4.217587256165784,-3.5015743618805555,1,1,1,,314246999000.0,0.189535904938817,0.2100362159895771,1,1,1,,146388486000.0,-0.23055796204690393,-0.8430755587854434,1,1,1,,11249807365000.0,0.027933544886970606,0.013012532681709613,0.09479683877635448,0.027133997596233507,40,20161,20254,0,0,314246999000.0,0.027933544886970606,2026-03-31,47111,True,passed,47111,0,0,4,2025,00428251,0.7946011393562679,0.7946011393562679,103.0,0.4347233626215995,0.6905039617957018,101.0,1.0,0.6905039617957018,0.038360237446102174,0.23570329685526462,158.0,1.0,0.058925824213816154,0.5780974625689801,-0.01779809422408683,208.0,1.0,0.00622933297843039,0.027933544886970606,0.3894202036831938,128.0,1.0,0.03894202036831938,0,0.0,1.0,1.0,-0.0,0
060370,2025,4,202504,LS마린솔루션,00225742,CFS,CFS,739037054373.0,628072916399.0,110964137974.0,0.1766739737962321,0.16269179228294,167232206321.0,0.7997282864626418,-0.033060651775380645,1,1,1,,4956462141.0,-0.039593841065223456,0.3871788057028597,1,1,1,,5136850543.0,-0.30933998366162785,-0.24450241196070344,1,1,1,,-9851595703.0,0.04809496911003741,-0.6837516297514192,1,1,1,,88321441664.0,,,1,0,0,missing_ttm_yoy,739037054373.0,-0.013330313608372595,0.11950881372102787,0.029638203370265515,0.006706649026150751,40,20161,20254,0,0,-9851595703.0,-0.013330313608372595,2026-03-31,423,True,passed,423,0,0,4,2025,00225742,0.7896300500873749,0.7896300500873749,104.0,0.3871788057028597,0.6214267262469395,108.0,1.0,0.6214267262469395,-0.033060651775380645,-0.1894719824164868,242.0,1.0,-0.0473679956041217,0.16269179228294,-0.9096996239854976,367.0,1.0,0.31839486839492415,-0.013330313608372595,-1.0282354895036707,345.0,1.0,-0.10282354895036708,0,0.0,1.0,1.0,-0.0,0
007070,2025,4,202504,GS리테일,00140177,CFS,CFS,7483097413933.0,3276094767814.0,4207002646119.0,1.2841516940995439,0.825994705568856,8752003373270.0,0.020974071799792826,0.015121295343707652,1,1,1,,180970440879.0,0.14201897653771378,0.5489389817591279,1,1,1,,-40051719946.0,-1.5496009149353451,0.9146020747769588,1,1,1,,311155317493.0,0.15026474512754384,-0.7392774716112345,1,1,1,,49508285297.0,-0.5212078901728625,-0.6281409688215758,1,1,1,,7483097413933.0,0.04158108605049705,0.006616015074829717,0.020677601819911576,0.024183894832378608,40,20161,20254,0,0,311155317493.0,0.04158108605049705,2026-03-31,47122,True,passed,47122,0,0,4,2025,00140177,0.7865580981608317,0.7865580981608317,105.0,0.5489389817591279,0.8564472313900608,94.0,1.0,0.8564472313900608,0.015121295343707652,0.0973596860984044,178.0,1.0,0.0243399215246011,0.825994705568856,0.5144525370756268,136.0,1.0,-0.18005838797646936,0.04158108605049705,0.8582933322263909,80.0,1.0,0.0858293332226391,0,0.0,1.0,1.0,-0.0,0
375500,2025,4,202504,DL이앤씨,01524093,CFS,CFS,9669288095980.0,5244091831162.0,4425196264818.0,0.8438441597307904,0.6118526094864775,5495430495316.0,-0.14128178463188146,-0.1812469369198011,1,1,1,,270196879915.0,0.4402708988042052,0.6906453957797796,1,1,1,,243868152043.0,0.3257618223342107,-0.03572096058186314,1,1,1,,143010871416.0,-5.995192559570321,-4.9293827306495395,1,1,1,,1811052770.0,-0.08807048090731173,0.32845141137596956,1,1,1,,9669288095980.0,0.014790217231758425,0.0001872994942360797,0.04916755477943008,0.02794382349899515,20,20211,20254,0,0,143010871416.0,0.014790217231758425,2026-03-31,412,True,passed,412,0,0,4,2025,01524093,0.7690722862855475,0.7690722862855475,106.0,0.6906453957797796,1.0623317316243406,84.0,1.0,1.0623317316243406,-0.1812469369198011,-1.0716388926482754,334.0,1.0,-0.26790972316206885,0.6118526094864775,0.054676282816328865,192.0,1.0,-0.0191366989857151,0.014790217231758425,-0.06213023191009156,213.0,1.0,-0.006213023191009156,0,0.0,1.0,1.0,-0.0,0
130660,2025,4,202504,한전산업,00194947,CFS,CFS,204525534707.0,103060664504.0,101464870203.0,0.9845159711643615,0.6853750411624213,303976737760.0,0.06805038170659627,0.02367160568577309,1,1,1,,22953113821.0,0.5484665630927414,0.635908478835942,1,1,1,,16955388259.0,0.577804042797869,0.13447143422129582,1,1,1,,-22025580593.0,-3.3812121873945284,-3.9116382271789907,1,1,1,,929809899.0,0.16608602521576876,0.7599950820575341,1,1,1,,204525534707.0,-0.10769110382502357,0.004546180017727521,0.07550944190710497,0.11222615236714703,40,20161,20254,0,1,-22025580593.0,-0.10769110382502357,2026-03-31,72129,True,passed,72129,1,0,4,2025,00194947,0.7654831630358229,0.7654831630358229,107.0,0.635908478835942,0.982804754195465,88.0,1.0,0.982804754195465,0.02367160568577309,0.1482604887511712,171.0,1.0,0.0370651221877928,0.6853750411624213,0.21253346670695714,174.0,1.0,-0.07438671334743499,-0.10769110382502357,-3.0,395.0,0.6,-0.18000000000000002,0,0.0,1.0,0.6,-0.0,0
166090,2025,4,202504,하나머티리얼즈,00660750,CFS,CFS,685606173112.0,463680286012.0,221925887100.0,0.4786183363729563,0.3911080952359938,203645533963.0,0.08185462768753449,0.03912184228342297,1,1,1,,38082869179.0,0.21216012674734852,0.27861645079986175,1,1,1,,29168272001.0,0.23711965984351524,0.39000962447029186,1,1,1,,29859891423.0,0.26077718666785854,-0.7184404288150159,1,1,1,,6257293333.0,0.25171219013938795,1.05424337228721,1,1,1,,685606173112.0,0.04355254166902332,0.009126658391358757,0.18700566831934162,0.055546275212400714,36,20171,20254,0,0,29859891423.0,0.04355254166902332,2026-03-31,2612,True,passed,2612,0,0,4,2025,00660750,0.7631053144398703,0.7631053144398703,108.0,0.27861645079986175,0.46369705439028774,117.0,1.0,0.46369705439028774,0.03912184228342297,0.24023720217249475,157.0,1.0,0.06005930054312369,0.3911080952359938,-0.4192757694290741,264.0,1.0,0.1467465193001759,0.04355254166902332,0.9260244020628293,73.0,1.0,0.09260244020628294,0,0.0,1.0,1.0,-0.0,0
460930,2025,4,202504,현대힘스,00667373,CFS,CFS,333357623673.0,252899032674.0,80458590999.0,0.3181451117004283,0.27622552994421606,187611590417.0,0.10962823744868877,0.21593488100164793,1,1,1,,21975589570.0,0.2626585770346257,0.05935323167705153,1,1,1,,16345024799.0,0.28671804139137325,0.031167401281707807,1,1,1,,6901989631.0,-0.3168987719974795,0.0901960192419291,1,1,1,,1710064146.0,-0.5039699209314551,0.2531013409418943,1,1,1,,333357623673.0,0.020704460137891907,0.005129818622889665,0.11713343254089664,0.06592196490924258,9,20234,20254,0,0,6901989631.0,0.020704460137891907,2026-03-31,31114,True,passed,31114,0,0,4,2025,00667373,0.7155195183962862,0.7155195183962862,109.0,0.05935323167705153,0.14513068178925506,168.0,1.0,0.14513068178925506,0.21593488100164793,1.2928218722230016,76.0,1.0,0.3232054680557504,0.27622552994421606,-0.6659357046584057,311.0,1.0,0.23307749663044197,0.020704460137891907,0.14105871920838828,177.0,1.0,0.014105871920838828,0,0.0,1.0,1.0,-0.0,0
003030,2025,4,202504,세아제강지주,00124197,CFS,CFS,6046779971967.0,2733117514567.0,3313662457400.0,1.212411262866966,0.7940829899168608,2836453215700.0,0.007597048497806069,0.060190168997032334,1,1,1,,166039505186.0,-0.13621662852671335,0.4523331788113595,1,1,1,,81639319812.0,-0.2534377931598275,0.40232880986917485,1,1,1,,163237158005.0,0.09686457512187752,0.40518656872371117,1,1,1,,150141419985.0,-0.22879444576673125,-0.3479622606648196,1,1,1,,6046779971967.0,0.026995716523797942,0.02482997904356679,0.058537720370975196,0.027459161066842628,40,20161,20254,0,0,163237158005.0,0.026995716523797942,2026-03-31,64992,True,passed,64992,0,0,4,2025,00124197,0.6871462919294102,0.6871462919294102,110.0,0.4523331788113595,0.7160891706975225,98.0,1.0,0.7160891706975225,0.060190168997032334,0.3656589351121198,136.0,1.0,0.09141473377802994,0.7940829899168608,0.4459361203696938,144.0,1.0,-0.15607764212939282,0.026995716523797942,0.35720029583250446,138.0,1.0,0.03572002958325045,0,0.0,1.0,1.0,-0.0,0
298040,2025,4,202504,효성중공업,01316245,CFS,CFS,7227883006296.0,2489720957283.0,4738162049013.0,1.903089595302959,1.0657755475710486,4344375181552.0,0.15856336030347284,0.008720817469718423,1,1,1,,527159296623.0,1.0997727717825554,0.5622582165766492,1,1,1,,351071305235.0,1.3325056488750233,0.33916538143427255,1,1,1,,440296306488.0,-0.04835820512558908,-0.8280807308554103,1,1,1,,54176622848.0,0.6286785706597893,-1.524045075888769,1,1,1,,7227883006296.0,0.060916357681007095,0.007495503565955386,0.12134294912224311,0.07293412139679167,31,20182,20254,0,0,440296306488.0,0.060916357681007095,2026-03-31,281,True,passed,281,0,0,4,2025,01316245,0.6826234103230429,0.6826234103230429,111.0,0.5622582165766492,0.8757986772851547,90.0,1.0,0.8757986772851547,0.008720817469718423,0.0592570385787557,181.0,1.0,0.014814259644688925,1.0657755475710486,1.0292767561142702,78.0,1.0,-0.36024686463999456,0.060916357681007095,1.5225733803319372,34.0,1.0,0.15225733803319375,0,0.0,1.0,1.0,-0.0,0
114090,2025,4,202504,GKL,00557508,CFS,CFS,651270456839.0,441452020522.0,209818436317.0,0.4752915980968844,0.38885566387798,313563920305.0,0.036157445984224434,0.027753775073770415,1,1,1,,35329885391.0,0.08609882142595171,0.21358073447007853,1,1,1,,32403427570.0,0.19939377783265422,0.35221783313612587,1,1,1,,33587546186.0,-0.013276026175892741,-24.763817791376837,1,1,1,,1384510487.0,-0.07836637486893161,0.006721121935793661,1,1,1,,651270456839.0,0.05157234729949243,0.002125861034323354,0.11267203623629603,0.05424764016239396,40,20161,20254,0,0,33587546186.0,0.05157234729949243,2026-03-31,91249,True,passed,91249,0,0,4,2025,00557508,0.6809418488842861,0.6809418488842861,112.0,0.21358073447007853,0.3692070057465868,133.0,1.0,0.3692070057465868,0.027753775073770415,0.17256202753758962,169.0,1.0,0.043140506884397405,0.38885566387798,-0.42411187812376716,266.0,1.0,0.1484391573433185,0.05157234729949243,1.2015517890998335,50.0,1.0,0.12015517890998335,0,0.0,1.0,1.0,-0.0,0
192650,2025,4,202504,드림텍,00415646,CFS,CFS,863145953162.0,484177875244.0,378968077918.0,0.7827042442346631,0.57813144976303,908094047350.0,0.07713823961448707,-0.04186144424520344,1,1,1,,20818327697.0,0.30904651075961964,0.3450917360783947,1,1,1,,7517348547.0,-0.5109291158523366,-0.888666793352922,1,1,1,,58078145964.0,0.6536046217429987,-3.693251541819639,1,1,1,,49112422320.0,-4.739501224538532,-2.761178162513886,1,1,1,,863145953162.0,0.06728658780272306,0.05689932524167475,0.022925299155689922,0.02411912796524773,29,20184,20254,0,0,58078145964.0,0.06728658780272306,2026-03-31,2629,True,passed,2629,0,0,4,2025,00415646,0.6801592723557218,0.6801592723557218,113.0,0.3450917360783947,0.5602786451537612,112.0,1.0,0.5602786451537612,-0.04186144424520344,-0.24186392876380428,254.0,1.0,-0.06046598219095107,0.57813144976303,-0.01772512162757766,207.0,1.0,0.006203792569652181,0.06728658780272306,1.7414281682325952,26.0,1.0,0.17414281682325952,0,0.0,1.0,1.0,-0.0,0
071320,2025,4,202504,지역난방공사,00159698,CFS,CFS,8228997000000.0,2301416000000.0,5927581000000.0,2.575623442263372,1.2741395503861992,3239987000000.0,0.08533966407380111,0.19325758811566585,1,1,1,,440251000000.0,0.4720353786636817,0.6391665635406601,1,1,1,,289865000000.0,0.6352406827305332,0.9134358358840003,1,1,1,,-90974000000.0,0.16163454231061025,-0.11559280141584716,1,1,1,,74549000000.0,-0.5971733371708234,-0.5740735247704221,1,1,1,,8228997000000.0,-0.011055296289450586,0.009059305769585285,0.13588048347107565,0.05349995874345318,40,20161,20254,0,0,-90974000000.0,-0.011055296289450586,2026-03-31,35300,True,passed,35300,0,0,4,2025,00159698,0.6651598508700092,0.6651598508700092,114.0,0.6391665635406601,0.987538408249078,87.0,1.0,0.987538408249078,0.19325758811566585,1.157821812142196,85.0,1.0,0.289455453035549,1.2741395503861992,1.4766470886619165,57.0,1.0,-0.5168264810316707,-0.011055296289450586,-0.9500752938294713,337.0,1.0,-0.09500752938294714,0,0.0,1.0,1.0,-0.0,0
437730,2025,4,202504,삼현,00262266,CFS,CFS,202098988834.0,131748265868.0,70350722966.0,0.5339783601894628,0.42786459605903265,72554958238.0,-0.04731334504642959,0.18995036020351286,1,1,1,,2127932134.0,-0.4181819913706616,0.20847749374581304,1,1,1,,10136959471.0,0.595199470168956,0.9227340747074467,1,1,1,,-6654581528.0,-8.994025613908928,-8.06616372585945,1,1,1,,32601047294.0,10.476779714376413,10.848142571507648,1,1,1,,202098988834.0,-0.03292733707572351,0.16131227316915395,0.029328555700077776,0.01052915774728512,9,20234,20254,0,1,-6654581528.0,-0.03292733707572351,2026-03-31,303,True,passed,303,1,0,4,2025,00262266,0.6633604878577075,0.6633604878577075,115.0,0.20847749374581304,0.3617925342609313,134.0,1.0,0.3617925342609313,0.18995036020351286,1.1381335729380557,86.0,1.0,0.28453339323451393,0.42786459605903265,-0.3403573009108879,246.0,1.0,0.11912505531881075,-0.03292733707572351,-1.701508249275807,368.0,0.6,-0.10209049495654843,0,0.0,1.0,0.6,-0.0,0
145020,2025,4,202504,휴젤,00888347,CFS,CFS,1076837920124.0,980161908525.0,96676011599.0,0.09863269604557805,0.09406640303965905,319211925514.0,0.19136420019022538,0.05063258165162132,1,1,1,,153449415570.0,0.35977977628731406,0.0039058429528722183,1,1,1,,108930677038.0,0.07739990655898943,-0.7253469562767303,1,1,1,,64744329562.0,0.39344254349743935,-0.12344385343241204,1,1,1,,6738458628.0,-0.6265113418109141,-0.9043083875475173,1,1,1,,1076837920124.0,0.06012448888737552,0.006257634971866568,0.48071329203291313,0.14250001109946983,40,20161,20254,0,0,64744329562.0,0.06012448888737552,2026-03-31,211,True,passed,211,0,0,4,2025,00888347,0.6612635918678258,0.6612635918678258,116.0,0.0039058429528722183,0.06457146366445086,183.0,1.0,0.06457146366445086,0.05063258165162132,0.3087617176027224,148.0,1.0,0.0771904294006806,0.09406640303965905,-1.0570425565083217,385.0,1.0,0.36996489477791256,0.06012448888737552,1.495368040247817,35.0,1.0,0.14953680402478173,0,0.0,1.0,1.0,-0.0,0
215600,2025,4,202504,신라젠,00919966,CFS,CFS,116812366621.0,110121958153.0,6690408468.0,0.06075453597278534,0.05898048128515414,6460891817.0,1.4512349000657272,1.2645581596760183,1,1,1,,-19451752954.0,0.015143906539316854,-0.20501926785662605,1,1,1,,-18313176934.0,-0.018498713215205242,-0.25971948416033763,1,1,1,,-6687000874.0,2.5908493605645107,3.0654882105822203,1,1,1,,37624797.0,1.65034713218918,2.272189914407062,1,1,1,,116812366621.0,-0.057245658721187496,0.00032209600822551935,-3.010691635915996,-0.16652134972242785,37,20164,20254,0,0,-6687000874.0,-0.057245658721187496,2026-03-31,70113,True,passed,70113,0,0,4,2025,00919966,0.6536577093533995,0.6536577093533995,117.0,-0.20501926785662605,-0.2389747259888721,248.0,1.0,-0.2389747259888721,1.2645581596760183,3.0,1.0,1.0,0.75,0.05898048128515414,-1.1323741889927417,395.0,1.0,0.39633096614745955,-0.057245658721187496,-2.536985308051879,390.0,1.0,-0.25369853080518795,0,0.0,1.0,1.0,-0.0,0
014680,2025,4,202504,한솔케미칼,00140955,CFS,CFS,1600348080121.0,1177266387675.0,423081692446.0,0.3593763458086576,0.30702602531458373,653925899360.0,0.11638925311228654,0.11232843076342758,1,1,1,,107426166208.0,0.1699672710625626,0.1331660607001237,1,1,1,,101663503670.0,0.09715535843311751,-0.0847581758438205,1,1,1,,34718862775.0,0.3071881295687846,0.4675894701401171,1,1,1,,20639043812.0,0.4664343147033332,1.1827161131763244,1,1,1,,1600348080121.0,0.02169456957912241,0.012896596726906757,0.1642788063802618,0.06712675045036307,40,20161,20254,0,0,34718862775.0,0.02169456957912241,2026-03-31,20129,True,passed,20129,0,0,4,2025,00140955,0.6488229604948188,0.6488229604948188,118.0,0.1331660607001237,0.2523729510917498,150.0,1.0,0.2523729510917498,0.11232843076342758,0.6760429172903037,108.0,1.0,0.16901072932257594,0.30702602531458373,-0.5998051462591326,299.0,1.0,0.2099318011906964,0.02169456957912241,0.17507478889796646,173.0,1.0,0.017507478889796646,0,0.0,1.0,1.0,-0.0,0
383220,2025,4,202504,F&F,01568413,CFS,CFS,2651445897849.0,1878678882040.0,772767015809.0,0.41133533952852863,0.3445363055328274,1459738735130.0,0.010167552162661853,0.03751794182012658,1,1,1,,340554472260.0,-0.005484644791993065,0.1454627279947771,1,1,1,,299991448510.0,0.08630057978412053,0.18363555671688714,1,1,1,,136720087640.0,-0.07367640381918283,0.23827095791570785,1,1,1,,6664590837.0,-0.9753908888237751,-14.429270953447844,1,1,1,,2651445897849.0,0.0515643512661959,0.002513568480656794,0.23329823622832838,0.12844104137153117,19,20212,20254,0,0,136720087640.0,0.0515643512661959,2026-03-31,14111,True,passed,14111,0,0,4,2025,01568413,0.6297825732498442,0.6297825732498442,119.0,0.1454627279947771,0.27023871403553557,146.0,1.0,0.27023871403553557,0.03751794182012658,0.2306890316744857,159.0,1.0,0.05767225791862143,0.3445363055328274,-0.5192682670071138,282.0,1.0,0.1817438934524898,0.0515643512661959,1.2012770784319735,51.0,1.0,0.12012770784319736,0,0.0,1.0,1.0,-0.0,0
004370,2025,4,202504,농심,00108241,CFS,CFS,3822122467403.0,2831185859403.0,990936608000.0,0.3500076141977322,0.3001102325809008,2643159175243.0,0.021179218332737504,0.007989917142651626,1,1,1,,129557482005.0,0.032563655191972796,0.2302629947081125,1,1,1,,119440014612.0,-0.010398253192428042,-0.004326554224751478,1,1,1,,69780606329.0,0.03518812317850473,0.1964841151425325,1,1,1,,32359709160.0,0.5577645900482793,1.055028452054065,1,1,1,,3822122467403.0,0.018257030465173324,0.008466423940096116,0.04901614825867953,0.03389673750904947,40,20161,20254,0,0,69780606329.0,0.018257030465173324,2026-03-31,108,True,passed,108,0,0,4,2025,00108241,0.6279973908223725,0.6279973908223725,120.0,0.2302629947081125,0.3934445735068243,127.0,1.0,0.3934445735068243,0.007989917142651626,0.05490592010252472,184.0,1.0,0.01372648002563118,0.3001102325809008,-0.6146537787162615,303.0,1.0,0.21512882255069152,0.018257030465173324,0.056975147392254684,187.0,1.0,0.005697514739225469,0,0.0,1.0,1.0,-0.0,0
062040,2025,4,202504,산일전기,00366438,CFS,CFS,681958856706.0,585470613825.0,96488242881.0,0.1648045872885446,0.15255333671535973,369211626664.0,0.4520980788295639,,1,1,0,missing_prev_yoy,136072808590.0,0.6708226186743016,,1,1,0,missing_prev_yoy,112089749275.0,0.8435495156012098,,1,1,0,missing_prev_yoy,80349407957.0,4.877081053574577,,1,1,0,missing_prev_yoy,29768591119.0,-4.738369040215185,,1,1,0,missing_prev_yoy,681958856706.0,0.11782148903396311,0.043651593972675054,0.3685496305180895,0.19953228446545784,6,20243,20254,0,0,80349407957.0,0.11782148903396311,2026-03-31,28112,True,passed,28112,0,0,4,2025,00366438,0.6260136291315572,0.6260136291315572,121.0,,0.0,190.0,1.0,0.0,,0.0,191.0,1.0,0.0,0.15255333671535973,-0.9314675118044492,370.0,1.0,0.3260136291315572,0.11782148903396311,3.0,1.0,1.0,0.30000000000000004,0,0.0,1.0,1.0,-0.0,0
082920,2025,4,202504,비츠로셀,00154718,CFS,CFS,370836626050.0,330489870731.0,40346755319.0,0.12208166994576354,0.11518559406444923,187736485366.0,0.15896817879286873,-0.06694385290473526,1,1,1,,52534759119.0,0.3204403750980307,0.013995347810284997,1,1,1,,41105346253.0,-0.046804377706868294,-0.5499796344017449,1,1,1,,37068478439.0,0.21391398311914078,-3.418827203787118,1,1,1,,2617640856.0,1.2810172372220623,1.8709685469313355,1,1,1,,370836626050.0,0.09995905429794857,0.007058744126441984,0.2798324418217446,0.14166550828212077,37,20162,20254,0,0,37068478439.0,0.09995905429794857,2026-03-31,28201,True,passed,28201,0,0,4,2025,00154718,0.6219213213537211,0.6219213213537211,122.0,0.013995347810284997,0.07923045196456434,179.0,1.0,0.07923045196456434,-0.06694385290473526,-0.3911818695353519,278.0,1.0,-0.09779546738383797,0.11518559406444923,-1.0116983541305267,379.0,1.0,0.3540944239456843,0.09995905429794857,2.8639191282731047,14.0,1.0,0.28639191282731047,0,0.0,1.0,1.0,-0.0,0
002790,2025,4,202504,아모레퍼시픽홀딩스,00154462,CFS,CFS,8769409589796.0,7235423628719.0,1533985961077.0,0.21201052485555508,0.19228057148363845,3514932430845.0,0.1012279792424764,0.057462249817197275,1,1,1,,263738958214.0,0.5132428550264829,0.0987038360399326,1,1,1,,208884655336.0,-0.6525695150530986,-2.767532020690715,1,1,1,,233408798732.0,0.2682375445338794,-0.00042196661502047483,1,1,1,,23955895302.0,-0.2091554081957021,0.32607585126124783,1,1,1,,8769409589796.0,0.02661625008410968,0.0027317569166657295,0.07503386292708801,0.030074881953385334,40,20161,20254,0,0,233408798732.0,0.02661625008410968,2026-03-31,20423,True,passed,20423,0,0,4,2025,00154462,0.620233893635437,0.620233893635437,123.0,0.0987038360399326,0.20230296696180858,162.0,1.0,0.20230296696180858,0.057462249817197275,0.3494193753452236,139.0,1.0,0.0873548438363059,0.19228057148363845,-0.8461706947469927,355.0,1.0,0.29615974316144744,0.02661625008410968,0.34416339675875135,141.0,1.0,0.03441633967587514,0,0.0,1.0,1.0,-0.0,0
032640,2025,4,202504,LG유플러스,00231363,CFS,CFS,19681792000000.0,9067527000000.0,10614265000000.0,1.1705799166630548,0.7749943745512666,11440907000000.0,0.05700735236306942,0.05401260156316101,1,1,1,,730461000000.0,0.18369188985973195,0.35399565271146993,1,1,1,,460119000000.0,1.5602704281779483,2.1807862049154165,1,1,1,,902034000000.0,0.2175350838002399,0.050545771280058105,1,1,1,,578964000000.0,0.014706268961202085,0.2816168820435996,1,1,1,,19681792000000.0,0.045830887756562,0.02941622388855649,0.06384642406410611,0.037113541287297415,40,20161,20254,0,0,902034000000.0,0.045830887756562,2026-03-31,61220,True,passed,61220,0,0,4,2025,00231363,0.614132727144139,0.614132727144139,124.0,0.35399565271146993,0.5732150985867105,111.0,1.0,0.5732150985867105,0.05401260156316101,0.3288832944340663,141.0,1.0,0.08222082360851657,0.7749943745512666,0.40495168885272054,150.0,1.0,-0.14173309109845217,0.045830887756562,1.0042989604736414,65.0,1.0,0.10042989604736414,0,0.0,1.0,1.0,-0.0,0
009450,2025,4,202504,경동나비엔,00101488,CFS,CFS,1522167095867.0,770495485591.0,751671610276.0,0.975569129648357,0.6808565237515362,1196213774319.0,0.1600396842899594,0.04145739052875297,1,1,1,,135384274747.0,0.41416213458681983,0.2729508096856883,1,1,1,,75738257602.0,-0.302535293105496,-0.9861224284624918,1,1,1,,97195918304.0,-0.024528941115075642,-0.07331012446145124,1,1,1,,56574803480.0,0.9784977741166137,0.5492803873450387,1,1,1,,1522167095867.0,0.06385364561348561,0.03716727528377952,0.1131773247002391,0.0889417956245385,40,20161,20254,0,0,97195918304.0,0.06385364561348561,2026-03-31,28520,True,passed,28520,0,0,4,2025,00101488,0.6103581792137309,0.6103581792137309,125.0,0.2729508096856883,0.4554654743495396,118.0,1.0,0.4554654743495396,0.04145739052875297,0.2541409408165404,155.0,1.0,0.0635352352041351,0.6808565237515362,0.20283193184767848,175.0,1.0,-0.07099117614668746,0.06385364561348561,1.623486458067437,30.0,1.0,0.1623486458067437,0,0.0,1.0,1.0,-0.0,0
195870,2025,4,202504,해성디에스,01032413,CFS,CFS,880631376376.0,564369713446.0,316261662930.0,0.5603802886567557,0.4449295663331736,474808337783.0,0.046822743899258557,0.1690994197576008,1,1,1,,30378389546.0,-0.3273169948008704,0.12960768720437044,1,1,1,,9747630148.0,-0.8151685172189799,-0.5992534066320492,1,1,1,,14170945364.0,0.2629742360753349,0.9313709027476457,1,1,1,,16415528985.0,-0.6462482101515545,-1.6369461288571217,1,1,1,,880631376376.0,0.016091801568911487,0.018640636054274677,0.06398032032850218,0.034496147151846936,39,20162,20254,0,0,14170945364.0,0.016091801568911487,2026-03-31,262,True,passed,262,0,0,4,2025,01032413,0.6052643980675035,0.6052643980675035,126.0,0.12960768720437044,0.24720300904019735,153.0,1.0,0.24720300904019735,0.1690994197576008,1.014005960921392,91.0,1.0,0.253501490230348,0.4449295663331736,-0.3037177598994257,242.0,1.0,0.10630121596479898,0.016091801568911487,-0.017413171678408956,204.0,1.0,-0.0017413171678408957,0,0.0,1.0,1.0,-0.0,0
232140,2025,4,202504,와이씨,01109539,CFS,CFS,607188961441.0,476196299410.0,130992662031.0,0.27508122636252724,0.2430098835321896,206064021899.0,0.264900168137163,0.4522228798965139,1,1,1,,12101209703.0,0.08538716577291838,-0.2989707953341325,1,1,1,,23082410718.0,0.5995091447541818,0.41162346489634793,1,1,1,,17443408831.0,-2.6070378126019964,-1.2883485001987327,1,1,1,,4813267034.0,-0.16778310910119798,0.7298570226385668,1,1,1,,607188961441.0,0.02872813891346567,0.007927131979766237,0.05872548536848065,0.01992989081073053,36,20171,20254,0,0,17443408831.0,0.02872813891346567,2026-03-31,292,True,passed,292,0,0,4,2025,01109539,0.5991002678468117,0.5991002678468117,127.0,-0.2989707953341325,-0.3754764038743531,269.0,1.0,-0.3754764038743531,0.4522228798965139,2.699466580987972,39.0,1.0,0.674866645246993,0.2430098835321896,-0.7372517409236335,333.0,1.0,0.2580381093232717,0.02872813891346567,0.4167191715090003,125.0,1.0,0.04167191715090003,0,0.0,1.0,1.0,-0.0,0
023530,2025,4,202504,롯데쇼핑,00120526,CFS,CFS,37910298847681.0,16866196238190.0,21044102609491.0,1.2477088676248766,0.8099114163603447,10328292125862.0,-0.00863233355845261,0.028210264006321872,1,1,1,,416526790941.0,0.309310180638678,0.44098399331295424,1,1,1,,122300723633.0,-1.1222296791952853,9.195640590252374,1,1,1,,741137148323.0,0.47722070845634845,0.53739695296646,1,1,1,,198002520578.0,-0.05967989137119367,1.0817227882582658,1,1,1,,37910298847681.0,0.019549757476215093,0.00522292164916848,0.04032871900456985,0.010987167170972572,40,20161,20254,0,0,741137148323.0,0.019549757476215093,2026-03-31,47111,True,passed,47111,0,0,4,2025,00120526,0.5855864229874033,0.5855864229874033,128.0,0.44098399331295424,0.6995999990495493,99.0,1.0,0.6995999990495493,0.028210264006321872,0.17527954914083016,168.0,1.0,0.04381988728520754,0.8099114163603447,0.4799207257048553,140.0,1.0,-0.16797225399669935,0.019549757476215093,0.10138790649345757,183.0,1.0,0.010138790649345758,0,0.0,1.0,1.0,-0.0,0
036620,2025,4,202504,감성코퍼레이션,00261009,CFS,OFS,184823626775.0,133957581675.0,50866045100.0,0.3797175528549642,0.32187880637674426,204286526890.0,0.15198080885750187,-0.09417049341266015,1,1,1,,38430507171.0,0.2396390075797432,0.09370047459743436,1,1,1,,30738318199.0,0.21614825837568907,-0.02814069494315019,1,1,1,,28953876281.0,1.6051939163610904,2.074814501397016,1,1,1,,294273812.0,-0.8370084118615833,-2.876912042423049,1,1,1,,184823626775.0,0.15665679105111263,0.0015921871956243025,0.18812061547109893,0.20793070583873138,40,20161,20254,0,0,28953876281.0,0.15665679105111263,2026-03-31,467,True,passed,467,0,0,4,2025,00261009,0.5554878125037193,0.5554878125037193,129.0,0.09370047459743436,0.19503360955692714,163.0,1.0,0.19503360955692714,-0.09417049341266015,-0.5532646244236312,295.0,1.0,-0.1383161561059078,0.32187880637674426,-0.5679153115791425,290.0,1.0,0.19877035905269988,0.15665679105111263,3.0,1.0,1.0,0.30000000000000004,0,0.0,1.0,1.0,-0.0,0
012750,2025,4,202504,에스원,00158501,CFS,CFS,2431985312121.0,1756330800795.0,675654511326.0,0.38469661354237267,0.32548106405004246,2190672800074.0,0.03237718650125143,-0.04183471259664984,1,1,1,,172441062673.0,0.1573422115804335,0.22083757623104527,1,1,1,,130268614674.0,0.0645462418472138,0.23235964796517417,1,1,1,,66854510040.0,0.034766231405957804,0.5583111334600488,1,1,1,,42428101786.0,0.11136256018421675,0.16395871030134457,1,1,1,,2431985312121.0,0.02748968495278221,0.01744587090001679,0.07871602854939132,0.0709054704457115,40,20161,20254,0,0,66854510040.0,0.02748968495278221,2026-03-31,75320,True,passed,75320,0,0,4,2025,00158501,0.5528047005934854,0.5528047005934854,130.0,0.22083757623104527,0.3797504328000591,130.0,1.0,0.3797504328000591,-0.04183471259664984,-0.2417047927426337,253.0,1.0,-0.06042619818565843,0.32548106405004246,-0.5601810427445425,288.0,1.0,0.19606336496058988,0.02748968495278221,0.37417101018494797,134.0,1.0,0.0374171010184948,0,0.0,1.0,1.0,-0.0,0
100790,2025,4,202504,미래에셋벤처투자,00340096,CFS,CFS,1100137937076.0,378332006272.0,721805930804.0,1.9078637779460326,1.0674187146765506,218074856782.0,-0.07726809056373407,-0.29798969745711756,1,1,1,,25309314031.0,0.3302798952592372,0.7494170636406072,1,1,1,,23691033448.0,,,1,0,0,missing_ttm_yoy,81491074845.0,0.28260467843035175,-9.361138833634216,1,1,1,,225268040.0,-51.22609184228598,,1,1,0,missing_prev_yoy,1100137937076.0,0.07407350669279794,0.00020476345048033552,0.11605791884710774,0.023005582462021376,10,20233,20254,0,0,81491074845.0,0.07407350669279794,2026-03-31,649,True,passed,649,0,0,4,2025,00340096,0.5420441005036556,0.5420441005036556,131.0,0.7494170636406072,1.1477207773431755,79.0,1.0,1.1477207773431755,-0.29798969745711756,-1.7666195398435582,352.0,1.0,-0.44165488496088956,1.0674187146765506,1.0328047369770292,77.0,1.0,-0.3614816579419602,0.07407350669279794,1.9745986606332988,22.0,1.0,0.19745986606332988,0,0.0,1.0,1.0,-0.0,0
086450,2025,4,202504,동국제약,00114808,CFS,CFS,1062896288305.0,763738526426.0,299157761879.0,0.3917018083125154,0.3305273207979428,700074244028.0,0.14524545502007014,0.04294453205105242,1,1,1,,71756160074.0,0.23954591319599428,0.14069522479662422,1,1,1,,51606547659.0,0.2560477661158598,0.12638640474170226,1,1,1,,23533178247.0,-0.22992574155268353,-1.8758697277858536,1,1,1,,14415964867.0,1.3500369940265977,1.7595822708492022,1,1,1,,1062896288305.0,0.02214061569876055,0.013562908277710829,0.10249792887842629,0.06751002977762723,40,20161,20254,0,0,23533178247.0,0.02214061569876055,2026-03-31,212,True,passed,212,0,0,4,2025,00114808,0.5403716981550019,0.5403716981550019,132.0,0.14069522479662422,0.26331203382772234,147.0,1.0,0.26331203382772234,0.04294453205105242,0.2629940343435543,153.0,1.0,0.06574850858588857,0.3305273207979428,-0.5493464190622948,287.0,1.0,0.19227124667180315,0.02214061569876055,0.19039909069587707,169.0,1.0,0.019039909069587708,0,0.0,1.0,1.0,-0.0,0
128940,2025,4,202504,한미약품,00828497,CFS,CFS,2137597680857.0,1422853222734.0,714744458123.0,0.5023318264336674,0.4070184520004048,1185185734839.0,0.0456682227173002,0.03931988268573661,1,1,1,,202730221686.0,0.22710537180962165,0.21462351616287068,1,1,1,,141719416446.0,0.34362287201086206,0.3374862179599738,1,1,1,,14509094949.0,-0.016827333773757447,0.6489728501997634,1,1,1,,27718981750.0,0.2877236759937367,-0.07326743335667785,1,1,1,,2137597680857.0,0.00678757049510975,0.012967352087922821,0.17105354521799035,0.09484021408777069,40,20161,20254,0,0,14509094949.0,0.00678757049510975,2026-03-31,21212,True,passed,21212,0,0,4,2025,00828497,0.5321596246970565,0.5321596246970565,133.0,0.21462351616287068,0.3707220577585775,132.0,1.0,0.3707220577585775,0.03931988268573661,0.24141615533701882,156.0,1.0,0.060354038834254706,0.4070184520004048,-0.3851152546545485,258.0,1.0,0.13479033912909197,0.00678757049510975,-0.33706811024867706,263.0,1.0,-0.03370681102486771,0,0.0,1.0,1.0,-0.0,0
336370,2025,4,202504,솔루스첨단소재,01412822,CFS,CFS,2160516819035.0,945628850900.0,1214887968135.0,1.2847408018259312,0.8262525832624885,470948913954.0,0.0794213720435939,-0.2916200751420217,1,1,1,,-52176210772.0,0.45891421212987593,0.7821338147793939,1,1,1,,-109256343347.0,16.19752340653441,17.126366468193723,1,1,1,,-26525262379.0,-0.45129679232930997,1.4402783538429937,1,1,1,,47755626493.0,-0.3787562996272613,-0.7135872247986905,1,1,1,,2160516819035.0,-0.012277276504076267,0.02210379760632003,-0.11078953412152112,-0.024149874841198703,25,20194,20254,0,1,-26525262379.0,-0.012277276504076267,2026-03-31,26299,True,passed,26299,1,0,4,2025,01412822,0.5233040027829998,0.5233040027829998,134.0,0.7821338147793939,1.1952547722159603,77.0,1.0,1.1952547722159603,-0.2916200751420217,-1.7287005783716831,350.0,1.0,-0.4321751445929208,0.8262525832624885,0.5150062163484297,135.0,1.0,-0.18025217572195038,-0.012277276504076267,-0.9920574853014905,341.0,0.6,-0.05952344911808943,0,0.0,1.0,0.6,-0.0,0
302440,2025,4,202504,SK바이오사이언스,01319899,CFS,CFS,2955743509068.0,2037454202719.0,918289306349.0,0.45070426865228924,0.3720491410360144,500603550983.0,1.4313260040923086,0.9358406316747347,1,1,1,,-104130697214.0,0.05376579672839199,-0.3012909048514487,1,1,1,,-77255838835.0,1.7789985672879256,1.71281667261069,1,1,1,,23664742479.0,-2.827794179495715,-1.6171450245638492,1,1,1,,58439475841.0,0.19180142378808318,-2.4810191117278615,1,1,1,,2955743509068.0,0.008006358605338501,0.019771497649140414,-0.20801030478015162,-0.03522995039810958,21,20204,20254,0,0,23664742479.0,0.008006358605338501,2026-03-31,211,True,passed,211,0,0,4,2025,01319899,0.5027019434461029,0.5027019434461029,135.0,-0.3012909048514487,-0.378847278733919,270.0,1.0,-0.378847278733919,0.9358406316747347,3.0,1.0,1.0,0.75,0.3720491410360144,-0.4601965165987248,273.0,1.0,0.16106878080955367,0.008006358605338501,-0.29519558629531867,252.0,1.0,-0.02951955862953187,0,0.0,1.0,1.0,-0.0,0
014620,2025,4,202504,성광벤드,00132318,CFS,CFS,590271819146.0,549501000618.0,40770818528.0,0.07419607695372132,0.07157254641936314,181108496703.0,-0.006461489986542279,0.06786493702435636,1,1,1,,30225096444.0,-0.11566073600737625,-0.07973611385374013,1,1,1,,23650639840.0,-0.3584372000659426,-0.5997523530975297,1,1,1,,19469107793.0,-3.6598450364800432,9.24112424614192,1,1,1,,70319423.0,-0.6684043843600078,0.1233142361120757,1,1,1,,590271819146.0,0.03298329203851834,0.00011913057801359637,0.1668894446932888,0.05120538616891689,40,20161,20254,0,0,19469107793.0,0.03298329203851834,2026-03-31,24133,True,passed,24133,0,0,4,2025,00132318,0.48904464742690085,0.48904464742690085,136.0,-0.07973611385374013,-0.05695149346321261,221.0,1.0,-0.05695149346321261,0.06786493702435636,0.41134755191502964,129.0,1.0,0.10283688797875741,0.07157254641936314,-1.1053382504887654,392.0,1.0,0.3868683876710679,0.03298329203851834,0.5629086524028815,108.0,1.0,0.056290865240288146,0,0.0,1.0,1.0,-0.0,0
071970,2025,4,202504,HD현대마린엔진,00406046,CFS,CFS,814697175815.0,488912211304.0,325784964511.0,0.6663465484776584,0.5106335344046056,293227353733.0,0.24774525620645882,-0.09006248045930798,1,1,1,,55623378993.0,1.2809214977228254,0.12907883514324325,1,1,1,,142513645110.0,1.1507242934688282,0.07260247117764873,1,1,1,,103058032287.0,0.5353792727638824,-0.5770543135982114,1,1,1,,6448106002.0,0.05633106918841668,-6.697550905629585,1,1,1,,814697175815.0,0.12649857560130076,0.007914727328653738,0.18969369086776336,0.0682749132367569,40,20161,20254,0,0,103058032287.0,0.12649857560130076,2026-03-31,29119,True,passed,29119,0,0,4,2025,00406046,0.4711588879851933,0.4711588879851933,137.0,0.12907883514324325,0.24643464267474002,154.0,1.0,0.24643464267474002,-0.09006248045930798,-0.5288092364589555,292.0,1.0,-0.13220230911473888,0.5106335344046056,-0.16264729835769168,227.0,1.0,0.05692655442519208,0.12649857560130076,3.0,1.0,1.0,0.30000000000000004,0,0.0,1.0,1.0,-0.0,0
005490,2025,4,202504,POSCO홀딩스,00155319,CFS,CFS,105192437963565.0,62377691037383.0,42814746926182.0,0.6863791559793884,0.5225837192193716,51833844855646.0,-0.046589668205502366,0.018733146213553264,1,1,1,,1188296676868.0,-0.16925955798293746,0.21820078957717237,1,1,1,,117489912012.0,-0.739352097847044,-0.08733668461180044,1,1,1,,1915391005581.0,-0.1486458936379278,-0.34022556389854053,1,1,1,,1788687635633.0,-0.1927548467699003,-0.11586084779271122,1,1,1,,105192437963565.0,0.01820844770461946,0.017003956465506953,0.022925111578686312,0.01129640780147699,40,20161,20254,0,0,1915391005581.0,0.01820844770461946,2026-03-31,2411,True,passed,2411,0,0,4,2025,00155319,0.45911173819802575,0.45911173819802575,138.0,0.21820078957717237,0.3759194594019325,131.0,1.0,0.3759194594019325,0.018733146213553264,0.11886137445616583,173.0,1.0,0.02971534361404146,0.5225837192193716,-0.136989516387883,224.0,1.0,0.04794633073575905,0.01820844770461946,0.05530604446292748,189.0,1.0,0.005530604446292748,0,0.0,1.0,1.0,-0.0,0
310210,2025,4,202504,보로노이,01327746,CFS,CFS,171234323350.0,103795095825.0,67439227525.0,0.6497342382987293,0.5006142072419548,3372306000.0,,,1,0,0,missing_ttm_yoy,-40821377684.0,0.5206167121755318,0.43383619188547984,1,1,1,,-28901734950.0,0.2470581601464792,0.4802488399629359,1,1,1,,-36399934383.0,2.908726047199577,2.965733048158036,1,1,1,,377261029.0,-0.548315794685978,-2.1672481123588123,1,1,1,,171234323350.0,-0.2125738208957042,0.0022031857960444355,-12.104885406010013,-0.23839483162824668,15,20222,20254,0,0,-36399934383.0,-0.2125738208957042,2026-03-31,701,True,passed,701,0,0,4,2025,01327746,0.4536707896773787,0.4536707896773787,139.0,0.43383619188547984,0.6892149961205007,102.0,1.0,0.6892149961205007,,0.0,191.0,1.0,0.0,0.5006142072419548,-0.1841594101625087,233.0,1.0,0.06445579355687804,-0.2125738208957042,-3.0,395.0,1.0,-0.30000000000000004,0,0.0,1.0,1.0,-0.0,0
079900,2025,4,202504,전진건설로봇,00372129,CFS,CFS,230189468832.0,156587716209.0,73601752623.0,0.470035290154961,0.3852864074106205,145753731148.0,0.15001508462602997,,1,1,0,missing_prev_yoy,23762430787.0,0.07349640018037817,,1,1,0,missing_prev_yoy,19116987570.0,-0.2305850754639298,,1,1,0,missing_prev_yoy,25020812583.0,2.0795642364100115,,1,1,0,missing_prev_yoy,2612851064.0,1.380341962765221,,1,1,0,missing_prev_yoy,230189468832.0,0.10869659984862744,0.011350871424560897,0.163031372163443,0.10322987801124221,6,20243,20254,0,0,25020812583.0,0.10869659984862744,2026-03-31,292,True,passed,292,0,0,4,2025,00372129,0.4511213519686467,0.4511213519686467,140.0,,0.0,190.0,1.0,0.0,,0.0,191.0,1.0,0.0,0.3852864074106205,-0.4317752913389905,268.0,1.0,0.15112135196864668,0.10869659984862744,3.0,1.0,1.0,0.30000000000000004,0,0.0,1.0,1.0,-0.0,0
011170,2025,4,202504,롯데케미칼,00165413,CFS,CFS,31117333049679.0,17628428467279.0,13488904582400.0,0.7651790746655281,0.5682521439726811,13696947117394.0,-0.10067176790407728,-0.10724476435667418,1,1,1,,-810560985713.0,0.6869221619835906,0.40827524005547766,1,1,1,,-2312605926900.0,0.7629512322340779,-16.45185927023283,1,1,1,,-9140147802.0,-1.04271180791678,3.1160788345995263,1,1,1,,379495641645.0,-0.06671502748729496,0.5773428129303426,1,1,1,,31117333049679.0,-0.00029373172139809353,0.01219563517988939,-0.059178222618940686,-0.02604853649954303,40,20161,20254,0,0,-9140147802.0,-0.00029373172139809353,2026-03-31,20111,True,passed,20111,0,0,4,2025,00165413,0.4498959464937803,0.4498959464937803,141.0,0.40827524005547766,0.6520776242562635,106.0,1.0,0.6520776242562635,-0.10724476435667418,-0.6310969905631395,302.0,1.0,-0.15777424764078488,0.5682521439726811,-0.03893659893198137,210.0,1.0,0.013627809626193478,-0.00029373172139809353,-0.5803523974789183,295.0,1.0,-0.058035239747891834,0,0.0,1.0,1.0,-0.0,0
476060,2025,4,202504,온코닉테라퓨틱스,01632912,CFS,OFS,75706519973.0,72039390284.0,3667129689.0,0.05090450758318636,0.04965122914007443,34178753422.0,1.3034108867660468,,1,1,0,missing_prev_yoy,4302502273.0,-1.8967673815058552,,1,1,0,missing_prev_yoy,6381665295.0,-1.7885791491347844,,1,1,0,missing_prev_yoy,1875398667.0,-1.2391815969082722,,1,1,0,missing_prev_yoy,104350855.0,-0.2613683225518294,,1,1,0,missing_prev_yoy,75706519973.0,0.024771957126927018,0.0013783602130597963,0.12588236381466703,0.05683133070354371,5,20244,20254,0,0,1875398667.0,0.024771957126927018,2026-03-31,701,True,passed,701,0,0,4,2025,01632912,0.43142174460695903,0.43142174460695903,142.0,,0.0,190.0,1.0,0.0,,0.0,191.0,1.0,0.0,0.04965122914007443,-1.152404667281584,396.0,1.0,0.40334163354855435,0.024771957126927018,0.2808011105840471,152.0,1.0,0.028080111058404713,0,0.0,1.0,1.0,-0.0,0
033780,2025,4,202504,케이티앤지,00244455,CFS,CFS,14189127000000.0,9336169000000.0,4852958000000.0,0.5198018587709798,0.41857997028937005,4752811000000.0,0.11243351289484127,0.08862708632299476,1,1,1,,878377000000.0,0.13917521762136476,0.12544281056570683,1,1,1,,683604000000.0,-0.2597835020178253,-0.8275305023427993,1,1,1,,-81094000000.0,-0.12654696638411078,1.1244621743628203,1,1,1,,147681000000.0,-0.4552747767519577,-0.8848412888858715,1,1,1,,14189127000000.0,-0.005715221239474423,0.010408039902666316,0.18481210382655652,0.06190493608239605,40,20161,20254,0,0,-81094000000.0,-0.005715221239474423,2026-03-31,12000,True,passed,12000,0,0,4,2025,00244455,0.42432947671043636,0.42432947671043636,143.0,0.12544281056570683,0.2411518817767291,155.0,1.0,0.2411518817767291,0.08862708632299476,0.534946581870472,119.0,1.0,0.133736645467618,0.41857997028937005,-0.3602919636263058,248.0,1.0,0.12610218726920702,-0.005715221239474423,-0.766612378031178,314.0,1.0,-0.0766612378031178,0,0.0,1.0,1.0,-0.0,0
352820,2025,4,202504,하이브,01204056,CFS,CFS,5485474443000.0,3551456465000.0,1934017978000.0,0.5445703747349752,0.4347457970746028,1922689559000.0,0.1127956330965163,0.05940536015650255,1,1,1,,91516155000.0,-0.295270100352225,0.12236994588789019,1,1,1,,-202352563000.0,40.49878612204652,41.55700190373272,1,1,1,,56014842000.0,-0.4513063339371315,0.1605614052336959,1,1,1,,22556782000.0,0.12870306576168722,0.036704134773316355,1,1,1,,5485474443000.0,0.010211485365952329,0.004112093171591502,0.04759798823040262,0.01668336184061226,21,20204,20254,0,0,56014842000.0,0.010211485365952329,2026-03-31,592,True,passed,592,0,0,4,2025,01204056,0.41894443097183215,0.41894443097183215,144.0,0.12236994588789019,0.23668733292160354,156.0,1.0,0.23668733292160354,0.05940536015650255,0.3609868941786554,137.0,1.0,0.09024672354466386,0.4347457970746028,-0.3255829390006214,244.0,1.0,0.11395402865021749,0.010211485365952329,-0.21943654144652697,239.0,1.0,-0.0219436541446527,0,0.0,1.0,1.0,-0.0,0
064760,2025,4,202504,티씨케이,00245472,CFS,OFS,567616557963.0,519302794390.0,48313763573.0,0.09303582436861688,0.08895898484082114,222093331637.0,0.10990209684394059,-0.04709445216633967,1,1,1,,61509987383.0,0.0570213626386622,-0.06651063623000808,1,1,1,,52764331473.0,-0.009568628799628498,-0.2195638469364457,1,1,1,,33023543720.0,0.0482397145879061,-0.13055402186531362,1,1,1,,1765416193.0,-4.2993447371575915,-3.3885346997305854,1,1,1,,567616557963.0,0.05817931710539113,0.003110226733581437,0.27695557957379324,0.10836538596361651,40,20161,20254,0,0,33023543720.0,0.05817931710539113,2026-03-31,23999,True,passed,23999,0,0,4,2025,00245472,0.41066657527220535,0.41066657527220535,145.0,-0.06651063623000808,-0.03773626689961546,216.0,1.0,-0.03773626689961546,-0.04709445216633967,-0.2730165177129648,263.0,1.0,-0.0682541294282412,0.08895898484082114,-1.0680084975883704,387.0,1.0,0.3738029741559296,0.05817931710539113,1.428539974441324,40.0,1.0,0.1428539974441324,0,0.0,1.0,1.0,-0.0,0
294870,2025,4,202504,HDC현대산업개발,01310269,CFS,CFS,7599100705541.0,3212755613173.0,4386345092368.0,1.3652906166852614,0.860900896713832,3094003811362.0,-0.023244440810557987,-0.026410596702172717,1,1,1,,175626388621.0,0.2802278058815786,0.25099554164239546,1,1,1,,118299486307.0,-0.03837336397498414,-0.14850420092023464,1,1,1,,570075502554.0,0.9910669131977059,-3.8222965581885804,1,1,1,,67692862639.0,1.3405544299503473,1.5346659232485829,1,1,1,,7599100705541.0,0.07501881138886879,0.008908009679308595,0.05676346873783848,0.023111470083945505,31,20182,20254,0,0,570075502554.0,0.07501881138886879,2026-03-31,411,True,passed,411,0,0,4,2025,01310269,0.3805140323566431,0.3805140323566431,146.0,0.25099554164239546,0.4235667814086242,124.0,1.0,0.4235667814086242,-0.026410596702172717,-0.14988357832709556,236.0,1.0,-0.03747089458177389,0.860900896713832,0.589398276884404,125.0,1.0,-0.2062893969095414,0.07501881138886879,2.0070754243933417,20.0,1.0,0.2007075424393342,0,0.0,1.0,1.0,-0.0,0
026960,2025,4,202504,동서,00144395,CFS,CFS,1798366336076.0,1737278347482.0,61087988594.0,0.03516304032830463,0.03455894119852598,395556317133.0,0.060997332221572,0.0493093912902518,1,1,1,,31878617432.0,-0.07339568186511647,-0.10539702834330966,1,1,1,,112428097523.0,-0.10952479845285057,-0.2555391158423913,1,1,1,,20453992000.0,0.3321584777324422,0.529241484973492,1,1,1,,823547134.0,0.38203573506600774,0.625361020222278,1,1,1,,1798366336076.0,0.011373651513423127,0.0004579418094518849,0.08059185519537862,0.017726431368571164,40,20161,20254,0,0,20453992000.0,0.011373651513423127,2026-03-31,4632,True,passed,4632,0,0,4,2025,00144395,0.3777191865151726,0.3777191865151726,147.0,-0.10539702834330966,-0.09423410054738919,228.0,1.0,-0.09423410054738919,0.0493093912902518,0.30088464077607663,151.0,1.0,0.07522116019401916,0.03455894119852598,-1.184808737966026,398.0,1.0,0.41468305828810903,0.011373651513423127,-0.17950931419566393,230.0,1.0,-0.017950931419566395,0,0.0,1.0,1.0,-0.0,0
018260,2025,4,202504,삼성에스디에스,00126186,CFS,CFS,13453704199195.0,10262899983419.0,3190804215776.0,0.31090668533564036,0.2707190240145882,10538550877205.0,0.0272948183821895,0.00844826285614686,1,1,1,,724807110801.0,0.10103306580437033,0.03096048602216772,1,1,1,,581589723815.0,-0.036603100671123934,-0.18700910662378856,1,1,1,,302073226595.0,-0.5390928650199331,-0.5455361865168182,1,1,1,,121006703765.0,-0.06578475403812589,0.23110608839704805,1,1,1,,13453704199195.0,0.02245279234049716,0.008994303871512234,0.06877673403548923,0.0538741672976851,40,20161,20254,0,0,302073226595.0,0.02245279234049716,2026-03-31,62021,True,passed,62021,0,0,4,2025,00126186,0.3756155335722027,0.3756155335722027,148.0,0.03096048602216772,0.10387901163843992,175.0,1.0,0.10387901163843992,0.00844826285614686,0.05763449529757745,183.0,1.0,0.014408623824394362,0.2707190240145882,-0.677758511648242,314.0,1.0,0.23721547907688467,0.02245279234049716,0.20112419032483708,167.0,1.0,0.02011241903248371,0,0.0,1.0,1.0,-0.0,0
015750,2025,4,202504,성우하이텍,00132992,CFS,CFS,4867042087907.0,2073091920916.0,2793950166991.0,1.3477213136581456,0.8534452039752469,3197564059271.0,0.0024528810580894955,0.037464833338054504,1,1,1,,179252533990.0,0.10728862652441373,0.3274446461982785,1,1,1,,116176255965.0,-0.08819738325760618,-0.12554235683978532,1,1,1,,58151651456.0,3.53137584341391,4.37160737498626,1,1,1,,99275457733.0,-0.07091396253823379,-0.37448775985867866,1,1,1,,4867042087907.0,0.011948047788714986,0.020397493167290844,0.05605909081642201,0.03682987135767402,40,20161,20254,0,0,58151651456.0,0.011948047788714986,2026-03-31,303,True,passed,303,0,0,4,2025,00132992,0.375568300274465,0.375568300274465,149.0,0.3274446461982785,0.5346392815041551,114.0,1.0,0.5346392815041551,0.037464833338054504,0.23037287187946176,160.0,1.0,0.05759321796986544,0.8534452039752469,0.5733904459022314,126.0,1.0,-0.20068665606578098,0.011948047788714986,-0.15977543133774533,227.0,1.0,-0.015977543133774533,0,0.0,1.0,1.0,-0.0,0
466100,2025,4,202504,클로봇,01784914,CFS,CFS,73041596641.0,60444194628.0,12597402013.0,0.20841376232291486,0.18930855934579424,30671767697.0,-0.08154828301244155,,1,1,0,missing_prev_yoy,-3991203955.0,-0.4671907839819578,,1,1,0,missing_prev_yoy,,,,0,0,0,missing_ttm_yoy,2743099431.0,-1.3648548946803918,,1,1,0,missing_prev_yoy,-257846090.0,-1.44787597741382,,1,1,0,missing_prev_yoy,73041596641.0,0.03755530488308401,-0.0035301266929762707,-0.13012631011124862,-0.05464289033298105,5,20244,20254,0,0,2743099431.0,0.03755530488308401,2026-03-31,58221,True,passed,58221,0,0,4,2025,01784914,0.3703915380885099,0.3703915380885099,150.0,,0.0,190.0,1.0,0.0,,0.0,191.0,1.0,0.0,0.18930855934579424,-0.8525517876444186,359.0,1.0,0.2983931256755465,0.03755530488308401,0.7199841241296341,94.0,1.0,0.07199841241296341,0,0.0,1.0,1.0,-0.0,0
267270,2025,4,202504,HD건설기계,01205842,CFS,CFS,3602695392000.0,1930295930000.0,1672399462000.0,0.8663953728587098,0.6240089625421502,2821809584000.0,0.07651276306801225,0.17146134681879377,1,1,1,,115069223000.0,-0.21950531319902544,0.05558253998529039,1,1,1,,44781989000.0,-0.3990359397182254,-0.18927024391485703,1,1,1,,57793592000.0,-0.4620464400899442,-0.14831139211863953,1,1,1,,57949656000.0,0.627352032594412,0.9101813049130719,1,1,1,,3602695392000.0,0.016041764765440374,0.01608508344299123,0.04077852157440259,0.031939759119107895,35,20172,20254,0,0,57793592000.0,0.016041764765440374,2026-03-31,291,True,passed,291,0,0,4,2025,01205842,0.3664838723471221,0.3664838723471221,151.0,0.05558253998529039,0.1396522637524917,170.0,1.0,0.1396522637524917,0.17146134681879377,1.0280667351403747,90.0,1.0,0.2570166837850937,0.6240089625421502,0.08077672068278494,188.0,1.0,-0.028271852238974726,0.016041764765440374,-0.01913222951488588,206.0,1.0,-0.0019132229514885882,0,0.0,1.0,1.0,-0.0,0
030190,2025,4,202504,NICE평가정보,00158325,CFS,CFS,646531372501.0,469548309154.0,176983063347.0,0.3769219479586157,0.31985053546651265,451095582703.0,0.12591257281540202,0.0339047526445877,1,1,1,,77392774235.0,0.205986508966435,-0.09245799219666773,1,1,1,,55114988928.0,-0.03581911362782264,-0.36843379531866083,1,1,1,,45771128089.0,-0.03498909755740354,-0.4783663757204978,1,1,1,,2685539291.0,-0.5319162593445601,-0.7020547674283888,1,1,1,,646531372501.0,0.0707949065363092,0.004153764852293918,0.17156624272677742,0.11970459211533513,40,20161,20254,0,0,45771128089.0,0.0707949065363092,2026-03-31,63991,True,passed,63991,0,0,4,2025,00158325,0.36335029817629155,0.36335029817629155,152.0,-0.09245799219666773,-0.07543504329246195,225.0,1.0,-0.07543504329246195,0.0339047526445877,0.20917937625690342,162.0,1.0,0.052294844064225854,0.31985053546651265,-0.5722701340021501,292.0,1.0,0.20029454690075252,0.0707949065363092,1.8619595050377513,24.0,1.0,0.18619595050377513,0,0.0,1.0,1.0,-0.0,0
036530,2025,4,202504,SNT홀딩스,00225159,CFS,CFS,3262277587123.0,2393211855066.0,869065732057.0,0.36313781841642806,0.30978926162797615,1718781214926.0,0.24177124929340033,0.2601404063755284,1,1,1,,234764972799.0,0.2590738405705222,-0.16776302366893558,1,1,1,,155654886689.0,-0.22501684215219697,-0.9995689137672497,1,1,1,,88913144.0,-0.9987356627269777,-0.6365292966572398,1,1,1,,9344419120.0,1.341280137601125,-0.4455009355716668,1,1,1,,3262277587123.0,2.7254928995301235e-05,0.002864385040955646,0.1365880489967465,0.07196351828724638,40,20161,20254,0,0,88913144.0,2.7254928995301235e-05,2026-03-31,64992,True,passed,64992,0,0,4,2025,00225159,0.3550729017874369,0.3550729017874369,153.0,-0.16776302366893558,-0.18484532564944164,242.0,1.0,-0.18484532564944164,0.2601404063755284,1.5559815276273017,64.0,1.0,0.3889953819068254,0.30978926162797615,-0.5938723079006433,297.0,1.0,0.20785530776522512,2.7254928995301235e-05,-0.56932462235172,292.0,1.0,-0.056932462235172,0,0.0,1.0,1.0,-0.0,0
103590,2025,4,202504,일진전기,00683469,CFS,CFS,1525996520000.0,588671403000.0,937325117000.0,1.592272212006874,0.9525347930401877,1594398520000.0,0.27973706837902457,-0.016437888845313164,1,1,1,,115890278000.0,0.7811169984147184,0.33253637752007825,1,1,1,,76303463000.0,,,1,0,0,missing_ttm_yoy,71456493000.0,-0.35348091993665776,-1.617961334188878,1,1,1,,9057808000.0,-0.6270423869070294,-1.7587776350196136,1,1,1,,1525996520000.0,0.04682611792587836,0.005935667533501322,0.07268589160506747,0.07594399887622286,40,20161,20254,0,0,71456493000.0,0.04682611792587836,2026-03-31,2830,True,passed,2830,0,0,4,2025,00683469,0.34810768807454284,0.34810768807454284,154.0,0.33253637752007825,0.5420370310397773,113.0,1.0,0.5420370310397773,-0.016437888845313164,-0.09051510932096553,225.0,1.0,-0.022628777330241382,0.9525347930401877,0.7861418895924315,97.0,1.0,-0.27514966135735097,0.04682611792587836,1.0384909572235792,62.0,1.0,0.10384909572235793,0,0.0,1.0,1.0,-0.0,0
064400,2025,4,202504,LG씨엔에스,00139834,CFS,CFS,5285275191000.0,2941438973000.0,2343836218000.0,0.7968331961038445,0.5860257799559582,4607200129000.0,0.013852727233666817,-0.03611658678988383,1,1,1,,431653507000.0,0.16638983699082588,0.17909734519780496,1,1,1,,333937976000.0,0.3520415110435282,0.433917968094368,1,1,1,,199802858000.0,-0.16436889313431002,-0.8391203812331024,1,1,1,,16640224000.0,-2.5257195816503883,-2.2873842540336438,1,1,1,,5285275191000.0,0.03780368112907974,0.0031484120312856574,0.093691069394394,0.08167096156791205,10,20233,20254,0,0,199802858000.0,0.03780368112907974,2026-03-31,62021,True,passed,62021,0,0,4,2025,00139834,0.34031336757125813,0.34031336757125813,155.0,0.17909734519780496,0.31910627166357275,140.0,1.0,0.31910627166357275,-0.03611658678988383,-0.2076642513365564,245.0,1.0,-0.0519160628341391,0.5860257799559582,-0.0007755090460592925,201.0,1.0,0.00027142816612075234,0.03780368112907974,0.7285173057570371,92.0,1.0,0.07285173057570371,0,0.0,1.0,1.0,-0.0,0
064350,2025,4,202504,현대로템,00302926,CFS,CFS,9318033774000.0,3041233616000.0,6276800158000.0,2.063899374575373,1.119688410143034,4219396836000.0,0.285196646810451,0.0511571832097828,1,1,1,,727896654000.0,1.2808574689783314,0.3917324325604834,1,1,1,,572117299000.0,0.8976818813462599,-0.6828864216000499,1,1,1,,245650422000.0,0.02184707370372907,0.2860870714283671,1,1,1,,36630689000.0,-0.35016032802537433,-1.315602063145739,1,1,1,,9318033774000.0,0.026362903157255715,0.003931160788685933,0.17251201588567527,0.07811697957470828,40,20161,20254,0,0,245650422000.0,0.026362903157255715,2026-03-31,31201,True,passed,31201,0,0,4,2025,00302926,0.33879894491013507,0.33879894491013507,156.0,0.3917324325604834,0.6280426666495992,107.0,1.0,0.6280426666495992,0.0511571832097828,0.311884720080415,146.0,1.0,0.07797118002010375,1.119688410143034,1.1450309887627077,69.0,1.0,-0.4007608460669477,0.026362903157255715,0.3354594430737985,142.0,1.0,0.03354594430737985,0,0.0,1.0,1.0,-0.0,0
009150,2025,4,202504,삼성전기,00126371,CFS,CFS,14595895255468.0,9797343882863.0,4798551372605.0,0.489780845704352,0.3986290257196428,8425423481425.0,0.09723382400192215,-0.07536700205641567,1,1,1,,653053905842.0,0.28017045451511824,0.16006440858457638,1,1,1,,506137732875.0,-0.12585666212809365,-1.1533640327395378,1,1,1,,294405983022.0,0.11404029610156474,-0.38641911855248723,1,1,1,,569769657966.0,2.402918989436156,2.785383842539142,1,1,1,,14595895255468.0,0.020170464220871133,0.0390362939712485,0.07750992069202774,0.044742298736170305,40,20161,20254,0,0,294405983022.0,0.020170464220871133,2026-03-31,2622,True,passed,2622,0,0,4,2025,00126371,0.3344880379282731,0.3344880379282731,157.0,0.16006440858457638,0.29145341861745583,142.0,1.0,0.29145341861745583,-0.07536700205641567,-0.44132566964693193,285.0,1.0,-0.11033141741173298,0.3986290257196428,-0.40312786899483877,260.0,1.0,0.14109475414819356,0.020170464220871133,0.12271282574356665,179.0,1.0,0.012271282574356666,0,0.0,1.0,1.0,-0.0,0
011780,2025,4,202504,금호석유화학,00106368,CFS,CFS,8474479180387.0,6246537410457.0,2227941769930.0,0.3566682825272638,0.30503190183772183,5271331122015.0,-0.010471553696514757,-0.11671247580731658,1,1,1,,187394593313.0,-0.09788068549182327,0.14609709872316268,1,1,1,,184007953840.0,-0.3772315669077053,-0.23770717094668392,1,1,1,,171322605500.0,-0.1820387289264992,-2.7316778967818727,1,1,1,,40294070406.0,-0.5481464782905248,0.038377473202158896,1,1,1,,8474479180387.0,0.020216299061363237,0.004754754781775263,0.03554976702760559,0.0221128153511426,40,20161,20254,0,0,171322605500.0,0.020216299061363237,2026-03-31,201,True,passed,201,0,0,4,2025,00106368,0.32315467617728466,0.32315467617728466,158.0,0.14609709872316268,0.27116038791515185,145.0,1.0,0.27116038791515185,-0.11671247580731658,-0.6874591684073271,310.0,1.0,-0.17186479210183178,0.30503190183772183,-0.6040866520419536,301.0,1.0,0.21143032821468374,0.020216299061363237,0.12428752149280874,178.0,1.0,0.012428752149280874,0,0.0,1.0,1.0,-0.0,0
000880,2025,4,202504,한화,00160588,CFS,CFS,289329420000000.0,48435327000000.0,240894093000000.0,4.973520525627916,1.787336456383395,56998823000000.0,0.31247306208544856,0.25826758519185655,1,1,1,,2802677000000.0,0.48236689820630385,0.5508332609437168,1,1,1,,965834000000.0,-0.3569479204742092,-0.3330413320274356,1,1,1,,3039848000000.0,-0.29607679815637,-1.4089235931238218,1,1,1,,1359078000000.0,-0.23834337141771522,-0.8480470364308095,1,1,1,,289329420000000.0,0.010506529201212929,0.0046973377266646445,0.049170787263449284,0.009686802676340346,40,20161,20254,0,0,3039848000000.0,0.010506529201212929,2026-03-31,20494,True,passed,20494,0,0,4,2025,00160588,0.3219981797159239,0.3219981797159239,159.0,0.5508332609437168,0.8591994196090532,93.0,1.0,0.8591994196090532,0.25826758519185655,1.5448324467565162,65.0,1.0,0.38620811168912905,1.787336456383395,2.578512417588563,36.0,1.0,-0.902479346155997,0.010506529201212929,-0.2093000542626132,235.0,1.0,-0.02093000542626132,0,0.0,1.0,1.0,-0.0,0
389650,2025,4,202504,넥스트바이오메디컬,01385050,CFS,OFS,59265165446.0,48106974536.0,11158190910.0,0.2319453887429559,0.20859453680981407,11543854839.0,0.5704108921454891,,1,1,0,missing_prev_yoy,-1089154752.0,-0.5755518187893678,,1,1,0,missing_prev_yoy,-1372436202.0,-1.3270462964974514,,1,1,0,missing_prev_yoy,1331354308.0,-2.4624546432229946,,1,1,0,missing_prev_yoy,308081819.0,0.24181996137780537,,1,1,0,missing_prev_yoy,59265165446.0,0.022464364993852515,0.005198362590933987,-0.09434931114348188,-0.018377654796094232,6,20243,20254,0,0,1331354308.0,0.022464364993852515,2026-03-31,27199,True,passed,27199,0,0,4,2025,01385050,0.30405244053424424,0.30405244053424424,160.0,,0.0,190.0,1.0,0.0,,0.0,191.0,1.0,0.0,0.20859453680981407,-0.8111436075604563,349.0,1.0,0.2839002626461597,0.022464364993852515,0.20152177888084544,166.0,1.0,0.020152177888084544,0,0.0,1.0,1.0,-0.0,0
006120,2025,4,202504,SK디스커버리,00131832,CFS,CFS,16299659050645.0,6851245699316.0,9448413351329.0,1.3790796252238173,0.866713700800147,7562734154447.0,0.10404498657286454,0.06291674055369145,1,1,1,,193212096625.0,0.2752119448759127,0.24305553872639152,1,1,1,,83342883403.0,-14.220117023606022,-13.155343155173856,1,1,1,,241811650302.0,0.4436834574301223,0.34547062637311154,1,1,1,,313074933539.0,0.6807767614172131,0.7016458719845561,1,1,1,,16299659050645.0,0.014835380884389186,0.019207452902311548,0.025547915962560765,0.011853750806974967,40,20161,20254,0,0,241811650302.0,0.014835380884389186,2026-03-31,64992,True,passed,64992,0,0,4,2025,00131832,0.29078799796898713,0.29078799796898713,161.0,0.24305553872639152,0.4120307931224344,125.0,1.0,0.4120307931224344,0.06291674055369145,0.38189047235134327,131.0,1.0,0.09547261808783582,0.866713700800147,0.6018787248600367,123.0,1.0,-0.21065755370101283,0.014835380884389186,-0.06057859540270246,211.0,1.0,-0.006057859540270247,0,0.0,1.0,1.0,-0.0,0
443060,2025,4,202504,HD현대마린솔루션,01194689,CFS,CFS,1272320058801.0,824724855468.0,447595203333.0,0.5427206423638181,0.4335475086189648,1469524630061.0,0.14431389218159252,,1,1,0,missing_prev_yoy,256545026195.0,0.3620900168204788,,1,1,0,missing_prev_yoy,189819557138.0,0.12046699805260874,,1,1,0,missing_prev_yoy,84958936221.0,1.2763412823372322,,1,1,0,missing_prev_yoy,5773125068.0,1.031734680904306,,1,1,0,missing_prev_yoy,1272320058801.0,0.06677481474359762,0.004537478622667033,0.1745768808137301,0.20163560608858205,7,20242,20254,0,0,84958936221.0,0.06677481474359762,2026-03-31,7212,True,passed,7212,0,0,4,2025,01194689,0.28723908434661916,0.28723908434661916,162.0,,0.0,190.0,1.0,0.0,,0.0,191.0,1.0,0.0,0.4335475086189648,-0.32815573803329484,245.0,1.0,0.11485450831165318,0.06677481474359762,1.7238457603496598,27.0,1.0,0.172384576034966,0,0.0,1.0,1.0,-0.0,0
090430,2025,4,202504,아모레퍼시픽,00583424,CFS,CFS,6961213309494.0,5503457775495.0,1457755533999.0,0.26487993430055606,0.23497720407850475,3235916671690.0,0.112800824822757,0.06871969607547901,1,1,1,,243940020100.0,0.5706616804282898,-0.13758814650389772,1,1,1,,179077702692.0,-0.6827569232415136,-3.516615957982112,1,1,1,,220685685961.0,0.3179369412289479,-0.03474036151162396,1,1,1,,24212596326.0,-0.10525905382383527,0.38136933811943863,1,1,1,,6961213309494.0,0.031702186982263486,0.003478214967637585,0.07538513653152852,0.035042744598460185,40,20161,20254,0,0,220685685961.0,0.031702186982263486,2026-03-31,20423,True,passed,20423,0,0,4,2025,00583424,0.2790685540393946,0.2790685540393946,163.0,-0.13758814650389772,-0.14100440604329587,237.0,1.0,-0.14100440604329587,0.06871969607547901,0.4164360130393951,127.0,1.0,0.10410900325984877,0.23497720407850475,-0.7544983978792099,338.0,1.0,0.26407443925772345,0.031702186982263486,0.5188951756511828,113.0,1.0,0.05188951756511828,0,0.0,1.0,1.0,-0.0,0
047050,2025,4,202504,포스코인터내셔널,00124504,CFS,CFS,18753010588000.0,7812655175000.0,10940355413000.0,1.4003376787968886,0.8756094269553575,24125335775000.0,0.00585293830300615,0.04978065346456584,1,1,1,,849457924000.0,0.1181595797587307,0.22583756804359056,1,1,1,,427074883000.0,0.6062244259016849,1.0582516900027519,1,1,1,,480277583000.0,0.3067641790606028,-0.2950322562187808,1,1,1,,255753715000.0,-0.32272516731364964,-0.8320054994282747,1,1,1,,18753010588000.0,0.025610692253718894,0.013638008350704825,0.03521020108993696,0.04529714949041653,40,20161,20254,0,0,480277583000.0,0.025610692253718894,2026-03-31,461,True,passed,461,0,0,4,2025,00124504,0.276556641469073,0.276556641469073,164.0,0.22583756804359056,0.38701489448738513,128.0,1.0,0.38701489448738513,0.04978065346456584,0.3036901088787325,150.0,1.0,0.07592252721968312,0.8756094269553575,0.6209783961782148,121.0,1.0,-0.21734243866237518,0.025610692253718894,0.30961658424379945,149.0,1.0,0.030961658424379947,0,0.0,1.0,1.0,-0.0,0
458870,2025,4,202504,씨어스테크놀로지,01514227,CFS,CFS,54204850237.0,39620897715.0,14583952522.0,0.36808738224219206,0.31341369306841493,32433678417.0,3.5580770569864795,,1,1,0,missing_prev_yoy,9600743820.0,-2.8651479122266057,,1,1,0,missing_prev_yoy,9319195866.0,-2.7198166154329906,,1,1,0,missing_prev_yoy,2764359262.0,-2.067652773652871,,1,1,0,missing_prev_yoy,834632334.0,4.132172418103992,,1,1,0,missing_prev_yoy,54204850237.0,0.05099837468258625,0.015397742643891368,0.29601156231998044,0.17711964479235057,7,20242,20254,0,1,2764359262.0,0.05099837468258625,2026-03-31,27199,True,passed,27199,1,0,4,2025,01514227,0.27604159840197384,0.27604159840197384,165.0,,0.0,190.0,1.0,0.0,,0.0,191.0,1.0,0.0,0.31341369306841493,-0.5860904306238676,294.0,1.0,0.20513165071835363,0.05099837468258625,1.1818324613936706,54.0,0.6,0.07090994768362023,0,0.0,1.0,0.6,-0.0,0
271560,2025,4,202504,오리온,01238169,CFS,CFS,4598663246300.0,3912207101349.0,686456144951.0,0.17546518555070806,0.16166397184371498,2503520602461.0,0.07471754076617909,-0.010754907508192302,1,1,1,,420386089000.0,0.034107617409270485,-0.12164673168424733,1,1,1,,285603369973.0,-0.3367229199565781,-0.9008714681551918,1,1,1,,184593746016.0,-0.14771021098462045,-0.8472973805061348,1,1,1,,34785516722.0,0.14119349917278168,0.13883433819124136,1,1,1,,4598663246300.0,0.04014074006495708,0.00756426701824444,0.16791796663736416,0.09141484524622126,35,20172,20254,0,0,184593746016.0,0.04014074006495708,2026-03-31,108,True,passed,108,0,0,4,2025,01238169,0.26803399046066323,0.26803399046066323,166.0,-0.12164673168424733,-0.11784320867722083,231.0,1.0,-0.11784320867722083,-0.010754907508192302,-0.0566837862522558,220.0,1.0,-0.01417094656306395,0.16166397184371498,-0.9119064176997809,368.0,1.0,0.31916724619492326,0.04014074006495708,0.8088089950602478,85.0,1.0,0.08088089950602478,0,0.0,1.0,1.0,-0.0,0
174900,2025,4,202504,앱클론,00991191,CFS,OFS,70746511792.0,60438725297.0,10307786495.0,0.17054936953661476,0.15747318521964082,3147937701.0,1.0416144390863327,1.3410045924212834,1,1,1,,-14098086415.0,0.14323280450702125,-0.48222298289816456,1,1,1,,-14384986362.0,0.11723024506776913,-0.3668209153289752,1,1,1,,-2224398182.0,-0.24797622770990924,-0.748609821788187,1,1,1,,155697880.0,54.0169187279152,54.345868498738504,1,1,1,,70746511792.0,-0.03144180717403984,0.002200785255077499,-4.478515064170897,-0.19927606404750275,34,20173,20254,0,0,-2224398182.0,-0.03144180717403984,2026-03-31,213,True,passed,213,0,0,4,2025,00991191,0.26554680611057624,0.26554680611057624,167.0,-0.48222298289816456,-0.6417225389855047,298.0,1.0,-0.6417225389855047,1.3410045924212834,3.0,1.0,1.0,0.75,0.15747318521964082,-0.9209042943978569,369.0,1.0,0.3223165030392499,-0.03144180717403984,-1.65047157943169,365.0,1.0,-0.16504715794316902,0,0.0,1.0,1.0,-0.0,0
004170,2025,4,202504,신세계,00136378,CFS,CFS,15833341277876.0,6572365891815.0,9260975386061.0,1.409077878271248,0.8792440511596953,5293366946710.0,0.05229233189188509,0.017162102905612597,1,1,1,,380208360984.0,-0.010065291902383589,0.2338212113171093,1,1,1,,16320058337.0,-0.8911997868918536,-0.49070436296268516,1,1,1,,485973618226.0,0.4630959944055595,0.5507941537587289,1,1,1,,156598655523.0,0.018321185619433633,0.48103288102821373,1,1,1,,15833341277876.0,0.030693055224234517,0.009890436438821414,0.07182731989141843,0.024013147592243645,40,20161,20254,0,0,485973618226.0,0.030693055224234517,2026-03-31,47111,True,passed,47111,0,0,4,2025,00136378,0.2543402915366827,0.2543402915366827,168.0,0.2338212113171093,0.39861428761843726,126.0,1.0,0.39861428761843726,0.017162102905612597,0.10950880569816204,175.0,1.0,0.02737720142454051,0.8792440511596953,0.628782157946138,119.0,1.0,-0.22007375528114828,0.030693055224234517,0.48422557774853187,116.0,1.0,0.04842255777485319,0,0.0,1.0,1.0,-0.0,0
012510,2025,4,202504,더존비즈온,00172291,CFS,CFS,1129961431954.0,631787001460.0,498174430494.0,0.7885164293389482,0.5813864657742391,331631719979.0,0.08626317538974337,-0.04865133684592826,1,1,1,,92902291901.0,0.36662482122479667,0.11133151418848608,1,1,1,,68873290031.0,0.022749004151663144,-1.4985202214955735,1,1,1,,43908651353.0,0.08944255096519727,-0.4543195837968734,1,1,1,,3779772131.0,-0.23299084433689876,0.22562043359098094,1,1,1,,1129961431954.0,0.03885853986810011,0.003345045259167635,0.28013692992601213,0.08221722376873301,40,20161,20254,0,0,43908651353.0,0.03885853986810011,2026-03-31,62022,True,passed,62022,0,0,4,2025,00172291,0.23031198420209492,0.23031198420209492,169.0,0.11133151418848608,0.22064965382635215,158.0,1.0,0.22064965382635215,-0.04865133684592826,-0.2822847988230645,264.0,1.0,-0.07057119970576613,0.5813864657742391,-0.010736402003706692,206.0,1.0,0.003757740701297342,0.03885853986810011,0.7647578938021157,87.0,1.0,0.07647578938021157,0,0.0,1.0,1.0,-0.0,0
161390,2025,4,202504,한국타이어앤테크놀로지,00937324,CFS,CFS,26647188444916.0,14201979362795.0,12445209082121.0,0.8763010256671531,0.629302299154518,15789572581916.0,1.2631909845054499,1.206047614328361,1,1,1,,1255124028606.0,-0.028565289207219013,-0.4155077390345041,1,1,1,,582017910035.0,-0.21933545615312489,-0.9592915980069054,1,1,1,,745218400291.0,0.10147827463373216,0.19763112537045935,1,1,1,,575241172030.0,0.77909867606008,-0.008359455406940386,1,1,1,,26647188444916.0,0.027966117394767016,0.021587312043036565,0.07949069058674264,0.04710155561816745,40,20161,20254,0,0,745218400291.0,0.027966117394767016,2026-03-31,221,True,passed,221,0,0,4,2025,00937324,0.2120119683740101,0.2120119683740101,170.0,-0.4155077390345041,-0.5447923136615045,286.0,1.0,-0.5447923136615045,1.206047614328361,3.0,1.0,1.0,0.75,0.629302299154518,0.09214184003433833,186.0,1.0,-0.032249644012018415,0.027966117394767016,0.3905392604753299,127.0,1.0,0.039053926047532994,0,0.0,1.0,1.0,-0.0,0
086280,2025,4,202504,현대글로비스,00360595,CFS,CFS,18587219950287.0,10388453580786.0,8198766369501.0,0.7892191369719412,0.5817792883453907,22211355076089.0,0.060782055945477254,-0.021147897080763478,1,1,1,,1549019092035.0,0.20658810481482726,0.10913069885347304,1,1,1,,1342048856479.0,0.8749152178236896,1.0063241732623456,1,1,1,,443493020977.0,0.42564102760496536,0.4535399362576328,1,1,1,,194151552762.0,0.4801596607131311,0.39396499542123475,1,1,1,,18587219950287.0,0.02386010507021262,0.010445432575784534,0.06973996348842995,0.083337857741931,40,20161,20254,0,1,443493020977.0,0.02386010507021262,2026-03-31,5299,True,passed,5299,1,0,4,2025,00360595,0.20624450708143502,0.20624450708143502,171.0,0.10913069885347304,0.21745210085397176,160.0,1.0,0.21745210085397176,-0.021147897080763478,-0.11855423189012947,234.0,1.0,-0.029638557972532367,0.5817792883453907,-0.009892987777093803,204.0,1.0,0.0034625457219828308,0.02386010507021262,0.24947364130021357,157.0,0.6,0.014968418478012814,0,0.0,1.0,0.6,-0.0,0
060250,2025,4,202504,NHN KCP,00357740,CFS,CFS,659744795088.0,300669127443.0,359075667645.0,1.194255195731968,0.7858426703724263,917370589285.0,0.10144389318030478,-0.04120829543202387,1,1,1,,38924962876.0,0.11226304650814778,0.029257835819054723,1,1,1,,32021292845.0,-0.1394993985191142,-0.5479706194486986,1,1,1,,154201144552.0,49.60877069860466,50.495198447942286,1,1,1,,2396738280.0,2.694258191917142,4.88047913424502,1,1,1,,659744795088.0,0.23372847455572862,0.0036328263562584247,0.04243101242905353,0.059000030262926134,40,20161,20254,0,0,154201144552.0,0.23372847455572862,2026-03-31,661,True,passed,661,0,0,4,2025,00357740,0.19202604548340735,0.19202604548340735,172.0,0.029257835819054723,0.1014052401541751,176.0,1.0,0.1014052401541751,-0.04120829543202387,-0.23797567237163791,251.0,1.0,-0.05949391809290948,0.7858426703724263,0.42824364736530945,145.0,1.0,-0.1498852765778583,0.23372847455572862,3.0,1.0,1.0,0.30000000000000004,0,0.0,1.0,1.0,-0.0,0
001740,2025,4,202504,SK네트웍스,00131780,CFS,CFS,5040792000000.0,2025631000000.0,3015161000000.0,1.488504569687174,0.9116819556367364,4772522000000.0,-0.14995461695858103,0.0305262726664981,1,1,1,,63943000000.0,-0.25013779273627057,0.2826410534702595,1,1,1,,30832000000.0,-2.5775685632419156,-4.034697052052577,1,1,1,,-37792000000.0,-0.6067306991893607,0.1454011367431015,1,1,1,,19938000000.0,0.24224299065420563,0.9061032570527983,1,1,1,,5040792000000.0,-0.007497234561553026,0.003955330828964972,0.013398157200742082,0.012685109800205999,40,20161,20254,0,0,-37792000000.0,-0.007497234561553026,2026-03-31,467,True,passed,467,0,0,4,2025,00131780,0.18957770366866544,0.18957770366866544,173.0,0.2826410534702595,0.46954437834639057,116.0,1.0,0.46954437834639057,0.0305262726664981,0.18906696679440413,166.0,1.0,0.04726674169860103,0.9116819556367364,0.6984283344304548,108.0,1.0,-0.24444991705065916,-0.007497234561553026,-0.8278349932566704,321.0,1.0,-0.08278349932566705,0,0.0,1.0,1.0,-0.0,0
095340,2025,4,202504,ISC,00572905,CFS,CFS,622420256911.0,537260669443.0,85159587468.0,0.15850701961170618,0.14713212409654292,155672976354.0,0.254541442597793,0.09812981654313191,1,1,1,,42633121602.0,0.3765853039871365,-0.2774161898530585,1,1,1,,40123070890.0,-0.0822542439353946,-1.5126229338796342,1,1,1,,20080709643.0,-0.2452259810066879,-2.441451078623514,1,1,1,,1925233929.0,-0.07446050137115978,0.5291856483755232,1,1,1,,622420256911.0,0.03226230094543878,0.003093141503065331,0.27386334224799797,0.06849571672616066,40,20161,20254,0,0,20080709643.0,0.03226230094543878,2026-03-31,465,True,passed,465,0,0,4,2025,00572905,0.18762082979397093,0.18762082979397093,174.0,-0.2774161898530585,-0.3441598314532117,263.0,1.0,-0.3441598314532117,0.09812981654313191,0.5915172297471946,117.0,1.0,0.14787930743679864,0.14713212409654292,-0.94310718880875,372.0,1.0,0.33008751608306247,0.03226230094543878,0.5381383772732153,110.0,1.0,0.05381383772732154,0,0.0,1.0,1.0,-0.0,0
475960,2025,4,202504,토모큐브,01573336,CFS,CFS,41512112634.0,38794436831.0,2717675803.0,0.0700532350769518,0.06770839964457095,8784491124.0,0.47920674917366224,,1,1,0,missing_prev_yoy,-3739617572.0,-0.5740646592338252,,1,1,0,missing_prev_yoy,-3273071266.0,-0.6057672515043137,,1,1,0,missing_prev_yoy,-1845226619.0,-0.7178566575258909,,1,1,0,missing_prev_yoy,71243847.0,-0.9237456607065391,,1,1,0,missing_prev_yoy,41512112634.0,-0.04445031827863873,0.0017162182909874015,-0.4257067961265322,-0.0900849736309761,5,20244,20254,0,0,-1845226619.0,-0.04445031827863873,2026-03-31,27309,True,passed,27309,0,0,4,2025,01573336,0.18003315643241474,0.18003315643241474,175.0,,0.0,190.0,1.0,0.0,,0.0,191.0,1.0,0.0,0.06770839964457095,-1.113634811335628,394.0,1.0,0.38977218396746977,-0.04445031827863873,-2.0973902753505502,380.0,1.0,-0.20973902753505502,0,0.0,1.0,1.0,-0.0,0
050890,2025,4,202504,쏠리드,00364403,CFS,CFS,536672709018.0,353338614123.0,183334094895.0,0.5188623251665891,0.4179615843293176,224823976605.0,-0.08432917361105852,-0.07012637097568464,1,1,1,,30491808352.0,0.1143515574449121,0.1502871462547255,1,1,1,,31188059010.0,-0.19564383033090293,-0.4489950672826093,1,1,1,,-10730459020.0,-1.5259319729380298,-1.3706926890524027,1,1,1,,-7792246582.0,-8.249308457906436,-7.695011762611872,1,1,1,,536672709018.0,-0.019994419018687423,-0.014519550651752347,0.13562525141867754,0.056816394498229096,40,20161,20254,0,0,-10730459020.0,-0.019994419018687423,2026-03-31,2642,True,passed,2642,0,0,4,2025,00364403,0.17556438590685253,0.17556438590685253,176.0,0.1502871462547255,0.27724808583592464,143.0,1.0,0.27724808583592464,-0.07012637097568464,-0.4101276993108273,280.0,1.0,-0.10253192482770683,0.4179615843293176,-0.36161967632549435,249.0,1.0,0.12656688671392302,-0.019994419018687423,-1.2571866181528828,354.0,1.0,-0.1257186618152883,0,0.0,1.0,1.0,-0.0,0
069620,2025,4,202504,대웅제약,00427483,CFS,CFS,2362799296077.0,1134655756699.0,1228143539378.0,1.08239308012765,0.733517751665253,1159058952633.0,0.08912629902856883,0.06033661445069782,1,1,1,,139889592587.0,0.26406085436699156,0.07678646628475483,1,1,1,,145599691603.0,-30.600354663865534,-29.553397965128923,1,1,1,,40348475029.0,0.7863515360208877,0.11915538779033841,1,1,1,,101433251298.0,0.38373130294048097,0.26225771528877906,1,1,1,,2362799296077.0,0.017076556225487,0.04292927099919639,0.12069238779375022,0.05920502550481597,40,20161,20254,0,0,40348475029.0,0.017076556225487,2026-03-31,212,True,passed,212,0,0,4,2025,00427483,0.1531693241294375,0.1531693241294375,177.0,0.07678646628475483,0.1704593362434625,164.0,1.0,0.1704593362434625,0.06033661445069782,0.3665307386886226,135.0,1.0,0.09163268467215566,0.733517751665253,0.31589882788454937,164.0,1.0,-0.11056458975959227,0.017076556225487,0.01641892973411653,194.0,1.0,0.0016418929734116532,0,0.0,1.0,1.0,-0.0,0
006730,2025,4,202504,서부T&D,00130383,CFS,CFS,3255148135822.0,1386945844103.0,1868202291719.0,1.346990078713023,0.8531336896392542,178278580978.0,0.2654607792611168,0.14497571363157769,1,1,1,,49094128206.0,0.3797674335172039,0.05180721261489363,1,1,1,,82192068818.0,0.23925487975453996,0.7892905617939769,1,1,1,,50630012832.0,2.155272315228906,1.8406534908884118,1,1,1,,464795240.0,,,1,0,0,missing_ttm_yoy,3255148135822.0,0.01555382757387622,0.00014278773825530632,0.27537872433513666,0.01508199509132404,40,20161,20254,0,0,50630012832.0,0.01555382757387622,2026-03-31,551,True,passed,551,0,0,4,2025,00130383,0.14772379175873834,0.14772379175873834,178.0,0.05180721261489363,0.13416711056273095,171.0,1.0,0.13416711056273095,0.14497571363157769,0.8703952666132573,100.0,1.0,0.21759881665331432,0.8531336896392542,0.5727216054585678,127.0,1.0,-0.2004525619104987,0.01555382757387622,-0.03589573546808213,209.0,1.0,-0.003589573546808213,0,0.0,1.0,1.0,-0.0,0
192080,2025,4,202504,더블유게임즈,01010110,CFS,CFS,1847861880558.0,1652363475394.0,195498405164.0,0.11831440725678358,0.11182255814596853,533743904177.0,0.11332465409424142,0.0304322533247674,1,1,1,,172981736540.0,-0.08604012689300322,-0.27506650241290165,1,1,1,,123414420151.0,-0.390454551590387,-0.8202985438889245,1,1,1,,74631749534.0,0.022532606689118717,-0.4617416959525418,1,1,1,,191321561.0,-0.8265547395420918,-5.38121143114536,1,1,1,,1847861880558.0,0.04038816446143875,0.00010353672155530721,0.3240912639681143,0.09361183233444081,40,20161,20254,0,0,74631749534.0,0.04038816446143875,2026-03-31,5821,True,passed,5821,0,0,4,2025,01010110,0.14473342942031858,0.14473342942031858,179.0,-0.27506650241290165,-0.34074598298582365,262.0,1.0,-0.34074598298582365,0.0304322533247674,0.18850726079923885,167.0,1.0,0.04712681519980971,0.11182255814596853,-1.0189189991406686,381.0,1.0,0.356621649699234,0.04038816446143875,0.8173094750709854,84.0,1.0,0.08173094750709854,0,0.0,1.0,1.0,-0.0,0
012330,2025,4,202504,현대모비스,00164788,CFS,CFS,70400532000000.0,49212795000000.0,21187737000000.0,0.43053309611860086,0.3580471692897476,46086195000000.0,0.06594184500693845,0.10567455092541322,1,1,1,,2577157000000.0,0.19042773338260433,-0.15835575101315014,1,1,1,,2734236000000.0,-0.12892681832778574,-0.42322550593901387,1,1,1,,737917000000.0,-0.17592423010604752,-0.18324984184862525,1,1,1,,440593000000.0,-0.248689961172035,-0.14667542638624398,1,1,1,,70400532000000.0,0.010481696359908189,0.006258376002044984,0.05592036834457694,0.03660706711704963,40,20161,20254,0,0,737917000000.0,0.010481696359908189,2026-03-31,303,True,passed,303,0,0,4,2025,00164788,0.138505930251872,0.138505930251872,180.0,-0.15835575101315014,-0.1711775489105445,241.0,1.0,-0.1711775489105445,0.10567455092541322,0.6364317440158402,115.0,1.0,0.15910793600396006,0.3580471692897476,-0.49025961133590573,279.0,1.0,0.171590863967567,0.010481696359908189,-0.21015320809110558,236.0,1.0,-0.02101532080911056,0,0.0,1.0,1.0,-0.0,0
417200,2025,4,202504,LS머트리얼즈,01528141,CFS,CFS,274526446057.0,206070486502.0,68455959555.0,0.3321968163273861,0.2868293212083082,115077905530.0,0.05800242275446488,0.2633990029403832,1,1,1,,69566292.0,-0.9864565293349067,-0.3650295203571702,1,1,1,,-425178372.0,-1.0921994638338863,-0.4694370422904083,1,1,1,,2840744873.0,-0.05352442342827779,0.5083983000069198,1,1,1,,2166001753.0,-0.795450101895774,-0.08326501330811908,1,1,1,,274526446057.0,0.010347800417050442,0.007889956629352468,0.0006045147561524271,0.0002534047010740668,9,20234,20254,0,1,2840744873.0,0.010347800417050442,2026-03-31,26291,True,passed,26291,1,0,4,2025,01528141,0.13461613871274902,0.13461613871274902,181.0,-0.3650295203571702,-0.47145277644348565,279.0,1.0,-0.47145277644348565,0.2633990029403832,1.5753802598413413,62.0,1.0,0.39384506496033533,0.2868293212083082,-0.6431687124717027,305.0,1.0,0.22510904936509593,0.010347800417050442,-0.21475331948660994,238.0,0.6,-0.012885199169196598,0,0.0,1.0,0.6,-0.0,0
005850,2025,4,202504,에스엘,00125521,CFS,CFS,3997077723045.0,2651661893348.0,1345415829697.0,0.5073858899854958,0.4103769518855428,3937331361112.0,0.04119918174142434,0.00686276873827496,1,1,1,,338744084633.0,0.034518336969378005,-0.044593993898185635,1,1,1,,250776259696.0,-0.2266064089786135,-0.3620522178646328,1,1,1,,60520213025.0,0.39196475418010546,0.7733616961786938,1,1,1,,14248027337.0,-0.773406053765263,-0.9745610912795193,1,1,1,,3997077723045.0,0.015141114889028303,0.0035646110294162005,0.0860339284568953,0.08474793539289562,40,20161,20254,0,0,60520213025.0,0.015141114889028303,2026-03-31,303,True,passed,303,0,0,4,2025,00125521,0.13341432008483403,0.13341432008483403,182.0,-0.044593993898185635,-0.005893693050819051,212.0,1.0,-0.005893693050819051,0.00686276873827496,0.04819589950721396,186.0,1.0,0.01204897487680349,0.4103769518855428,-0.3779043487870492,254.0,1.0,0.1322665220754672,0.015141114889028303,-0.05007483816617602,210.0,1.0,-0.005007483816617603,0,0.0,1.0,1.0,-0.0,0
456160,2025,4,202504,지투지바이오,01577952,CFS,OFS,67749470637.0,58339856494.0,9409614143.0,0.16128963471083851,0.14953114163845482,364609394.0,-0.35732914807339067,,1,1,0,missing_prev_yoy,-8637261863.0,0.08967076342247005,,1,1,0,missing_prev_yoy,-8552218173.0,-0.8935103449051148,,1,1,0,missing_prev_yoy,-2872629760.0,0.5579158383773613,,1,1,0,missing_prev_yoy,233428510.0,1.5350444741167464,,1,1,0,missing_prev_yoy,67749470637.0,-0.042400770559396395,0.003445466183060001,-23.68908208382585,-0.1274882560969109,6,20243,20254,0,0,-2872629760.0,-0.042400770559396395,2026-03-31,21212,True,passed,21212,0,0,4,2025,01577952,0.1255870943380628,0.1255870943380628,183.0,,0.0,190.0,1.0,0.0,,0.0,191.0,1.0,0.0,0.14953114163845482,-0.9379563505592808,371.0,1.0,0.32828472269574827,-0.042400770559396395,-2.0269762835768543,377.0,1.0,-0.20269762835768546,0,0.0,1.0,1.0,-0.0,0
011210,2025,4,202504,현대위아,00106623,CFS,CFS,7025106000000.0,4065428000000.0,2959678000000.0,0.7280114172480733,0.5469712775637825,6329686000000.0,0.04111369492638328,0.10451821272434803,1,1,1,,152565000000.0,-0.08035202989842971,-0.11142178924608293,1,1,1,,128380000000.0,-0.08778262537837334,-3.3170770117228856,1,1,1,,213594000000.0,1.7277533714752757,3.4511827875876184,1,1,1,,91961000000.0,-0.11598062022955802,-1.0391826908525936,1,1,1,,7025106000000.0,0.03040438108691883,0.013090336288164193,0.024103091369777268,0.021717110033642198,40,20161,20254,0,1,213594000000.0,0.03040438108691883,2026-03-31,303,True,passed,303,1,0,4,2025,00106623,0.11247779515253616,0.11247779515253616,184.0,-0.11142178924608293,-0.1029874438316087,229.0,1.0,-0.1029874438316087,0.10451821272434803,0.6295479538120267,116.0,1.0,0.15738698845300667,0.5469712775637825,-0.08462792830568809,218.0,1.0,0.02961977490699083,0.03040438108691883,0.47430792706912256,117.0,0.6,0.028458475624147352,0,0.0,1.0,0.6,-0.0,0
006040,2025,4,202504,동원산업,00118026,CFS,CFS,7777544153206.0,3701777133435.0,4075767019771.0,1.1010298223947812,0.742427616143267,6997156148294.0,0.059351884751796424,0.05313443058915279,1,1,1,,368030457703.0,0.1257667228017043,0.07226608930240919,1,1,1,,285658962437.0,0.5138727154751339,0.34545371647447,1,1,1,,82944754768.0,0.8051009295224503,1.5623850532246988,1,1,1,,121025513257.0,0.3140911821870078,0.8446924900515553,1,1,1,,7777544153206.0,0.010664645951744182,0.015560890542435788,0.0525971480274498,0.04731962306524397,40,20161,20254,0,0,82944754768.0,0.010664645951744182,2026-03-31,64992,True,passed,64992,0,0,4,2025,00118026,0.10715868852433107,0.10715868852433107,185.0,0.07226608930240919,0.16389170440892084,165.0,1.0,0.16389170440892084,0.05313443058915279,0.323655459928052,144.0,1.0,0.080913864982013,0.742427616143267,0.33502885505157287,160.0,1.0,-0.11726009926805049,0.010664645951744182,-0.20386781598552295,234.0,1.0,-0.020386781598552298,0,0.0,1.0,1.0,-0.0,0
241710,2025,4,202504,코스메카코리아,00763473,CFS,CFS,631824856424.0,336235391317.0,295589465107.0,0.879114670080404,0.630800745754133,458557958524.0,0.15302075572306162,0.030585084879812152,1,1,1,,56343841900.0,0.24778255154157391,-0.025864537218825534,1,1,1,,35500805594.0,-0.21343979811986258,-1.2538380387232955,1,1,1,,20227028585.0,-0.04574590608353757,-3.101900342816037,1,1,1,,11161621082.0,-0.3814849202622487,-1.3943987830332585,1,1,1,,631824856424.0,0.032013663880653354,0.017665688471283802,0.1228718002874899,0.08917636165644807,37,20164,20254,0,0,20227028585.0,0.032013663880653354,2026-03-31,20423,True,passed,20423,0,0,4,2025,00763473,0.08825644548770828,0.08825644548770828,186.0,-0.025864537218825534,0.021318235602796252,187.0,1.0,0.021318235602796252,0.030585084879812152,0.18941708143863445,165.0,1.0,0.04735427035965861,0.630800745754133,0.09535909706778757,185.0,1.0,-0.033375683973725645,0.032013663880653354,0.5295962349897906,112.0,1.0,0.052959623498979064,0,0.0,1.0,1.0,-0.0,0
002350,2025,4,202504,넥센타이어,00173874,CFS,CFS,4709514375870.0,2054456537364.0,2655057838506.0,1.292340718929304,0.8295734435326428,2408914356990.0,0.1259678651819025,0.061128652581882825,1,1,1,,123811851221.0,0.03285869483359294,0.011263969972532317,1,1,1,,96344844749.0,-0.2765148893924749,-1.9225939171708504,1,1,1,,192739451431.0,-0.1580810038474445,-0.36734857743728844,1,1,1,,53077208091.0,0.12732227573653754,0.6369613797598789,1,1,1,,4709514375870.0,0.04092554689259119,0.01127020831764526,0.051397365315928485,0.026289727844418766,40,20161,20254,0,0,192739451431.0,0.04092554689259119,2026-03-31,221,True,passed,221,0,0,4,2025,00173874,0.06890296544321152,0.06890296544321152,187.0,0.011263969972532317,0.07526204753514489,180.0,1.0,0.07526204753514489,0.061128652581882825,0.37124581627014297,133.0,1.0,0.09281145406753574,0.8295734435326428,0.5221363076469789,133.0,1.0,-0.1827477076764426,0.04092554689259119,0.8357717151697348,82.0,1.0,0.08357717151697348,0,0.0,1.0,1.0,-0.0,0
018670,2025,4,202504,SK가스,00144164,CFS,CFS,8031885593897.0,3144548995496.0,4887336598401.0,1.5542249796079595,0.937748842848959,5726093255902.0,0.06788586772463989,0.05082007926927368,1,1,1,,269378420000.0,0.10326618472067395,0.11046413499316554,1,1,1,,121155185038.0,0.15966845963784504,0.6122306606011044,1,1,1,,206238158888.0,-0.16863086648088998,-4.052632499877754,1,1,1,,150093411071.0,1.0520983126961765,1.6479674252943928,1,1,1,,8031885593897.0,0.025677427358366426,0.018687194845634747,0.047044015520066186,0.03353862761749075,40,20161,20254,0,0,206238158888.0,0.025677427358366426,2026-03-31,46713,True,passed,46713,0,0,4,2025,00144164,0.0640114122760746,0.0640114122760746,188.0,0.11046413499316554,0.2193894431762107,159.0,1.0,0.2193894431762107,0.05082007926927368,0.30987790857733927,147.0,1.0,0.07746947714433482,0.937748842848959,0.7543955449037512,103.0,1.0,-0.2640384407163129,0.025677427358366426,0.31190932671841975,148.0,1.0,0.031190932671841975,0,0.0,1.0,1.0,-0.0,0
069260,2025,4,202504,티케이지휴켐스,00426086,CFS,CFS,1168210236084.0,908316322259.0,259893913825.0,0.2861270985185413,0.2516354533723691,835951460180.0,-0.06437675643214602,-0.1597139282699107,1,1,1,,39217621768.0,-0.3596356572611632,-0.034284352390798634,1,1,1,,30909959309.0,-0.4800313526851725,-0.043676639528475336,1,1,1,,27261290492.0,-0.24929450003913822,-0.3193205133926178,1,1,1,,4293947129.0,-0.05910946516814197,0.6516371948460069,1,1,1,,1168210236084.0,0.023335945577213534,0.003675662989731965,0.04691375472872016,0.03357068835440341,40,20161,20254,0,0,27261290492.0,0.023335945577213534,2026-03-31,2049,True,passed,2049,0,0,4,2025,00426086,0.04792522234360573,0.04792522234360573,189.0,-0.034284352390798634,0.009085130624964743,188.0,1.0,0.009085130624964743,-0.1597139282699107,-0.943450864382669,324.0,1.0,-0.23586271609566725,0.2516354533723691,-0.7187321118337788,328.0,1.0,0.25155623914182257,0.023335945577213534,0.23146568672485668,160.0,1.0,0.02314656867248567,0,0.0,1.0,1.0,-0.0,0
347850,2025,4,202504,디앤디파마텍,01376715,CFS,CFS,97539472152.0,78979166016.0,18560306136.0,0.23500255918427854,0.2110730422917842,3328110284.0,-0.6495629826612361,,1,1,0,missing_prev_yoy,-27783376845.0,0.5410915860262244,,1,1,0,missing_prev_yoy,-18224688524.0,-0.1466501037609571,,1,1,0,missing_prev_yoy,-5189528305.0,-0.37526909125901453,,1,1,0,missing_prev_yoy,-7046025.0,-0.9501195427709882,,1,1,0,missing_prev_yoy,97539472152.0,-0.05320439192979159,-7.22376781885786e-05,-8.34809380523521,-0.2848423948994101,7,20242,20254,0,0,-5189528305.0,-0.05320439192979159,2026-03-31,70113,True,passed,70113,0,0,4,2025,01376715,0.042223328545252875,0.042223328545252875,190.0,,0.0,190.0,1.0,0.0,,0.0,191.0,1.0,0.0,0.2110730422917842,-0.8058221038136033,346.0,1.0,0.28203773633476115,-0.05320439192979159,-2.3981440778950827,387.0,1.0,-0.23981440778950827,0,0.0,1.0,1.0,-0.0,0
117730,2025,4,202504,티로보틱스,00867098,CFS,CFS,89361141487.0,48823821679.0,40537319808.0,0.8302774836947233,0.6044675857928723,30693246662.0,-0.1768993427161485,0.13401323230788098,1,1,1,,-11780605553.0,0.3793319068614802,-0.2331247404326593,1,1,1,,-45372340306.0,223.60328739978425,224.59890886652374,1,1,1,,4672658143.0,-1.7459694887284836,-1.5183410390554961,1,1,1,,119496356.0,-0.8911185435707847,0.30950193533862014,1,1,1,,89361141487.0,0.052289597751834505,0.0013372295162252822,-0.3838175114783496,-0.13183141303889687,29,20184,20254,0,0,4672658143.0,0.052289597751834505,2026-03-31,29271,True,passed,29271,0,0,4,2025,00867098,0.030506918346103307,0.030506918346103307,191.0,-0.2331247404326593,-0.27980901860121327,253.0,1.0,-0.27980901860121327,0.13401323230788098,0.8051345829516469,102.0,1.0,0.20128364573791171,0.6044675857928723,0.038820182621270787,194.0,1.0,-0.013587063917444775,0.052289597751834505,1.2261935512684963,49.0,1.0,0.12261935512684963,0,0.0,1.0,1.0,-0.0,0
011070,2025,4,202504,LG이노텍,00105961,CFS,CFS,11930883000000.0,5763054000000.0,6167829000000.0,1.070236197682687,0.7276627059284975,16527172000000.0,0.06519050128334558,0.08576989765468035,1,1,1,,461258000000.0,-0.19866646514237862,-0.08779048358082209,1,1,1,,212873000000.0,-0.38167743809454646,-0.171113248701392,1,1,1,,443986000000.0,-0.5821811584110338,-0.5345742228660032,1,1,1,,200580000000.0,0.19411337468893985,0.8173935803607459,1,1,1,,11930883000000.0,0.03721317190018543,0.01681183194906865,0.027909069984870975,0.038660843459784155,40,20161,20254,0,0,443986000000.0,0.03721317190018543,2026-03-31,262,True,passed,262,0,0,4,2025,00105961,0.02548901774952257,0.02548901774952257,192.0,-0.08779048358082209,-0.06865364468496825,223.0,1.0,-0.06865364468496825,0.08576989765468035,0.5179374686652941,120.0,1.0,0.12948436716632353,0.7276627059284975,0.3033276844867247,166.0,1.0,-0.10616468957035365,0.03721317190018543,0.7082298483852094,96.0,1.0,0.07082298483852094,0,0.0,1.0,1.0,-0.0,0
195940,2025,4,202504,HK이노엔,01012066,CFS,OFS,2096931315991.0,1328398567183.0,768532748808.0,0.5785407842148982,0.4565008660054752,802328959429.0,0.20168169039390738,0.11305588695113955,1,1,1,,85002837432.0,0.2881247098930466,-0.2286246306775752,1,1,1,,57142904479.0,0.21368836084056153,-0.22814568821241488,1,1,1,,50951022839.0,0.3140840862417771,0.5048352368983858,1,1,1,,18318897518.0,-0.6732207418402105,-2.7529921666543506,1,1,1,,2096931315991.0,0.024297897814035355,0.008736050331406574,0.10594511943392229,0.04053677713894413,18,20213,20254,0,0,50951022839.0,0.024297897814035355,2026-03-31,212,True,passed,212,0,0,4,2025,01012066,0.020879703000324015,0.020879703000324015,193.0,-0.2286246306775752,-0.2732708329140794,252.0,1.0,-0.2732708329140794,0.11305588695113955,0.6803735324806194,107.0,1.0,0.17009338312015485,0.4565008660054752,-0.27887346763941145,240.0,1.0,0.097605713673794,0.024297897814035355,0.2645143912045455,154.0,1.0,0.026451439120454553,0,0.0,1.0,1.0,-0.0,0
034230,2025,4,202504,파라다이스,00171265,CFS,CFS,4080365472520.0,2212696135949.0,1867669336571.0,0.8440695069817972,0.6119748180150129,861619753996.0,0.07184766988669455,-0.06256473499730042,1,1,1,,116304698690.0,0.16479057690542454,0.038287148661044546,1,1,1,,111350746922.0,0.22321628401406057,-1.2727756985943217,1,1,1,,68269670295.0,0.07886690346718006,-1.3084594392949283,1,1,1,,15894916418.0,0.5008544743711749,-0.9784750959640263,1,1,1,,4080365472520.0,0.01673126359753192,0.003895463905144612,0.13498378855708076,0.028503500353896285,40,20161,20254,0,0,68269670295.0,0.01673126359753192,2026-03-31,91249,True,passed,91249,0,0,4,2025,00171265,0.004472813962415474,0.004472813962415474,194.0,0.038287148661044546,0.11452388107653388,173.0,1.0,0.11452388107653388,-0.06256473499730042,-0.3651125682489505,274.0,1.0,-0.09127814206223762,0.6119748180150129,0.05493867204533374,191.0,1.0,-0.01922853521586681,0.01673126359753192,0.00455610163986022,198.0,1.0,0.00045561016398602204,0,0.0,1.0,1.0,-0.0,0
012450,2025,4,202504,한화에어로스페이스,00126566,CFS,CFS,53953669604000.0,16788184672000.0,37165484932000.0,2.2137881884267134,1.1674503623516992,20216414869000.0,1.348315841962839,1.1814109168257751,1,1,1,,2232890650000.0,0.7796879742793776,-0.3968421667168669,1,1,1,,1489738903000.0,-0.3294166556259165,-1.6192135532746286,1,1,1,,4132909543000.0,0.6427547298724623,-1.4034781233472347,1,1,1,,928940526000.0,2.5653093796330904,1.8876268832672898,1,1,1,,53953669604000.0,0.07660108336159577,0.017217374329087907,0.11044938800815425,0.041385334239331495,40,20161,20254,0,0,4132909543000.0,0.07660108336159577,2026-03-31,31321,True,passed,31321,0,0,4,2025,00126566,0.0018177794901359512,0.0018177794901359512,195.0,-0.3968421667168669,-0.5176732022595076,284.0,1.0,-0.5176732022595076,1.1814109168257751,3.0,1.0,1.0,0.75,1.1674503623516992,1.2475788384585655,65.0,1.0,-0.4366525934604979,0.07660108336159577,2.061435752101415,19.0,1.0,0.20614357521014148,0,0.0,1.0,1.0,-0.0,0
035420,2025,4,202504,NAVER,00266961,CFS,CFS,41084496327318.0,28953013365595.0,12131482961723.0,0.4190058840693555,0.34995654480028476,8896952649474.0,0.10904673018835376,-0.0012331723181531196,1,1,1,,1637491557549.0,0.12620259205906215,-0.18530916630851646,1,1,1,,1084022588790.0,-0.22674678921371105,-1.4561902995968175,1,1,1,,944516558325.0,0.08746057351627812,-0.39913590614283767,1,1,1,,566670502186.0,1.6057055938824991,0.6327419109075343,1,1,1,,41084496327318.0,0.02298961026076812,0.013792806358665474,0.18405083426467497,0.03985667840499228,40,20161,20254,0,0,944516558325.0,0.02298961026076812,2026-03-31,63120,True,passed,63120,0,0,4,2025,00266961,-0.010710582023598494,-0.010710582023598494,196.0,-0.18530916630851646,-0.210338023586622,244.0,1.0,-0.210338023586622,-0.0012331723181531196,0.0,191.0,1.0,0.0,0.34995654480028476,-0.5076306798480621,280.0,1.0,0.17767073794682173,0.02298961026076812,0.2195670361620179,163.0,1.0,0.021956703616201792,0,0.0,1.0,1.0,-0.0,0
253590,2025,4,202504,네오셈,01170865,CFS,CFS,155056271081.0,119203555288.0,35852715793.0,0.30076884625109185,0.26295550984064087,53762153528.0,-0.25368050365621264,-0.14844529654809868,1,1,1,,4536768843.0,-0.24438794127675456,-0.036480958612677084,1,1,1,,4622219610.0,-0.5791187368812794,-1.1720469062030412,1,1,1,,713055018.0,-0.9460320307442488,-1.4645587231188726,1,1,1,,1585771034.0,0.09775144505456956,0.10113786775390488,1,1,1,,155056271081.0,0.004598685451602963,0.010227068037587512,0.08438592104829272,0.029258854294451804,29,20184,20254,0,0,713055018.0,0.004598685451602963,2026-03-31,292,True,passed,292,0,0,4,2025,01170865,-0.011375593305791833,-0.011375593305791833,197.0,-0.036480958612677084,0.005893693050819051,189.0,1.0,0.005893693050819051,-0.14844529654809868,-0.8763676385707617,322.0,1.0,-0.21909190964269043,0.26295550984064087,-0.6944272541892382,319.0,1.0,0.24304953896623335,0.004598685451602963,-0.41226915680153803,271.0,1.0,-0.041226915680153804,0,0.0,1.0,1.0,-0.0,0
226950,2025,4,202504,올릭스,01113718,CFS,CFS,195365962787.0,150078672129.0,45287290658.0,0.30175700527969324,0.26371489447884267,11758203119.0,1.1720777234567707,4.845233372416289,1,1,1,,-21661059842.0,0.008707854962434647,-0.62533815462783,1,1,1,,-7078119065.0,-0.7652532401578398,-1.8923448564799834,1,1,1,,-12158588793.0,0.4911772176543088,-8.350181537953171,1,1,1,,42515611.0,-0.09023305448337582,-3.3644175305492734,1,1,1,,195365962787.0,-0.062234939083304096,0.00021762035921453287,-1.8422083393846158,-0.11087427683406767,32,20174,20254,0,1,-12158588793.0,-0.062234939083304096,2026-03-31,70113,True,passed,70113,1,0,4,2025,01113718,-0.019678714885869503,-0.019678714885869503,198.0,-0.62533815462783,-0.8496538158521336,314.0,1.0,-0.8496538158521336,4.845233372416289,3.0,1.0,1.0,0.75,0.26371489447884267,-0.6927968086538581,317.0,1.0,0.24247888302885032,-0.062234939083304096,-2.7083963677097698,392.0,0.6,-0.1625037820625862,0,0.0,1.0,0.6,-0.0,0
214370,2025,4,202504,케어젠,00549891,CFS,CFS,231273422155.0,212474770623.0,18798651532.0,0.08847474679878573,0.08477740142222534,55720109548.0,-0.10517508351987792,-0.13453247732130658,1,1,1,,10534774804.0,-0.5114575083483535,-0.21839607979629627,1,1,1,,9943440560.0,-0.5176886818108108,-0.20193946485842384,1,1,1,,6724651886.0,1.0929949420309955,1.7323818314649146,1,1,1,,1083094041.0,2.377805894331471,3.331892540879972,1,1,1,,231273422155.0,0.029076630696860284,0.00468317557161457,0.18906593848177622,0.04555116928628128,40,20161,20254,0,0,6724651886.0,0.029076630696860284,2026-03-31,211,True,passed,211,0,0,4,2025,00549891,-0.036981148274887896,-0.036981148274887896,199.0,-0.21839607979629627,-0.25840982538053114,249.0,1.0,-0.25840982538053114,-0.13453247732130658,-0.7935433155374183,320.0,1.0,-0.19838582888435458,0.08477740142222534,-1.0769866144381055,389.0,1.0,0.3769453150533369,0.029076630696860284,0.4286919093666093,123.0,1.0,0.04286919093666093,0,0.0,1.0,1.0,-0.0,0
007340,2025,4,202504,DN오토모티브,00116949,CFS,CFS,5275680667000.0,2449662359000.0,2826018308000.0,1.1536358460247704,0.7671575050292163,2756969914000.0,0.06612157124266105,0.018291720480048568,1,1,1,,409221365000.0,0.04134361459544067,-0.02121458081977523,1,1,1,,246504796000.0,-0.04095056674326669,-0.17058730221629215,1,1,1,,146323697000.0,1.2430059338254074,1.6261714430146053,1,1,1,,49810874000.0,-0.3332187722083769,-1.2817957882717894,1,1,1,,5275680667000.0,0.02773551058828709,0.00944160140540212,0.14843156717886477,0.07756750092167775,40,20161,20254,0,0,146323697000.0,0.02773551058828709,2026-03-31,28202,True,passed,28202,0,0,4,2025,00116949,-0.04044973635481432,-0.04044973635481432,200.0,-0.02121458081977523,0.02807413268724397,184.0,1.0,0.02807413268724397,0.018291720480048568,0.11623352549535867,174.0,1.0,0.02905838137383967,0.7671575050292163,0.3881254478665437,152.0,1.0,-0.13584390675329028,0.02773551058828709,0.38261656337392325,132.0,1.0,0.03826165633739233,0,0.0,1.0,1.0,-0.0,0
475830,2025,4,202504,오름테라퓨틱,01658831,CFS,CFS,169324738276.0,130888052377.0,38436685899.0,0.29366076735781727,0.2574760035622821,7674499.0,-0.9996328978146459,,1,1,0,missing_prev_yoy,-37820426874.0,3.5373513498594837,,1,1,0,missing_prev_yoy,-28348833214.0,3.9387105212804174,,1,1,0,missing_prev_yoy,-11599999062.0,0.028225245763929596,,1,1,0,missing_prev_yoy,,,,0,0,0,missing_ttm_yoy,169324738276.0,-0.06850740878212347,,-4928.064603826257,-0.22336031497271563,5,20244,20254,0,0,-11599999062.0,-0.06850740878212347,2026-03-31,211,True,passed,211,0,0,4,2025,01658831,-0.045222019195043234,-0.045222019195043234,201.0,,0.0,190.0,1.0,0.0,,0.0,191.0,1.0,0.0,0.2574760035622821,-0.7061920912667875,323.0,1.0,0.24716723194337561,-0.06850740878212347,-2.9238925113841883,393.0,1.0,-0.29238925113841885,0,0.0,1.0,1.0,-0.0,0
161890,2025,4,202504,한국콜마,00939331,CFS,CFS,3457768462781.0,1667349364857.0,1790419097924.0,1.0738116052106184,0.7293882692352737,2039404630949.0,0.11713993635999831,0.003512997307452803,1,1,1,,181264501626.0,0.30115196322309656,-0.024243562530944285,1,1,1,,125841451701.0,0.23759387109843133,-17.65253186284846,1,1,1,,68302919636.0,-0.14283879418484946,-0.4707122584318748,1,1,1,,50755022569.0,-0.444751315636033,-1.997096919476578,1,1,1,,3457768462781.0,0.019753468276203088,0.014678548640639447,0.08888108758567045,0.05242239426297888,40,20161,20254,0,0,68302919636.0,0.019753468276203088,2026-03-31,20423,True,passed,20423,0,0,4,2025,00939331,-0.06588580463341737,-0.06588580463341737,202.0,-0.024243562530944285,0.023673341162507976,186.0,1.0,0.023673341162507976,0.003512997307452803,0.028254394730094147,188.0,1.0,0.007063598682523537,0.7293882692352737,0.3070325750626143,165.0,1.0,-0.10746140127191499,0.019753468276203088,0.10838656793466099,181.0,1.0,0.0108386567934661,0,0.0,1.0,1.0,-0.0,0
028260,2025,4,202504,삼성물산,00149655,CFS,CFS,86532745699428.0,57496949405446.0,29035796293982.0,0.5049971623578309,0.4087910127225372,30591290032065.0,-0.03780917521484839,-0.06590599471455838,1,1,1,,2299317999906.0,0.02317104736194131,-0.0785271399169889,1,1,1,,3022056973447.0,0.3662211500641357,0.2700523543724891,1,1,1,,114829585036.0,-0.9202374174128498,-0.9831919852068207,1,1,1,,698557819650.0,0.03614766385079604,0.7590587450542008,1,1,1,,86532745699428.0,0.0013270072977328287,0.008072756896868207,0.07516250532409435,0.026571651937322024,40,20161,20254,0,0,114829585036.0,0.0013270072977328287,2026-03-31,467,True,passed,467,0,0,4,2025,00149655,-0.0704545720072284,-0.0704545720072284,203.0,-0.0785271399169889,-0.055194981618039374,219.0,1.0,-0.055194981618039374,-0.06590599471455838,-0.3850034019936709,277.0,1.0,-0.09625085049841772,0.4087910127225372,-0.38130945773661945,256.0,1.0,0.1334583102078168,0.0013270072977328287,-0.5246705009858809,290.0,1.0,-0.05246705009858809,0,0.0,1.0,1.0,-0.0,0
030000,2025,4,202504,제일기획,00148276,CFS,CFS,3587816549320.0,1588049835355.0,1999766713965.0,1.259259419599992,0.8150370691394679,3357971584765.0,0.026363202440126576,-0.04283826743568642,1,1,1,,241001174155.0,0.07040671369904872,0.018731501287616803,1,1,1,,143711915583.0,,,1,0,0,missing_ttm_yoy,137927886826.0,-0.2655000467660138,-9.209363668364668,1,1,1,,34719405466.0,4.457190024023569,4.515453359725451,1,1,1,,3587816549320.0,0.03844340560058499,0.009677029187175243,0.07176986703771226,0.0671721005915637,40,20161,20254,0,0,137927886826.0,0.03844340560058499,2026-03-31,71310,True,passed,71310,0,0,4,2025,00148276,-0.07258265456236751,-0.07258265456236751,204.0,0.018731501287616803,0.08611158432863078,177.0,1.0,0.08611158432863078,-0.04283826743568642,-0.24767904920461503,255.0,1.0,-0.06191976230115376,0.8150370691394679,0.4909258175505634,138.0,1.0,-0.17182403614269717,0.03844340560058499,0.7504955955285263,89.0,1.0,0.07504955955285264,0,0.0,1.0,1.0,-0.0,0
499790,2025,4,202504,GS피앤엘,01882845,CFS,CFS,2458495051224.0,1258600788881.0,1199894262343.0,0.953355720847597,0.6695487760399094,359720651475.0,8.386902611304208,,1,1,0,missing_prev_yoy,58093327759.0,-1521.739198664779,,1,1,0,missing_prev_yoy,17160237758.0,-16.091881512219345,,1,1,0,missing_prev_yoy,32927158494.0,-8.119475521212841,,1,1,0,missing_prev_yoy,37638212179.0,1.7063819759311754,,1,1,0,missing_prev_yoy,2458495051224.0,0.013393217317076437,0.015309452081370361,0.16149567037865045,0.023629629732253205,5,20244,20254,0,0,32927158494.0,0.013393217317076437,2026-03-31,64992,True,passed,64992,0,0,4,2025,01882845,-0.07350626336821861,-0.07350626336821861,205.0,,0.0,190.0,1.0,0.0,,0.0,191.0,1.0,0.0,0.6695487760399094,0.17855350186088648,178.0,1.0,-0.06249372565131026,0.013393217317076437,-0.11012537716908347,218.0,1.0,-0.011012537716908348,0,0.0,1.0,1.0,-0.0,0
081660,2025,4,202504,미스토홀딩스,00195229,CFS,CFS,5519193378050.0,2594417063998.0,2924776314052.0,1.1273346736106167,0.7548698692146709,3380444788093.0,0.050060610648168025,-0.017187706410305648,1,1,1,,342911971489.0,0.28223515956164036,0.014360049854544643,1,1,1,,246722016495.0,0.5983388445856612,,1,1,0,missing_prev_yoy,80018777086.0,-37.51512116421214,-36.49418414378577,1,1,1,,90891036323.0,0.4951025914940914,0.35926029026389505,1,1,1,,5519193378050.0,0.014498273860857478,0.016468173897380804,0.10143989710964807,0.06213081296494726,40,20161,20254,0,0,80018777086.0,0.014498273860857478,2026-03-31,464,True,passed,464,0,0,4,2025,00195229,-0.07781050357515998,-0.07781050357515998,206.0,0.014360049854544643,0.0797603256377904,178.0,1.0,0.0797603256377904,-0.017187706410305648,-0.09497884389601267,227.0,1.0,-0.02374471097400317,0.7548698692146709,0.36174313784030415,158.0,1.0,-0.12661009824410643,0.014498273860857478,-0.07216019994840768,215.0,1.0,-0.0072160199948407685,0,0.0,1.0,1.0,-0.0,0
065350,2025,4,202504,신성델타테크,00136226,CFS,CFS,932560259261.0,356862272945.0,575697986316.0,1.613221766383602,0.9605838533480553,727064705223.0,0.05666773329717012,-0.051039393979142034,1,1,1,,22614285785.0,0.13281224421574378,0.17924486617498459,1,1,1,,19050476116.0,1.9967845000778608,2.6023618119434726,1,1,1,,-1863642769.0,-1.130349050741128,57.37507381212429,1,1,1,,29090049961.0,2.6295252700955283,2.117555424940952,1,1,1,,932560259261.0,-0.0019984153844136883,0.031193748256066776,0.031103539509683545,0.024249677766582624,40,20161,20254,0,0,-1863642769.0,-0.0019984153844136883,2026-03-31,28519,True,passed,28519,0,0,4,2025,00136226,-0.09989480739208317,-0.09989480739208317,207.0,0.17924486617498459,0.31932060411189983,139.0,1.0,0.31932060411189983,-0.051039393979142034,-0.2965011278214671,265.0,1.0,-0.07412528195536677,0.9605838533480553,0.8034237172496843,95.0,1.0,-0.28119830103738946,-0.0019984153844136883,-0.6389182851122677,298.0,1.0,-0.06389182851122677,0,0.0,1.0,1.0,-0.0,0
140860,2025,4,202504,파크시스템스,00244747,CFS,CFS,349922446098.0,225119915287.0,124802530811.0,0.5543824528002875,0.4410783302887901,159992920658.0,0.19678706068010965,0.007435552699490922,1,1,1,,33556919397.0,0.12674122793109666,-0.2214743166258859,1,1,1,,24799412152.0,-0.3198312943735615,-1.3180276639064687,1,1,1,,9596505189.0,-0.5142917765888676,-0.7709465211608114,1,1,1,,9911958441.0,-0.09623273106047026,-0.5693797963341749,1,1,1,,349922446098.0,0.027424663081808656,0.028326157843055418,0.20974002636486078,0.09589816192471969,40,20161,20254,0,0,9596505189.0,0.027424663081808656,2026-03-31,27219,True,passed,27219,0,0,4,2025,00244747,-0.10359172236572861,-0.10359172236572861,208.0,-0.2214743166258859,-0.26288217940658426,250.0,1.0,-0.26288217940658426,0.007435552699490922,0.051605736367647835,185.0,1.0,0.012901434091911959,0.4410783302887901,-0.3119866006138355,243.0,1.0,0.10919531021484241,0.027424663081808656,0.37193712734101264,135.0,1.0,0.03719371273410126,0,0.0,1.0,1.0,-0.0,0
007310,2025,4,202504,오뚜기,00141529,CFS,CFS,3641076426477.0,2202787081084.0,1438289345393.0,0.6529407030502523,0.5025559458725636,2719007683176.0,0.031885147618094134,-0.003132078236087521,1,1,1,,121913746189.0,-0.2305862796818089,-0.1523067925095335,1,1,1,,40148024802.0,-0.5575071396413946,-0.4064486420055812,1,1,1,,42767652953.0,-0.09161900930271172,0.1823781085254942,1,1,1,,54768408486.0,-0.29108294321125183,-0.7055745115091092,1,1,1,,3641076426477.0,0.01174588169641381,0.015041817877740163,0.044837587971283635,0.03348288580335025,40,20161,20254,0,0,42767652953.0,0.01174588169641381,2026-03-31,108,True,passed,108,0,0,4,2025,00141529,-0.1188906105444081,-0.1188906105444081,209.0,-0.1523067925095335,-0.16238904905990603,240.0,1.0,-0.16238904905990603,-0.003132078236087521,-0.011304365750261353,211.0,1.0,-0.0028260914375653383,0.5025559458725636,-0.17999037786729646,232.0,1.0,0.06299663225355376,0.01174588169641381,-0.16672102300490477,229.0,1.0,-0.016672102300490477,0,0.0,1.0,1.0,-0.0,0
078930,2025,4,202504,GS,00500254,CFS,CFS,35707911000000.0,19194117000000.0,16513794000000.0,0.8603570562792756,0.6207684350435907,18648259000000.0,-0.013320203887712045,0.017060664850507945,1,1,1,,2065493000000.0,-0.1508492358645005,-0.12283244489054812,1,1,1,,630429000000.0,-0.23566760829766853,-0.17429457574313878,1,1,1,,574064000000.0,-0.19021139615125282,-1.0177927136795402,1,1,1,,535085000000.0,0.4675744984298076,0.5301660911795183,1,1,1,,35707911000000.0,0.01607666155547436,0.014985054712385723,0.11076063454502642,0.05784412871422246,40,20161,20254,0,0,574064000000.0,0.01607666155547436,2026-03-31,64992,True,passed,64992,0,0,4,2025,00500254,-0.11996971135332168,-0.11996971135332168,210.0,-0.12283244489054812,-0.11956592513001911,232.0,1.0,-0.11956592513001911,0.017060664850507945,0.1089049354036582,176.0,1.0,0.02722623385091455,0.6207684350435907,0.07381910878690254,189.0,1.0,-0.025836688075415885,0.01607666155547436,-0.017933319988012394,205.0,1.0,-0.0017933319988012394,0,0.0,1.0,1.0,-0.0,0
030530,2025,4,202504,원익홀딩스,00216647,CFS,CFS,1969723238243.0,1301244027671.0,668479210572.0,0.5137231728690131,0.4145722934285447,479595429615.0,-0.039245702623295964,0.07482651775797,1,1,1,,7649511346.0,-0.610742281178914,-0.31702060675818977,1,1,1,,20460170715.0,-1.337416242527309,-2.3918051143680636,1,1,1,,53276838504.0,3.0891220670577058,3.3570665513596074,1,1,1,,24369514539.0,-0.8425443984115009,-13.569669019451638,1,1,1,,1969723238243.0,0.027047880366951008,0.012372050075795263,0.01594992544474563,0.003883546275680532,40,20161,20254,0,0,53276838504.0,0.027047880366951008,2026-03-31,201,True,passed,201,0,0,4,2025,00216647,-0.12349016979238892,-0.12349016979238892,211.0,-0.31702060675818977,-0.40170087952739897,273.0,1.0,-0.40170087952739897,0.07482651775797,0.45279049759732326,123.0,1.0,0.11319762439933082,0.4145722934285447,-0.36889669239781786,251.0,1.0,0.12911384233923626,0.027047880366951008,0.35899242996443,137.0,1.0,0.035899242996443,0,0.0,1.0,1.0,-0.0,0
041190,2025,4,202504,우리기술투자,00231664,CFS,CFS,940958568820.0,776446471366.0,164512097454.0,0.21187822151419447,0.1921714053004214,161050383211.0,-0.13402922743139145,-0.24591712692506262,1,1,1,,,,,0,0,0,missing_ttm_yoy,111508941973.0,-0.23133561702117622,-0.4228794576964401,1,1,1,,-155268533.0,-1.0456898296753658,0.6588837134378165,1,1,1,,0.0,,,1,0,0,missing_ttm_yoy,940958568820.0,-0.00016501101976754726,0.0,,,10,20233,20254,0,0,-155268533.0,-0.00016501101976754726,2026-03-31,6491,True,passed,6491,0,0,4,2025,00231664,-0.1255078861010191,-0.1255078861010191,212.0,,0.0,190.0,1.0,0.0,-0.24591712692506262,-1.4566266237695742,343.0,1.0,-0.36415665594239355,0.1921714053004214,-0.8464050812582371,356.0,1.0,0.29624177844038296,-0.00016501101976754726,-0.575930085990085,294.0,1.0,-0.057593008599008504,0,0.0,1.0,1.0,-0.0,0
489790,2025,4,202504,한화비전,01867758,CFS,CFS,1809393507006.0,866219782825.0,943173724181.0,1.0888388176786155,0.7366083219521555,1368179477507.0,2.867130312557734,,1,1,0,missing_prev_yoy,131110107381.0,-24.646439027038777,,1,1,0,missing_prev_yoy,49369385715.0,2.028471733751839,,1,1,0,missing_prev_yoy,23258184380.0,0.7017215126754937,,1,1,0,missing_prev_yoy,24877073333.0,0.079705373671628,,1,1,0,missing_prev_yoy,1809393507006.0,0.012854132774293677,0.013748846360217157,0.09582814940324903,0.07246080350865614,6,20243,20254,0,0,23258184380.0,0.012854132774293677,2026-03-31,264,True,passed,264,0,0,4,2025,01867758,-0.1257516748266903,-0.1257516748266903,213.0,,0.0,190.0,1.0,0.0,,0.0,191.0,1.0,0.0,0.7366083219521555,0.32253447242167244,162.0,1.0,-0.11288706534758534,0.012854132774293677,-0.12864609479104955,224.0,1.0,-0.012864609479104956,0,0.0,1.0,1.0,-0.0,0
207940,2025,4,202504,삼성바이오로직스,00877059,CFS,CFS,11060741976837.0,7451110647985.0,3609631328852.0,0.48444205157900194,0.39503897881072786,2896750871868.0,-0.13793505951720686,-0.40089353846579345,1,1,1,,1340373130190.0,0.36567366280326774,0.13134619179968143,1,1,1,,1209892339572.0,0.4775550909853086,0.15110940897150105,1,1,1,,422151027238.0,0.08366422876121571,0.6159275766634531,1,1,1,,554841586842.0,-0.03095020735858145,-0.9457739672057475,1,1,1,,11060741976837.0,0.03816661017154665,0.05016314348566569,0.4627160530811013,0.12118293085553937,36,20171,20254,0,0,422151027238.0,0.03816661017154665,2026-03-31,211,True,passed,211,0,0,4,2025,00877059,-0.12718389876822545,-0.12718389876822545,214.0,0.13134619179968143,0.2497288731814524,151.0,1.0,0.2497288731814524,-0.40089353846579345,-2.3792157958677604,362.0,1.0,-0.5948039489669401,0.39503897881072786,-0.41083592056710466,262.0,1.0,0.14379257219848662,0.03816661017154665,0.7409860481877562,91.0,1.0,0.07409860481877562,0,0.0,1.0,1.0,-0.0,0
251970,2025,4,202504,펌텍코리아,00761059,CFS,CFS,455308284703.0,355332818092.0,99975466611.0,0.2813572558477138,0.24791987228207976,274288930001.0,0.08730754205995073,-0.09492668856100717,1,1,1,,41190103766.0,0.1452178211660573,-0.23661362878503645,1,1,1,,21271244917.0,-0.24796823623964648,-0.5811377288001889,1,1,1,,13137600804.0,-0.2780694468125394,-1.3556046165442188,1,1,1,,9398136487.0,-0.11263638768542406,-3.713094434290055,1,1,1,,455308284703.0,0.028854297726143344,0.020641259565769714,0.15017049272039462,0.09046640518054382,27,20192,20254,0,0,13137600804.0,0.028854297726143344,2026-03-31,22232,True,passed,22232,0,0,4,2025,00761059,-0.12786584812981094,-0.12786584812981094,215.0,-0.23661362878503645,-0.2848780060550747,255.0,1.0,-0.2848780060550747,-0.09492668856100717,-0.5577663253529677,296.0,1.0,-0.13944158133824192,0.24791987228207976,-0.7267096930162881,330.0,1.0,0.2543483925557008,0.028854297726143344,0.42105346707804847,124.0,1.0,0.04210534670780485,0,0.0,1.0,1.0,-0.0,0
214320,2025,4,202504,이노션,00565154,CFS,CFS,2781638255062.0,1093334133590.0,1688304121472.0,1.5441794686573955,0.9338081888455283,1654513378757.0,0.028571701795501614,0.020333434471596634,1,1,1,,111472913915.0,0.015540202421846283,0.010176976196198506,1,1,1,,75443822690.0,-0.0961166414520882,-0.23194982381250262,1,1,1,,66958621256.0,-7.188686787402471,-6.041117465115493,1,1,1,,6065147359.0,-0.9853710926541098,19.28523709849121,1,1,1,,2781638255062.0,0.024071649551896012,0.0021804227591286176,0.06737504534339105,0.04007455452273228,40,20161,20254,0,0,66958621256.0,0.024071649551896012,2026-03-31,71310,True,passed,71310,0,0,4,2025,00565154,-0.1296232375380971,-0.1296232375380971,216.0,0.010176976196198506,0.07368276002056814,181.0,1.0,0.07368276002056814,0.020333434471596634,0.1283880411561407,172.0,1.0,0.03209701028903517,0.9338081888455283,0.7459347183302955,104.0,1.0,-0.2610771514156034,0.024071649551896012,0.25674143567902985,156.0,1.0,0.025674143567902985,0,0.0,1.0,1.0,-0.0,0
357780,2025,4,202504,솔브레인,01489648,CFS,CFS,1446750282671.0,1111575813364.0,335174469307.0,0.30153091249138464,0.26354119660444797,682280863228.0,0.06034244837677072,0.08045075319457795,1,1,1,,99256757470.0,-0.22594234645437927,-0.4480255280561958,1,1,1,,56232627614.0,-0.37389273727866124,-0.2504640590603906,1,1,1,,55426812511.0,-0.08541813276317323,0.122073176821198,1,1,1,,23019221253.0,-0.4199919344590086,-0.1281934252312218,1,1,1,,1446750282671.0,0.03831125051427026,0.01591098445165102,0.14547785643642044,0.06860669644159427,22,20203,20254,0,0,55426812511.0,0.03831125051427026,2026-03-31,204,True,passed,204,0,0,4,2025,01489648,-0.15326427101477852,-0.15326427101477852,217.0,-0.4480255280561958,-0.592037237525565,292.0,1.0,-0.592037237525565,0.08045075319457795,0.4862721007881526,121.0,1.0,0.12156802519703815,0.26354119660444797,-0.693169748676035,318.0,1.0,0.24260941203661224,0.03831125051427026,0.7459552927713612,90.0,1.0,0.07459552927713613,0,0.0,1.0,1.0,-0.0,0
047810,2025,4,202504,한국항공우주,00309503,CFS,CFS,10370256890187.0,1897346862036.0,8472910028151.0,4.46566212941102,1.6984852724616335,2994263040577.0,0.09819418843419903,0.1286662972836693,1,1,1,,208998507933.0,0.2709776327881672,0.36810893531837174,1,1,1,,148347056438.0,0.4398795978160339,0.8283882784646492,1,1,1,,-161438013912.0,-0.22864804796485194,1.6313541463978503,1,1,1,,33933491041.0,-0.50074393167605,-0.5976345764712829,1,1,1,,10370256890187.0,-0.015567407405766676,0.0032721938714083388,0.06979964856151236,0.020153648086651328,40,20161,20254,0,0,-161438013912.0,-0.015567407405766676,2026-03-31,31311,True,passed,31311,0,0,4,2025,00309503,-0.159173333700928,-0.159173333700928,218.0,0.36810893531837174,0.593720212319697,109.0,1.0,0.593720212319697,0.1286662972836693,0.7733037752293133,104.0,1.0,0.19332594380732832,1.6984852724616335,2.3877434596050002,39.0,1.0,-0.83571021086175,-0.015567407405766676,-1.1050927896620322,349.0,1.0,-0.11050927896620322,0,0.0,1.0,1.0,-0.0,0
001800,2025,4,202504,오리온홀딩스,00117577,CFS,CFS,6183410426053.0,5155936347634.0,1027474078419.0,0.1992798221588783,0.18172122843200253,2547537318297.0,0.05435995801054316,-0.0595480529670287,1,1,1,,364867043779.0,-0.05024102736955738,-0.33236680847411304,1,1,1,,248005403725.0,-0.3742800847930281,-1.2029179264227472,1,1,1,,183963301668.0,-0.12531281750767442,-0.7205514843943764,1,1,1,,51185913873.0,0.32561058241532836,0.5793013601358905,1,1,1,,6183410426053.0,0.02975110642710929,0.008277942162359912,0.14322343431770002,0.05900741154778921,40,20161,20254,0,0,183963301668.0,0.02975110642710929,2026-03-31,649,True,passed,649,0,0,4,2025,00117577,-0.16150458918835836,-0.16150458918835836,219.0,-0.33236680847411304,-0.4239972949198374,275.0,1.0,-0.4239972949198374,-0.0595480529670287,-0.3471539760404815,271.0,1.0,-0.08678849401012037,0.18172122843200253,-0.8688422538871089,363.0,1.0,0.3040947888604881,0.02975110642710929,0.45186410881111294,119.0,1.0,0.0451864108811113,0,0.0,1.0,1.0,-0.0,0
287840,2025,4,202504,인투셀,01374443,CFS,OFS,41253688514.0,24749293457.0,16504395057.0,0.6668632818013621,0.5109435858890031,876620026.0,-0.5434232176628662,,1,1,0,missing_prev_yoy,-9001114034.0,0.20374044623314802,,1,1,0,missing_prev_yoy,-9467307812.0,0.2922895890102568,,1,1,0,missing_prev_yoy,-1960213517.0,3.704881969757716,,1,1,0,missing_prev_yoy,168519906.0,-0.33366112279159865,,1,1,0,missing_prev_yoy,41253688514.0,-0.04751607886734237,0.004084965782945941,-10.26797673682166,-0.21818931490078394,7,20242,20254,0,0,-1960213517.0,-0.04751607886734237,2026-03-31,70113,True,passed,70113,0,0,4,2025,01374443,-0.16357815471471818,-0.16357815471471818,220.0,,0.0,190.0,1.0,0.0,,0.0,191.0,1.0,0.0,0.5109435858890031,-0.1619815987463971,226.0,1.0,0.056693559561238976,-0.04751607886734237,-2.2027171427595715,381.0,1.0,-0.22027171427595715,0,0.0,1.0,1.0,-0.0,0
030520,2025,4,202504,한글과컴퓨터,00204262,CFS,CFS,728546530735.0,496500543690.0,232045987045.0,0.46736300693737515,0.3834669170422511,242679009228.0,0.038808606609233465,-0.0521765266178853,1,1,1,,24041704683.0,-0.24734425150611283,-0.281524904001095,1,1,1,,12293165932.0,0.45870533890393617,1.7311839194025476,1,1,1,,32029539196.0,0.4060630852635554,-0.5068786385658182,1,1,1,,7719349876.0,1.0815058421503676,1.1518686956483928,1,1,1,,728546530735.0,0.04396361501260152,0.010595548191290228,0.09906792004582693,0.032999545902367186,40,20161,20254,0,0,32029539196.0,0.04396361501260152,2026-03-31,582,True,passed,582,0,0,4,2025,00204262,-0.17944364134695645,-0.17944364134695645,221.0,-0.281524904001095,-0.35012936053077853,265.0,1.0,-0.35012936053077853,-0.0521765266178853,-0.30327058550418184,266.0,1.0,-0.07581764637604546,0.3834669170422511,-0.435681849094491,269.0,1.0,0.15248864718307184,0.04396361501260152,0.9401471837679566,71.0,1.0,0.09401471837679566,0,0.0,1.0,1.0,-0.0,0
180640,2025,4,202504,한진칼,00983040,CFS,CFS,4140658602000.0,3424127992000.0,716530610000.0,0.20925929511807806,0.19000801937165138,212960386000.0,0.01130444084458615,-0.044519302178494646,1,1,1,,29031918000.0,-0.1776125167320577,-0.29191171316644726,1,1,1,,235391328000.0,-0.26076098748434173,-1.1660737397609808,1,1,1,,-524618000.0,-1.0415404566886313,-5.456903002103592,1,1,1,,3649048000.0,2.9676718912248083,3.521733376706142,1,1,1,,4140658602000.0,-0.00012669916803732665,0.0008812723652796334,0.13632543847849712,0.007011425183901215,40,20161,20254,0,0,-524618000.0,-0.00012669916803732665,2026-03-31,64992,True,passed,64992,0,0,4,2025,00983040,-0.1892357860490811,-0.1892357860490811,222.0,-0.29191171316644726,-0.36522030068910993,268.0,1.0,-0.36522030068910993,-0.044519302178494646,-0.25768640733232673,260.0,1.0,-0.06442160183308168,0.19000801937165138,-0.8510500039382903,358.0,1.0,0.2978675013784016,-0.00012669916803732665,-0.5746138490529114,293.0,1.0,-0.05746138490529114,0,0.0,1.0,1.0,-0.0,0
010780,2025,4,202504,아이에스동서,00115977,CFS,CFS,3457985098127.0,1421331007998.0,2036654090129.0,1.4329203251519198,0.8890923156909508,963324355680.0,-0.1414234081778396,0.15197512391362544,1,1,1,,59098604823.0,-0.5930054601703386,-0.13850074521970024,1,1,1,,-59204652830.0,-0.6218667246239572,1.6008478466780627,1,1,1,,-12596760133.0,-0.7762563687806743,-1.04939632070698,1,1,1,,9775807129.0,1.1298269293698766,1.8627416410659103,1,1,1,,3457985098127.0,-0.0036428034753021262,0.00282702407662052,0.06134860441816915,0.01709047411887647,40,20161,20254,0,0,-12596760133.0,-0.0036428034753021262,2026-03-31,2332,True,passed,2332,0,0,4,2025,00115977,-0.21133017442134505,-0.21133017442134505,223.0,-0.13850074521970024,-0.1423303158958313,238.0,1.0,-0.1423303158958313,0.15197512391362544,0.9120634151598043,96.0,1.0,0.22801585378995107,0.8890923156909508,0.6499269877576175,116.0,1.0,-0.2274744457151661,-0.0036428034753021262,-0.6954126660029872,303.0,1.0,-0.06954126660029873,0,0.0,1.0,1.0,-0.0,0
282330,2025,4,202504,BGF리테일,01263022,CFS,CFS,3556166960339.0,1313057157689.0,2243109802650.0,1.708310860281137,0.9963251417709156,6598984678791.0,0.0354312384304063,-0.02890320980281813,1,1,1,,156316399517.0,-0.025977711698181083,0.008205475498240133,1,1,1,,115954729101.0,-0.07496985211769303,-0.07137543722402517,1,1,1,,123550517162.0,-0.4632496261244623,-0.8368966732646019,1,1,1,,63190459189.0,0.11440772783905584,0.05139159626942735,1,1,1,,3556166960339.0,0.034742608696365106,0.017769261087498607,0.02368794702909338,0.04395642872237325,33,20174,20254,0,0,123550517162.0,0.034742608696365106,2026-03-31,47122,True,passed,47122,0,0,4,2025,01263022,-0.216083919037968,-0.216083919037968,224.0,0.008205475498240133,0.07081837707279602,182.0,1.0,0.07081837707279602,-0.02890320980281813,-0.1647223388456997,238.0,1.0,-0.041180584711424925,0.9963251417709156,0.8801624622890636,89.0,1.0,-0.30805686180117225,0.034742608696365106,0.6233515040183315,104.0,1.0,0.062335150401833156,0,0.0,1.0,1.0,-0.0,0
083450,2025,4,202504,GST,00540863,CFS,CFS,386310986387.0,304655503580.0,81655482807.0,0.2680256284474373,0.23746106752011575,266385874438.0,0.047113211219038664,-0.16692953047185122,1,1,1,,42496544188.0,0.06690356154170174,-0.25002159635837895,1,1,1,,32179822057.0,0.022737965406658622,-0.16884637170602024,1,1,1,,18672510368.0,0.36502935541095916,0.2644691529621881,1,1,1,,3040432380.0,0.9722216562981654,1.7432311481460594,1,1,1,,386310986387.0,0.04833543705975316,0.007870426902521857,0.15953002116818646,0.11000604612737486,40,20161,20254,0,1,18672510368.0,0.04833543705975316,2026-03-31,29271,True,passed,29271,1,0,4,2025,00540863,-0.22333129504898036,-0.22333129504898036,225.0,-0.25002159635837895,-0.3043583713022874,258.0,1.0,-0.3043583713022874,-0.16692953047185122,-0.9864060237872249,326.0,1.0,-0.24660150594680622,0.23746106752011575,-0.7491653902633874,336.0,1.0,0.2622078865921856,0.04833543705975316,1.0903449267987937,60.0,0.6,0.06542069560792763,0,0.0,1.0,0.6,-0.0,0
055550,2025,4,202504,신한지주,00382199,CFS,CFS,786013485000000.0,60372324000000.0,725641161000000.0,12.019433954538506,2.3978952727983707,3369616000000.0,57.05678842177809,58.1355055122295,1,1,1,,5068734000000.0,0.10459462692968247,0.060912943528180774,1,1,1,,3632329000000.0,0.12361351319832425,0.1317302912173014,1,1,1,,-4933404000000.0,-10.698290504199038,-9.591328809458558,1,1,1,,179226000000.0,-0.10260017925364395,-0.1529628048840972,1,1,1,,786013485000000.0,-0.0062764877373573304,0.00022801898875818906,1.5042467747066728,0.006448660355998854,10,20233,20254,0,0,-4933404000000.0,-0.0062764877373573304,2026-03-31,64992,True,passed,64992,0,0,4,2025,00382199,-0.23119273870127005,-0.23119273870127005,226.0,0.060912943528180774,0.14739677889712788,167.0,1.0,0.14739677889712788,58.1355055122295,3.0,1.0,1.0,0.75,2.3978952727983707,3.0,1.0,1.0,-1.0499999999999998,-0.0062764877373573304,-0.7858951759839811,318.0,1.0,-0.0785895175983981,0,0.0,1.0,1.0,-0.0,0
044490,2025,4,202504,태웅,00186799,CFS,OFS,809910868576.0,609395715877.0,200515152699.0,0.3290393212076204,0.284456366357092,263217773598.0,-0.1188536649349633,-0.006821322462875701,1,1,1,,4322090607.0,-0.7712501449517007,-0.4258814359171593,1,1,1,,3421065942.0,-0.8474600957403101,-0.7758435414050512,1,1,1,,35430252357.0,0.9921799505539026,1.5389381664554331,1,1,1,,4261217344.0,3.0855008903703753,3.5772944964377116,1,1,1,,809910868576.0,0.04374586603498001,0.0052613411047219925,0.01642020805783778,0.005336501551830238,40,20161,20254,0,0,35430252357.0,0.04374586603498001,2026-03-31,25912,True,passed,25912,0,0,4,2025,00186799,-0.24802201882948863,-0.24802201882948863,227.0,-0.4258814359171593,-0.5598642030535832,288.0,1.0,-0.5598642030535832,-0.006821322462875701,-0.03326678405006805,217.0,1.0,-0.008316696012517012,0.284456366357092,-0.6482635925208775,306.0,1.0,0.22689225738230712,0.04374586603498001,0.932666228543045,72.0,1.0,0.09326662285430451,0,0.0,1.0,1.0,-0.0,0
229640,2025,4,202504,LS에코에너지,01093007,CFS,CFS,491338506590.0,225768642125.0,265569864465.0,1.1762920747778758,0.7776225455275575,727276582701.0,0.12655526432988173,-0.01893095541250589,1,1,1,,52011385401.0,0.6143384271459205,-0.13396542871056205,1,1,1,,37244368864.0,0.38101709689033725,-14.320687713633605,1,1,1,,20538204489.0,0.21896702260058332,0.3099245649011997,1,1,1,,361016986.0,-0.506511429775695,-13.83609152267887,1,1,1,,491338506590.0,0.04180051881449262,0.0007347622487509462,0.0715152758086026,0.1058565219363138,38,20163,20254,0,1,20538204489.0,0.04180051881449262,2026-03-31,64992,True,passed,64992,1,0,4,2025,01093007,-0.2538382794883794,-0.2538382794883794,228.0,-0.13396542871056205,-0.13574097850174474,236.0,1.0,-0.13574097850174474,-0.01893095541250589,-0.10535656936862899,230.0,1.0,-0.026339142342157246,0.7776225455275575,0.41059453362326565,147.0,1.0,-0.14370808676814298,0.04180051881449262,0.8658321353944262,79.0,0.6,0.05194992812366557,0,0.0,1.0,0.6,-0.0,0
028670,2025,4,202504,팬오션,00122737,CFS,CFS,10853668000000.0,5723482000000.0,5130186000000.0,0.8963400251804758,0.6399257259290183,4163433000000.0,0.07182570626174067,-0.12361004542665577,1,1,1,,366753000000.0,0.0689203919488437,-0.05091746123779162,1,1,1,,243475000000.0,0.7746379294007886,1.152542164460188,1,1,1,,121517000000.0,-0.2575487260951915,0.02317762295490322,1,1,1,,83487000000.0,-0.062049207954162466,0.22965591984289013,1,1,1,,10853668000000.0,0.0111959385527547,0.007692053967377664,0.08808908417644766,0.03379069638024675,40,20161,20254,0,0,121517000000.0,0.0111959385527547,2026-03-31,50112,True,passed,50112,0,0,4,2025,00122737,-0.2560056143469521,-0.2560056143469521,229.0,-0.05091746123779162,-0.01508102533891741,214.0,1.0,-0.01508102533891741,-0.12361004542665577,-0.7285210498983904,312.0,1.0,-0.1821302624745976,0.6399257259290183,0.11495099086985978,182.0,1.0,-0.040232846804450925,0.0111959385527547,-0.18561479728986174,232.0,1.0,-0.018561479728986176,0,0.0,1.0,1.0,-0.0,0
307950,2025,4,202504,현대오토에버,00362441,CFS,CFS,3605190886000.0,1874718905000.0,1730471981000.0,0.9230567720764516,0.6539159888315188,3197809045000.0,0.1384223098608488,-0.0727552126281048,1,1,1,,184546781000.0,0.07332919278688332,-0.18937571667418673,1,1,1,,134002954000.0,0.02708578589369548,-0.22936338182272697,1,1,1,,194249302000.0,9.991954426316095,10.735153006489458,1,1,1,,77442721000.0,2.0534884643385265,2.041291925047438,1,1,1,,3605190886000.0,0.05388044853722622,0.021480893369816425,0.05771038182800562,0.0511891843831761,29,20184,20254,0,1,194249302000.0,0.05388044853722622,2026-03-31,582,True,passed,582,1,0,4,2025,00362441,-0.2965858678418295,-0.2965858678418295,230.0,-0.18937571667418673,-0.2162462931275585,245.0,1.0,-0.2162462931275585,-0.0727552126281048,-0.4257774412268487,283.0,1.0,-0.10644436030671217,0.6539159888315188,0.14498894599914933,181.0,1.0,-0.05074613109970226,0.05388044853722622,1.2808486115357245,48.0,0.6,0.07685091669214347,0,0.0,1.0,0.6,-0.0,0
484870,2025,4,202504,엠앤씨솔루션,01519790,CFS,OFS,402948622235.0,194707837792.0,208240784443.0,1.069503861808875,0.7273088982638,315757969012.0,0.11655493687329943,,1,1,0,missing_prev_yoy,44579567383.0,0.2801054086570105,,1,1,0,missing_prev_yoy,36010756687.0,0.3354913611397152,,1,1,0,missing_prev_yoy,-22122849992.0,-0.4449782387646761,,1,1,0,missing_prev_yoy,1104865829.0,-0.8731073831641436,,1,1,0,missing_prev_yoy,402948622235.0,-0.054902408821484776,0.002741952120028943,0.1411827151108443,0.11063337835909302,5,20244,20254,0,0,-22122849992.0,-0.054902408821484776,2026-03-31,292,True,passed,292,0,0,4,2025,01519790,-0.3515469054635655,-0.3515469054635655,231.0,,0.0,190.0,1.0,0.0,,0.0,191.0,1.0,0.0,0.7273088982638,0.3025680376644564,167.0,1.0,-0.10589881318255973,-0.054902408821484776,-2.4564809228100577,388.0,1.0,-0.2456480922810058,0,0.0,1.0,1.0,-0.0,0
086900,2025,4,202504,메디톡스,00580199,CFS,CFS,581756982355.0,454285916603.0,127471065752.0,0.28059656065322586,0.24732603236822714,186273574797.0,0.06582356626102737,-0.009904631482294146,1,1,1,,8105572631.0,-0.4351121524617846,-0.4788324883195515,1,1,1,,8460304164.0,-0.3119055474060928,-0.34311029211471,1,1,1,,15786543617.0,0.007272144192645991,19.638732602756114,1,1,1,,13578006572.0,1.8093324968202622,2.4038531406187937,1,1,1,,581756982355.0,0.027135976182176235,0.023339653813926074,0.043514345176622136,0.01393291851554231,40,20161,20254,0,0,15786543617.0,0.027135976182176235,2026-03-31,211,True,passed,211,0,0,4,2025,00580199,-0.35870546040990375,-0.35870546040990375,232.0,-0.4788324883195515,-0.6367965073256883,297.0,1.0,-0.6367965073256883,-0.009904631482294146,-0.05162201299922016,218.0,1.0,-0.01290550324980504,0.24732603236822714,-0.727984703844219,331.0,1.0,0.2547946463454766,0.027135976182176235,0.36201903820112885,136.0,1.0,0.03620190382011289,0,0.0,1.0,1.0,-0.0,0
103140,2025,4,202504,풍산,00684714,CFS,CFS,4329189509985.0,2298131546597.0,2031057963388.0,0.8837866424119741,0.633283922613829,3874419366998.0,0.13115972122098607,0.0589422060756668,1,1,1,,254844813546.0,0.021775748231880554,-0.2459961151730803,1,1,1,,114586278538.0,-0.3919428733857583,-0.7782503634535306,1,1,1,,-81205326618.0,-2.1858012254735923,-1.3421355111586981,1,1,1,,50286759811.0,-0.26009956073796514,-1.685168152483775,1,1,1,,4329189509985.0,-0.018757628057331537,0.011615744631880122,0.06577625946141714,0.05886663380252046,40,20161,20254,0,0,-81205326618.0,-0.018757628057331537,2026-03-31,242,True,passed,242,0,0,4,2025,00684714,-0.36566362713051404,-0.36566362713051404,233.0,-0.2459961151730803,-0.2985097709565266,256.0,1.0,-0.2985097709565266,0.0589422060756668,0.3582296943200186,138.0,1.0,0.08955742358000465,0.633283922613829,0.10069063055000022,184.0,1.0,-0.035241720692500075,-0.018757628057331537,-1.2146955906149202,351.0,1.0,-0.12146955906149202,0,0.0,1.0,1.0,-0.0,0
067160,2025,4,202504,SOOP,00399694,CFS,CFS,884795265717.0,503173580919.0,381621684798.0,0.7584294948494777,0.5644210782125518,340708405696.0,0.1237762918792582,-0.059900950098159766,1,1,1,,88583303746.0,-0.011773971065446087,-0.32204797433147303,1,1,1,,74351800690.0,-0.051668795247903576,-0.468885267125954,1,1,1,,43479900865.0,-0.266584770256439,-0.6537139409209336,1,1,1,,4871799299.0,0.648630791879963,-0.9617290790808213,1,1,1,,884795265717.0,0.04914119972123241,0.00550613174342892,0.25999741205398735,0.10011728947737521,40,20161,20254,0,0,43479900865.0,0.04914119972123241,2026-03-31,582,True,passed,582,0,0,4,2025,00399694,-0.3680093100268185,-0.3680093100268185,234.0,-0.32204797433147303,-0.40900511531286315,274.0,1.0,-0.40900511531286315,-0.059900950098159766,-0.34925480589458135,272.0,1.0,-0.08731370147364534,0.5644210782125518,-0.047162132805226326,212.0,1.0,0.01650674648182921,0.04914119972123241,1.1180276027786071,59.0,1.0,0.11180276027786072,0,0.0,1.0,1.0,-0.0,0
078160,2025,4,202504,메디포스트,00453929,CFS,CFS,431550932707.0,249906753882.0,181644178825.0,0.7268478182497142,0.5462976761444246,54968364007.0,0.02971071644124157,-0.012434286576467057,1,1,1,,-53920091038.0,0.5872240809213465,-0.1917130252545376,1,1,1,,-68817275313.0,0.5280605166666448,7.264683551957478,1,1,1,,-13820677282.0,-0.30294028637839,-2.272819308633424,1,1,1,,143338283.0,-0.9076545959807032,-1.336504364068458,1,1,1,,431550932707.0,-0.032025599377822456,0.00033214685020115347,-0.9809295221362873,-0.1249449067338915,40,20161,20254,0,0,-13820677282.0,-0.032025599377822456,2026-03-31,211,True,passed,211,0,0,4,2025,00453929,-0.37323933797308634,-0.37323933797308634,235.0,-0.1917130252545376,-0.21964215641493728,246.0,1.0,-0.21964215641493728,-0.012434286576467057,-0.06668128799355418,222.0,1.0,-0.016670321998388544,0.5462976761444246,-0.0860741919928474,220.0,1.0,0.030125967197496585,-0.032025599377822456,-1.6705282675725706,366.0,1.0,-0.16705282675725708,0,0.0,1.0,1.0,-0.0,0
000120,2025,4,202504,CJ대한통운,00113410,CFS,CFS,10339205686286.0,4439637704423.0,5899567981863.0,1.328839958266311,0.8453702716094906,9218044465393.0,0.008434226848732296,-0.026684257285774393,1,1,1,,360173465897.0,-0.07422765026325395,-0.168786197204577,1,1,1,,185316404454.0,-0.11057185457772434,-0.23573005368817346,1,1,1,,220631423447.0,0.013293010643231407,0.14173537078168807,1,1,1,,178753294945.0,1.1044833348473997,0.7413208537160232,1,1,1,,10339205686286.0,0.02133930111668512,0.017288880825932277,0.03907265442786562,0.034835699842468246,40,20161,20254,0,0,220631423447.0,0.02133930111668512,2026-03-31,493,True,passed,493,0,0,4,2025,00113410,-0.4025417164975959,-0.4025417164975959,236.0,-0.168786197204577,-0.18633188907350634,243.0,1.0,-0.18633188907350634,-0.026684257285774393,-0.1515127055520128,237.0,1.0,-0.0378781763880032,0.8453702716094906,0.5560530693450487,130.0,1.0,-0.19461857427076704,0.02133930111668512,0.1628692323468067,174.0,1.0,0.01628692323468067,0,0.0,1.0,1.0,-0.0,0
329180,2025,4,202504,HD현대중공업,01390344,CFS,CFS,26163044535000.0,9341620098000.0,16821424437000.0,1.8006966950627112,1.0298682058959332,13162735054000.0,0.21011297331976841,0.016172165955363083,1,1,1,,1480224711000.0,1.9659157292574823,-0.04543904608374305,1,1,1,,984694102000.0,0.7925975871295345,,1,1,0,missing_prev_yoy,-270971676000.0,-1.1839559556837644,-6.8437287596116425,1,1,1,,120445302000.0,0.05208091903590928,0.9239810998523287,1,1,1,,26163044535000.0,-0.010357039129658768,0.004603642433084289,0.112455709617142,0.05657692892047818,21,20204,20254,0,0,-270971676000.0,-0.010357039129658768,2026-03-31,31113,True,passed,31113,0,0,4,2025,01390344,-0.4070896863102286,-0.4070896863102286,237.0,-0.04543904608374305,-0.007121464906438928,213.0,1.0,-0.007121464906438928,0.016172165955363083,0.10361561781053265,177.0,1.0,0.025903904452633162,1.0298682058959332,0.9521814845267428,84.0,1.0,-0.33326351958435996,-0.010357039129658768,-0.9260860627206289,335.0,1.0,-0.0926086062720629,0,0.0,1.0,1.0,-0.0,0
104830,2025,4,202504,원익머트리얼즈,00623661,CFS,CFS,637777093802.0,525483568866.0,112293524936.0,0.21369559694955031,0.19366991733217562,239634840041.0,0.03568446339550713,0.3039022629450605,1,1,1,,42344273788.0,0.06141947357446709,-0.8714933784311765,1,1,1,,36166995519.0,0.5949521070727781,-0.7891738900299947,1,1,1,,17692388687.0,1.2697062697131862,1.972318097407162,1,1,1,,20917703780.0,0.09810799739847309,-0.9604306590159031,1,1,1,,637777093802.0,0.02774070887608996,0.03279782855684367,0.17670332820033666,0.06639353184601189,40,20161,20254,0,0,17692388687.0,0.02774070887608996,2026-03-31,20121,True,passed,20121,0,0,4,2025,00623661,-0.4197712399418507,-0.4197712399418507,238.0,-0.8714933784311765,-1.207291439971416,333.0,1.0,-1.207291439971416,0.3039022629450605,1.8164999808588318,57.0,1.0,0.45412499521470795,0.19366991733217562,-0.8431876837379597,354.0,1.0,0.29511568930828586,0.02774070887608996,0.3827951550657156,131.0,1.0,0.03827951550657156,0,0.0,1.0,1.0,-0.0,0
280360,2025,4,202504,롯데웰푸드,01258507,CFS,CFS,4574000252553.0,2286729525823.0,2287270726730.0,1.0002366702755565,0.6932655086966735,3059170511993.0,0.03148891082752758,0.03621179842649125,1,1,1,,40256442100.0,-0.5033610687002736,-0.34432999161044786,1,1,1,,21446940178.0,-0.401097495332994,10.696543704703283,1,1,1,,135439596819.0,1.1064348444341516,1.580865622770995,1,1,1,,86826641648.0,0.010720740728022315,0.3269283223741315,1,1,1,,4574000252553.0,0.029610754119089467,0.01898264907168234,0.013159267174608578,0.008801145578759134,33,20174,20254,0,0,135439596819.0,0.029610754119089467,2026-03-31,108,True,passed,108,0,0,4,2025,01258507,-0.4212621379634972,-0.4212621379634972,239.0,-0.34432999161044786,-0.4413785404919433,278.0,1.0,-0.4413785404919433,0.03621179842649125,0.222913437052082,161.0,1.0,0.0557283592630205,0.6932655086966735,0.22947478592266823,172.0,1.0,-0.08031617507293387,0.029610754119089467,0.44704218338359447,121.0,1.0,0.04470421833835945,0,0.0,1.0,1.0,-0.0,0
024110,2025,4,202504,기업은행,00149646,CFS,CFS,500692621000000.0,36856024000000.0,463836597000000.0,12.585095912679023,2.3978952727983707,139033000000.0,1.0089732104152818,0.2741391584750432,1,1,1,,5980019000000.0,0.09364657368749563,0.13803743515014677,1,1,1,,1967708000000.0,0.06317826169412988,0.11093943575803578,1,1,1,,1998407000000.0,-1.9834065489017174,-0.8383945051624817,1,1,1,,96999000000.0,-0.4838447048306248,-1.3263287238117614,1,1,1,,500692621000000.0,0.003991285104239633,0.0001937296375693941,43.011508059237734,0.011943493371355278,10,20233,20254,0,0,1998407000000.0,0.003991285104239633,2026-03-31,64121,True,passed,64121,0,0,4,2025,00149646,-0.42403379274302094,-0.42403379274302094,240.0,0.13803743515014677,0.2594505452926084,149.0,1.0,0.2594505452926084,0.2741391584750432,1.6393174171442997,61.0,1.0,0.4098293542860749,2.3978952727983707,3.0,1.0,1.0,-1.0499999999999998,0.003991285104239633,-0.43313692321704383,275.0,1.0,-0.043313692321704386,0,0.0,1.0,1.0,-0.0,0
000370,2025,4,202504,한화손해보험,00135917,CFS,CFS,20492834690000.0,2707580443000.0,17785254247000.0,6.568689138297192,2.02401988710407,829575512000.0,-0.0537363199790325,5.460538639155049,1,1,1,,365734123000.0,0.1608050385041624,-0.07946089775134535,1,1,1,,256627771000.0,0.11112273829539054,-0.19455051012026692,1,1,1,,-142481814000.0,-1.205841899799479,-1.391563355385668,1,1,1,,11033001000.0,-0.41720420196326025,-0.6027974944023329,1,1,1,,20492834690000.0,-0.006952762570691483,0.0005383833504197364,0.44086899590160517,0.017846926915311978,10,20233,20254,0,0,-142481814000.0,-0.006952762570691483,2026-03-31,65121,True,passed,65121,0,0,4,2025,00135917,-0.437464551959865,-0.437464551959865,241.0,-0.07946089775134535,-0.05655163344212903,220.0,1.0,-0.05655163344212903,5.460538639155049,3.0,1.0,1.0,0.75,2.02401988710407,3.0,1.0,1.0,-1.0499999999999998,-0.006952762570691483,-0.8091291851773615,320.0,1.0,-0.08091291851773616,0,0.0,1.0,1.0,-0.0,0
000270,2025,4,202504,기아,00106641,CFS,CFS,98979055000000.0,61190464000000.0,37788591000000.0,0.6175568631086046,0.48091690171076623,85454882000000.0,0.05592573726003236,-0.033834230512894914,1,1,1,,7615897000000.0,-0.22174466237455492,-0.3410526487624024,1,1,1,,6131714000000.0,-0.1832104894944674,-0.32814067812882197,1,1,1,,424492000000.0,-0.8342506014141873,-8.723132934347221,1,1,1,,1624157000000.0,-0.06886681037448117,-0.45765130944134236,1,1,1,,98979055000000.0,0.004288705322555363,0.01640909786418955,0.08912184794778606,0.07694453134554578,40,20161,20254,0,0,424492000000.0,0.004288705322555363,2026-03-31,30121,True,passed,30121,0,0,4,2025,00106641,-0.4481703201698637,-0.4481703201698637,242.0,-0.3410526487624024,-0.4366169063836389,276.0,1.0,-0.4366169063836389,-0.033834230512894914,-0.1940771694891561,243.0,1.0,-0.048519292372289025,0.48091690171076623,-0.22645073691148634,235.0,1.0,0.07925775791902022,0.004288705322555363,-0.42291879332955984,273.0,1.0,-0.04229187933295599,0,0.0,1.0,1.0,-0.0,0
028050,2025,4,202504,삼성E&A,00126308,CFS,CFS,10039557572475.0,4446187475181.0,5593370097294.0,1.258014901197188,0.814486064995858,7033160016889.0,-0.08057480358136881,-0.019534067717049353,1,1,1,,615531989285.0,-0.1981973597853195,-0.11244889533267255,1,1,1,,490935958999.0,0.021876762376743075,0.13172276231525348,1,1,1,,-260934308467.0,-1.216023108723967,6.359293578826277,1,1,1,,33888391377.0,0.4043980592846692,-0.9996992408293837,1,1,1,,10039557572475.0,-0.025990618270111003,0.003375486532385677,0.08751855322598934,0.061310668806021505,40,20161,20254,0,0,-260934308467.0,-0.025990618270111003,2026-03-31,72129,True,passed,72129,0,0,4,2025,00126308,-0.44944555654988333,-0.44944555654988333,243.0,-0.11244889533267255,-0.10447972083816871,230.0,1.0,-0.10447972083816871,-0.019534067717049353,-0.10894695371292477,231.0,1.0,-0.027236738428231193,0.814486064995858,0.48974277775659003,139.0,1.0,-0.1714099722148065,-0.025990618270111003,-1.4631912506867688,360.0,1.0,-0.1463191250686769,0,0.0,1.0,1.0,-0.0,0
045100,2025,4,202504,한양이엔지,00216762,CFS,CFS,923696416239.0,624227340914.0,299469075325.0,0.4797436057294676,0.391868833396369,866454721272.0,-0.07587882040654259,-0.24092642909418704,1,1,1,,41621017040.0,-0.33595487399028556,-0.26903573662617697,1,1,1,,33820748068.0,-0.41720646257671823,-0.3514879951807025,1,1,1,,38894252060.0,-0.5062655360138557,-0.6247710903285286,1,1,1,,25220086627.0,2.6356429257313914,2.972815371118167,1,1,1,,923696416239.0,0.04210718086183024,0.027303436695887837,0.048035997748270345,0.04505919510813697,40,20161,20254,0,0,38894252060.0,0.04210718086183024,2026-03-31,721,True,passed,721,0,0,4,2025,00216762,-0.4549014237751919,-0.4549014237751919,244.0,-0.26903573662617697,-0.33198391523743753,261.0,1.0,-0.33198391523743753,-0.24092642909418704,-1.426916529606182,341.0,1.0,-0.3567291324015455,0.391868833396369,-0.41764241779831923,263.0,1.0,0.1461748462294117,0.04210718086183024,0.8763677763437954,78.0,1.0,0.08763677763437955,0,0.0,1.0,1.0,-0.0,0
108320,2025,4,202504,LX세미콘,00525934,CFS,CFS,1399843476485.0,1125606564582.0,274236911903.0,0.24363478370867475,0.21803836898553552,1244679534319.0,-0.13908946441061376,-0.11026600808652454,1,1,1,,94825126273.0,-0.2859495754575371,-0.44975219543424705,1,1,1,,72543328870.0,-0.31009969250501246,-0.5147864683362015,1,1,1,,26399555909.0,-1.8873364017598087,-0.39990974998793183,1,1,1,,6789841325.0,-0.06981273439220503,0.4297195820095019,1,1,1,,1399843476485.0,0.018858934125470336,0.004850428950849032,0.07618437007954948,0.0677398065325885,40,20161,20254,0,0,26399555909.0,0.018858934125470336,2026-03-31,2612,True,passed,2612,0,0,4,2025,00525934,-0.4722476895371739,-0.4722476895371739,245.0,-0.44975219543424705,-0.5945459034364047,294.0,1.0,-0.5945459034364047,-0.11026600808652454,-0.6490827389987773,305.0,1.0,-0.16227068474969433,0.21803836898553552,-0.7908671188968903,345.0,1.0,0.2768034916139116,0.018858934125470336,0.07765407035013489,185.0,1.0,0.007765407035013489,0,0.0,1.0,1.0,-0.0,0
017670,2025,4,202504,SK텔레콤,00159023,CFS,CFS,30107783000000.0,12955292000000.0,17152491000000.0,1.3239756386810888,0.8432793564394945,13121149000000.0,-0.021429853665114185,-0.03677072287199368,1,1,1,,1024777000000.0,-0.20568912355655866,-0.2334957138395478,1,1,1,,541815000000.0,-0.5105197399267697,-0.8318985151446282,1,1,1,,1101061000000.0,-0.13362929413977143,-0.1805892615172413,1,1,1,,796383000000.0,-0.15233044916588345,-0.1052667092417332,1,1,1,,30107783000000.0,0.03657064354422908,0.02645106748643698,0.07810116324416407,0.0340369465264181,40,20161,20254,0,1,1101061000000.0,0.03657064354422908,2026-03-31,61220,True,passed,61220,1,0,4,2025,00159023,-0.4851155974836346,-0.4851155974836346,246.0,-0.2334957138395478,-0.2803480039040685,254.0,1.0,-0.2803480039040685,-0.03677072287199368,-0.21155838503363625,246.0,1.0,-0.05288959625840906,0.8432793564394945,0.5515637458424668,131.0,1.0,-0.19304731104486336,0.03657064354422908,0.6861552287284385,100.0,0.6,0.04116931372370631,0,0.0,1.0,0.6,-0.0,0
001440,2025,4,202504,대한전선,00113207,CFS,CFS,3493282185409.0,1632342790538.0,1860939394871.0,1.140042033853476,0.7608254708284644,2781043787980.0,0.1182923751688767,-0.004985000698215281,1,1,1,,99081521122.0,0.12645838476055715,-0.2828179681495251,1,1,1,,48799854783.0,0.005866668492897187,0.19265655876813748,1,1,1,,45732660330.0,-0.4229708450551466,-0.3427445665788659,1,1,1,,29906647988.0,-0.4363106999560966,-0.11837885036107942,1,1,1,,3493282185409.0,0.013091602081566603,0.008561188704684752,0.03562745813289314,0.028363446141239618,40,20161,20254,0,0,45732660330.0,0.013091602081566603,2026-03-31,28302,True,passed,28302,0,0,4,2025,00113207,-0.5007261198785099,-0.5007261198785099,247.0,-0.2828179681495251,-0.35200804660021506,266.0,1.0,-0.35200804660021506,-0.004985000698215281,-0.022334987657823695,215.0,1.0,-0.005583746914455924,0.7608254708284644,0.3745301808923028,156.0,1.0,-0.13108556331230597,0.013091602081566603,-0.12048763051532999,222.0,1.0,-0.012048763051532999,0,0.0,1.0,1.0,-0.0,0
253450,2025,4,202504,스튜디오드래곤,01168684,CFS,CFS,1034472891355.0,800250817230.0,234222074125.0,0.2926858293450293,0.25672209218767444,394175699591.0,-0.14265066549390415,-0.00084032179244653,1,1,1,,19889970104.0,-0.4671929450608471,-0.5645520415206965,1,1,1,,1418586530.0,-0.9641915216062079,-3.2904006699610817,1,1,1,,19422182335.0,-0.49259109763323783,-0.5231336551904694,1,1,1,,954360979.0,53.9064698736179,54.880092752034734,1,1,1,,1034472891355.0,0.018774955339390224,0.0009225577460516478,0.050459655743969,0.019227154495993805,33,20174,20254,0,0,19422182335.0,0.018774955339390224,2026-03-31,59114,True,passed,59114,0,0,4,2025,01168684,-0.5055426587330321,-0.5055426587330321,248.0,-0.5645520415206965,-0.7613379932781271,311.0,1.0,-0.7613379932781271,-0.00084032179244653,0.002338676174436543,190.0,1.0,0.0005846690436091357,0.25672209218767444,-0.7078107853685173,324.0,1.0,0.24773377487898102,0.018774955339390224,0.07476890622504878,186.0,1.0,0.007476890622504878,0,0.0,1.0,1.0,-0.0,0
005290,2025,4,202504,동진쎄미켐,00118804,CFS,CFS,2006130721478.0,1101580532373.0,904550189105.0,0.8211385028350476,0.5994618565214973,894236817420.0,-0.14731875210744416,-0.19723579459314822,1,1,1,,132077006832.0,-0.09757409732852251,-0.19509353365966098,1,1,1,,70913657997.0,-0.35644100686693714,-0.5657278115614724,1,1,1,,44338235225.0,-0.0966934205600406,-0.09707022523540532,1,1,1,,28232777542.0,0.15684194758039016,0.8735111881932383,1,1,1,,2006130721478.0,0.022101368943861333,0.014073249185476677,0.14769801942740501,0.06583669021064259,40,20161,20254,0,0,44338235225.0,0.022101368943861333,2026-03-31,20129,True,passed,20129,0,0,4,2025,00118804,-0.5071795236685867,-0.5071795236685867,249.0,-0.19509353365966098,-0.22455367921605182,247.0,1.0,-0.22455367921605182,-0.19723579459314822,-1.166822068055406,335.0,1.0,-0.2917055170138515,0.5994618565214973,0.028072573924363544,198.0,1.0,-0.00982540087352724,0.022101368943861333,0.189050734348439,170.0,1.0,0.018905073434843902,0,0.0,1.0,1.0,-0.0,0
001500,2025,4,202504,현대차증권,00137997,CFS,CFS,12396389000000.0,1443326000000.0,10953063000000.0,7.588765808971778,2.150455048021828,298000000.0,-0.9998069418026712,-1.2283514504685522,1,1,1,,58176000000.0,0.4493634619696554,0.832757882736531,1,1,1,,45516000000.0,0.7854312948652571,1.2080682875926727,1,1,1,,282945000000.0,-0.2587552002011967,-1.895370257395407,1,1,1,,27505000000.0,3.6041178439906263,1.935363707083876,1,1,1,,12396389000000.0,0.022824791961594624,0.0022187912947875385,195.2214765100671,0.004692979544285034,10,20233,20254,0,0,282945000000.0,0.022824791961594624,2026-03-31,66121,True,passed,66121,0,0,4,2025,00137997,-0.5098033308818266,-0.5098033308818266,250.0,0.832757882736531,1.2688062130820204,73.0,1.0,1.2688062130820204,-1.2283514504685522,-3.0,368.0,1.0,-0.75,2.150455048021828,3.0,1.0,1.0,-1.0499999999999998,0.022824791961594624,0.21390456036152888,164.0,1.0,0.02139045603615289,0,0.0,1.0,1.0,-0.0,0
025320,2025,4,202504,시노펙스,00203023,CFS,CFS,259491410039.0,171717777085.0,87773632954.0,0.5111505310865526,0.41287130181398757,190739056465.0,0.06765031601209182,0.14656718593461615,1,1,1,,5929231530.0,-0.6576772015627237,-0.637303238512305,1,1,1,,991364973.0,-0.9626850249251135,-2.2384806428141855,1,1,1,,4537959670.0,0.49924195680638594,1.1739907090109403,1,1,1,,30761182880.0,-9.420385049981524,-7.993570704717859,1,1,1,,259491410039.0,0.017487899384869703,0.11854412782055783,0.031085566007756752,0.022849432777404356,40,20161,20254,0,0,4537959670.0,0.017487899384869703,2026-03-31,2629,True,passed,2629,0,0,4,2025,00203023,-0.5136232730022923,-0.5136232730022923,251.0,-0.637303238512305,-0.8670378230111698,317.0,1.0,-0.8670378230111698,0.14656718593461615,0.8798694511028855,99.0,1.0,0.21996736277572138,0.41287130181398757,-0.37254882603886846,252.0,1.0,0.13039208911360395,0.017487899384869703,0.030550981195522423,192.0,1.0,0.0030550981195522423,0,0.0,1.0,1.0,-0.0,0
085620,2025,4,202504,미래에셋생명,00112332,CFS,CFS,32920825236135.0,2448095130657.0,30472730105478.0,12.447526946103592,2.3978952727983707,3111542199756.0,-0.08706647131926915,-0.04397850582024876,1,1,1,,132737152774.0,0.15182104105741479,0.4313054566282306,1,1,1,,81020439195.0,-0.38545986897116546,-1.7060087753277038,1,1,1,,-323324320667.0,1.7384614904845708,1.493569433543237,1,1,1,,29213232340.0,3.7709718728678148,2.701836544123247,1,1,1,,32920825236135.0,-0.0098212702247849,0.0008873784946294292,0.042659602297667354,0.004032011707540771,10,20233,20254,0,0,-323324320667.0,-0.0098212702247849,2026-03-31,65110,True,passed,65110,0,0,4,2025,00112332,-0.5188465703567924,-0.5188465703567924,252.0,0.4313054566282306,0.6855381042362132,103.0,1.0,0.6855381042362132,-0.04397850582024876,-0.25446699568466025,258.0,1.0,-0.06361674892116506,2.3978952727983707,3.0,1.0,1.0,-1.0499999999999998,-0.0098212702247849,-0.9076792567184065,331.0,1.0,-0.09076792567184067,0,0.0,1.0,1.0,-0.0,0
006220,2025,4,202504,제주은행,00148832,CFS,CFS,8019927000000.0,647270000000.0,7372657000000.0,11.390388863998023,2.3978952727983707,16829000000.0,0.14180066490263932,0.36947830061842213,1,1,1,,,,,0,0,0,missing_ttm_yoy,9712000000.0,0.3440354276224744,-9.204869681866576,1,1,1,,66451000000.0,-1.818241146628577,-0.1755530179833249,1,1,1,,4528000000.0,1.3995760466348703,1.5556583364380905,1,1,1,,8019927000000.0,0.008285736266676742,0.0005645936677478486,,,10,20233,20254,0,0,66451000000.0,0.008285736266676742,2026-03-31,64121,True,passed,64121,0,0,4,2025,00148832,-0.5268396552990408,-0.5268396552990408,253.0,,0.0,190.0,1.0,0.0,0.36947830061842213,2.2068803084524,50.0,1.0,0.5517200771131,2.3978952727983707,3.0,1.0,1.0,-1.0499999999999998,0.008285736266676742,-0.2855973241214096,249.0,1.0,-0.02855973241214096,0,0.0,1.0,1.0,-0.0,0
267250,2025,4,202504,HD현대,01205709,CFS,CFS,78685890494000.0,30335091114000.0,48350799380000.0,1.5938900331070882,0.9531586922073287,53035085526000.0,0.036520594372086324,-0.03822293259496945,1,1,1,,4397249064000.0,0.7233259543744621,-0.14759223853818004,1,1,1,,2688576503000.0,0.4703882243692843,-8.125315601718812,1,1,1,,231946563000.0,-0.919937232193322,-2.7348382079471607,1,1,1,,786310037000.0,0.49852658677641815,0.6594516414948076,1,1,1,,78685890494000.0,0.002947752914071507,0.009993024569760168,0.08291207641862454,0.05588357755619861,35,20172,20254,0,0,231946563000.0,0.002947752914071507,2026-03-31,64992,True,passed,64992,0,0,4,2025,01205709,-0.5331075216756372,-0.5331075216756372,254.0,-0.14759223853818004,-0.155539298503956,239.0,1.0,-0.155539298503956,-0.03822293259496945,-0.22020352626973352,247.0,1.0,-0.05505088156743338,0.9531586922073287,0.7874814394864105,96.0,1.0,-0.27561850382024367,0.002947752914071507,-0.4689883778400417,282.0,1.0,-0.04689883778400417,0,0.0,1.0,1.0,-0.0,0
008770,2025,4,202504,호텔신라,00165680,CFS,CFS,3541423621707.0,1106221783430.0,2435201838277.0,2.201368545398108,1.1635783888176539,3042615376292.0,0.03796692825070669,-0.10856574167323951,1,1,1,,2072236426.0,-0.8244182963057065,0.03422065253492579,1,1,1,,-23689508821.0,-0.3792970098774857,1.0482365497747708,1,1,1,,-20513045267.0,-1.5242574536004296,-1.1954692251258314,1,1,1,,9327513785.0,-0.620158689701535,-1.4749312188661892,1,1,1,,3541423621707.0,-0.0057923161581874,0.002633831696334608,0.0006810707794836068,0.0005851422047614745,40,20161,20254,0,0,-20513045267.0,-0.0057923161581874,2026-03-31,47859,True,passed,47859,0,0,4,2025,00165680,-0.5617935525602648,-0.5617935525602648,255.0,0.03422065253492579,0.10861569033995522,174.0,1.0,0.10861569033995522,-0.10856574167323951,-0.6389608929256625,303.0,1.0,-0.15974022323141562,1.1635783888176539,1.2392654730780863,66.0,1.0,-0.4337429155773302,-0.0057923161581874,-0.7692610409147415,315.0,1.0,-0.07692610409147416,0,0.0,1.0,1.0,-0.0,0
213420,2025,4,202504,덕산네오룩스,01061558,CFS,CFS,714152331754.0,470459612961.0,243692718793.0,0.5179886053538916,0.41738617259078026,245978412076.0,0.5630366902172486,0.21409701757845778,1,1,1,,43241415936.0,0.08297332645396271,-0.8417712796486183,1,1,1,,39865550138.0,0.13524887420646325,-0.2620943904753954,1,1,1,,42764262377.0,0.897814344426958,0.1456904602371114,1,1,1,,3823469188.0,2.077191135549089,3.139088069774554,1,1,1,,714152331754.0,0.05988114926680763,0.0053538566185303005,0.17579354046175277,0.06054928901484722,40,20161,20254,0,0,42764262377.0,0.05988114926680763,2026-03-31,262,True,passed,262,0,0,4,2025,01061558,-0.5679380532562068,-0.5679380532562068,256.0,-0.8417712796486183,-1.1641083596849509,331.0,1.0,-1.1641083596849509,0.21409701757845778,1.281880898192351,78.0,1.0,0.32047022454808777,0.41738617259078026,-0.36285512072732634,250.0,1.0,0.12699929225456422,0.05988114926680763,1.4870078962609206,36.0,1.0,0.14870078962609207,0,0.0,1.0,1.0,-0.0,0
005380,2025,4,202504,현대자동차,00164742,CFS,CFS,368844849000000.0,127648237000000.0,241196612000000.0,1.8895412711418804,1.0610977598167555,139533024000000.0,0.05464889520382932,-0.03282295154767789,1,1,1,,8930585000000.0,-0.16213124462176032,-0.10495263623768736,1,1,1,,7816592000000.0,-0.2202168024167458,,1,1,0,missing_prev_yoy,-2090410000000.0,-0.468251289237711,-1.2807081527810484,1,1,1,,3848798000000.0,0.12527062439278547,0.07631264182833752,1,1,1,,368844849000000.0,-0.005667450706353771,0.01043473430748656,0.06400337887036692,0.02421230776087102,40,20161,20254,0,0,-2090410000000.0,-0.005667450706353771,2026-03-31,30121,True,passed,30121,0,0,4,2025,00164742,-0.5738314365475711,-0.5738314365475711,257.0,-0.10495263623768736,-0.0935884456050464,226.0,1.0,-0.0935884456050464,-0.03282295154767789,-0.18805693057663828,241.0,1.0,-0.04701423264415957,1.0610977598167555,1.019233258029421,80.0,1.0,-0.3567316403102973,-0.005667450706353771,-0.7649711798806776,313.0,1.0,-0.07649711798806777,0,0.0,1.0,1.0,-0.0,0
034730,2025,4,202504,SK,00181712,CFS,CFS,213519668000000.0,85691335000000.0,127828333000000.0,1.491729974798502,0.9129772382317511,91661972000000.0,-0.025423585007369187,0.008678934095478485,1,1,1,,991076000000.0,-0.46201907053143665,-0.24781144496535434,1,1,1,,875257000000.0,-2.413841563782684,-1.760447605759739,1,1,1,,914665000000.0,-0.21958642555711216,0.47342569521846034,1,1,1,,2379998000000.0,-0.11248547532782127,0.43115730711898315,1,1,1,,213519668000000.0,0.004283750572336034,0.011146504780065507,0.010812291928434619,0.004641614560771985,40,20161,20254,0,0,914665000000.0,0.004283750572336034,2026-03-31,64992,True,passed,64992,0,0,4,2025,00181712,-0.5741275151478329,-0.5741275151478329,258.0,-0.24781144496535434,-0.3011472540205485,257.0,1.0,-0.3011472540205485,0.008678934095478485,0.05900770290772975,182.0,1.0,0.014751925726932437,0.9129772382317511,0.7012093858474264,107.0,1.0,-0.24542328504659924,0.004283750572336034,-0.42308901807617544,274.0,1.0,-0.042308901807617545,0,0.0,1.0,1.0,-0.0,0
281740,2025,4,202504,레이크머티리얼즈,01255652,CFS,CFS,355838236186.0,135845342443.0,219992893743.0,1.619436410455573,0.9629591841202805,105066099224.0,-0.011440372130900212,-0.18023549486180768,1,1,1,,11891197939.0,-0.3470216816842009,-0.06205703438380383,1,1,1,,7332845332.0,-0.594319272713614,-0.4992818772391904,1,1,1,,4786843739.0,-0.006573074707222459,-0.28663944628001337,1,1,1,,1994588879.0,-0.8444544260957954,-0.6536678874527314,1,1,1,,355838236186.0,0.01345230290681261,0.005605324768857638,0.11317825661013711,0.03341742603733107,25,20194,20254,0,0,4786843739.0,0.01345230290681261,2026-03-31,204,True,passed,204,0,0,4,2025,01255652,-0.5914629115486756,-0.5914629115486756,259.0,-0.06205703438380383,-0.03126565230757168,215.0,1.0,-0.03126565230757168,-0.18023549486180768,-1.065617682829101,333.0,1.0,-0.26640442070727527,0.9629591841202805,0.8085236985474317,94.0,1.0,-0.2829832944916011,0.01345230290681261,-0.10809544042227529,217.0,1.0,-0.01080954404222753,0,0.0,1.0,1.0,-0.0,0
036830,2025,4,202504,솔브레인홀딩스,00247975,CFS,CFS,2658817185091.0,1947608602973.0,711208582118.0,0.36517017897351095,0.3112790941065279,415749953316.0,0.040936353399088965,0.22707943155447896,1,1,1,,-2142584327.0,-1.0328142718436981,-0.761172456727682,1,1,1,,423907208653.0,7.561327482884851,7.757273772622909,1,1,1,,-27046504455.0,-2.357080177510881,-1.8483175667876979,1,1,1,,9443979068.0,-0.17823335237003846,0.6238044777629109,1,1,1,,2658817185091.0,-0.010172382142954411,0.003551947505438127,-0.0051535407518650544,-0.0008058411608794639,40,20161,20254,0,0,-27046504455.0,-0.010172382142954411,2026-03-31,715,True,passed,715,0,0,4,2025,00247975,-0.5924536080016861,-0.5924536080016861,260.0,-0.761172456727682,-1.0470067557015925,327.0,1.0,-1.0470067557015925,0.22707943155447896,1.3591664311511873,72.0,1.0,0.3397916077877968,0.3112790941065279,-0.5906735459150557,295.0,1.0,0.20673574107026949,-0.010172382142954411,-0.9197420115815987,333.0,1.0,-0.09197420115815988,0,0.0,1.0,1.0,-0.0,0
090460,2025,4,202504,비에이치,00447609,CFS,CFS,1370500771503.0,790820471433.0,579680300070.0,0.7330112471919131,0.5498605007250537,1230194151136.0,-0.01992941596119857,-0.1249450548204295,1,1,1,,19495114707.0,-0.43440522500294165,-0.4487734139472227,1,1,1,,643213224.0,-0.9848057132562487,-1.1440193478096263,1,1,1,,84871347867.0,-0.2620537779134159,-1.3833925913265603,1,1,1,,35397783228.0,1.0034348685175978,1.0771301986371287,1,1,1,,1370500771503.0,0.06192725289305991,0.025828357023965756,0.01584718533167923,0.014224811187534107,40,20161,20254,0,0,84871347867.0,0.06192725289305991,2026-03-31,2622,True,passed,2622,0,0,4,2025,00447609,-0.5940619963448752,-0.5940619963448752,261.0,-0.4487734139472227,-0.5931238369852332,293.0,1.0,-0.5931238369852332,-0.1249450548204295,-0.7364684865379418,314.0,1.0,-0.18411712163448546,0.5498605007250537,-0.07842458843412245,217.0,1.0,0.027448605951942855,0.06192725289305991,1.5573035632290055,32.0,1.0,0.15573035632290055,0,0.0,1.0,1.0,-0.0,0
010120,2025,4,202504,엘에스일렉트릭,00105855,CFS,CFS,4956680318372.0,2141298852376.0,2815381465996.0,1.3148008102054662,0.8393236407284869,3749503885843.0,0.06199515794470911,-0.03859983401707279,1,1,1,,325615742956.0,0.007271732810908649,-0.2616607832274873,1,1,1,,218364339513.0,0.05431442614525306,-0.18533330787719837,1,1,1,,39847879848.0,-0.6385690446124688,-0.6506220873711386,1,1,1,,46612666252.0,-0.03768181559214123,-1.5112242753837448,1,1,1,,4956680318372.0,0.008039227323235537,0.009404008985455355,0.08684235378057006,0.06569230251729187,40,20161,20254,0,0,39847879848.0,0.008039227323235537,2026-03-31,28121,True,passed,28121,0,0,4,2025,00105855,-0.5963620369861558,-0.5963620369861558,262.0,-0.2616607832274873,-0.32126888440955254,260.0,1.0,-0.32126888440955254,-0.03859983401707279,-0.22244725592848585,248.0,1.0,-0.055611813982121464,0.8393236407284869,0.5430705808562509,132.0,1.0,-0.1900747032996878,0.008039227323235537,-0.29406635294793926,251.0,1.0,-0.029406635294793926,0,0.0,1.0,1.0,-0.0,0
214430,2025,4,202504,아이쓰리시스템,00612489,CFS,OFS,189547523513.0,139728568887.0,49818954626.0,0.35654093520623636,0.3049380297394785,91887360969.0,0.003351922622689907,-0.02043204159982026,1,1,1,,12241436093.0,0.029095971661949882,-0.45127836588826953,1,1,1,,15445348624.0,0.25952235964182613,-0.12326248986866961,1,1,1,,-8048515041.0,-1.623764388373809,-2.106323400476198,1,1,1,,4926543998.0,1.072562831355044,-699.5398816151883,1,1,1,,189547523513.0,-0.042461726177329864,0.0259910755186528,0.13322219687134,0.06458241113427382,40,20161,20254,0,0,-8048515041.0,-0.042461726177329864,2026-03-31,2629,True,passed,2629,0,0,4,2025,00612489,-0.616742613878029,-0.616742613878029,263.0,-0.45127836588826953,-0.5967632684256348,295.0,1.0,-0.5967632684256348,-0.02043204159982026,-0.11429267679965187,232.0,1.0,-0.028573169199912967,0.3049380297394785,-0.604288201211871,302.0,1.0,0.21150087042415483,-0.042461726177329864,-2.0290704667663606,378.0,1.0,-0.20290704667663606,0,0.0,1.0,1.0,-0.0,0
105630,2025,4,202504,한세실업,00728638,CFS,CFS,1535658846708.0,734724634343.0,800934212365.0,1.0901148197939565,0.7372190021681571,1398379266097.0,0.10644744075138135,0.05034470035281413,1,1,1,,46434094550.0,-0.5211589670171906,-0.4225730048980342,1,1,1,,37681756189.0,0.667148907968055,1.354023140071537,1,1,1,,11389189500.0,1.1761529645093072,2.7446161674712233,1,1,1,,23058430422.0,0.15449102336122955,5.072577242403168,1,1,1,,1535658846708.0,0.007416484152333095,0.015015333953521304,0.033205651482234616,0.030237246149781908,40,20161,20254,0,0,11389189500.0,0.007416484152333095,2026-03-31,14199,True,passed,14199,0,0,4,2025,00728638,-0.6231875155095531,-0.6231875155095531,264.0,-0.4225730048980342,-0.5550574011057694,287.0,1.0,-0.5550574011057694,0.05034470035281413,0.3070479331210158,149.0,1.0,0.07676198328025395,0.7372190021681571,0.3238456404143283,161.0,1.0,-0.11334597414501489,0.007416484152333095,-0.3154612353902276,257.0,1.0,-0.03154612353902276,0,0.0,1.0,1.0,-0.0,0
001720,2025,4,202504,신영증권,00136721,CFS,CFS,10379574597460.0,1832693975299.0,8546880622161.0,4.663561258647448,1.7340528919941396,1761279759115.0,-0.1679361177279346,,1,1,0,missing_prev_yoy,99124256154.0,-0.35032489304531056,,1,1,0,missing_prev_yoy,86642283831.0,-0.3789120407804466,,1,1,0,missing_prev_yoy,863113637907.0,12.621904927303524,,1,1,0,missing_prev_yoy,1413349984.0,1.260277261810713,,1,1,0,missing_prev_yoy,10379574597460.0,0.08315501081501102,0.00013616646527554827,0.05627967711603494,0.00954993436612102,10,20232,20254,0,0,863113637907.0,0.08315501081501102,2026-03-31,66121,True,passed,66121,0,0,4,2025,00136721,-0.6337781022624507,-0.6337781022624507,265.0,,0.0,190.0,1.0,0.0,,0.0,191.0,1.0,0.0,1.7340528919941396,2.4641093268527205,38.0,1.0,-0.8624382643984522,0.08315501081501102,2.286601621360015,18.0,1.0,0.22866016213600152,0,0.0,1.0,1.0,-0.0,0
039440,2025,4,202504,에스티아이,00298340,CFS,CFS,366268498846.0,286972864255.0,79295634591.0,0.27631753544662335,0.24397900619491372,257802669755.0,-0.0537549256290466,-0.1321919490215533,1,1,1,,17434729372.0,-0.30031276475195423,-0.4056599263045656,1,1,1,,12915062105.0,-0.505612248999752,-0.6843235364064847,1,1,1,,-12700876497.0,3.7604023693874034,4.496262040377349,1,1,1,,3381421860.0,-0.08229910885987257,-0.4862863729968978,1,1,1,,366268498846.0,-0.03467640962031018,0.009232084852106654,0.0676281955829585,0.04760095238037532,40,20161,20254,0,0,-12700876497.0,-0.03467640962031018,2026-03-31,29271,True,passed,29271,0,0,4,2025,00298340,-0.6442370354336346,-0.6442370354336346,266.0,-0.4056599263045656,-0.5304844785764343,285.0,1.0,-0.5304844785764343,-0.1321919490215533,-0.7796099301604169,318.0,1.0,-0.19490248254010423,0.24397900619491372,-0.7351709749465709,332.0,1.0,0.2573098412312998,-0.03467640962031018,-1.7615991554839587,369.0,1.0,-0.17615991554839588,0,0.0,1.0,1.0,-0.0,0
051900,2025,4,202504,LG생활건강,00356370,CFS,CFS,6869383558281.0,5570301328895.0,1299082229386.0,0.23321579079523574,0.20962522167966213,4775539103137.0,-0.06330596864620497,-0.07114066135187946,1,1,1,,124493526404.0,-0.6472941126930875,-0.6319062254870321,1,1,1,,-109181532549.0,-1.837660992118745,-2.641675764471161,1,1,1,,161813550165.0,-0.12202786307906499,-0.4658881142525495,1,1,1,,19393547568.0,-0.47421519655816935,-0.40867828421712515,1,1,1,,6869383558281.0,0.023555759958975468,0.002823186011300999,0.02606899948159184,0.01812295460688373,40,20161,20254,0,0,161813550165.0,0.023555759958975468,2026-03-31,20422,True,passed,20422,0,0,4,2025,00356370,-0.656210505282269,-0.656210505282269,267.0,-0.6319062254870321,-0.859196531301507,315.0,1.0,-0.859196531301507,-0.07114066135187946,-0.4161658654364819,281.0,1.0,-0.10404146635912047,0.20962522167966213,-0.8089306637374065,347.0,1.0,0.28312573230809224,0.023555759958975468,0.23901760070266184,158.0,1.0,0.023901760070266186,0,0.0,1.0,1.0,-0.0,0
003470,2025,4,202504,유안타증권,00117601,CFS,CFS,20030123636000.0,1905932821000.0,18124190815000.0,9.509354482646794,2.3522657636540694,2746622317000.0,0.3461252016122962,0.3722383303943011,1,1,1,,60278209000.0,-0.2124790684421881,-0.022802768640347693,1,1,1,,65884896000.0,0.26282557270193263,-0.07391680894468222,1,1,1,,-846257533000.0,0.961684133153534,-6.012750479248977,1,1,1,,3134626000.0,-0.6529853902149467,-0.47389392437487843,1,1,1,,20030123636000.0,-0.04224924161122138,0.00015649558919177906,0.021946304239542812,0.003009377779958502,10,20233,20254,0,0,-846257533000.0,-0.04224924161122138,2026-03-31,66121,True,passed,66121,0,0,4,2025,00117601,-0.670582618097901,-0.670582618097901,268.0,-0.022802768640347693,0.025766662993817968,185.0,1.0,0.025766662993817968,0.3722383303943011,2.2233110256214146,49.0,1.0,0.5558277564053536,2.3522657636540694,3.0,1.0,1.0,-1.0499999999999998,-0.04224924161122138,-2.021770374970727,375.0,1.0,-0.20217703749707272,0,0.0,1.0,1.0,-0.0,0
039490,2025,4,202504,키움증권,00296290,CFS,CFS,81173768149523.0,6722405133984.0,74451363015539.0,11.07510802036648,2.3978952727983707,13751851367723.0,0.605499167423122,0.45484412320068945,1,1,1,,1079358609950.0,,,1,0,0,missing_ttm_yoy,792591739681.0,0.27172654147309294,-1.3617285382762725,1,1,1,,-5748925339777.0,7.005934489900724,7.465460518967227,1,1,1,,400603532847.0,30.122743402276626,30.087589985346575,1,1,1,,81173768149523.0,-0.07082245250937981,0.004935135351965967,0.0784882399531575,0.013296889309879137,10,20233,20254,0,0,-5748925339777.0,-0.07082245250937981,2026-03-31,66121,True,passed,66121,0,0,4,2025,00296290,-0.6712322276946615,-0.6712322276946615,269.0,,0.0,190.0,1.0,0.0,0.45484412320068945,2.7150710892213534,38.0,1.0,0.6787677723053384,2.3978952727983707,3.0,1.0,1.0,-1.0499999999999998,-0.07082245250937981,-3.0,395.0,1.0,-0.30000000000000004,0,0.0,1.0,1.0,-0.0,0
001120,2025,4,202504,LX인터내셔널,00120076,CFS,CFS,9328302981413.0,3535707599884.0,5792595381529.0,1.6383129028314005,0.9701396609196843,12198563792518.0,0.01004148684274564,-0.10256231939372373,1,1,1,,227402520008.0,-0.32019580358597266,-0.22558136511134663,1,1,1,,111086535256.0,-0.2531658926598318,-0.28339438730830546,1,1,1,,242603288440.0,,,1,0,0,missing_ttm_yoy,61896160332.0,0.2162547477166652,-0.8480334468761734,1,1,1,,9328302981413.0,0.026007226493757366,0.006635307671216347,0.018641745362472716,0.024377694470377752,40,20161,20254,0,0,242603288440.0,0.026007226493757366,2026-03-31,4610,True,passed,4610,0,0,4,2025,00120076,-0.6757100092893662,-0.6757100092893662,270.0,-0.22558136511134663,-0.2688492884517952,251.0,1.0,-0.2688492884517952,-0.10256231939372373,-0.6032219547508126,300.0,1.0,-0.15080548868770316,0.9701396609196843,0.8239406239769634,93.0,1.0,-0.2883792183919372,0.026007226493757366,0.32323986242069386,144.0,1.0,0.032323986242069384,0,0.0,1.0,1.0,-0.0,0
073240,2025,4,202504,금호타이어,00481454,CFS,CFS,5539548526344.0,2238707317451.0,3300841208893.0,1.474440711013242,0.9060143951361925,3587536383773.0,0.04985215918769592,-0.06546287047120702,1,1,1,,467352209224.0,0.04233895248633579,-0.3820645244549883,1,1,1,,285225200818.0,0.09949135969693335,-0.7743762436697561,1,1,1,,331097333532.0,0.3061209943133465,0.4237270000729103,1,1,1,,80777701330.0,0.2013670879197742,-0.35435582693316814,1,1,1,,5539548526344.0,0.05976973248946663,0.014582000851847722,0.13027107162951954,0.08436647986770934,40,20161,20254,0,0,331097333532.0,0.05976973248946663,2026-03-31,221,True,passed,221,0,0,4,2025,00481454,-0.6836671033721204,-0.6836671033721204,271.0,-0.3820645244549883,-0.496202843893905,283.0,1.0,-0.496202843893905,-0.06546287047120702,-0.38236544164379715,276.0,1.0,-0.09559136041094929,0.9060143951361925,0.6862597333688235,112.0,1.0,-0.2401909066790882,0.05976973248946663,1.4831800761182203,37.0,1.0,0.14831800761182204,0,0.0,1.0,1.0,-0.0,0
112040,2025,4,202504,위메이드,00444329,CFS,CFS,1745649917765.0,812655850470.0,932994067295.0,1.1480801704133456,0.7645744992338023,450391207075.0,-0.09471010005894132,-0.4403916567530187,1,1,1,,-15630073466.0,-0.6505383062762571,0.06241178888797805,1,1,1,,-84400609583.0,-1.5791208328795034,0.016707992412365202,1,1,1,,-5361189841.0,-1.7363688800244368,-0.6035814587851975,1,1,1,,2343377809.0,11.291258768311371,12.321451137896124,1,1,1,,1745649917765.0,-0.0030711712505701416,0.0013424099443720573,-0.03470332728631012,-0.00895372738080931,40,20161,20254,0,0,-5361189841.0,-0.0030711712505701416,2026-03-31,5821,True,passed,5821,0,0,4,2025,00444329,-0.7054937358768326,-0.7054937358768326,272.0,0.06241178888797805,0.1495744434013285,166.0,1.0,0.1495744434013285,-0.4403916567530187,-2.6143518135866257,366.0,1.0,-0.6535879533966564,0.7645744992338023,0.38257957551789223,153.0,1.0,-0.13390285143126227,-0.0030711712505701416,-0.6757737445024246,301.0,1.0,-0.06757737445024246,0,0.0,1.0,1.0,-0.0,0
115180,2025,4,202504,큐리언트,01042650,CFS,CFS,61994415890.0,39191678309.0,22802737581.0,0.5818260040107435,0.4585798784741491,5294693381.0,-0.23481961193103562,-0.25675850786717,1,1,1,,-22752158588.0,0.059983165927042004,-0.12760675389185439,1,1,1,,-24645677465.0,0.2723483691440316,0.1633201410310483,1,1,1,,-10759952282.0,1.002685422843344,0.7456300689702167,1,1,1,,87083977.0,3.7639935234966906,4.523239704334097,1,1,1,,61994415890.0,-0.17356324964964517,0.0014047067909231977,-4.297162640172156,-0.36700335443712173,40,20161,20254,0,0,-10759952282.0,-0.17356324964964517,2026-03-31,70113,True,passed,70113,0,0,4,2025,01042650,-0.710750694828066,-0.710750694828066,273.0,-0.12760675389185439,-0.1265024934532759,233.0,1.0,-0.1265024934532759,-0.25675850786717,-1.5211663854555078,344.0,1.0,-0.38029159636387694,0.4585798784741491,-0.2744096999688197,239.0,1.0,0.09604339498908689,-0.17356324964964517,-3.0,395.0,1.0,-0.30000000000000004,0,0.0,1.0,1.0,-0.0,0
004990,2025,4,202504,롯데지주,00120562,CFS,CFS,23071072297336.0,9421639933465.0,13649432363871.0,1.4487321167294007,0.8955703872297934,11385319356059.0,-0.019684394477728295,-0.060673748431905095,1,1,1,,54371516743.0,-0.6632630905309649,-0.3037063550080814,1,1,1,,-579344019179.0,-0.37335241042840484,65.66462799452107,1,1,1,,239460036399.0,-0.15961140963705123,-0.22054062837872668,1,1,1,,340350878793.0,-0.12342091433632829,-0.4483636788368006,1,1,1,,23071072297336.0,0.010379233063503957,0.01475227828193751,0.004775581171033621,0.0023566965610557354,34,20161,20254,0,0,239460036399.0,0.010379233063503957,2026-03-31,64992,True,passed,64992,0,0,4,2025,00120562,-0.7245303847125545,-0.7245303847125545,274.0,-0.3037063550080814,-0.3823566735046219,272.0,1.0,-0.3823566735046219,-0.060673748431905095,-0.3538553471501232,273.0,1.0,-0.0884638367875308,0.8955703872297934,0.6638358058809212,114.0,1.0,-0.2323425320583224,0.010379233063503957,-0.2136734236207935,237.0,1.0,-0.02136734236207935,0,0.0,1.0,1.0,-0.0,0
204320,2025,4,202504,HL만도,01042775,CFS,CFS,7136602919112.0,2875816804068.0,4260786115044.0,1.4815916330333996,0.9089001418328253,7133534660707.0,0.06846092383451574,0.004304439931374526,1,1,1,,262968606259.0,-0.048125830011373605,-0.4450623107131513,1,1,1,,73584884708.0,-0.6452109047656975,-1.1780484825072595,1,1,1,,317805876549.0,0.6871564762437852,3.3861499378742606,1,1,1,,140414299137.0,0.16211393053686463,0.3837958635981341,1,1,1,,7136602919112.0,0.044531814387193655,0.01967522933929349,0.03686371746498773,0.03684786855028231,40,20161,20254,0,0,317805876549.0,0.044531814387193655,2026-03-31,303,True,passed,303,0,0,4,2025,01042775,-0.725883159401466,-0.725883159401466,275.0,-0.4450623107131513,-0.5877319947038155,291.0,1.0,-0.5877319947038155,0.004304439931374526,0.03296592720079698,187.0,1.0,0.008241481800199246,0.9089001418328253,0.6924556090569393,110.0,1.0,-0.24235946316992873,0.044531814387193655,0.9596681667207908,69.0,1.0,0.09596681667207908,0,0.0,1.0,1.0,-0.0,0
383310,2025,4,202504,에코프로에이치엔,01566248,CFS,CFS,458920378557.0,304707967175.0,154212411382.0,0.5060990456263084,0.40952289456327096,112660342810.0,-0.36843643096207346,-0.4588864984346509,1,1,1,,9376055367.0,-0.4941368326262372,-0.1052480113170643,1,1,1,,10722684654.0,-0.35856064804233045,-0.06044335557348046,1,1,1,,-3563625836.0,-1.1481032339729345,1.8622648513584406,1,1,1,,8272457290.0,-0.5381710090384111,-1.7335327178246969,1,1,1,,458920378557.0,-0.00776523772425456,0.018025909670891904,0.08322409761181518,0.02043067992857818,19,20212,20254,0,0,-3563625836.0,-0.00776523772425456,2026-03-31,204,True,passed,204,0,0,4,2025,01566248,-0.7259268570688718,-0.7259268570688718,276.0,-0.1052480113170643,-0.09401759449727874,227.0,1.0,-0.09401759449727874,-0.4588864984346509,-2.7244533477846833,367.0,1.0,-0.6811133369461708,0.40952289456327096,-0.37973806239936864,255.0,1.0,0.13290832183977902,-0.00776523772425456,-0.8370424746520131,323.0,1.0,-0.08370424746520132,0,0.0,1.0,1.0,-0.0,0
066570,2025,4,202504,LG전자,00401731,CFS,CFS,68620167000000.0,28552025000000.0,40068142000000.0,1.4033380119273502,0.8768586093372623,67327108000000.0,0.027082332979597945,-0.004930220858126999,1,1,1,,1789474000000.0,-0.32923106910388544,-0.374435726342092,1,1,1,,759338000000.0,0.5152485078751863,0.7620633373857139,1,1,1,,610150000000.0,-0.642944085915793,-0.7552886502989945,1,1,1,,1197347000000.0,0.10179189437641645,0.029595302588328654,1,1,1,,68620167000000.0,0.008891700890206227,0.01744890827794109,0.026578803889809138,0.026077960433993113,40,20161,20254,0,0,610150000000.0,0.008891700890206227,2026-03-31,264,True,passed,264,0,0,4,2025,00401731,-0.7353802749347562,-0.7353802749347562,277.0,-0.374435726342092,-0.4851190034219207,281.0,1.0,-0.4851190034219207,-0.004930220858126999,-0.022008878111136738,214.0,1.0,-0.0055022195277841844,0.8768586093372623,0.6236604676015652,120.0,1.0,-0.2182811636605478,0.008891700890206227,-0.2647788832450345,247.0,1.0,-0.026477888324503453,0,0.0,1.0,1.0,-0.0,0
006650,2025,4,202504,대한유화,00260383,CFS,CFS,2700325545731.0,2081469764215.0,618855781516.0,0.29731672885932775,0.26029807664722177,2437903246992.0,0.15140556935116423,-0.0032508680908487353,1,1,1,,9819592852.0,-1.3137906016122283,-0.6996933619602632,1,1,1,,13543664868.0,0.15191864730397153,1.4053980128315837,1,1,1,,25506610014.0,-0.6391303472587493,-1.6492361225343688,1,1,1,,34553173647.0,1.3015173002164135,0.45552664669718945,1,1,1,,2700325545731.0,0.00944575369970629,0.012795928884065782,0.004027884561914373,0.003636447785906405,40,20161,20254,0,0,25506610014.0,0.00944575369970629,2026-03-31,20111,True,passed,20111,0,0,4,2025,00260383,-0.740214854393277,-0.740214854393277,278.0,-0.6996933619602632,-0.9576841037346796,322.0,1.0,-0.9576841037346796,-0.0032508680908487353,-0.012011532942147254,212.0,1.0,-0.0030028832355368136,0.26029807664722177,-0.7001329267401623,321.0,1.0,0.24504652435905677,0.00944575369970629,-0.24574391782117375,244.0,1.0,-0.024574391782117375,0,0.0,1.0,1.0,-0.0,0
001040,2025,4,202504,CJ,00148540,CFS,CFS,46966393292000.0,17017052447000.0,29949340845000.0,1.7599605418316662,1.0152163831890615,33590329247000.0,0.024048427117743687,-0.04323427304042737,1,1,1,,1862072986000.0,-0.005640667779079789,-0.34172032037837485,1,1,1,,-159572562000.0,-1.3574692484102904,-3.0175609310260585,1,1,1,,1684420158000.0,0.11888389720277437,0.0812731764081771,1,1,1,,738192857000.0,-0.147173567219129,-0.4174660268888877,1,1,1,,46966393292000.0,0.035864371094616605,0.015717469561916303,0.055434794113139105,0.03964692316105898,40,20161,20254,0,0,1684420158000.0,0.035864371094616605,2026-03-31,64992,True,passed,64992,0,0,4,2025,00148540,-0.7561601193040526,-0.7561601193040526,279.0,-0.34172032037837485,-0.43758696294688715,277.0,1.0,-0.43758696294688715,-0.04323427304042737,-0.2500365078616583,257.0,1.0,-0.06250912696541458,1.0152163831890615,0.9207231197984674,85.0,1.0,-0.3222530919294636,0.035864371094616605,0.6618906253771268,101.0,1.0,0.06618906253771269,0,0.0,1.0,1.0,-0.0,0
017960,2025,4,202504,한국카본,00159795,CFS,CFS,1043222615767.0,580170310439.0,463052305328.0,0.7981316813292638,0.5867481710369048,687678097440.0,0.20408685186868403,-0.09756780952369248,1,1,1,,101088023494.0,1.6769648102827395,-0.5093348319139239,1,1,1,,86081076492.0,9.690187999960873,11.340137150799327,1,1,1,,36365699822.0,0.40048722543247117,0.8069779802372181,1,1,1,,-211550684.0,-1.0215109526825863,7.699469328316766,1,1,1,,1043222615767.0,0.03485900254881183,-0.00020278575330200577,0.14699904485880466,0.09689976230018545,40,20161,20254,0,0,36365699822.0,0.03485900254881183,2026-03-31,2512,True,passed,2512,0,0,4,2025,00159795,-0.7620218895429738,-0.7620218895429738,280.0,-0.5093348319139239,-0.6811132011768674,305.0,1.0,-0.6811132011768674,-0.09756780952369248,-0.5734891671593454,298.0,1.0,-0.14337229178983635,0.5867481710369048,0.0007755090460592925,200.0,1.0,-0.00027142816612075234,0.03485900254881183,0.6273503158985068,102.0,1.0,0.06273503158985068,0,0.0,1.0,1.0,-0.0,0
440110,2025,4,202504,파두,01292291,CFS,CFS,122427167093.0,19794311089.0,102632856004.0,5.184967314221642,1.8221217211452232,66774902100.0,0.9987773362778334,0.4905276702724861,1,1,1,,-54043755470.0,-0.16216632465060687,-0.6366114891098738,1,1,1,,-65335663372.0,0.07387437326356228,-0.3592251297751696,1,1,1,,18020195503.0,-35.2556940120708,-34.278511369488676,1,1,1,,-1329758605.0,-0.9012390516305996,2.992047632341319,1,1,1,,122427167093.0,0.14719114989658483,-0.010861630115069708,-0.8093423392679149,-0.4414359717148928,10,20233,20254,0,0,18020195503.0,0.14719114989658483,2026-03-31,26112,True,passed,26112,0,0,4,2025,01292291,-0.7627776149951304,-0.7627776149951304,281.0,-0.6366114891098738,-0.8660327839591891,316.0,1.0,-0.8660327839591891,0.4905276702724861,2.927498605274938,37.0,1.0,0.7318746513187345,1.8221217211452232,2.65319852101336,35.0,1.0,-0.928619482354676,0.14719114989658483,3.0,1.0,1.0,0.30000000000000004,0,0.0,1.0,1.0,-0.0,0
033500,2025,4,202504,동성화인텍,00231105,CFS,CFS,501560927287.0,258895742264.0,242665185023.0,0.9373085200279213,0.6612996489888338,541079708378.0,0.17405690311616584,0.04200212277722826,1,1,1,,49048546911.0,0.15219537249918136,-0.5362055650524493,1,1,1,,35395339702.0,0.15518092873254297,-0.46768360085461147,1,1,1,,-610255346.0,-1.012453736321238,-1.8098829013248672,1,1,1,,2230426559.0,0.02839803391965634,1.2338066239533048,1,1,1,,501560927287.0,-0.001216712293162349,0.00444697032335559,0.090649392596949,0.09779180203750949,40,20161,20254,0,0,-610255346.0,-0.001216712293162349,2026-03-31,201,True,passed,201,0,0,4,2025,00231105,-0.7733085627521945,-0.7733085627521945,282.0,-0.5362055650524493,-0.7201535473841162,308.0,1.0,-0.7201535473841162,0.04200212277722826,0.257383783189387,154.0,1.0,0.06434594579734675,0.6612996489888338,0.16084211859790787,180.0,1.0,-0.05629474150926775,-0.001216712293162349,-0.612062196561574,297.0,1.0,-0.061206219656157405,0,0.0,1.0,1.0,-0.0,0
005070,2025,4,202504,코스모신소재,00129989,CFS,OFS,721100349936.0,496843668444.0,224256681492.0,0.4513626634195024,0.37250288300263346,351043583726.0,-0.22057962134986953,-0.16806142456614326,1,1,1,,2243582962.0,-0.8785277621546217,-0.6407436108866432,1,1,1,,2079700669.0,-0.7922812915565316,-0.34813991793566723,1,1,1,,46401720007.0,-1.9540477972318078,-1.6495476964242832,1,1,1,,13063440211.0,-0.4553985904017388,-0.1327104482198429,1,1,1,,721100349936.0,0.06434849187234246,0.01811598096181679,0.006391180656790421,0.0031113325103768502,40,20161,20254,0,0,46401720007.0,0.06434849187234246,2026-03-31,204,True,passed,204,0,0,4,2025,00129989,-0.7955458560956938,-0.7955458560956938,283.0,-0.6407436108866432,-0.8720363218568694,318.0,1.0,-0.8720363218568694,-0.16806142456614326,-0.9931442959215055,328.0,1.0,-0.2482860739803764,0.37250288300263346,-0.45922230468229663,272.0,1.0,0.16072780663880382,0.06434849187234246,1.6404873310274828,29.0,1.0,0.16404873310274828,0,0.0,1.0,1.0,-0.0,0
005300,2025,4,202504,롯데칠성음료,00120571,CFS,CFS,4284698593709.0,1600295935394.0,2684402658315.0,1.6774414025203959,0.9848616379538394,2891973970360.0,-0.02280434545840604,-0.258841441427781,1,1,1,,75353184622.0,-0.29050918840138185,-0.13065254644180535,1,1,1,,-10780717533.0,-1.6942441381427285,-0.8515348775110185,1,1,1,,52529892025.0,0.152597866718176,0.532342472539989,1,1,1,,37158862429.0,-0.6202108311029564,-0.8055062737564584,1,1,1,,4284698593709.0,0.012259880333736171,0.008672456560552107,0.02605596917340852,0.017586577672613228,40,20161,20254,0,0,52529892025.0,0.012259880333736171,2026-03-31,11209,True,passed,11209,0,0,4,2025,00120571,-0.82866786100166,-0.82866786100166,284.0,-0.13065254644180535,-0.13092770935685918,235.0,1.0,-0.13092770935685918,-0.258841441427781,-1.5335662850925857,345.0,1.0,-0.38339157127314644,0.9848616379538394,0.8555496143617936,91.0,1.0,-0.29944236502662774,0.012259880333736171,-0.14906215345026605,226.0,1.0,-0.014906215345026605,0,0.0,1.0,1.0,-0.0,0
259960,2025,4,202504,크래프톤,00760971,CFS,CFS,9433648042482.0,7184144206229.0,2249503836253.0,0.31312064063282186,0.27240647276988217,2455930172134.0,0.23382622801914765,-0.12924725887073496,1,1,1,,705772563232.0,-0.17748586450557957,-0.6600139677183,1,1,1,,364254027874.0,-0.6916320388964083,-2.779746339503202,1,1,1,,206099305550.0,0.6388253376245803,1.0619390534098356,1,1,1,,28834719060.0,4.139516064565958,3.6590161266962578,1,1,1,,9433648042482.0,0.02184725406564724,0.0030565820274564286,0.2873748493503551,0.07481438358244184,19,20212,20254,0,0,206099305550.0,0.02184725406564724,2026-03-31,5821,True,passed,5821,0,0,4,2025,00760971,-0.8365746505029332,-0.8365746505029332,285.0,-0.6600139677183,-0.900034121483947,320.0,1.0,-0.900034121483947,-0.12924725887073496,-0.7620799123898406,316.0,1.0,-0.19051997809746016,0.27240647276988217,-0.6741354553591827,312.0,1.0,0.23594740937571393,0.02184725406564724,0.18032039702760047,171.0,1.0,0.018032039702760048,0,0.0,1.0,1.0,-0.0,0
298020,2025,4,202504,효성티앤씨,01316227,CFS,CFS,5739089251365.0,1956911565949.0,3782177685416.0,1.9327279531826167,1.0759330319200164,5685042234882.0,-0.026497784776277733,-0.07732003515385388,1,1,1,,195444350050.0,-0.03779398007994239,-0.2851677970824952,1,1,1,,22534247152.0,,,1,0,0,missing_ttm_yoy,95111283720.0,-0.609897109925277,-2.2638817025485456,1,1,1,,64924683505.0,-0.28529799430294556,-1.4781245287831668,1,1,1,,5739089251365.0,0.016572539571044043,0.011312715425981246,0.03437869798940143,0.03405494173200303,31,20182,20254,0,0,95111283720.0,0.016572539571044043,2026-03-31,2050,True,passed,2050,0,0,4,2025,01316227,-0.8366297905173905,-0.8366297905173905,286.0,-0.2851677970824952,-0.3554221006417638,267.0,1.0,-0.3554221006417638,-0.07732003515385388,-0.4529522595939596,287.0,1.0,-0.1132380648984899,1.0759330319200164,1.0510854998975068,75.0,1.0,-0.36787992496412736,0.016572539571044043,-0.0008970001300936315,201.0,1.0,-8.970001300936316e-05,0,0.0,1.0,1.0,-0.0,0
003490,2025,4,202504,대한항공,00113526,CFS,CFS,50406072098945.0,11459098427293.0,38946973671652.0,3.3987816684503778,1.4813276090481178,19198652947001.0,0.45494590073865027,0.342605490269313,1,1,1,,956045476948.0,-0.33816506248338074,-0.4965383268800174,1,1,1,,925399288299.0,-0.1310203986373849,-0.632419971965536,1,1,1,,442184586672.0,-0.7365575995688547,-1.5398442777028105,1,1,1,,1237187634487.0,0.17535264756521518,0.2577004345848045,1,1,1,,50406072098945.0,0.008772446815614005,0.024544416634139886,0.04979752900306179,0.01896687119502831,40,20161,20254,0,0,442184586672.0,0.008772446815614005,2026-03-31,511,True,passed,511,0,0,4,2025,00113526,-0.8502052470907676,-0.8502052470907676,287.0,-0.4965383268800174,-0.6625212266225797,301.0,1.0,-0.6625212266225797,0.342605490269313,2.0469039378198914,55.0,1.0,0.5117259844549729,1.4813276090481178,1.9214925967687715,48.0,1.0,-0.67252240886907,0.008772446815614005,-0.26887596054090773,248.0,1.0,-0.026887596054090773,0,0.0,1.0,1.0,-0.0,0
138930,2025,4,202504,BNK금융지주,00858364,CFS,CFS,161095407271012.0,11241835322588.0,149853571948424.0,13.329991736075883,2.3978952727983707,174683367774.0,2.257730755640442,2.4100101604186848,1,1,1,,522282259927.0,-0.17671069235068892,-0.36543319298545907,1,1,1,,536622150151.0,0.00951085131220708,-0.1297989678858884,1,1,1,,-1271427188157.0,7.613830996286223,9.095080208520846,1,1,1,,59110261188.0,-0.05244919925119973,0.12922728201003675,1,1,1,,161095407271012.0,-0.007892386317494879,0.0003669270414926129,2.9898797268593587,0.003242067969376437,10,20233,20254,0,0,-1271427188157.0,-0.007892386317494879,2026-03-31,64992,True,passed,64992,0,0,4,2025,00858364,-0.8561803477715333,-0.8561803477715333,288.0,-0.36543319298545907,-0.4720392702723494,280.0,1.0,-0.4720392702723494,2.4100101604186848,3.0,1.0,1.0,0.75,2.3978952727983707,3.0,1.0,1.0,-1.0499999999999998,-0.007892386317494879,-0.8414107749918414,324.0,1.0,-0.08414107749918415,0,0.0,1.0,1.0,-0.0,0
005940,2025,4,202504,NH투자증권,00120182,CFS,CFS,83385398000000.0,9438104000000.0,73947294000000.0,7.834973422628104,2.1787180975756355,74313000000.0,0.02536046912728529,-0.12467126682955376,1,1,1,,1029235000000.0,0.44377844113141696,0.269997335872852,1,1,1,,748418000000.0,0.40506291091094093,0.22739764449484534,1,1,1,,-500259000000.0,-0.5851296213365179,-0.757537178368659,1,1,1,,6826000000.0,-0.6228312520720521,-0.7386142360424591,1,1,1,,83385398000000.0,-0.005999359744016572,8.186085530226767e-05,13.849999327170213,0.012343108322154918,10,20233,20254,0,0,-500259000000.0,-0.005999359744016572,2026-03-31,66121,True,passed,66121,0,0,4,2025,00120182,-0.8601726826708098,-0.8601726826708098,289.0,0.269997335872852,0.4511743878513504,120.0,1.0,0.4511743878513504,-0.12467126682955376,-0.7348386008455242,313.0,1.0,-0.18370965021138105,2.1787180975756355,3.0,1.0,1.0,-1.0499999999999998,-0.005999359744016572,-0.7763742031077941,316.0,1.0,-0.07763742031077941,0,0.0,1.0,1.0,-0.0,0
003690,2025,4,202504,코리안리,00113191,CFS,CFS,14259770701794.0,3683421777221.0,10576348924573.0,2.87133800152326,1.3536001841162013,836834755654.0,-0.1903658256120382,-1.1877185314274432,1,1,1,,317051598812.0,0.09986398353901049,0.19580717180990603,1,1,1,,241190181490.0,0.127974833301852,0.2770484760277263,1,1,1,,617298819601.0,0.5172030976078867,1.002944150721089,1,1,1,,3576168261.0,0.9636178580078238,3.5985876802262027,1,1,1,,14259770701794.0,0.043289533366994364,0.0002507872206213027,0.37887001784984303,0.022233989973773717,10,20233,20254,0,0,617298819601.0,0.043289533366994364,2026-03-31,65200,True,passed,65200,0,0,4,2025,00113191,-0.8914561423803783,-0.8914561423803783,290.0,0.19580717180990603,0.3433838904630473,136.0,1.0,0.3433838904630473,-1.1877185314274432,-3.0,368.0,1.0,-0.75,1.3536001841162013,1.6472539576793752,51.0,1.0,-0.5765388851877813,0.043289533366994364,0.9169885234435567,74.0,1.0,0.09169885234435568,0,0.0,1.0,1.0,-0.0,0
011790,2025,4,202504,SKC,00139889,CFS,CFS,6740499643049.0,2025734428681.0,4714765214368.0,2.3274350021477823,1.2022017375569884,1334018240115.0,0.05935892085776828,-0.17501188877615803,1,1,1,,-252254060714.0,0.17398256954978764,-0.07790156072077448,1,1,1,,-620393465557.0,0.529822311768041,-0.0239543766028929,1,1,1,,-128894378875.0,0.6204611202029393,9.576765526838411,1,1,1,,59880128647.0,-0.4448654070524739,0.24849214241188988,1,1,1,,6740499643049.0,-0.01912237752403409,0.00888363353134365,-0.18909341201530666,-0.03742364425078366,40,20161,20254,0,0,-128894378875.0,-0.01912237752403409,2026-03-31,204,True,passed,204,0,0,4,2025,00139889,-0.8984062970343811,-0.8984062970343811,291.0,-0.07790156072077448,-0.05428608090906512,218.0,1.0,-0.05428608090906512,-0.17501188877615803,-1.0345210638919673,332.0,1.0,-0.2586302659729918,1.2022017375569884,1.3221921789205957,61.0,1.0,-0.46276726262220846,-0.01912237752403409,-1.227226875301157,353.0,1.0,-0.12272268753011571,0,0.0,1.0,1.0,-0.0,0
038500,2025,4,202504,삼표시멘트,00239639,CFS,CFS,1446731199428.0,786264967445.0,660466231983.0,0.8400046540661883,0.6097681010014934,520605851394.0,-0.15830423657712578,-0.11992730411887309,1,1,1,,63714455496.0,-0.1908600875174773,-0.49961207885692493,1,1,1,,36204598129.0,-0.335847202140265,-1.8137238419062636,1,1,1,,6976696006.0,-0.8357364631638046,-0.6509690625052296,1,1,1,,15432899298.0,-0.22428169585313362,-1.3161696294466183,1,1,1,,1446731199428.0,0.004822385809304731,0.010667426889045987,0.12238520816735927,0.04404028579821258,40,20161,20254,0,0,6976696006.0,0.004822385809304731,2026-03-31,239,True,passed,239,0,0,4,2025,00239639,-0.9016650245275941,-0.9016650245275941,292.0,-0.49961207885692493,-0.6669870646298666,303.0,1.0,-0.6669870646298666,-0.11992730411887309,-0.7065973440878062,311.0,1.0,-0.17664933602195154,0.6097681010014934,0.05020071486060558,193.0,1.0,-0.017570250201211952,0.004822385809304731,-0.40458373674564,270.0,1.0,-0.04045837367456401,0,0.0,1.0,1.0,-0.0,0
084370,2025,4,202504,유진테크,00531014,CFS,CFS,580613743719.0,491392923336.0,89220820383.0,0.18156716579736626,0.16684166393202077,287981565195.0,0.10496167443058146,-0.046995940855982576,1,1,1,,46489542887.0,0.023443386230831198,-0.9007453311223828,1,1,1,,35881906858.0,-0.3455007223687442,-1.6652743721804328,1,1,1,,23871395460.0,1.9874357954495188,2.522139824320356,1,1,1,,6893032308.0,0.6901638718985026,1.2536558506404785,1,1,1,,580613743719.0,0.041114072338516765,0.01187197578866825,0.16143235715633633,0.08006965627306882,40,20161,20254,0,0,23871395460.0,0.041114072338516765,2026-03-31,29271,True,passed,29271,0,0,4,2025,00531014,-0.9183977400891186,-0.9183977400891186,293.0,-0.9007453311223828,-1.2497914474857414,334.0,1.0,-1.2497914474857414,-0.046995940855982576,-0.272430070605556,262.0,1.0,-0.068107517651389,0.16684166393202077,-0.9007895942558118,364.0,1.0,0.31527635798953413,0.041114072338516765,0.8422486705847779,81.0,1.0,0.0842248670584778,0,0.0,1.0,1.0,-0.0,0
010060,2025,4,202504,OCI홀딩스,00148896,CFS,CFS,7870870449000.0,4731526377000.0,3139344072000.0,0.6634949954544024,0.508920808028468,2534949930000.0,-0.05005975703075005,-0.41195149038812306,1,1,1,,-4286136000.0,-1.0529046652633263,-0.25521100319284185,1,1,1,,-72840167000.0,-1.54995097602975,-0.7722111138950827,1,1,1,,-18341754000.0,-0.736462663972904,1.461008631720723,1,1,1,,97912894000.0,-0.13375185568560832,-3.548548460661672,1,1,1,,7870870449000.0,-0.002330333616700594,0.012439906695763225,-0.0016908168280862258,-0.0005445567968336408,40,20161,20254,0,0,-18341754000.0,-0.002330333616700594,2026-03-31,64992,True,passed,64992,0,0,4,2025,00148896,-0.9299777822066277,-0.9299777822066277,294.0,-0.25521100319284185,-0.31189803307419595,259.0,1.0,-0.31189803307419595,-0.41195149038812306,-2.4450448249935404,363.0,1.0,-0.6112612062483851,0.508920808028468,-0.1663246272537753,230.0,1.0,0.05821361953882136,-0.002330333616700594,-0.65032162422868,299.0,1.0,-0.06503216242286801,0,0.0,1.0,1.0,-0.0,0
029780,2025,4,202504,삼성카드,00126292,CFS,CFS,32174782000000.0,8863284000000.0,23311498000000.0,2.6301197163489287,1.2892656274433894,161181000000.0,-0.9539475333003085,-1.1275389841128303,1,1,1,,834208000000.0,0.2609289782190183,0.19932723749688974,1,1,1,,484233000000.0,-0.023512788566059206,-0.07864433880355459,1,1,1,,213514000000.0,-1.2031337259213002,-4.5755435396117345,1,1,1,,8826000000.0,-0.08001175375565794,0.36907541679551525,1,1,1,,32174782000000.0,0.006636066718338604,0.00027431421291370365,5.175597620066881,0.02592738623683604,10,20233,20254,0,0,213514000000.0,0.006636066718338604,2026-03-31,64913,True,passed,64913,0,0,4,2025,00126292,-0.9639224374350199,-0.9639224374350199,295.0,0.19932723749688974,0.3484981753016352,135.0,1.0,0.3484981753016352,-1.1275389841128303,-3.0,368.0,1.0,-0.75,1.2892656274433894,1.5091237066563392,56.0,1.0,-0.5281932973297186,0.006636066718338604,-0.34227315406936504,264.0,1.0,-0.03422731540693651,0,0.0,1.0,1.0,-0.0,0
372320,2025,4,202504,큐로셀,01492651,CFS,CFS,109720314339.0,5025125717.0,104695188622.0,20.834342167364326,2.3978952727983707,0.0,,,1,0,0,missing_ttm_yoy,-27100219291.0,0.019307305475509073,0.16524019707289384,1,1,1,,-36075950934.0,0.29633901578175115,0.3553672739807927,1,1,1,,-6473652171.0,-0.134276419498094,0.5697398619650982,1,1,1,,569420233.0,8.770936864505206,9.773628583303102,1,1,1,,109720314339.0,-0.05900140015091941,0.005189742997278308,,-0.2469936351737852,9,20234,20254,0,0,-6473652171.0,-0.05900140015091941,2026-03-31,70113,True,passed,70113,0,0,4,2025,01492651,-1.010757238593861,-1.010757238593861,296.0,0.16524019707289384,0.2989732943662013,141.0,1.0,0.2989732943662013,,0.0,191.0,1.0,0.0,2.3978952727983707,3.0,1.0,1.0,-1.0499999999999998,-0.05900140015091941,-2.5973053296006245,391.0,1.0,-0.2597305329600625,0,0.0,1.0,1.0,-0.0,0
097950,2025,4,202504,CJ제일제당,00635134,CFS,CFS,29744790534000.0,11551202624000.0,18193587910000.0,1.5750384182681618,0.9458644537201927,19903088994000.0,-0.0930386254600315,-0.1099421974209871,1,1,1,,887101499000.0,-0.21966687192592227,-0.48900395619144166,1,1,1,,-536148464000.0,-4.583709784915971,-4.038858873825488,1,1,1,,1036390491000.0,0.31233675588344867,0.5193190740356391,1,1,1,,559183603000.0,0.1416670364466941,-0.23720439798862913,1,1,1,,29744790534000.0,0.034842756408566614,0.018799379419425433,0.04457104619626764,0.029823760163514755,40,20161,20254,0,0,1036390491000.0,0.034842756408566614,2026-03-31,108,True,passed,108,0,0,4,2025,00635134,-1.0208212198458217,-1.0208212198458217,297.0,-0.48900395619144166,-0.6515745792564898,299.0,1.0,-0.6515745792564898,-0.1099421974209871,-0.6471550636134416,304.0,1.0,-0.1617887659033604,0.9458644537201927,0.7718202607147258,100.0,1.0,-0.270137091250154,0.034842756408566614,0.6267921656418229,103.0,1.0,0.0626792165641823,0,0.0,1.0,1.0,-0.0,0
475150,2025,4,202504,SK이터닉스,01817081,CFS,CFS,1317071998323.0,273040531600.0,1044031466723.0,3.823723388630408,1.5735461171155072,339213205851.0,0.9737737012952228,,1,1,0,missing_prev_yoy,51827917222.0,1.2331539166505032,,1,1,0,missing_prev_yoy,35773903485.0,1.289411934955638,,1,1,0,missing_prev_yoy,-106685853318.0,-4.740416968474825,,1,1,0,missing_prev_yoy,-35638418.0,-1.0070105326224015,,1,1,0,missing_prev_yoy,1317071998323.0,-0.08100229406884427,-2.7058822938592306e-05,0.15278861886280898,0.03935086106757368,8,20241,20254,0,0,-106685853318.0,-0.08100229406884427,2026-03-31,411,True,passed,411,0,0,4,2025,01817081,-1.0418219923974903,-1.0418219923974903,298.0,,0.0,190.0,1.0,0.0,,0.0,191.0,1.0,0.0,1.5735461171155072,2.1194914068499724,42.0,1.0,-0.7418219923974902,-0.08100229406884427,-3.0,395.0,1.0,-0.30000000000000004,0,0.0,1.0,1.0,-0.0,0
006800,2025,4,202504,미래에셋증권,00111722,CFS,CFS,150283930000000.0,13478203000000.0,136805727000000.0,10.150145905949035,2.3978952727983707,22610597000000.0,0.3463920545433974,0.28261682740628924,1,1,1,,1692308000000.0,1.0705748137484123,-0.27817944798962024,1,1,1,,1239143000000.0,0.9502600219497204,-0.48428499458788066,1,1,1,,-1129811000000.0,-0.6003218789457101,-1.5037635312272466,1,1,1,,9498000000.0,-0.36749305051469006,-0.5778163199150388,1,1,1,,150283930000000.0,-0.007517843058802096,6.320037012606737e-05,0.07484579022836062,0.011260738257244138,10,20233,20254,0,0,-1129811000000.0,-0.007517843058802096,2026-03-31,66121,True,passed,66121,0,0,4,2025,00111722,-1.055676622115413,-1.055676622115413,299.0,-0.27817944798962024,-0.3452687651671991,264.0,1.0,-0.3452687651671991,0.28261682740628924,1.689785778637785,59.0,1.0,0.42244644465944625,2.3978952727983707,3.0,1.0,1.0,-1.0499999999999998,-0.007517843058802096,-0.828543016076603,322.0,1.0,-0.0828543016076603,0,0.0,1.0,1.0,-0.0,0
022100,2025,4,202504,포스코DX,00155212,CFS,CFS,834391536739.0,572559763845.0,261831772894.0,0.4573003368865465,0.37658563972920645,830451826757.0,-0.28082918088520936,-0.30151021193265504,1,1,1,,38729324411.0,-0.5316664490992036,-0.5867073464063641,1,1,1,,35119861366.0,-0.47524630285495784,-0.4916394481131543,1,1,1,,13274154483.0,0.4199578266864692,1.8899567000907327,1,1,1,,2961912928.0,0.6623666900081522,1.2210267083124458,1,1,1,,834391536739.0,0.015908783704684425,0.003549787836506418,0.04663644917519419,0.04641624789527874,40,20161,20254,0,1,13274154483.0,0.015908783704684425,2026-03-31,72129,True,passed,72129,1,0,4,2025,00155212,-1.084184015575083,-1.084184015575083,300.0,-0.5867073464063641,-0.7935273186904477,312.0,1.0,-0.7935273186904477,-0.30151021193265504,-1.7875774940448153,354.0,1.0,-0.4468943735112038,0.37658563972920645,-0.45045637482012907,271.0,1.0,0.15765973118704515,0.015908783704684425,-0.02370090934127623,207.0,0.6,-0.0014220545604765736,0,0.0,1.0,0.6,-0.0,0
000240,2025,4,202504,한국앤컴퍼니,00160047,CFS,CFS,5259624597652.0,4781079225610.0,478545372042.0,0.10009149596991758,0.09539335449968452,1072835378023.0,0.06263522241935116,-0.2115372857137121,1,1,1,,274551441518.0,-0.022921945825825296,-0.8044892476557409,1,1,1,,217495292623.0,-0.05449156955357903,-1.4501464301042928,1,1,1,,-5124314842.0,-1.1385053648889514,-3.1891005276711546,1,1,1,,5067332367.0,-0.3083890214827918,-1.0713390959287143,1,1,1,,5259624597652.0,-0.0009742738757985874,0.0009634399324358922,0.25591199464724773,0.052199817006058795,40,20161,20254,0,0,-5124314842.0,-0.0009742738757985874,2026-03-31,64992,True,passed,64992,0,0,4,2025,00160047,-1.1143371131359254,-1.1143371131359254,301.0,-0.8044892476557409,-1.1099414923796125,330.0,1.0,-1.1099414923796125,-0.2115372857137121,-1.2519601914737746,337.0,1.0,-0.31299004786844364,0.09539335449968452,-1.0541935100899114,384.0,1.0,0.368967728531469,-0.0009742738757985874,-0.6037330141933827,296.0,1.0,-0.06037330141933827,0,0.0,1.0,1.0,-0.0,0
006260,2025,4,202504,LS,00105952,CFS,CFS,24994792000000.0,7679588000000.0,17315204000000.0,2.254704809685103,1.1801015832793174,23797258000000.0,0.16315875241444355,0.05527465524439057,1,1,1,,795426000000.0,-0.13148403932979924,-0.4914526181448523,1,1,1,,380543000000.0,0.1904245002658993,0.5594524515756296,1,1,1,,-322172000000.0,-1.3472290930411268,-3.680144541375454,1,1,1,,415239000000.0,0.4819326126601975,-0.009053392767355284,1,1,1,,24994792000000.0,-0.012889565154212926,0.01661302082449816,0.03342511141409653,0.031823669506831666,40,20161,20254,0,0,-322172000000.0,-0.012889565154212926,2026-03-31,64992,True,passed,64992,0,0,4,2025,00105952,-1.1185020677515907,-1.1185020677515907,302.0,-0.4914526181448523,-0.6551322272712591,300.0,1.0,-0.6551322272712591,0.05527465524439057,0.336396418846571,140.0,1.0,0.08409910471164275,1.1801015832793174,1.2747417880902412,64.0,1.0,-0.44615962583158436,-0.012889565154212926,-1.0130931936038998,342.0,1.0,-0.10130931936038999,0,0.0,1.0,1.0,-0.0,0
002380,2025,4,202504,케이씨씨,00105271,CFS,CFS,16803559405446.0,7824485732406.0,8979073673040.0,1.1475608723845123,0.7643327201716371,4860986955367.0,-0.03255368786384594,-0.09354479015496397,1,1,1,,310351562363.0,-0.10248463448545919,-0.6454952260771015,1,1,1,,1212157811404.0,2.611889119993442,-0.5178539266587943,1,1,1,,377876142277.0,1.7168554975672805,2.2912311323559185,1,1,1,,114486520557.0,0.6769839627708849,0.6940126450578186,1,1,1,,16803559405446.0,0.022487863027075745,0.006813230327849178,0.06384538062179777,0.018469394184568756,40,20161,20254,0,0,377876142277.0,0.022487863027075745,2026-03-31,20411,True,passed,20411,0,0,4,2025,00105271,-1.1298131108913807,-1.1298131108913807,303.0,-0.6454952260771015,-0.8789399184622464,319.0,1.0,-0.8789399184622464,-0.09354479015496397,-0.5495397540078174,293.0,1.0,-0.13738493850195435,0.7643327201716371,0.3820604609972337,154.0,1.0,-0.13372116134903178,0.022487863027075745,0.20232907421851642,165.0,1.0,0.020232907421851645,0,0.0,1.0,1.0,-0.0,0
267260,2025,4,202504,HD현대일렉트릭,01205851,CFS,CFS,4769815393358.0,2032934924019.0,2736880469339.0,1.3462705751192166,0.8528270782436754,3084065850913.0,0.21726619253854396,-0.04424763712097479,1,1,1,,748237483307.0,0.48120711178641074,-0.7170660254692671,1,1,1,,540678572708.0,0.41613008314155686,-0.44467326723348366,1,1,1,,235244578634.0,-0.3663401527089696,-6.832250310142758,1,1,1,,140580891167.0,2.8087303212352825,1.965197651629738,1,1,1,,4769815393358.0,0.049319430467179015,0.029473025593979976,0.24261397761188966,0.1568692751398567,35,20172,20254,0,0,235244578634.0,0.049319430467179015,2026-03-31,281,True,passed,281,0,0,4,2025,01205851,-1.1347491093669244,-1.1347491093669244,304.0,-0.7170660254692671,-0.98292475475961,325.0,1.0,-0.98292475475961,-0.04424763712097479,-0.2560691596620942,259.0,1.0,-0.06401728991552355,0.8528270782436754,0.5720632919296006,128.0,1.0,-0.20022215217536019,0.049319430467179015,1.1241508748356945,58.0,1.0,0.11241508748356946,0,0.0,1.0,1.0,-0.0,0
006280,2025,4,202504,녹십자,00129679,CFS,CFS,2971095184896.0,1394272744164.0,1576822440732.0,1.1309282544122714,0.7565576849815644,1381792762421.0,0.13725329045754986,0.11389544865999102,1,1,1,,39933238990.0,-6.347945648585687,-0.9078857588821272,1,1,1,,-47833989434.0,-0.39033576564622907,-1.4516620795368875,1,1,1,,49393737647.0,0.18365200363036904,0.7380522466997579,1,1,1,,29740276382.0,2.8708366230957645,3.6712804815501148,1,1,1,,2971095184896.0,0.016624757731795448,0.010009869940616199,0.02889958615793739,0.013440578811815422,40,20161,20254,0,0,49393737647.0,0.016624757731795448,2026-03-31,212,True,passed,212,0,0,4,2025,00129679,-1.216611600384114,-1.216611600384114,305.0,-0.9078857588821272,-1.2601657372519033,335.0,1.0,-1.2601657372519033,0.11389544865999102,0.6853715223953042,106.0,1.0,0.17134288059882605,0.7565576849815644,0.3653669821258459,157.0,1.0,-0.12787844374404606,0.016624757731795448,0.0008970001300936315,200.0,1.0,8.970001300936316e-05,0,0.0,1.0,1.0,-0.0,0
003090,2025,4,202504,대웅,00111810,CFS,CFS,3232157201634.0,1767325630187.0,1464831571447.0,0.8288407899635376,0.6036823180329554,1526195208869.0,-0.210913130585773,-79.9254292921411,1,1,1,,181253424337.0,0.005818706650768446,-0.3799427288455568,1,1,1,,165252936327.0,14.225938448780902,15.150892360097874,1,1,1,,70227965210.0,0.2603358205318429,-0.19174036067423228,1,1,1,,111261022029.0,0.11355160749855231,0.17895437413653703,1,1,1,,3232157201634.0,0.021727892806233752,0.03442314686078777,0.11876162582853303,0.0560781586506276,40,20161,20254,0,0,70227965210.0,0.021727892806233752,2026-03-31,212,True,passed,212,0,0,4,2025,00111810,-1.2384950920838511,-1.2384950920838511,306.0,-0.3799427288455568,-0.4931200982633267,282.0,1.0,-0.4931200982633267,-79.9254292921411,-3.0,368.0,1.0,-0.75,0.6036823180329554,0.03713416443124472,195.0,1.0,-0.012996957550935651,0.021727892806233752,0.17621963730411067,172.0,1.0,0.017621963730411066,0,0.0,1.0,1.0,-0.0,0
192820,2025,4,202504,코스맥스,01009789,CFS,CFS,2125418400005.0,612343808452.0,1513074591553.0,2.4709559738638327,1.2444300528072254,1813141299899.0,0.10810249537058136,-0.13221243424463291,1,1,1,,153064981884.0,0.1597402139159132,-0.44235146452385177,1,1,1,,120411466861.0,0.7759927788767282,-0.7398427255289468,1,1,1,,34944392844.0,-0.6171943650100704,-0.20886738027000462,1,1,1,,48068762546.0,-0.16842069663312353,-0.8045242591989711,1,1,1,,2125418400005.0,0.016441182989625852,0.02261614115408379,0.08441977571881816,0.07201640010439353,40,20161,20254,0,0,34944392844.0,0.016441182989625852,2026-03-31,20423,True,passed,20423,0,0,4,2025,01009789,-1.273768017082935,-1.273768017082935,307.0,-0.44235146452385177,-0.5837934205979562,290.0,1.0,-0.5837934205979562,-0.13221243424463291,-0.7797318806225124,319.0,1.0,-0.1949329701556281,1.2444300528072254,1.4128589696386886,58.0,1.0,-0.494500639373541,0.016441182989625852,-0.00540986955809628,202.0,1.0,-0.000540986955809628,0,0.0,1.0,1.0,-0.0,0
071050,2025,4,202504,한국금융지주,00432102,CFS,CFS,136161928000000.0,12099491000000.0,124062437000000.0,10.253525292923479,2.3978952727983707,-5432102000000.0,-1.365292503055968,-1.328139735599783,1,1,1,,1496238000000.0,0.7893072117740418,0.41354275944275476,1,1,1,,1349485000000.0,0.8452282450702948,0.370385000525848,1,1,1,,-7107652000000.0,0.7642558400087855,0.773724768269501,1,1,1,,6882000000.0,-0.7504856221437061,-2.353353045901953,1,1,1,,136161928000000.0,-0.05219999528796331,5.0542762584854115e-05,-0.2754436496221905,0.010988666376698191,10,20233,20254,0,1,-7107652000000.0,-0.05219999528796331,2026-03-31,64992,True,passed,64992,1,0,4,2025,00432102,-1.2820874541978426,-1.2820874541978426,308.0,0.41354275944275476,0.6597307753434533,105.0,1.0,0.6597307753434533,-1.328139735599783,-3.0,368.0,1.0,-0.75,2.3978952727983707,3.0,1.0,1.0,-1.0499999999999998,-0.05219999528796331,-2.3636371590216014,385.0,0.6,-0.14181822954129608,0,0.0,1.0,0.6,-0.0,0
033100,2025,4,202504,제룡전기,00185356,CFS,OFS,266912013218.0,239344479226.0,27567533992.0,0.11517931844991283,0.1090152157032286,154266913366.0,-0.201929685246507,-0.5619256052499172,1,1,1,,44496987016.0,-0.37517559818579105,-0.7163914690336143,1,1,1,,38733243770.0,-0.34875366987239853,-0.7538828416501329,1,1,1,,14970194714.0,0.36229127910292913,0.4997075994476815,1,1,1,,559929592.0,-0.5918559292789121,-4.9196601924015075,1,1,1,,266912013218.0,0.05608662769994213,0.002097805884603172,0.2884415461819113,0.16671031955259785,40,20161,20254,0,1,14970194714.0,0.05608662769994213,2026-03-31,2811,True,passed,2811,1,0,4,2025,00185356,-1.2918147788985708,-1.2918147788985708,309.0,-0.7163914690336143,-0.9819446952782237,324.0,1.0,-0.9819446952782237,-0.5619256052499172,-3.0,368.0,1.0,-0.75,0.1090152157032286,-1.0249465360722656,382.0,1.0,0.35873128762529294,0.05608662769994213,1.3566438125726659,42.0,0.6,0.08139862875435995,0,0.0,1.0,0.6,-0.0,0
034220,2025,4,202504,LG디스플레이,00105873,CFS,CFS,26916700000000.0,7839238000000.0,19077462000000.0,2.433586274584341,1.2336052760628478,18853104000000.0,-0.04753661782942209,-0.24387445695118615,1,1,1,,85940000000.0,-1.1790427856840773,-0.4387696162826864,1,1,1,,302560000000.0,-1.1460801316343439,-1.2958921317609169,1,1,1,,1489151000000.0,0.09522569731737374,-1.5863568934739218,1,1,1,,463056000000.0,0.04076004504170405,0.541062163238429,1,1,1,,26916700000000.0,0.05532442684281506,0.017203297581055627,0.0045584005689461,0.003192813383512838,40,20161,20254,0,0,1489151000000.0,0.05532442684281506,2026-03-31,2621,True,passed,2621,0,0,4,2025,00105873,-1.2930263302664522,-1.2930263302664522,310.0,-0.4387696162826864,-0.5785893722128218,289.0,1.0,-0.5785893722128218,-0.24387445695118615,-1.4444664170559658,342.0,1.0,-0.36111660426399145,1.2336052760628478,1.3896175080308388,59.0,1.0,-0.4863661278107936,0.05532442684281506,1.3304577402115452,45.0,1.0,0.13304577402115453,0,0.0,1.0,1.0,-0.0,0
222800,2025,4,202504,심텍,01095722,CFS,CFS,1620329743829.0,576366152429.0,1043963591400.0,1.811285390372748,1.033641813050833,1037721194556.0,0.14457866825354815,-0.05673988826573839,1,1,1,,-520176052.0,-0.9890441735061155,-0.5640810588708683,1,1,1,,-171282223039.0,2.268057063950024,2.7875368479680116,1,1,1,,-30713524219.0,-5.157415713105431,-4.527798624842422,1,1,1,,29696224328.0,0.19139715691502435,0.30024847879183825,1,1,1,,1620329743829.0,-0.01895510733909068,0.018327272236467667,-0.0005012676379059241,-0.00032103098395933435,40,20161,20254,0,0,-30713524219.0,-0.01895510733909068,2026-03-31,2622,True,passed,2622,0,0,4,2025,01095722,-1.3015101760739771,-1.3015101760739771,311.0,-0.5640810588708683,-0.760653705074597,310.0,1.0,-0.760653705074597,-0.05673988826573839,-0.3304367071276065,269.0,1.0,-0.08260917678190162,1.033641813050833,0.9602836512397201,83.0,1.0,-0.33609927793390204,-0.01895510733909068,-1.2214801628357632,352.0,1.0,-0.12214801628357633,0,0.0,1.0,1.0,-0.0,0
001450,2025,4,202504,현대해상,00164973,CFS,CFS,50429646840633.0,5157512762473.0,45272134078160.0,8.777900542984261,2.2801247925956485,2366924988275.0,-0.17198866127312884,-0.8132540147735384,1,1,1,,-305663195881.0,0.007909921010536891,0.2722446988655307,1,1,1,,389997759123.0,-0.3889547618712844,-1.230017555515075,1,1,1,,1402216676469.0,-5.0741756580898905,-2.576450668121308,1,1,1,,13981649492.0,0.3126339164254315,-0.2846287256829083,1,1,1,,50429646840633.0,0.027805403454445432,0.00027725059301296706,-0.1291393674895314,-0.006061180575920989,10,20233,20254,0,0,1402216676469.0,0.027805403454445432,2026-03-31,65121,True,passed,65121,0,0,4,2025,00164973,-1.3070586509816253,-1.3070586509816253,312.0,0.2722446988655307,0.45443956966962173,119.0,1.0,0.45443956966962173,-0.8132540147735384,-3.0,368.0,1.0,-0.75,2.2801247925956485,3.0,1.0,1.0,-1.0499999999999998,0.027805403454445432,0.38501779348752746,130.0,1.0,0.03850177934875275,0,0.0,1.0,1.0,-0.0,0
005180,2025,4,202504,빙그레,00124726,CFS,CFS,1068753458746.0,743761731819.0,324991726927.0,0.4369567739552499,0.3625275258895816,1010355160058.0,0.011119057884400041,-0.02967323069246075,1,1,1,,29429307683.0,-0.5581046357523449,-0.980483791729299,1,1,1,,10181794523.0,-0.8107617826278689,-1.426075661490962,1,1,1,,-5486978583.0,-0.7419169721233976,8.860649775136018,1,1,1,,13331969206.0,1.399119086856456,2.265073608684817,1,1,1,,1068753458746.0,-0.0051339984335003076,0.012474316781760681,0.029127685834069075,0.02753610520945614,40,20161,20254,0,0,-5486978583.0,-0.0051339984335003076,2026-03-31,104,True,passed,104,0,0,4,2025,00124726,-1.3144100148858373,-1.3144100148858373,313.0,-0.980483791729299,-1.3656430356087266,339.0,1.0,-1.3656430356087266,-0.02967323069246075,-0.169306345714945,239.0,1.0,-0.04232658642873625,0.3625275258895816,-0.48064001008559787,277.0,1.0,0.16822400352995925,-0.0051339984335003076,-0.7466439637833383,310.0,1.0,-0.07466439637833383,0,0.0,1.0,1.0,-0.0,0
323410,2025,4,202504,카카오뱅크,01133217,CFS,OFS,76409775000000.0,6749866000000.0,69659909000000.0,10.320191393429143,2.3978952727983707,2321633000000.0,0.055632247251603095,-0.14129043949800102,1,1,1,,498252000000.0,0.1503122510937447,-0.0838773173694487,1,1,1,,368880000000.0,0.1677149975150285,-0.04964564527192317,1,1,1,,255784000000.0,-2.992552777128613,-1.8672386865416661,1,1,1,,43001000000.0,1.5223486625997182,1.1120243740490896,1,1,1,,76409775000000.0,0.003347529815393384,0.0005627683107298772,0.21461273164190894,0.006520788734163921,10,20233,20254,0,0,255784000000.0,0.003347529815393384,2026-03-31,64121,True,passed,64121,0,0,4,2025,01133217,-1.3669371208871703,-1.3669371208871703,314.0,-0.0838773173694487,-0.06296822617141483,222.0,1.0,-0.06296822617141483,-0.14129043949800102,-0.8337741007755237,321.0,1.0,-0.20844352519388093,2.3978952727983707,3.0,1.0,1.0,-1.0499999999999998,0.003347529815393384,-0.4552536952187468,278.0,1.0,-0.045525369521874685,0,0.0,1.0,1.0,-0.0,0
950160,2025,4,202504,코오롱티슈진,01245062,CFS,OFS,295484173.0,44658862.0,250825311.0,5.616473411257099,1.889562510671861,2412759.0,0.11259959291295951,-0.3402486845338981,1,1,1,,-13164737.0,0.11238150555500548,0.10269003961616363,1,1,1,,-131018236.0,5.407660852450447,4.322552607874148,1,1,1,,-3453339.0,0.044452469374959724,2.542453089169232,1,1,1,,23169984.0,0.31215059081928875,0.41983078760037207,1,1,1,,295484173.0,-0.011687052355254236,0.0784136211586534,-5.456300028307842,-0.04455310369533735,33,20174,20254,0,0,-3453339.0,-0.011687052355254236,2026-03-31,211,True,passed,211,0,0,4,2025,01245062,-1.372930614272043,-1.372930614272043,315.0,0.10269003961616363,0.20809450107687563,161.0,1.0,0.20809450107687563,-0.3402486845338981,-2.018191269458863,356.0,1.0,-0.5045478173647158,1.889562510671861,2.797998045068261,32.0,1.0,-0.9792993157738913,-0.011687052355254236,-0.9717798221031166,339.0,1.0,-0.09717798221031167,0,0.0,1.0,1.0,-0.0,0
102710,2025,4,202504,이엔에프테크놀로지,00530185,CFS,CFS,749300530429.0,450096868246.0,299203662183.0,0.6647539303016669,0.5096773229018383,498799362244.0,0.19885223931248142,0.23745398907073467,1,1,1,,56080807098.0,0.4216024812763295,-1.3320497670811982,1,1,1,,34692838285.0,0.9544386194503369,2.571882323298105,1,1,1,,28241955134.0,-0.16868186363817705,-0.6293137497106012,1,1,1,,1320000000.0,-0.9474338951857664,-1.069159824000983,1,1,1,,749300530429.0,0.03769109187448529,0.0017616429541885618,0.11243159342807398,0.07484421112833302,40,20161,20254,0,0,28241955134.0,0.03769109187448529,2026-03-31,2049,True,passed,2049,0,0,4,2025,00530185,-1.3910895559047358,-1.3910895559047358,316.0,-1.3320497670811982,-1.876431383722272,346.0,1.0,-1.876431383722272,0.23745398907073467,1.4209271490220603,69.0,1.0,0.3552317872555151,0.5096773229018383,-0.16470034328003544,228.0,1.0,0.0576451201480124,0.03769109187448529,0.7246492041400859,93.0,1.0,0.0724649204140086,0,0.0,1.0,1.0,-0.0,0
003530,2025,4,202504,한화투자증권,00148610,CFS,CFS,17357936000000.0,2068209000000.0,15289727000000.0,7.392737871269296,2.1273667927851694,2625186000000.0,0.2901580153126406,-0.07265947702168418,1,1,1,,110045000000.0,,,1,0,0,missing_ttm_yoy,80557000000.0,1.269278449498246,0.7679337587362725,1,1,1,,-919928000000.0,-0.10597922476305432,-0.02593470419446431,1,1,1,,2166000000.0,-0.6303507964405508,-1.8904411726929387,1,1,1,,17357936000000.0,-0.052997545330274294,0.0001247844213736011,0.04191893450597405,0.006339751454320376,10,20233,20254,0,0,-919928000000.0,-0.052997545330274294,2026-03-31,66121,True,passed,66121,0,0,4,2025,00148610,-1.3954056478703747,-1.3954056478703747,317.0,,0.0,190.0,1.0,0.0,-0.07265947702168418,-0.42520751814636293,282.0,1.0,-0.10630187953659073,2.1273667927851694,3.0,1.0,1.0,-1.0499999999999998,-0.052997545330274294,-2.391037683337842,386.0,1.0,-0.23910376833378422,0,0.0,1.0,1.0,-0.0,0
088350,2025,4,202504,한화생명,00113058,CFS,CFS,178534378000000.0,16623385000000.0,161910993000000.0,9.739953264632925,2.3739707375473147,12467150000000.0,0.058456471252719355,-0.10264336627247217,1,1,1,,792361000000.0,-0.1821109399848072,-0.12956760594544114,1,1,1,,528899000000.0,-0.3440581585685042,-0.3643249990226928,1,1,1,,-772513000000.0,-1.7146750710424126,-1.8891813126828234,1,1,1,,135073000000.0,0.3076164017177525,-2.665969680863758,1,1,1,,178534378000000.0,-0.004326970573700937,0.0007565657746879428,0.06355590491812484,0.004438142439995506,10,20233,20254,0,0,-772513000000.0,-0.004326970573700937,2026-03-31,65110,True,passed,65110,0,0,4,2025,00113058,-1.402169295736608,-1.402169295736608,318.0,-0.12956760594544114,-0.12935140504190193,234.0,1.0,-0.12935140504190193,-0.10264336627247217,-0.603704434452222,301.0,1.0,-0.1509261086130555,2.3739707375473147,3.0,1.0,1.0,-1.0499999999999998,-0.004326970573700937,-0.7189178208165069,308.0,1.0,-0.07189178208165069,0,0.0,1.0,1.0,-0.0,0
011930,2025,4,202504,신성이엔지,00136271,CFS,CFS,600686182250.0,233314248039.0,367371934211.0,1.57457993799672,0.9456863899333509,408857523086.0,-0.07108359440303902,-0.055632832141047195,1,1,1,,1031286622.0,-0.8838865592564691,-0.7230019084699031,1,1,1,,-4627972912.0,0.05860756351263441,1.334433006457495,1,1,1,,-8613501936.0,-1.276324644738501,16.845119668125257,1,1,1,,2357331842.0,-0.008683066299968845,0.338794135039467,1,1,1,,600686182250.0,-0.014339437447580808,0.0039243983158895115,0.00252236185900651,0.0017168475861007704,40,20161,20254,0,0,-8613501936.0,-0.014339437447580808,2026-03-31,2612,True,passed,2612,0,0,4,2025,00136271,-1.4488043051690482,-1.4488043051690482,319.0,-0.7230019084699031,-0.9915489678093947,326.0,1.0,-0.9915489678093947,-0.055632832141047195,-0.32384629776536206,267.0,1.0,-0.08096157444134051,0.9456863899333509,0.7714379468099348,101.0,1.0,-0.2700032813834772,-0.014339437447580808,-1.0629048153483578,346.0,1.0,-0.10629048153483578,0,0.0,1.0,1.0,-0.0,0
298050,2025,4,202504,HS효성첨단소재,01316254,CFS,CFS,3903414776514.0,826502232236.0,3076912544278.0,3.7228121404509604,1.5524044146520195,2482047848968.0,0.00010871307661863838,-0.02583580804019281,1,1,1,,138117042761.0,-0.212965867565444,-0.49654430024783913,1,1,1,,19127201059.0,-0.7479864553197669,-1.4541948315116486,1,1,1,,26963731746.0,-0.7475335082820789,-0.5998083366739007,1,1,1,,34768611325.0,-0.6761031144065461,-0.7675961404910951,1,1,1,,3903414776514.0,0.006907729075637805,0.00890722951970034,0.05564640617965004,0.03538364500539894,31,20182,20254,0,0,26963731746.0,0.006907729075637805,2026-03-31,205,True,passed,205,0,0,4,2025,01316254,-1.4583739577672123,-1.4583739577672123,320.0,-0.49654430024783913,-0.6625299052971281,302.0,1.0,-0.6625299052971281,-0.02583580804019281,-0.14646180729423036,235.0,1.0,-0.03661545182355759,1.5524044146520195,2.0740988710283954,43.0,1.0,-0.7259346048599383,0.006907729075637805,-0.3329399578658825,261.0,1.0,-0.03329399578658825,0,0.0,1.0,1.0,-0.0,0
094170,2025,4,202504,동운아나텍,00695969,CFS,OFS,109927218116.0,69220827676.0,40706390440.0,0.5880656416091017,0.4625166979965167,96967811046.0,-0.048354565958172446,-0.4308873298960093,1,1,1,,2348020270.0,-0.7847878043328456,-0.5303971337396446,1,1,1,,-446931010.0,-1.0223911538845367,-1.3829435598751414,1,1,1,,-5315790516.0,-1.4164522430349376,58.29114177198026,1,1,1,,565203272.0,0.25743704689103986,0.9814426219758657,1,1,1,,109927218116.0,-0.048357364146071134,0.005141613530177511,0.024214429970850184,0.02135977158561646,40,20161,20254,0,0,-5315790516.0,-0.048357364146071134,2026-03-31,2611,True,passed,2611,0,0,4,2025,00695969,-1.4812344591318978,-1.4812344591318978,321.0,-0.5303971337396446,-0.7117145082181991,307.0,1.0,-0.7117145082181991,-0.4308873298960093,-2.5577716607802463,365.0,1.0,-0.6394429151950616,0.4625166979965167,-0.26595710626210295,237.0,1.0,0.09308498719173602,-0.048357364146071134,-2.2316202291037324,382.0,1.0,-0.22316202291037324,0,0.0,1.0,1.0,-0.0,0
003230,2025,4,202504,삼양식품,00126955,CFS,CFS,2196495586892.0,1271540001153.0,924955585739.0,0.7274294044231986,0.5466344100783211,1719769467196.0,0.33414181129846177,-0.16882380090517235,1,1,1,,393288671599.0,0.5287887542794256,-0.9428350241953511,1,1,1,,278657115797.0,0.3112124952625297,-1.0823992823829067,1,1,1,,66542304045.0,-0.26180875456562513,-0.8078089510703712,1,1,1,,44648499568.0,-0.5592709317034671,-5.45860239259766,1,1,1,,2196495586892.0,0.03029475881586273,0.02032715195716682,0.2286868554773437,0.17905279388951384,40,20161,20254,0,0,66542304045.0,0.03029475881586273,2026-03-31,108,True,passed,108,0,0,4,2025,00126955,-1.4834369415814872,-1.4834369415814872,322.0,-0.9428350241953511,-1.3109433401733894,336.0,1.0,-1.3109433401733894,-0.16882380090517235,-0.9976827940610578,330.0,1.0,-0.24942069851526444,0.5466344100783211,-0.08535120352098059,219.0,1.0,0.029872921232343204,0.03029475881586273,0.47054175874823484,118.0,1.0,0.04705417587482349,0,0.0,1.0,1.0,-0.0,0
001680,2025,4,202504,대상,00121941,CFS,CFS,3479148559839.0,1096948855862.0,2382199703977.0,2.1716597736045125,1.1542550387527373,3255883051794.0,0.03580768769350762,-0.01763758145169181,1,1,1,,118387575730.0,-0.05572646445807028,-0.7960666224601006,1,1,1,,-325457345344.0,-6.530996079079668,-6.901142007534027,1,1,1,,102503714235.0,1.8769753470274715,2.3428496037158473,1,1,1,,28743651395.0,0.11836934418085843,0.6826832192393955,1,1,1,,3479148559839.0,0.029462298741202195,0.008261691301946051,0.03636112656588453,0.03402774376943492,40,20161,20254,0,0,102503714235.0,0.029462298741202195,2026-03-31,108,True,passed,108,0,0,4,2025,00121941,-1.5046610492548897,-1.5046610492548897,323.0,-0.7960666224601006,-1.0977043047332413,328.0,1.0,-1.0977043047332413,-0.01763758145169181,-0.09765699238231318,229.0,1.0,-0.024414248095578295,1.1542550387527373,1.2192476669184487,67.0,1.0,-0.426736683421457,0.029462298741202195,0.4419418699538689,122.0,1.0,0.044194186995386894,0,0.0,1.0,1.0,-0.0,0
175330,2025,4,202504,JB금융지주,00980122,CFS,CFS,73123844000000.0,6175172000000.0,66948672000000.0,10.841588218109552,2.3978952727983707,152597000000.0,-0.24908224827029635,-0.22443142033653107,1,1,1,,671238000000.0,0.04060485608778297,-0.09227114410891946,1,1,1,,516810000000.0,0.043101795319453906,-0.1066911999370741,1,1,1,,-754557000000.0,0.8503976399096573,1.146642609155614,1,1,1,,42437000000.0,0.12006440033783794,0.6696280877144934,1,1,1,,73123844000000.0,-0.0103188913318069,0.0005803442171338804,4.398762754182585,0.009179468190977487,10,20233,20254,0,0,-754557000000.0,-0.0103188913318069,2026-03-31,64992,True,passed,64992,0,0,4,2025,00980122,-1.5498211661750863,-1.5498211661750863,324.0,-0.09227114410891946,-0.07516357269297183,224.0,1.0,-0.07516357269297183,-0.22443142033653107,-1.3287201891296927,339.0,1.0,-0.3321800472824232,2.3978952727983707,3.0,1.0,1.0,-1.0499999999999998,-0.0103188913318069,-0.9247754619969144,334.0,1.0,-0.09247754619969145,0,0.0,1.0,1.0,-0.0,0
105840,2025,4,202504,우진,00173944,CFS,CFS,297980322227.0,241804504854.0,56175817373.0,0.23231915140257042,0.20889788302641676,102825554767.0,-0.11306488301219686,-0.2661638069072948,1,1,1,,4348842944.0,-0.7346700116959639,-1.0774773913095643,1,1,1,,806585132.0,-0.9493098622824903,-1.4295215617050072,1,1,1,,6886923691.0,-0.12328970904349579,0.21306225824545177,1,1,1,,13272954710.0,11.930894709145191,12.274977759081237,1,1,1,,297980322227.0,0.023112008335079166,0.044543057779126524,0.04229340608814962,0.014594396406777062,40,20161,20254,0,0,6886923691.0,0.023112008335079166,2026-03-31,27216,True,passed,27216,0,0,4,2025,00173944,-1.5948042586354176,-1.5948042586354176,325.0,-1.0774773913095643,-1.506564523979722,341.0,1.0,-1.506564523979722,-0.2661638069072948,-1.5771570163424802,347.0,1.0,-0.39428925408562004,0.20889788302641676,-0.810492304571624,348.0,1.0,0.28367230660006837,0.023112008335079166,0.22377212829856022,161.0,1.0,0.022377212829856025,0,0.0,1.0,1.0,-0.0,0
454910,2025,4,202504,두산로보틱스,01105153,CFS,CFS,399370499942.0,348594990774.0,50775509168.0,0.14565759839308368,0.1359787938872751,22813404565.0,-0.3799965739647112,-0.2879123258458274,1,1,1,,-44206851393.0,0.39833643870067603,-1.0278666525409565,1,1,1,,-42637784108.0,0.43663670407324817,-1.7149720237442145,1,1,1,,-5246512335.0,-0.6632045110752528,-0.8273264380243529,1,1,1,,4785178356.0,0.9292811980600464,0.9566241272685222,1,1,1,,399370499942.0,-0.013136955122528939,0.011981802253033072,-1.9377577453223058,-0.11069132897752863,10,20233,20254,0,0,-5246512335.0,-0.013136955122528939,2026-03-31,2928,True,passed,2928,0,0,4,2025,01105153,-1.6248326660097108,-1.6248326660097108,326.0,-1.0278666525409565,-1.4344853437378196,340.0,1.0,-1.4344853437378196,-0.2879123258458274,-1.7066279976510714,349.0,1.0,-0.42665699941276786,0.1359787938872751,-0.9670540749182497,375.0,1.0,0.33846892622138736,-0.013136955122528939,-1.0215924908051077,343.0,1.0,-0.10215924908051077,0,0.0,1.0,1.0,-0.0,0
138040,2025,4,202504,메리츠금융지주,00860332,CFS,CFS,135457983800835.0,11261208003790.0,124196775797045.0,11.02872584852763,2.3978952727983707,-6539000060782.0,-1.1833316090351096,-0.9617332203876071,1,1,1,,2010420752528.0,0.1985313486373559,0.11210173173885796,1,1,1,,1681744945722.0,0.0025881573922785783,-0.08295357845805951,1,1,1,,-1981789188093.0,-0.25908333151580953,0.09112517047563817,1,1,1,,23806814793.0,2.4144142087670564,3.0427081297799927,1,1,1,,135457983800835.0,-0.014630287063823725,0.00017575054732841262,-0.30745079275738274,0.014841655664120457,10,20233,20254,0,1,-1981789188093.0,-0.014630287063823725,2026-03-31,64992,True,passed,64992,1,0,4,2025,00860332,-1.642605133553838,-1.642605133553838,327.0,0.11210173173885796,0.22176869883589476,157.0,1.0,0.22176869883589476,-0.9617332203876071,-3.0,368.0,1.0,-0.75,2.3978952727983707,3.0,1.0,1.0,-1.0499999999999998,-0.014630287063823725,-1.0728972064955529,348.0,0.6,-0.06437383238973317,0,0.0,1.0,0.6,-0.0,0
032830,2025,4,202504,삼성생명,00126256,CFS,CFS,350685701000000.0,64835318000000.0,285850383000000.0,4.408868373252985,1.688039897827616,20202317000000.0,0.07501075552615877,-1.9038231844795348,1,1,1,,110716000000.0,-0.02197802197802201,-0.07699148876770712,1,1,1,,1690568000000.0,0.09320269316027296,0.0805049748204194,1,1,1,,1315463000000.0,-2.4639288035397913,-0.7884439432096353,1,1,1,,66839000000.0,0.41470177369512773,0.5324400045404901,1,1,1,,350685701000000.0,0.0037511167300203095,0.0001905951677225642,0.005480361485269239,0.00031571290099450047,10,20233,20254,0,0,1315463000000.0,0.0037511167300203095,2026-03-31,65110,True,passed,65110,0,0,4,2025,00126256,-1.6749634629890093,-1.6749634629890093,328.0,-0.07699148876770712,-0.05296384217675763,217.0,1.0,-0.05296384217675763,-1.9038231844795348,-3.0,368.0,1.0,-0.75,1.688039897827616,2.3653165976688206,40.0,1.0,-0.8278608091840872,0.0037511167300203095,-0.4413881162816449,277.0,1.0,-0.04413881162816449,0,0.0,1.0,1.0,-0.0,0
086790,2025,4,202504,하나금융지주,00547583,CFS,CFS,674590676000000.0,45645554000000.0,628945122000000.0,13.77889119277641,2.3978952727983707,191963000000.0,-0.5771861158160669,-0.684264877093804,1,1,1,,8917249000000.0,0.08037815693141925,0.05624982321571492,1,1,1,,2900860000000.0,0.11220679993344085,0.0710025776343941,1,1,1,,4667833000000.0,-3.0812932837990403,3.722294826219772,1,1,1,,543013000000.0,-0.06875126478729277,0.09368955613567098,1,1,1,,674590676000000.0,0.006919504176485238,0.0008049518312642673,46.45295708027068,0.013218755190740289,10,20233,20254,0,0,4667833000000.0,0.006919504176485238,2026-03-31,64992,True,passed,64992,0,0,4,2025,00547583,-1.6926317853726176,-1.6926317853726176,329.0,0.05624982321571492,0.14062175603242935,169.0,1.0,0.14062175603242935,-0.684264877093804,-3.0,368.0,1.0,-0.75,2.3978952727983707,3.0,1.0,1.0,-1.0499999999999998,0.006919504176485238,-0.33253541405047327,260.0,1.0,-0.03325354140504733,0,0.0,1.0,1.0,-0.0,0
000080,2025,4,202504,하이트진로,00150244,CFS,CFS,3272507702370.0,1142138785882.0,2130368916488.0,1.8652452248549232,1.0526539398214034,1829034275470.0,-0.04411362532024088,-0.06965050513109239,1,1,1,,117944828369.0,-0.1449644473563808,-0.8593249886904631,1,1,1,,7194099983.0,-0.8614169557003277,-3.6512188710052076,1,1,1,,-17222911024.0,-3.336371339929789,-2.451285204191796,1,1,1,,34746935640.0,-0.33701195907984605,-0.5801975649142467,1,1,1,,3272507702370.0,-0.00526290923976341,0.010617831583661587,0.06448475567178322,0.036041115589608104,40,20161,20254,0,0,-17222911024.0,-0.00526290923976341,2026-03-31,11122,True,passed,11122,0,0,4,2025,00150244,-1.7169293877007306,-1.7169293877007306,330.0,-0.8593249886904631,-1.189612050808004,332.0,1.0,-1.189612050808004,-0.06965050513109239,-0.4072948251254757,279.0,1.0,-0.10182370628136893,1.0526539398214034,1.0011038570376178,81.0,1.0,-0.3503863499631662,-0.00526290923976341,-0.7510728064819149,311.0,1.0,-0.0751072806481915,0,0.0,1.0,1.0,-0.0,0
281820,2025,4,202504,케이씨텍,01261893,CFS,CFS,600479162239.0,530239452127.0,70239710112.0,0.1324679063963286,0.12439923925061419,286892657970.0,-0.0700936012035005,-0.5922125494542174,1,1,1,,45097098548.0,0.10641858637960411,-0.9736467266038047,1,1,1,,38393555988.0,-0.15745454882929888,-1.5103073074373756,1,1,1,,14485546480.0,-0.6770463050829791,22.790761627401235,1,1,1,,14184491213.0,1.9141622456821956,1.640318750785054,1,1,1,,600479162239.0,0.024123312499284576,0.02362195410763372,0.15719153939699546,0.07510185429224046,33,20174,20254,0,0,14485546480.0,0.024123312499284576,2026-03-31,272,True,passed,272,0,0,4,2025,01261893,-1.7326872318177675,-1.7326872318177675,331.0,-0.9736467266038047,-1.3557094998110704,337.0,1.0,-1.3557094998110704,-0.5922125494542174,-3.0,368.0,1.0,-0.75,0.12439923925061419,-0.9919160910945867,377.0,1.0,0.3471706318831053,0.024123312499284576,0.25851636110197534,155.0,1.0,0.025851636110197536,0,0.0,1.0,1.0,-0.0,0
005830,2025,4,202504,DB손해보험,00159102,CFS,CFS,74022307000000.0,10935289000000.0,63087018000000.0,5.76912215122984,1.9123714110468875,4952763000000.0,-0.04652559515013133,-0.6896577875455656,1,1,1,,1942643000000.0,,,1,0,0,missing_ttm_yoy,1462474000000.0,0.06043606291619796,0.0233104885887645,1,1,1,,980894000000.0,0.44670407537365353,0.978479479970205,1,1,1,,25877000000.0,-0.26242740086224725,-1.1339555760952602,1,1,1,,74022307000000.0,0.013251329764688366,0.0003495838085673282,0.392234193317952,0.026244021278612674,10,20233,20254,0,0,980894000000.0,0.013251329764688366,2026-03-31,65121,True,passed,65121,0,0,4,2025,00159102,-1.7579395598050462,-1.7579395598050462,332.0,,0.0,190.0,1.0,0.0,-0.6896577875455656,-3.0,368.0,1.0,-0.75,1.9123714110468875,2.8469701573715276,31.0,1.0,-0.9964395550800346,0.013251329764688366,-0.11500004725011816,219.0,1.0,-0.011500004725011816,0,0.0,1.0,1.0,-0.0,0
420770,2025,4,202504,기가비스,00765569,CFS,CFS,239277069528.0,211003350241.0,28273719287.0,0.1339965420203368,0.12574815593612865,45209101927.0,1.0415053159589163,1.7653531803730806,1,1,1,,11234404426.0,-8.628958413001804,-7.583911797856889,1,1,1,,13385210057.0,5.4712370955386485,6.400795262804625,1,1,1,,12230815732.0,-6.476197669033143,-5.2577406383870615,1,1,1,,2311920801.0,-0.9271681643263974,-8.084656068553501,1,1,1,,239277069528.0,0.051115703465136095,0.009662107637645825,0.2484987302809157,0.046951446071122,11,20232,20254,0,1,12230815732.0,0.051115703465136095,2026-03-31,292,True,passed,292,1,0,4,2025,00765569,-1.832691236988418,-1.832691236988418,333.0,-7.583911797856889,-3.0,358.0,1.0,-3.0,1.7653531803730806,3.0,1.0,1.0,0.75,0.12574815593612865,-0.989019883985756,376.0,1.0,0.34615695939501456,0.051115703465136095,1.1858633936094556,52.0,0.6,0.07115180361656734,0,0.0,1.0,0.6,-0.0,0
112610,2025,4,202504,씨에스윈드,00670340,CFS,CFS,3216594965195.0,1201672689517.0,2014922275678.0,1.6767646408672876,0.9846088416844286,2334627470532.0,0.02980580468320415,-0.9594362885496857,1,1,1,,254633342565.0,0.7460234672436923,-0.5619460350555507,1,1,1,,-17800451990.0,-1.2535493270565468,-69.93291066477576,1,1,1,,8137768036.0,-0.9408133081194501,-1.8363994240653698,1,1,1,,22441337249.0,-0.5759223797161293,-0.37679129542656276,1,1,1,,3216594965195.0,0.002529932467113298,0.006976737043931652,0.1090680829292974,0.07916238920978455,40,20161,20254,0,0,8137768036.0,0.002529932467113298,2026-03-31,2511,True,passed,2511,0,0,4,2025,00670340,-1.8551384322944824,-1.8551384322944824,334.0,-0.5619460350555507,-0.7575517402535771,309.0,1.0,-0.7575517402535771,-0.9594362885496857,-3.0,368.0,1.0,-0.75,0.9846088416844286,0.8550068452194027,92.0,1.0,-0.2992523958267909,0.002529932467113298,-0.4833429621411446,284.0,1.0,-0.04833429621411446,0,0.0,1.0,1.0,-0.0,0
009520,2025,4,202504,포스코엠텍,00128111,CFS,OFS,155201620131.0,114252106916.0,40949513215.0,0.3584136373529352,0.30631757580085944,274554627061.0,0.06232017366464304,0.07112455938484707,1,1,1,,-702167060.0,-1.1550998914047275,-1.5206711909552995,1,1,1,,79519381.0,-0.9724311130596235,-0.7474099398170875,1,1,1,,771584066.0,-0.41898183816888335,0.753847379349221,1,1,1,,159855000.0,-0.6971023607285494,0.012450440588894995,1,1,1,,155201620131.0,0.004971494919632502,0.0010299828047224781,-0.0025574766942244756,-0.004524225065481446,40,20161,20254,0,0,771584066.0,0.004971494919632502,2026-03-31,24199,True,passed,24199,0,0,4,2025,00128111,-1.8722722717485112,-1.8722722717485112,335.0,-1.5206711909552995,-2.150478453900323,348.0,1.0,-2.150478453900323,0.07112455938484707,0.4307523907870891,125.0,1.0,0.10768809769677228,0.30631757580085944,-0.6013262309487429,300.0,1.0,0.21046418083206,0.004971494919632502,-0.39946096377020324,269.0,1.0,-0.039946096377020325,0,0.0,1.0,1.0,-0.0,0
348210,2025,4,202504,넥스틴,01080252,CFS,CFS,222879250398.0,150139123771.0,72740126627.0,0.4844848218106496,0.39506779072390363,56174699141.0,-0.2890288699279995,-0.3637312357695941,1,1,1,,2510026708.0,-0.9229776270697104,-0.977544954139489,1,1,1,,-273410821.0,-1.0093310499469128,-1.1286732598523816,1,1,1,,-7754753116.0,-1.5651489815153585,-135.10825746721244,1,1,1,,7459795748.0,0.03477043340463104,1.456919559138756,1,1,1,,222879250398.0,-0.034793517575782314,0.03347012220598773,0.04468251270380222,0.011261823177876785,22,20203,20254,0,0,-7754753116.0,-0.034793517575782314,2026-03-31,29271,True,passed,29271,0,0,4,2025,01080252,-1.9336608203168208,-1.9336608203168208,336.0,-0.977544954139489,-1.3613732140016428,338.0,1.0,-1.3613732140016428,-0.3637312357695941,-2.157985108327045,359.0,1.0,-0.5394962770817613,0.39506779072390363,-0.41077405961701424,261.0,1.0,0.14377092086595497,-0.034793517575782314,-1.7656225009937172,370.0,1.0,-0.17656225009937174,0,0.0,1.0,1.0,-0.0,0
079160,2025,4,202504,CJ CGV,00303873,CFS,CFS,4122622000546.0,650340429280.0,3472281571266.0,5.339175322546387,1.846748684680467,1692289875457.0,0.19945392001600593,-0.040067029627996575,1,1,1,,72873409569.0,0.6614042045771766,-0.7045333120584871,1,1,1,,-114662662752.0,-0.37513380971328325,-0.7057101053546266,1,1,1,,106784043475.0,2.025814314807434,2.3201260151893948,1,1,1,,36325112376.0,0.704926367357886,1.1899986620766156,1,1,1,,4122622000546.0,0.025901972933938044,0.008811167352036908,0.043062013562730005,0.017676471323189138,40,20161,20254,0,0,106784043475.0,0.025901972933938044,2026-03-31,59141,True,passed,59141,0,0,4,2025,00303873,-1.9376750099246527,-1.9376750099246527,337.0,-0.7045333120584871,-0.9647160416608378,323.0,1.0,-0.9647160416608378,-0.040067029627996575,-0.23118160956676528,250.0,1.0,-0.05779540239169132,1.846748684680467,2.706074126768424,34.0,1.0,-0.9471259443689483,0.025901972933938044,0.31962378496824506,145.0,1.0,0.031962378496824505,0,0.0,1.0,1.0,-0.0,0
105560,2025,4,202504,KB금융,00688996,CFS,CFS,797923033000000.0,60829989000000.0,737093044000000.0,12.117264134307176,2.3978952727983707,9233205000000.0,0.08053195678670289,0.024605404810180476,1,1,1,,8181107000000.0,0.13093360866504167,-0.6625198114938962,1,1,1,,4185487000000.0,0.21934604626799703,0.15381490992954694,1,1,1,,7427006000000.0,-8.527757506466548,-8.351647077326081,1,1,1,,218773000000.0,-0.18025397277417854,-0.49881307792136087,1,1,1,,797923033000000.0,0.009307922810645321,0.00027417807351351394,0.8860527844881598,0.010253002685285312,10,20233,20254,0,0,7427006000000.0,0.009307922810645321,2026-03-31,64992,True,passed,64992,0,0,4,2025,00688996,-1.940267899718363,-1.940267899718363,338.0,-0.6625198114938962,-0.9036748486660533,321.0,1.0,-0.9036748486660533,0.024605404810180476,0.15381948287503888,170.0,1.0,0.03845487071875972,2.3978952727983707,3.0,1.0,1.0,-1.0499999999999998,0.009307922810645321,-0.25047921771069676,245.0,1.0,-0.025047921771069678,0,0.0,1.0,1.0,-0.0,0
004800,2025,4,202504,효성,00117188,CFS,CFS,5387103885233.0,2857192993387.0,2529910891846.0,0.8854532744905586,0.6341682559138802,1819536924777.0,0.07343524057604678,0.42932316665066395,1,1,1,,271167977457.0,0.5611540447740866,-1.9101592665339469,1,1,1,,337122709879.0,1.3302482233957749,11.418961572915304,1,1,1,,333713404397.0,0.32655989303555844,0.04838487230609689,1,1,1,,121267877277.0,7.518822941606619,7.812126921834892,1,1,1,,5387103885233.0,0.061946717848112634,0.022510773851868088,0.14903131327781874,0.05033650422081504,40,20161,20254,0,0,333713404397.0,0.061946717848112634,2026-03-31,649,True,passed,649,0,0,4,2025,00117188,-1.9556870553104218,-1.9556870553104218,339.0,-1.9101592665339469,-2.7163636210744406,357.0,1.0,-2.7163636210744406,0.42932316665066395,2.5631424315594513,43.0,1.0,0.6407856078898628,0.6341682559138802,0.10258934854918263,183.0,1.0,-0.03590627199221392,0.061946717848112634,1.5579722986637017,31.0,1.0,0.15579722986637018,0,0.0,1.0,1.0,-0.0,0
122870,2025,4,202504,와이지엔터테인먼트,00613318,CFS,CFS,838779404539.0,650845160180.0,187934244359.0,0.2887541551465548,0.2536759805118698,372333378980.0,0.3230465526065278,0.6611111354580766,1,1,1,,40220932541.0,-3.366417447380477,-2.10778563700472,1,1,1,,29326630187.0,0.3987595558655004,1.0617463832993908,1,1,1,,21300251955.0,5.989098883932467,6.543237672557744,1,1,1,,1374190225.0,-0.9694900021006108,1.0695574383719415,1,1,1,,838779404539.0,0.025394343065334075,0.0016383213721792157,0.10802397746660387,0.04795174073582047,40,20161,20254,0,0,21300251955.0,0.025394343065334075,2026-03-31,59201,True,passed,59201,0,0,4,2025,00613318,-1.9697587869142417,-1.9697587869142417,340.0,-2.10778563700472,-3.0,358.0,1.0,-3.0,0.6611111354580766,3.0,1.0,1.0,0.75,0.2536759805118698,-0.7143509745325302,326.0,1.0,0.25002284108638556,0.025394343065334075,0.3021837199937267,150.0,1.0,0.03021837199937267,0,0.0,1.0,1.0,-0.0,0
114810,2025,4,202504,한솔아이원스,00625942,CFS,CFS,254358289046.0,210271082405.0,44087206641.0,0.2096684248577952,0.1903462930126865,147606242909.0,0.22402070447965805,-0.0035667133546952723,1,1,1,,23936799073.0,0.30280938027457793,-1.6260698798144473,1,1,1,,21993607543.0,-0.18123009295730053,23.545499552382037,1,1,1,,6297345284.0,-0.3766454380324389,-3.6978962758046166,1,1,1,,4582462128.0,1.3435371732304833,1.8023218433966237,1,1,1,,254358289046.0,0.02475777497803951,0.018015776663646586,0.16216657643509808,0.09410662087238326,40,20161,20254,0,0,6297345284.0,0.02475777497803951,2026-03-31,2927,True,passed,2927,0,0,4,2025,00625942,-1.9814399140407064,-1.9814399140407064,341.0,-1.6260698798144473,-2.3036116520768823,349.0,1.0,-2.3036116520768823,-0.0035667133546952723,-0.013891789541111834,213.0,1.0,-0.0034729473852779585,0.1903462930126865,-0.8503237096204747,357.0,1.0,0.2976132983671661,0.02475777497803951,0.28031387054287965,153.0,1.0,0.028031387054287968,0,0.0,1.0,1.0,-0.0,0
039200,2025,4,202504,오스코텍,00263654,CFS,CFS,229853200876.0,186847579442.0,43005621434.0,0.23016418817108372,0.2071476467937746,90893196208.0,17.35551438423893,16.83411363692504,1,1,1,,52454529230.0,-3.343867301671939,-3.2535133501468154,1,1,1,,53749350281.0,-3.577778279372868,-3.459399354595997,1,1,1,,726140544.0,-1.0900367443269179,-5.20845537546469,1,1,1,,,,,0,0,0,missing_ttm_yoy,229853200876.0,0.0031591491492508495,,0.5771007228083722,0.22820882646005827,40,20161,20254,0,0,726140544.0,0.0031591491492508495,2026-03-31,212,True,passed,212,0,0,4,2025,00263654,-2.011185008356834,-2.011185008356834,342.0,-3.2535133501468154,-3.0,358.0,1.0,-3.0,16.83411363692504,3.0,1.0,1.0,0.75,0.2071476467937746,-0.8142501694372202,351.0,1.0,0.28498755930302705,0.0031591491492508495,-0.4617256765986131,281.0,1.0,-0.04617256765986131,0,0.0,1.0,1.0,-0.0,0
010140,2025,4,202504,삼성중공업,00126478,CFS,CFS,14948871093928.0,4095039935055.0,10853831158873.0,2.6504823716028603,1.2948593154660089,8015191892905.0,0.05739622054895599,-0.20933541397862032,1,1,1,,624128418429.0,0.6303045050749088,-0.8008137266123234,1,1,1,,395496196370.0,-23.559556112216548,-22.65127735862895,1,1,1,,-75484301819.0,-1.109424293528295,11.040102599197157,1,1,1,,55695833837.0,-0.14907237872736834,-0.7887615946743064,1,1,1,,14948871093928.0,-0.005049498476822143,0.003725755174892289,0.07786818166904709,0.04175087299284501,40,20161,20254,0,0,-75484301819.0,-0.005049498476822143,2026-03-31,3111,True,passed,3111,0,0,4,2025,00126478,-2.021085291772001,-2.021085291772001,343.0,-0.8008137266123234,-1.1046013472749998,329.0,1.0,-1.1046013472749998,-0.20933541397862032,-1.2388522416835523,336.0,1.0,-0.3097130604208881,1.2948593154660089,1.52113369896325,55.0,1.0,-0.5323967946371375,-0.005049498476822143,-0.7437408943897584,309.0,1.0,-0.07437408943897585,0,0.0,1.0,1.0,-0.0,0
347700,2025,4,202504,스피어,01336762,CFS,CFS,95356892120.0,63634142976.0,31722749144.0,0.4985177400120628,0.40447644621772794,74542092665.0,56.60930170506071,56.90677201252555,1,1,1,,10041828200.0,-3.119645663820169,-2.8250676460820974,1,1,1,,3483372976.0,,,1,0,0,missing_ttm_yoy,3897608512.0,43.32434729737898,44.36226946395921,1,1,1,,-2894657947.0,-16.21600348267404,-20.57102139759591,1,1,1,,95356892120.0,0.0408739046056066,-0.030356043308933295,0.13471352682744006,0.1053078385499714,21,20204,20254,0,0,3897608512.0,0.0408739046056066,2026-03-31,58222,True,passed,58222,0,0,4,2025,01336762,-2.029899665935969,-2.029899665935969,344.0,-2.8250676460820974,-3.0,358.0,1.0,-3.0,56.90677201252555,3.0,1.0,1.0,0.75,0.40447644621772794,-0.3905730974535423,259.0,1.0,0.13670058410873978,0.0408739046056066,0.83399749955291,83.0,1.0,0.08339974995529101,0,0.0,1.0,1.0,-0.0,0
067310,2025,4,202504,하나마이크론,00445054,CFS,CFS,2017838854218.0,652675603467.0,1365163250751.0,2.0916413046531535,1.1287021164450526,1102022835644.0,0.17413605234153584,-0.11409564781811987,1,1,1,,89299486241.0,-0.0002954758020446979,-1.1239918311473387,1,1,1,,43789746771.0,-4.051560134074255,45.987507335739416,1,1,1,,66529841240.0,6.011014743857649,6.494390963705109,1,1,1,,25842006139.0,4.1988428796803845,5.120945931606995,1,1,1,,2017838854218.0,0.03297083961929319,0.012806773982461992,0.08103233740053596,0.044255013751138925,40,20161,20254,0,0,66529841240.0,0.03297083961929319,2026-03-31,2611,True,passed,2611,0,0,4,2025,00445054,-2.093401649981383,-2.093401649981383,345.0,-1.1239918311473387,-1.5741451078641042,342.0,1.0,-1.5741451078641042,-0.11409564781811987,-0.6718809449598069,308.0,1.0,-0.16797023623995172,1.1287021164450526,1.164383970714193,68.0,1.0,-0.40753438974996753,0.03297083961929319,0.5624808387264053,109.0,1.0,0.056248083872640534,0,0.0,1.0,1.0,-0.0,0
181710,2025,4,202504,NHN,00983271,CFS,CFS,3851415641250.0,1770817089443.0,2080598551807.0,1.1749370187416928,0.7769997072210172,1890631649569.0,0.02321267073018407,-0.06492123480337608,1,1,1,,104796701867.0,0.29748699368366127,-1.2075034648004634,1,1,1,,33906232274.0,-1.4118395955169685,-3.060834313038206,1,1,1,,-164421277578.0,-2.6847093386529908,-2.4118825455602213,1,1,1,,42936277495.0,1.93879554837818,2.750822343604684,1,1,1,,3851415641250.0,-0.04269112785880365,0.011148180693648731,0.055429465539144074,0.02720991750269457,40,20161,20254,0,0,-164421277578.0,-0.04269112785880365,2026-03-31,5821,True,passed,5821,0,0,4,2025,00983271,-2.1371991951343556,-2.1371991951343556,346.0,-1.2075034648004634,-1.6954787191706193,343.0,1.0,-1.6954787191706193,-0.06492123480337608,-0.37914103350713263,275.0,1.0,-0.09478525837678316,0.7769997072210172,0.4092572614622602,148.0,1.0,-0.14324004151179107,-0.04269112785880365,-2.03695176075162,379.0,1.0,-0.20369517607516202,0,0.0,1.0,1.0,-0.0,0
348340,2025,4,202504,뉴로메카,01336461,CFS,CFS,91375484748.0,13894569938.0,77480914810.0,5.576344943077287,1.8834791112256908,14480664643.0,-0.239370798624024,-1.0262924038879704,1,1,1,,-11704615110.0,-0.12243064003761417,-0.3030620689560869,1,1,1,,-17698462399.0,0.7752669655640276,1.045101190974316,1,1,1,,218823196.0,-1.1153488980781923,-1.2225580719117237,1,1,1,,136373779.0,-0.976791697757476,-4.5246676431578665,1,1,1,,91375484748.0,0.002394769194423229,0.0014924547801426018,-0.8082926715423969,-0.12809360346792784,13,20224,20254,0,0,218823196.0,0.002394769194423229,2026-03-31,29280,True,passed,29280,0,0,4,2025,01336461,-2.1549470693519033,-2.1549470693519033,347.0,-0.3030620689560869,-0.3814205937037211,271.0,1.0,-0.3814205937037211,-1.0262924038879704,-3.0,368.0,1.0,-0.75,1.8834791112256908,2.7849366122080577,33.0,1.0,-0.9747278142728201,0.002394769194423229,-0.48798661375361974,285.0,1.0,-0.04879866137536198,0,0.0,1.0,1.0,-0.0,0
108490,2025,4,202504,로보티즈,00946030,CFS,CFS,319708080737.0,314078968337.0,5629112400.0,0.017922602171693596,0.017763885937066824,29702097866.0,0.2801462407938917,0.2510861529949653,1,1,1,,3121770652.0,-2.9876460631713027,-2.402755795177578,1,1,1,,4387814267.0,-3.8569298367360476,-5.075947883287413,1,1,1,,1012921731.0,-0.49569079267910354,3.924637399305344,1,1,1,,1688744706.0,3.670159544903383,4.2254091143639485,1,1,1,,319708080737.0,0.0031682706569849113,0.005282145831619452,0.10510269901081606,0.009764440876200585,29,20184,20254,0,0,1012921731.0,0.0031682706569849113,2026-03-31,29299,True,passed,29299,0,0,4,2025,00946030,-2.243316989581397,-2.243316989581397,348.0,-2.402755795177578,-3.0,358.0,1.0,-3.0,0.2510861529949653,1.5020807046098228,67.0,1.0,0.3755201761524557,0.017763885937066824,-1.2208687548401533,399.0,1.0,0.42730406419405365,0.0031682706569849113,-0.46141229927906113,280.0,1.0,-0.04614122992790612,0,0.0,1.0,1.0,-0.0,0
036930,2025,4,202504,주성엔지니어링,00252135,CFS,CFS,887892914256.0,590456566398.0,297436347858.0,0.5037395886245621,0.40795506467484455,251919130087.0,-0.03916899051069611,-0.3588601301862452,1,1,1,,27901990248.0,-0.38029712526683224,-1.3588746353089278,1,1,1,,28059878818.0,-0.605971127375853,-1.9763835747770238,1,1,1,,23686128018.0,-0.6637882679929741,-1.1373893380048936,1,1,1,,,,,0,0,0,missing_ttm_yoy,887892914256.0,0.026676784596087837,,0.11075772704662833,0.03142494978843272,40,20161,20254,0,0,23686128018.0,0.026676784596087837,2026-03-31,29229,True,passed,29229,0,0,4,2025,00252135,-2.278941019945193,-2.278941019945193,349.0,-1.3588746353089278,-1.91540509304295,347.0,1.0,-1.91540509304295,-0.3588601301862452,-2.128986958075233,358.0,1.0,-0.5322467395188083,0.40795506467484455,-0.3831042896223391,257.0,1.0,0.1340865013678187,0.026676784596087837,0.3462431124874637,140.0,1.0,0.03462431124874637,0,0.0,1.0,1.0,-0.0,0
039130,2025,4,202504,하나투어,00269940,CFS,CFS,657531604606.0,167123092679.0,490408511927.0,2.9344150115085963,1.3697622079230503,463616364068.0,0.014002967816272971,-0.5907368929000838,1,1,1,,49346187763.0,0.2687773168817569,-0.5979761349639157,1,1,1,,38929707267.0,-0.5445248409313512,-1.532690752140508,1,1,1,,-26556603090.0,2.0347172195747403,3.2488009378562532,1,1,1,,744314299.0,-0.6218711973111171,-1.5580171921721455,1,1,1,,657531604606.0,-0.04038832947948259,0.0011319825446960852,0.10643754532305992,0.07504762876389609,40,20161,20254,0,0,-26556603090.0,-0.04038832947948259,2026-03-31,75210,True,passed,75210,0,0,4,2025,00269940,-2.344367580286769,-2.344367580286769,350.0,-0.5979761349639157,-0.8098996820478264,313.0,1.0,-0.8098996820478264,-0.5907368929000838,-3.0,368.0,1.0,-0.75,1.3697622079230503,1.681954817076511,50.0,1.0,-0.5886841859767789,-0.04038832947948259,-1.9578371226216353,374.0,1.0,-0.19578371226216354,0,0.0,1.0,1.0,-0.0,0
377300,2025,4,202504,카카오페이,01244601,CFS,CFS,5339580904646.0,1950906550511.0,3388674354135.0,1.7369742047600416,1.006853005374028,720021032732.0,0.24136037473117988,0.29875122169219304,1,1,1,,34565884687.0,-1.6913327609918594,-1.7536947113846209,1,1,1,,36541997837.0,5.098780530969341,6.505663742180761,1,1,1,,88832120644.0,-3.176142272439776,2.514581952763846,1,1,1,,6934038557.0,0.7792345226328492,1.3589302982657339,1,1,1,,5339580904646.0,0.016636534258092552,0.0012986110110189833,0.04800677079646618,0.0064735201702673,17,20214,20254,0,0,88832120644.0,0.016636534258092552,2026-03-31,66199,True,passed,66199,0,0,4,2025,01244601,-2.358416351065781,-2.358416351065781,351.0,-1.7536947113846209,-2.489037095567958,355.0,1.0,-2.489037095567958,0.29875122169219304,1.785835347204712,58.0,1.0,0.446458836801178,1.006853005374028,0.9027664331165921,88.0,1.0,-0.3159682515908072,0.016636534258092552,0.0013015929180642317,199.0,1.0,0.00013015929180642318,0,0.0,1.0,1.0,-0.0,0
000400,2025,4,202504,롯데손해보험,00113562,CFS,OFS,14410299000000.0,613504000000.0,13796795000000.0,22.488516782286666,2.3978952727983707,781641000000.0,-0.1737621900514612,-0.36383281125709566,1,1,1,,-3289000000.0,-1.4568079354614538,-0.5019225909835198,1,1,1,,-200000000.0,-1.03299019806056,-0.08347614810399262,1,1,1,,-369125000000.0,2.190147523846228,3.3445047462837705,1,1,1,,4683000000.0,-0.17551470725949847,-0.18246763913770603,1,1,1,,14410299000000.0,-0.025615360236453107,0.00032497590785590224,-0.004207814073212639,-0.0002282395389575192,10,20233,20254,0,0,-369125000000.0,-0.025615360236453107,2026-03-31,65121,True,passed,65121,0,0,4,2025,00113562,-2.4050213381892354,-2.4050213381892354,352.0,-0.5019225909835198,-0.6703439954911604,304.0,1.0,-0.6703439954911604,-0.36383281125709566,-2.1585897967695495,360.0,1.0,-0.5396474491923874,2.3978952727983707,3.0,1.0,1.0,-1.0499999999999998,-0.025615360236453107,-1.4502989350568756,359.0,1.0,-0.14502989350568757,0,0.0,1.0,1.0,-0.0,0
316140,2025,4,202504,우리금융지주,01350869,CFS,CFS,601457286000000.0,37859248000000.0,563598038000000.0,14.886667532329222,2.3978952727983707,514368000000.0,-0.7604439700219637,-0.8761019918542708,1,1,1,,2686778000000.0,-0.12715058854793226,-0.47676122664897047,1,1,1,,1936004000000.0,-0.1412678072345377,-0.4606264366176407,1,1,1,,11774103000000.0,5.604939019567255,6.323212705255044,1,1,1,,270840000000.0,1.9345670852610706,2.3640189960930336,1,1,1,,601457286000000.0,0.019575958715711692,0.0004503062915759574,5.22345480278711,0.004467113563239801,10,20233,20254,0,0,11774103000000.0,0.019575958715711692,2026-03-31,64992,True,passed,64992,0,0,4,2025,01350869,-2.4235583749048546,-2.4235583749048546,353.0,-0.47676122664897047,-0.633787182187873,296.0,1.0,-0.633787182187873,-0.8761019918542708,-3.0,368.0,1.0,-0.75,2.3978952727983707,3.0,1.0,1.0,-1.0499999999999998,0.019575958715711692,0.10228807283018294,182.0,1.0,0.010228807283018296,0,0.0,1.0,1.0,-0.0,0
066970,2025,4,202504,엘앤에프,00398701,CFS,CFS,3134104265112.0,676823890646.0,2457280374466.0,3.630605255557142,1.5326875842967715,1502642930436.0,-0.03419837589617625,0.5066769983717373,1,1,1,,-178971966869.0,-0.6319484925526961,-1.683278824351323,1,1,1,,-416387952902.0,0.3706980864870153,0.16224034346346317,1,1,1,,-20562059887.0,-1.3217679047283841,-0.6666094153953108,1,1,1,,64811372307.0,1.4200927979769773,2.255996455666328,1,1,1,,3134104265112.0,-0.0065607453191303435,0.02067939252323627,-0.11910478746741937,-0.057104662681860166,40,20161,20254,0,0,-20562059887.0,-0.0065607453191303435,2026-03-31,28202,True,passed,28202,0,0,4,2025,00398701,-2.4274143026894683,-2.4274143026894683,354.0,-1.683278824351323,-2.386730225334891,353.0,1.0,-2.386730225334891,0.5066769983717373,3.0,1.0,1.0,0.75,1.5326875842967715,2.0317656232809997,46.0,1.0,-0.7111179681483498,-0.0065607453191303435,-0.7956610920622731,319.0,1.0,-0.07956610920622731,0,0.0,1.0,1.0,-0.0,0
000210,2025,4,202504,DL,00109693,CFS,CFS,12182144221519.0,4921075694028.0,7261068527491.0,1.4755043366438585,0.9064441476432389,3938731329583.0,2.0372133717059913,2.6917038639961555,1,1,1,,189162727330.0,-8.872075020597645,-7.698811223352643,1,1,1,,-121274414533.0,-4.863987525809813,-3.415927283939987,1,1,1,,361380871482.0,-0.05342786319106285,-1.2777841781151427,1,1,1,,38153421440.0,-0.6948274042314768,0.09930990910605053,1,1,1,,12182144221519.0,0.029664799965480885,0.0031319134584373376,0.048026308854639994,0.015527867991897175,40,20161,20254,0,0,361380871482.0,0.029664799965480885,2026-03-31,20111,True,passed,20111,0,0,4,2025,00109693,-2.445623955916788,-2.445623955916788,355.0,-7.698811223352643,-3.0,358.0,1.0,-3.0,2.6917038639961555,3.0,1.0,1.0,0.75,0.9064441476432389,0.6871824384397233,111.0,1.0,-0.24051385345390314,0.029664799965480885,0.4488989753711529,120.0,1.0,0.044889897537115295,0,0.0,1.0,1.0,-0.0,0
023590,2025,4,202504,다우기술,00176914,CFS,CFS,82950227249756.0,7494224568073.0,75456002681683.0,10.068553723775734,2.3978952727983707,14029398276138.0,0.5895420463576362,0.44024579304994416,1,1,1,,1132483082791.0,0.2772662114841382,-1.26337228411913,1,1,1,,826742808019.0,0.30356017338589636,-1.1684170755282248,1,1,1,,-5741954463547.0,7.119394177444679,7.587182156525882,1,1,1,,58845114945.0,1.5557058923247773,1.6978151953977956,1,1,1,,82950227249756.0,-0.06922168454413595,0.000709402697208079,0.08072214221170068,0.013652561546108739,40,20161,20254,0,0,-5741954463547.0,-0.06922168454413595,2026-03-31,631,True,passed,631,0,0,4,2025,00176914,-2.464451975352168,-2.464451975352168,356.0,-1.26337228411913,-1.7766502315795536,345.0,1.0,-1.7766502315795536,0.44024579304994416,2.6281658551028544,41.0,1.0,0.6570414637757136,2.3978952727983707,3.0,1.0,1.0,-1.0499999999999998,-0.06922168454413595,-2.9484320754832813,394.0,1.0,-0.29484320754832816,0,0.0,1.0,1.0,-0.0,0
272290,2025,4,202504,이녹스첨단소재,01237540,CFS,CFS,1087951647205.0,522325372644.0,565626274561.0,1.0829002460627402,0.7337612715798807,326919248178.0,0.01500005413455252,-0.11483083705583397,1,1,1,,61293964683.0,-0.10351459141982444,-1.6711772472319568,1,1,1,,38311216895.0,-0.3807556447129845,-2.834463991229976,1,1,1,,55568823021.0,0.630974979392847,0.7534581633494652,1,1,1,,34318984454.0,-0.551605769653859,-0.641706847797477,1,1,1,,1087951647205.0,0.05107655580444129,0.03154458614237785,0.1874896171596077,0.05633886840510526,35,20172,20254,0,0,55568823021.0,0.05107655580444129,2026-03-31,2629,True,passed,2629,0,0,4,2025,01237540,-2.53050805067723,-2.53050805067723,357.0,-1.6711772472319568,-2.3691479078760347,351.0,1.0,-2.3691479078760347,-0.11483083705583397,-0.6762575957250099,309.0,1.0,-0.16906439893125247,0.7337612715798807,0.3164216801225418,163.0,1.0,-0.11074758804288962,0.05107655580444129,1.1845184417294659,53.0,1.0,0.11845184417294659,0,0.0,1.0,1.0,-0.0,0
096530,2025,4,202504,씨젠,00788773,CFS,CFS,1235797418831.0,1015815702896.0,219981715935.0,0.21655671920393801,0.19602450706529162,360687962580.0,0.18092836651724942,0.07225367669925009,1,1,1,,24940227995.0,-2.1474155810746085,-2.2364402569430535,1,1,1,,33841771639.0,-2.5372434049313553,2.5294657494889554,1,1,1,,45805532832.0,6.763318217803471,7.546973828264635,1,1,1,,11788813123.0,-0.1472408918807513,-0.8526672595717231,1,1,1,,1235797418831.0,0.037065567652123474,0.009539438214842367,0.0691462720757372,0.020181485747552505,40,20161,20254,0,1,45805532832.0,0.037065567652123474,2026-03-31,2130,True,passed,2130,1,0,4,2025,00788773,-2.555095658147606,-2.555095658147606,358.0,-2.2364402569430535,-3.0,358.0,1.0,-3.0,0.07225367669925009,0.43747413248919986,124.0,1.0,0.10936853312229997,0.19602450706529162,-0.8381322347271636,353.0,1.0,0.29334628215450725,0.037065567652123474,0.7031587762597752,98.0,0.6,0.04218952657558651,0,0.0,1.0,0.6,-0.0,0
016360,2025,4,202504,삼성증권,00104856,CFS,CFS,79683213004622.0,8068055959870.0,71615157044752.0,8.876383282535627,2.2901463802211186,11506102352.0,-0.27769687966557755,-1.1342742241799533,1,1,1,,973860768043.0,0.10461380434170753,-0.5287171627102913,1,1,1,,698052367809.0,0.059703056488710216,-0.602091802251125,1,1,1,,-3060187551204.0,-4.549700237297239,-2.8566351090552446,1,1,1,,11547364339.0,-0.38303073917375663,-0.9203365582334131,1,1,1,,79683213004622.0,-0.03840441964892272,0.00014491589763492843,84.63863246216671,0.012221655369073929,10,20233,20254,0,0,-3060187551204.0,-0.03840441964892272,2026-03-31,66121,True,passed,66121,0,0,4,2025,00104856,-2.698241504937189,-2.698241504937189,359.0,-0.5287171627102913,-0.709273687185666,306.0,1.0,-0.709273687185666,-1.1342742241799533,-3.0,368.0,1.0,-0.75,2.2901463802211186,3.0,1.0,1.0,-1.0499999999999998,-0.03840441964892272,-1.8896781775152294,373.0,1.0,-0.18896781775152294,0,0.0,1.0,1.0,-0.0,0
005930,2025,4,202504,삼성전자,00126380,CFS,CFS,566942110000000.0,436320337000000.0,130621773000000.0,0.2993712690499687,0.26188050828400256,247544191000000.0,0.11620943587097132,-0.04168330706387158,1,1,1,,31434989000000.0,0.33523919840595284,-4.360398964655245,1,1,1,,32981058000000.0,0.35443337036071654,-1.1707793528689163,1,1,1,,28799652000000.0,0.30775123056109877,0.2036139453988175,1,1,1,,12759490000000.0,-0.18955302253227924,-0.18049774206135205,1,1,1,,566942110000000.0,0.05079822347293977,0.022505807515338736,0.12698738303255114,0.05544655873242508,40,20161,20254,0,0,28799652000000.0,0.05079822347293977,2026-03-31,264,True,passed,264,0,0,4,2025,00126380,-2.6988478840272183,-2.6988478840272183,360.0,-4.360398964655245,-3.0,358.0,1.0,-3.0,-0.04168330706387158,-0.2408034613480797,252.0,1.0,-0.060200865337019925,0.26188050828400256,-0.6967353486651788,320.0,1.0,0.24385737203281257,0.05079822347293977,1.1749560927698883,55.0,1.0,0.11749560927698884,0,0.0,1.0,1.0,-0.0,0
240810,2025,4,202504,원익IPS,01135941,CFS,CFS,1164636219440.0,970015555952.0,194620663488.0,0.20063664164333314,0.18285195081295302,641357450506.0,0.13798693501246362,0.03382788129769598,1,1,1,,46275050562.0,-13.09973627176934,-12.325689757409988,1,1,1,,55747530170.0,3.532876766929755,5.2338593155516335,1,1,1,,-4910846791.0,-1.2549762760784289,0.7625703156740895,1,1,1,,9193148455.0,0.9785413958243341,1.5922109541307994,1,1,1,,1164636219440.0,-0.004216635812134811,0.007893579386892505,0.07215173149620578,0.03973348054060241,39,20162,20254,0,0,-4910846791.0,-0.004216635812134811,2026-03-31,292,True,passed,292,0,0,4,2025,01135941,-2.7160871957733748,-2.7160871957733748,361.0,-12.325689757409988,-3.0,358.0,1.0,-3.0,0.03382788129769598,0.20872175388984882,163.0,1.0,0.052180438472462204,0.18285195081295302,-0.8664145233734384,361.0,1.0,0.3032450831807034,-0.004216635812134811,-0.7151271742654025,307.0,1.0,-0.07151271742654025,0,0.0,1.0,1.0,-0.0,0
293490,2025,4,202504,카카오게임즈,01137383,CFS,CFS,2676774444103.0,1197974368242.0,1478800075861.0,1.234417125327235,0.8039804000158223,337550858875.0,-0.22102716286987567,0.355854034447759,1,1,1,,-34144114726.0,-3.5417117052456386,-2.8002753494966077,1,1,1,,-177699303084.0,,,1,0,0,missing_ttm_yoy,-21349453413.0,0.08367367779747648,2.5249684843849627,1,1,1,,511380783.0,-0.8425009166920466,-0.17836179821958642,1,1,1,,2676774444103.0,-0.007975813374949604,0.0001910436585819117,-0.1011525043657023,-0.012755693630152635,22,20203,20254,0,0,-21349453413.0,-0.007975813374949604,2026-03-31,5821,True,passed,5821,0,0,4,2025,01137383,-2.7164995202247084,-2.7164995202247084,362.0,-2.8002753494966077,-3.0,358.0,1.0,-3.0,0.355854034447759,2.1257737689353595,52.0,1.0,0.5314434422338399,0.8039804000158223,0.46718646873846154,141.0,1.0,-0.16351526405846153,-0.007975813374949604,-0.8442769840008673,325.0,1.0,-0.08442769840008674,0,0.0,1.0,1.0,-0.0,0
285130,2025,4,202504,SK케미칼,01267170,CFS,CFS,6087624380520.0,3140439052968.0,2947185327552.0,0.9384628320573973,0.6618953043868152,1755248029658.0,0.3394437144840454,0.21686438026543908,1,1,1,,-15779155699.0,-0.517796750287896,-575.8113098395036,1,1,1,,-20580096991.0,-4.124855608550552,-2.6753852270278258,1,1,1,,80448561380.0,1.936279919172958,2.7264727095159182,1,1,1,,142380145929.0,0.18560464455272152,-12.113193772375277,1,1,1,,6087624380520.0,0.013215099413398457,0.023388457800485714,-0.008989701416770414,-0.0025920054708848768,33,20174,20254,0,0,80448561380.0,0.013215099413398457,2026-03-31,20202,True,passed,20202,0,0,4,2025,01267170,-2.743778019608962,-2.743778019608962,363.0,-575.8113098395036,-3.0,358.0,1.0,-3.0,0.21686438026543908,1.298355268871701,75.0,1.0,0.32458881721792526,0.6618953043868152,0.1621210273819514,179.0,1.0,-0.05674235958368298,0.013215099413398457,-0.11624477243203722,220.0,1.0,-0.011624477243203722,0,0.0,1.0,1.0,-0.0,0
010950,2025,4,202504,S-Oil,00138279,CFS,CFS,26556957000000.0,8887401000000.0,17669556000000.0,1.9881578427709068,1.094657091434556,25831590000000.0,-0.07068603972139131,-0.11069290315709246,1,1,1,,6415000000.0,-0.9923368672539943,-1.6811035052744179,1,1,1,,113746000000.0,7.652517876160049,8.619930520430861,1,1,1,,1857589000000.0,0.2750529902421077,0.4257278753516115,1,1,1,,6573081000000.0,-2.3993085078526786,4.004417542867166,1,1,1,,26556957000000.0,0.0699473588031942,0.24750881661630134,0.00024833933954510734,0.0002415562897511187,40,20161,20254,0,0,1857589000000.0,0.0699473588031942,2026-03-31,19210,True,passed,19210,0,0,4,2025,00138279,-2.7451421331176387,-2.7451421331176387,364.0,-1.6811035052744179,-2.3835697157412086,352.0,1.0,-2.3835697157412086,-0.11069290315709246,-0.651624085554763,306.0,1.0,-0.16290602138869076,1.094657091434556,1.0912872075748772,71.0,1.0,-0.381950522651207,0.0699473588031942,1.832841266634678,25.0,1.0,0.18328412666346783,0,0.0,1.0,1.0,-0.0,0
137400,2025,4,202504,피엔티,00612294,CFS,CFS,1718145213481.0,698214719151.0,1019930494330.0,1.460769110640052,0.9004739476821543,637351474036.0,-0.2359669795232775,-1.1919896079647905,1,1,1,,82181247940.0,-0.37863114402288855,-1.2402219561222374,1,1,1,,57323731154.0,-0.5383555079108777,-1.583721169821377,1,1,1,,13285729507.0,0.16672219763258345,4.899976902605588,1,1,1,,22306545837.0,0.46903482387143103,0.4977916425893727,1,1,1,,1718145213481.0,0.007732599900611904,0.012982922317611587,0.12894180258122082,0.047831374958987885,40,20161,20254,0,0,13285729507.0,0.007732599900611904,2026-03-31,292,True,passed,292,0,0,4,2025,00612294,-2.7595027409228927,-2.7595027409228927,365.0,-1.2402219561222374,-1.7430152423460723,344.0,1.0,-1.7430152423460723,-1.1919896079647905,-3.0,368.0,1.0,-0.75,0.9004739476821543,0.6743640518380037,113.0,1.0,-0.2360274181433013,0.007732599900611904,-0.30460080433519054,255.0,1.0,-0.030460080433519054,0,0.0,1.0,1.0,-0.0,0
099320,2025,4,202504,쎄트렉아이,00449254,CFS,CFS,411001934412.0,237002942111.0,173998992301.0,0.7341638494070163,0.5505253660551561,156478513734.0,0.22636073716254712,-0.043068932406425287,1,1,1,,7724354282.0,-3.003096043857827,-4.190280011339501,1,1,1,,12187629847.0,1.163483993074729,2.0320515152581002,1,1,1,,37603358541.0,-0.35362907125365495,-1.5563684726759905,1,1,1,,12608903300.0,0.6371837389246726,0.9846086484375584,1,1,1,,411001934412.0,0.09149192593168023,0.030678452445823474,0.049363673629535726,0.018793960892302973,40,20161,20254,0,0,37603358541.0,0.09149192593168023,2026-03-31,3131,True,passed,3131,0,0,4,2025,00449254,-2.7780117182723654,-2.7780117182723654,366.0,-4.190280011339501,-3.0,358.0,1.0,-3.0,-0.043068932406425287,-0.24905221949724432,256.0,1.0,-0.06226305487431108,0.5505253660551561,-0.07699708166803669,216.0,1.0,0.02694897858381284,0.09149192593168023,2.5730235801813297,15.0,1.0,0.257302358018133,0,0.0,1.0,1.0,-0.0,0
018290,2025,4,202504,브이티,00150165,CFS,CFS,353501351205.0,253256712469.0,100244638736.0,0.39582223807106587,0.3334836596068734,326964499999.0,-0.001808329494383476,-0.5513062643267571,1,1,1,,70745307677.0,-0.11640495177206645,-1.6851560525125204,1,1,1,,55409922624.0,-0.21675372212935917,-2.391171377726956,1,1,1,,21837840442.0,2.4968621578558348,3.0270464805292243,1,1,1,,2376866807.0,-11.405413817734985,-10.353947832377164,1,1,1,,353501351205.0,0.06177583301325475,0.006723784220054153,0.21636999636723978,0.20012740385813654,40,20161,20254,0,0,21837840442.0,0.06177583301325475,2026-03-31,204,True,passed,204,0,0,4,2025,00150165,-2.794197857817749,-2.794197857817749,367.0,-1.6851560525125204,-2.389457640212086,354.0,1.0,-2.389457640212086,-0.5513062643267571,-3.0,368.0,1.0,-0.75,0.3334836596068734,-0.5429989777662657,284.0,1.0,0.19004964221819298,0.06177583301325475,1.5521014017614423,33.0,1.0,0.15521014017614423,0,0.0,1.0,1.0,-0.0,0
042000,2025,4,202504,카페24,00260879,CFS,CFS,415599634562.0,265915892693.0,149683741869.0,0.5628988186945635,0.44654231402374134,237990429803.0,0.053104968017780196,-0.006131146331991966,1,1,1,,30183452088.0,0.1964796977373955,-50.10247458586724,1,1,1,,31548442447.0,0.6960826178685695,2.5625903684824234,1,1,1,,19126187538.0,-0.14742048424025456,-0.686362291206465,1,1,1,,2597082757.0,0.5002200822627008,0.9195556325213957,1,1,1,,415599634562.0,0.046020703454556854,0.006249001541440388,0.12682632706275115,0.07262627196438781,33,20174,20254,0,0,19126187538.0,0.046020703454556854,2026-03-31,63112,True,passed,63112,0,0,4,2025,00260879,-2.8011182187881074,-2.8011182187881074,368.0,-50.10247458586724,-3.0,358.0,1.0,-3.0,-0.006131146331991966,-0.029158100548730137,216.0,1.0,-0.007289525137182534,0.44654231402374134,-0.30025509139192536,241.0,1.0,0.10508928198717386,0.046020703454556854,1.0108202436190121,64.0,1.0,0.10108202436190122,0,0.0,1.0,1.0,-0.0,0
278280,2025,4,202504,천보,00897752,CFS,CFS,849544747385.0,467388735135.0,382156012250.0,0.8176406137379809,0.5975392940012515,103224150149.0,-0.03859613308443821,0.1561604379479009,1,1,1,,3158458473.0,-1.133362130606454,-2.7969661130545136,1,1,1,,-56540850255.0,1.095999092210124,1.4268577212599034,1,1,1,,-7838719017.0,-2.348671547090084,-2.0744608902109394,1,1,1,,7210819197.0,-0.6006066955244564,0.020457594284110536,1,1,1,,849544747385.0,-0.009226964254830028,0.008487862727885449,0.030598057416223717,0.0037178247322723276,29,20184,20254,0,1,-7838719017.0,-0.009226964254830028,2026-03-31,201,True,passed,201,1,0,4,2025,00897752,-2.827371585477176,-2.827371585477176,369.0,-2.7969661130545136,-3.0,358.0,1.0,-3.0,0.1561604379479009,0.9369789837386926,95.0,1.0,0.23424474593467315,0.5975392940012515,0.0239447139178103,199.0,1.0,-0.008380649871233605,-0.009226964254830028,-0.8872613590102573,330.0,0.6,-0.05323568154061544,0,0.0,1.0,0.6,-0.0,0
272210,2025,4,202504,한화시스템,00339391,CFS,CFS,10327265554498.0,5000999101579.0,5326266452919.0,1.0650404738599735,0.7251498261531104,2856413983603.0,0.31965602302736795,0.13831812287543643,1,1,1,,97377730818.0,-0.40018618841577125,-2.3233395816473434,1,1,1,,57348874200.0,-0.8688371937309745,-1.3169855165998854,1,1,1,,265884290022.0,0.7226408130579032,1.1395921194792589,1,1,1,,97572843947.0,-0.02819887879797478,-1.6409549422921794,1,1,1,,10327265554498.0,0.025745855823974154,0.0094480812401016,0.0340909025711919,0.009429188230333393,25,20194,20254,0,0,265884290022.0,0.025745855823974154,2026-03-31,26299,True,passed,26299,0,0,4,2025,00339391,-2.8651598068746527,-2.8651598068746527,370.0,-2.3233395816473434,-3.0,358.0,1.0,-3.0,0.13831812287543643,0.8307620018937254,101.0,1.0,0.20769050047343135,0.7251498261531104,0.2979323770172071,168.0,1.0,-0.10427633195602248,0.025745855823974154,0.31426024607938513,146.0,1.0,0.031426024607938516,0,0.0,1.0,1.0,-0.0,0
057050,2025,4,202504,현대홈쇼핑,00412597,CFS,CFS,4972561213000.0,3753823260000.0,1218737953000.0,0.3246657790169908,0.28116018536843035,2915918556000.0,-0.012863992900612686,-0.9072015804442974,1,1,1,,105989365000.0,-0.05269738955158798,-1.6468377746357725,1,1,1,,90176464000.0,-0.38934966734616605,-0.7046694808391092,1,1,1,,56309773000.0,-0.3464867882894622,-3.7275537227778615,1,1,1,,34506818000.0,0.31690184993255577,-4.588347945867627,1,1,1,,4972561213000.0,0.01132409850537118,0.006939445593909876,0.036348534077506656,0.021314843691196204,40,20161,20254,0,0,56309773000.0,0.01132409850537118,2026-03-31,47919,True,passed,47919,0,0,4,2025,00412597,-2.872537148259716,-2.872537148259716,371.0,-1.6468377746357725,-2.3337852167370077,350.0,1.0,-2.3337852167370077,-0.9072015804442974,-3.0,368.0,1.0,-0.75,0.28116018536843035,-0.6553406958837985,308.0,1.0,0.22936924355932947,0.01132409850537118,-0.18121175082037524,231.0,1.0,-0.018121175082037526,0,0.0,1.0,1.0,-0.0,0
093370,2025,4,202504,후성,00595191,CFS,CFS,827498687937.0,389354915544.0,438143772393.0,1.1253068984138368,0.753916214731396,350577315428.0,0.05939830808618973,0.23068673902714854,1,1,1,,19513012526.0,-3.5086666100731487,-2.7053878541341727,1,1,1,,-7379040150.0,-0.9075471243275675,-0.9622997552973411,1,1,1,,-9113320839.0,-2.3494606373586384,-1.8279804654751475,1,1,1,,10444568053.0,-0.18229573152230294,0.3806395825042007,1,1,1,,827498687937.0,-0.011013094004680556,0.012621854518028162,0.05565965528082634,0.023580717178714832,40,20161,20254,0,0,-9113320839.0,-0.011013094004680556,2026-03-31,20129,True,passed,20129,0,0,4,2025,00595191,-2.875595725757881,-2.875595725757881,372.0,-2.7053878541341727,-3.0,358.0,1.0,-3.0,0.23068673902714854,1.3806410722377058,70.0,1.0,0.34516026805942646,0.753916214731396,0.3596955829961177,159.0,1.0,-0.1258934540486412,-0.011013094004680556,-0.9486253976866643,336.0,1.0,-0.09486253976866643,0,0.0,1.0,1.0,-0.0,0
006400,2025,4,202504,삼성SDI,00126362,CFS,CFS,42255338580919.0,23570113159830.0,18685225421089.0,0.7927507727427375,0.583751184818099,10214910044319.0,-0.19291713147454936,0.051925573326588315,1,1,1,,-1131071980153.0,-5.846161001852961,-5.051368125700497,1,1,1,,-590539660010.0,-2.711154188028079,-1.9502020267930467,1,1,1,,332174443658.0,-0.11589920894127193,0.001484415502650882,1,1,1,,669350654943.0,-0.7052579446653031,-1.1159978642055008,1,1,1,,42255338580919.0,0.007861123702082891,0.015840617479876373,-0.11072755171075081,-0.02676755217537771,40,20161,20254,0,1,332174443658.0,0.007861123702082891,2026-03-31,28202,True,passed,28202,1,0,4,2025,00126362,-2.9369156390911355,-2.9369156390911355,373.0,-5.051368125700497,-3.0,358.0,1.0,-3.0,0.051925573326588315,0.31645901880539046,145.0,1.0,0.07911475470134761,0.583751184818099,-0.005659204739590793,203.0,1.0,0.0019807216588567777,0.007861123702082891,-0.3001852575223319,253.0,0.6,-0.018011115451339915,0,0.0,1.0,0.6,-0.0,0
388720,2025,4,202504,유일로보틱스,01152586,CFS,OFS,108220768704.0,89703743459.0,18517025245.0,0.20642421966997834,0.18766079405642253,27622741870.0,0.10156215115011569,-0.11108612145985108,1,1,1,,-8660410841.0,-34.20383929282153,-33.14795573081739,1,1,1,,-23738090602.0,1.5984023625879256,1.1732466810328472,1,1,1,,-897031112.0,-2.2391523650247507,-0.7409030521810682,1,1,1,,537623441.0,-0.8344653174020287,-0.5545379517750852,1,1,1,,108220768704.0,-0.008288899836347627,0.004967839791181677,-0.31352466318362626,-0.08002540496351047,17,20214,20254,0,0,-897031112.0,-0.008288899836347627,2026-03-31,292,True,passed,292,0,0,4,2025,01152586,-2.9493631975308077,-2.9493631975308077,374.0,-33.14795573081739,-3.0,358.0,1.0,-3.0,-0.11108612145985108,-0.653964951140624,307.0,1.0,-0.163491237785156,0.18766079405642253,-0.8560896410908254,360.0,1.0,0.2996313743817889,-0.008288899836347627,-0.8550333412744054,326.0,1.0,-0.08550333412744054,0,0.0,1.0,1.0,-0.0,0
099190,2025,4,202504,아이센스,00550994,CFS,CFS,577662983387.0,338321041461.0,239341941926.0,0.7074403084491279,0.534995353403213,236717751850.0,0.07785887786837753,-0.0308759171656674,1,1,1,,6970627079.0,-6.9839448437327665,-5.88156516355821,1,1,1,,-5874133968.0,1.2314755210228072,2.8489560642784513,1,1,1,,13305670077.0,4.984417096854199,5.4686396934859385,1,1,1,,8425121219.0,1.122342819708932,1.7086427898031356,1,1,1,,577662983387.0,0.02303362074368194,0.014584838324936717,0.029446997635466942,0.012066944359372413,40,20161,20254,0,1,13305670077.0,0.02303362074368194,2026-03-31,27112,True,passed,27112,1,0,4,2025,00550994,-2.9922324286334776,-2.9922324286334776,375.0,-5.88156516355821,-3.0,358.0,1.0,-3.0,-0.0308759171656674,-0.1764660515474535,240.0,1.0,-0.04411651288686338,0.534995353403213,-0.11034097423441504,222.0,1.0,0.03861934098204526,0.02303362074368194,0.22107905452233972,162.0,0.6,0.013264743271340383,0,0.0,1.0,0.6,-0.0,0
007810,2025,4,202504,코리아써키트,00152686,CFS,CFS,1392548104186.0,790594031363.0,601954072823.0,0.7613946588810178,0.5661059150699985,1134073318420.0,0.0642492674623969,-0.020979720005812608,1,1,1,,40551606155.0,-2.7240185388775657,-2.482089098881805,1,1,1,,40166214752.0,-1.343965602845432,-4.175898398986647,1,1,1,,29702516498.0,-0.17807268952236366,129.93043417974988,1,1,1,,32543828660.0,1.8895444934011612,2.256676216109219,1,1,1,,1392548104186.0,0.021329616125083384,0.023369985253775608,0.03575748189852206,0.02912043471468013,40,20161,20254,0,0,29702516498.0,0.021329616125083384,2026-03-31,2622,True,passed,2622,0,0,4,2025,00152686,-2.997893975328911,-2.997893975328911,376.0,-2.482089098881805,-3.0,358.0,1.0,-3.0,-0.020979720005812608,-0.11755305792563848,233.0,1.0,-0.02938826448140962,0.5661059150699985,-0.04354468442152858,211.0,1.0,0.015240639547535004,0.021329616125083384,0.1625364960496371,175.0,1.0,0.01625364960496371,0,0.0,1.0,1.0,-0.0,0
090360,2025,4,202504,로보스타,00536523,CFS,CFS,109142421219.0,86810119833.0,22332301386.0,0.2572545853981254,0.22893044322822984,58390181902.0,-0.19018439074119053,-0.16748190061520296,1,1,1,,-4556474287.0,-3.0828775701178897,-3.80063488198547,1,1,1,,-4664381669.0,-2.040183962773927,-13.814868556326394,1,1,1,,-1593430905.0,-1.9024208698789353,-1.106103173977836,1,1,1,,,,,0,0,0,missing_ttm_yoy,109142421219.0,-0.014599556132282398,,-0.07803493906984951,-0.04174796780307077,40,20161,20254,0,1,-1593430905.0,-0.014599556132282398,2026-03-31,29280,True,passed,29280,1,0,4,2025,00536523,-3.0431156610391694,-3.0431156610391694,377.0,-3.80063488198547,-3.0,358.0,1.0,-3.0,-0.16748190061520296,-0.9896943352675348,327.0,1.0,-0.2474235838168837,0.22893044322822984,-0.7674811654200284,341.0,1.0,0.2686184078970099,-0.014599556132282398,-1.0718414186549319,347.0,0.6,-0.06431048511929591,0,0.0,1.0,0.6,-0.0,0
003570,2025,4,202504,SNT다이내믹스,00134477,CFS,CFS,1228607911035.0,866792976548.0,361814934487.0,0.417417935165934,0.348836860881011,560303426012.0,0.2431199249413074,-0.03905432861709013,1,1,1,,65555534382.0,-0.2879726857311913,-2.797436446102674,1,1,1,,44415332493.0,-0.4354766014319733,-1.6178539029785395,1,1,1,,-40133505675.0,-3.9568796283468,-3.2132884479540293,1,1,1,,12169464123.0,-0.46947049454541234,-25.598846178156094,1,1,1,,1228607911035.0,-0.032665836931809154,0.009905083642793931,0.11700005985791706,0.05335757143772167,40,20161,20254,0,0,-40133505675.0,-0.032665836931809154,2026-03-31,303,True,passed,303,0,0,4,2025,00134477,-3.047028496207514,-3.047028496207514,378.0,-2.797436446102674,-3.0,358.0,1.0,-3.0,-0.03905432861709013,-0.22515290508234365,249.0,1.0,-0.05628822627058591,0.348836860881011,-0.5100347101054293,281.0,1.0,0.17851214853690026,-0.032665836931809154,-1.6925241847382837,367.0,1.0,-0.16925241847382838,0,0.0,1.0,1.0,-0.0,0
365340,2025,4,202504,성일하이텍,01274329,CFS,CFS,720705308067.0,154134331511.0,566570976556.0,3.675825956500586,1.5424058223227186,150828913061.0,0.4453791938383258,0.8911968622581006,1,1,1,,-42247326078.0,-0.27289749298885146,-68.33040619181897,1,1,1,,-65413470431.0,-0.31025152243181775,3.429616135628661,1,1,1,,-6094373364.0,-0.6230495964216838,-2.3199595240905335,1,1,1,,6722885259.0,-0.5923434850015276,0.11676577029521795,1,1,1,,720705308067.0,-0.008456123877241432,0.00932820278101103,-0.28010097812555235,-0.0586194185128334,14,20223,20254,0,0,-6094373364.0,-0.008456123877241432,2026-03-31,201,True,passed,201,0,0,4,2025,01274329,-3.054498794207324,-3.054498794207324,379.0,-68.33040619181897,-3.0,358.0,1.0,-3.0,0.8911968622581006,3.0,1.0,1.0,0.75,1.5424058223227186,2.0526312781863822,45.0,1.0,-0.7184209473652338,-0.008456123877241432,-0.8607784684209026,327.0,1.0,-0.08607784684209026,0,0.0,1.0,1.0,-0.0,0
089010,2025,4,202504,켐트로닉스,00371485,CFS,CFS,782385054093.0,262838005656.0,519547048437.0,1.9766815957239399,1.0908091215685072,458577787364.0,0.08075335987144183,0.012565999255859328,1,1,1,,15139564376.0,-0.4886152504301102,-1.8218505791485207,1,1,1,,8693655975.0,-0.48766019518285786,2.293177739777389,1,1,1,,-29038762335.0,-1.4382846987436764,-5.788590911241391,1,1,1,,59495646706.0,-0.28455907055187457,-5.542843683093899,1,1,1,,782385054093.0,-0.03711569154227253,0.07604394587390458,0.03301416857328687,0.019350528613498286,40,20161,20254,0,0,-29038762335.0,-0.03711569154227253,2026-03-31,204,True,passed,204,0,0,4,2025,00371485,-3.1311226170475672,-3.1311226170475672,380.0,-1.8218505791485207,-2.5880603957451767,356.0,1.0,-2.5880603957451767,0.012565999255859328,0.08214776785409708,180.0,1.0,0.02053694196352427,1.0908091215685072,1.0830253795462865,73.0,1.0,-0.37905888284120026,-0.03711569154227253,-1.845402804247149,372.0,1.0,-0.18454028042471493,0,0.0,1.0,1.0,-0.0,0
042700,2025,4,202504,한미반도체,00161383,CFS,CFS,813331626120.0,690327519537.0,123004106583.0,0.17818224408248765,0.1639727796154585,410453262426.0,0.1714125938188491,-1.570105496041904,1,1,1,,183568130453.0,0.17606479646082707,-3.7527024678870378,1,1,1,,148294300129.0,0.2982772054444329,0.8459041941419514,1,1,1,,88360913617.0,0.039314751134645665,-4.072934680576493,1,1,1,,48288157182.0,2.2013348874647187,-8.375844174245657,1,1,1,,813331626120.0,0.1086406956022673,0.05937080968111217,0.4472327235700684,0.22569899479836053,40,20161,20254,0,0,88360913617.0,0.1086406956022673,2026-03-31,29271,True,passed,29271,0,0,4,2025,00161383,-3.132567757118209,-3.132567757118209,381.0,-3.7527024678870378,-3.0,358.0,1.0,-3.0,-1.570105496041904,-3.0,368.0,1.0,-0.75,0.1639727796154585,-0.9069492653765465,366.0,1.0,0.3174322428817913,0.1086406956022673,3.0,1.0,1.0,0.30000000000000004,0,0.0,1.0,1.0,-0.0,0
011200,2025,4,202504,HMM,00164645,CFS,CFS,33563133000000.0,26571277000000.0,6991856000000.0,0.26313586659760463,0.233597412085882,8185051000000.0,0.004517169588932335,-0.29413815357498696,1,1,1,,1164367000000.0,-0.4324291783735935,-3.4632296043452926,1,1,1,,1574932000000.0,-0.22936241298758997,-1.5695927402942127,1,1,1,,611526000000.0,-0.5421571827729645,-1.840895316201758,1,1,1,,819326000000.0,0.1583739451185977,-1.2787416521979487,1,1,1,,33563133000000.0,0.018220170327960743,0.024411487449637077,0.14225531398643698,0.03469184476908041,40,20161,20254,0,0,611526000000.0,0.018220170327960743,2026-03-31,50112,True,passed,50112,0,0,4,2025,00164645,-3.1652405419059684,-3.1652405419059684,382.0,-3.4632296043452926,-3.0,358.0,1.0,-3.0,-0.29413815357498696,-1.7436909364116688,351.0,1.0,-0.4359227341029172,0.233597412085882,-0.7574608961718435,339.0,1.0,0.26511131366014523,0.018220170327960743,0.05570878536804015,188.0,1.0,0.005570878536804016,0,0.0,1.0,1.0,-0.0,0
139480,2025,4,202504,이마트,00872984,CFS,CFS,33503615741472.0,13696908700680.0,19806707040792.0,1.4460713343156526,0.8944832005010754,21569604106513.0,0.002658008209943663,0.01415375373147687,1,1,1,,171091479439.0,-3.6478284508219105,-3.1653694205957956,1,1,1,,-64001627318.0,-0.905717436868815,-3.1758389470350883,1,1,1,,47999567922.0,-0.828921589944343,,1,1,0,missing_prev_yoy,195861171696.0,0.17079760802818922,0.22567841068555894,1,1,1,,33503615741472.0,0.0014326682914579986,0.005845971169420854,0.007932063963442818,0.0051066571667730985,40,20161,20254,0,0,47999567922.0,0.0014326682914579986,2026-03-31,471,True,passed,471,0,0,4,2025,00872984,-3.2607296298188455,-3.2607296298188455,383.0,-3.1653694205957956,-3.0,358.0,1.0,-3.0,0.01415375373147687,0.09159981976697926,179.0,1.0,0.022899954941744814,0.8944832005010754,0.6615015490908966,115.0,1.0,-0.23152554218181381,0.0014326682914579986,-0.5210404257877708,289.0,1.0,-0.05210404257877708,0,0.0,1.0,1.0,-0.0,0
031980,2025,4,202504,피에스케이홀딩스,00208444,CFS,CFS,584879159412.0,506377712478.0,78501446934.0,0.15502547801688757,0.1441224026195433,117209102564.0,-0.33574223057747854,-1.545209422010232,1,1,1,,32162656420.0,-0.5665708831145878,-2.4165991145726484,1,1,1,,52766801397.0,-0.3055345157775571,-1.4741604349336297,1,1,1,,26016088177.0,0.25000012069455946,-2.473437094433434,1,1,1,,813574542.0,-1.0471547852859973,2.8375587256241728,1,1,1,,584879159412.0,0.044481133851913796,0.0013910130475804877,0.27440408395276417,0.05499025893200618,40,20161,20254,0,0,26016088177.0,0.044481133851913796,2026-03-31,29271,True,passed,29271,0,0,4,2025,00208444,-3.3218580646160767,-3.3218580646160767,384.0,-2.4165991145726484,-3.0,358.0,1.0,-3.0,-1.545209422010232,-3.0,368.0,1.0,-0.75,0.1441224026195433,-0.9495692459772123,374.0,1.0,0.33234923609202427,0.044481133851913796,0.9579269929189912,70.0,1.0,0.09579269929189912,0,0.0,1.0,1.0,-0.0,0
096770,2025,4,202504,SK이노베이션,00631518,CFS,CFS,105608481396000.0,36391495746000.0,69216985650000.0,1.9020099127859573,1.0654035703024605,59762834005000.0,0.047369659670771336,0.05328438415884451,1,1,1,,-124790769000.0,-1.1689041048516113,-2.3367270348672924,1,1,1,,-5342146207000.0,1.9938624892726882,-7.218899750111532,1,1,1,,-422459903000.0,1.9800401736256479,3.0342738671744724,1,1,1,,990378101000.0,-0.2601848988666642,0.370508871959528,1,1,1,,105608481396000.0,-0.004000245978501505,0.009377827309971255,-0.0020880999215927326,-0.0011816358624841144,40,20161,20254,0,0,-422459903000.0,-0.004000245978501505,2026-03-31,192,True,passed,192,0,0,4,2025,00631518,-3.3495995887609773,-3.3495995887609773,385.0,-2.3367270348672924,-3.0,358.0,1.0,-3.0,0.05328438415884451,0.3245481476496198,143.0,1.0,0.08113703691240495,1.0654035703024605,1.0284780980346588,79.0,1.0,-0.35996733431213057,-0.004000245978501505,-0.7076929136125206,305.0,1.0,-0.07076929136125207,0,0.0,1.0,1.0,-0.0,0
005090,2025,4,202504,SGC에너지,00125150,CFS,CFS,3334276750783.0,759237085895.0,2575039664888.0,3.391614704717045,1.4796969737463304,1861744562204.0,0.026570723659354423,0.21095821382234037,1,1,1,,70389639807.0,-0.5159791744972586,-2.602479114257487,1,1,1,,-76342677397.0,-4.097538961081446,-1.8455421998141164,1,1,1,,48430004850.0,-2.266767275707835,-10.803199361645955,1,1,1,,4462738070.0,-0.5452872444946849,0.021381300667947745,1,1,1,,3334276750783.0,0.014524890544441763,0.0013384426079664801,0.037808430456039696,0.021110917019851502,40,20161,20254,0,0,48430004850.0,0.014524890544441763,2026-03-31,351,True,passed,351,0,0,4,2025,00125150,-3.3626227829653494,-3.3626227829653494,386.0,-2.602479114257487,-3.0,358.0,1.0,-3.0,0.21095821382234037,1.2631953038496666,82.0,1.0,0.31579882596241665,1.4796969737463304,1.9179915224595407,49.0,1.0,-0.6712970328608392,0.014524890544441763,-0.07124576066926772,214.0,1.0,-0.007124576066926772,0,0.0,1.0,1.0,-0.0,0
097230,2025,4,202504,HJ중공업,00633835,CFS,CFS,2453082000000.0,669588000000.0,1783494000000.0,2.6635692395921073,1.2984378742869975,1547497000000.0,0.08050794794559946,0.22370506488335085,1,1,1,,61280000000.0,-3.388618203079322,-2.7666592563778796,1,1,1,,47503000000.0,-2.0156941563856403,-1.4414745884568694,1,1,1,,-76775000000.0,-4.5448794902576415,-3.1203709738225878,1,1,1,,3251000000.0,2.0241860465116277,2.3614240243168068,1,1,1,,2453082000000.0,-0.03129736388755044,0.0013252716378824678,0.039599430564324196,0.024980820045966665,40,20161,20254,0,0,-76775000000.0,-0.03129736388755044,2026-03-31,41221,True,passed,41221,0,0,4,2025,00633835,-3.3648672630569165,-3.3648672630569165,387.0,-2.7666592563778796,-3.0,358.0,1.0,-3.0,0.22370506488335085,1.3390785085923815,74.0,1.0,0.3347696271480954,1.2984378742869975,1.5288170849039937,54.0,1.0,-0.5350859797163977,-0.03129736388755044,-1.6455091048861399,364.0,1.0,-0.164550910488614,0,0.0,1.0,1.0,-0.0,0
078600,2025,4,202504,대주전자재료,00177816,CFS,CFS,660395440186.0,258070396398.0,402325043788.0,1.5589740218305719,0.9396064054381871,191030356267.0,0.16803572466936822,-0.07903797638769516,1,1,1,,14697908063.0,-0.3071121498685988,-3.809834657343774,1,1,1,,14355942837.0,-0.5547438325031482,-55.278142790696684,1,1,1,,982974854.0,-0.8816864417139059,-2.407885215430218,1,1,1,,3640147294.0,-0.8060397458012027,-0.3933817158687626,1,1,1,,660395440186.0,0.0014884640234995349,0.005512072119963085,0.0769401698778019,0.022256222815318565,40,20161,20254,0,0,982974854.0,0.0014884640234995349,2026-03-31,2629,True,passed,2629,0,0,4,2025,00177816,-3.433141529001349,-3.433141529001349,388.0,-3.809834657343774,-3.0,358.0,1.0,-3.0,-0.07903797638769516,-0.46317932553829144,288.0,1.0,-0.11579483138457286,0.9396064054381871,0.7583838460596292,102.0,1.0,-0.2654343461208702,0.0014884640234995349,-0.5191235149590576,288.0,1.0,-0.05191235149590576,0,0.0,1.0,1.0,-0.0,0
368770,2025,4,202504,파이버프로,01513440,CFS,CFS,60717374739.0,45791713105.0,14925661634.0,0.3259467842964422,0.28212675845188634,29713378631.0,0.1285475228905213,-1.1570309513859973,1,1,1,,6291759064.0,0.000969560143262882,-3.52308356473515,1,1,1,,5765373242.0,-0.11993626346552899,-3.3473345638969154,1,1,1,,1222624659.0,16.16938522187823,17.245150516089844,1,1,1,,2928793584.0,2.0213687422322515,0.13758055294709814,1,1,1,,60717374739.0,0.02013632282778332,0.0482364989690303,0.21174835558537933,0.10362370064657417,16,20221,20254,0,0,1222624659.0,0.02013632282778332,2026-03-31,27219,True,passed,27219,0,0,4,2025,01513440,-3.5092031217429254,-3.5092031217429254,389.0,-3.52308356473515,-3.0,358.0,1.0,-3.0,-1.1570309513859973,-3.0,368.0,1.0,-0.75,0.28212675845188634,-0.6532654040102741,307.0,1.0,0.22864289140359592,0.02013632282778332,0.12153986853478474,180.0,1.0,0.012153986853478474,0,0.0,1.0,1.0,-0.0,0
082740,2025,4,202504,한화엔진,00361008,CFS,CFS,1695690258649.0,556102899924.0,1139587358725.0,2.0492382954319104,1.1148918202266402,1073712027360.0,0.18495765354483873,-0.17405580486069794,1,1,1,,103435179526.0,0.8390056497911209,-5.518867147086509,1,1,1,,143453073306.0,1.091947810849816,-33.60587560869869,1,1,1,,79650168468.0,0.11050813650945601,0.21538483919601115,1,1,1,,17961315852.0,0.756886457724971,0.24585004018626155,1,1,1,,1695690258649.0,0.046972121271404446,0.010592332980853615,0.09633419100307768,0.060998864030987275,40,20161,20254,0,0,79650168468.0,0.046972121271404446,2026-03-31,29111,True,passed,29111,0,0,4,2025,00361008,-3.5500129939763876,-3.5500129939763876,390.0,-5.518867147086509,-3.0,358.0,1.0,-3.0,-0.17405580486069794,-1.0288294063083943,331.0,1.0,-0.25720735157709856,1.1148918202266402,1.134732415127148,70.0,1.0,-0.3971563452945018,0.046972121271404446,1.0435070289521293,61.0,1.0,0.10435070289521294,0,0.0,1.0,1.0,-0.0,0
016610,2025,4,202504,DB증권,00115694,CFS,CFS,14264732967843.0,1263573239071.0,13001159728772.0,10.289201549037765,2.3978952727983707,1529996452173.0,0.4651537877569383,0.3837514236301962,1,1,1,,72508618047.0,0.22350668482456593,-2.7553630645860636,1,1,1,,59905692523.0,0.27554646990095955,-8.311238132301376,1,1,1,,-342201186118.0,1.28092110465344,1.566933328992585,1,1,1,,2258404050.0,0.28838589979262563,-0.3484009685208851,1,1,1,,14264732967843.0,-0.02398931595070335,0.00015832080804394462,0.04739136351853533,0.005083068726940507,10,20233,20254,0,0,-342201186118.0,-0.02398931595070335,2026-03-31,66121,True,passed,66121,0,0,4,2025,00115694,-3.6164810886902656,-3.6164810886902656,391.0,-2.7553630645860636,-3.0,358.0,1.0,-3.0,0.3837514236301962,2.2918495538477055,48.0,1.0,0.5729623884619264,2.3978952727983707,3.0,1.0,1.0,-1.0499999999999998,-0.02398931595070335,-1.3944347715219199,358.0,1.0,-0.139443477152192,0,0.0,1.0,1.0,-0.0,0
089970,2025,4,202504,브이엠,00544577,CFS,CFS,248727741913.0,177197893574.0,71529848339.0,0.40367211424625804,0.33909174146800053,107962031033.0,0.7718672388450292,-1.4511926838064213,1,1,1,,15630771949.0,-3.4277858150682534,-3.426535290629924,1,1,1,,14826748991.0,-26.039315051696136,-25.198785045655306,1,1,1,,-895247515.0,-1.0736299737676651,5.960086589449501,1,1,1,,4108378452.0,2.6496551923445666,-4.598834271044083,1,1,1,,248727741913.0,-0.0035993070500078745,0.016517572267580143,0.14478026950254624,0.06284289733337158,30,20183,20254,0,0,-895247515.0,-0.0035993070500078745,2026-03-31,29271,True,passed,29271,0,0,4,2025,00544577,-3.63355650250296,-3.63355650250296,392.0,-3.426535290629924,-3.0,358.0,1.0,-3.0,-1.4511926838064213,-3.0,368.0,1.0,-0.75,0.33909174146800053,-0.5309580810025737,283.0,1.0,0.18583532835090077,-0.0035993070500078745,-0.6939183085386064,302.0,1.0,-0.06939183085386064,0,0.0,1.0,1.0,-0.0,0
048410,2025,4,202504,현대바이오,00313649,CFS,CFS,130738698532.0,110726343116.0,20012355416.0,0.1807370753230286,0.16613888357540665,2964312514.0,-0.7968438625955546,-1.7376246682264123,1,1,1,,-13541131681.0,-4.297743111659358,-2.7692429349649483,1,1,1,,-15130938993.0,7.39706294327352,8.253141737391186,1,1,1,,-5535918580.0,0.3923052093275292,-1.9981624763794967,1,1,1,,18664636404.0,-10.338307460895503,136.05467071616133,1,1,1,,130738698532.0,-0.042343381433042275,0.14276290504323466,-4.568051316130564,-0.10357401315025047,40,20161,20254,0,0,-5535918580.0,-0.042343381433042275,2026-03-31,204,True,passed,204,0,0,4,2025,00313649,-3.6366959856095593,-3.6366959856095593,393.0,-2.7692429349649483,-3.0,358.0,1.0,-3.0,-1.7376246682264123,-3.0,368.0,1.0,-0.75,0.16613888357540665,-0.9022985069163416,365.0,1.0,0.31580447742071954,-0.042343381433042275,-2.0250046303027887,376.0,1.0,-0.20250046303027888,0,0.0,1.0,1.0,-0.0,0
017800,2025,4,202504,현대엘리베이터,00164724,CFS,CFS,3723057252310.0,1444314941553.0,2278742310757.0,1.5777322834497451,0.9469100525185686,1866549135188.0,-0.14676827941238624,-0.2850200290508199,1,1,1,,158138354669.0,0.014491237473211793,-2.8658457215681024,1,1,1,,119964274323.0,-0.07598984503072159,0.44285875401863106,1,1,1,,100483278005.0,0.1709366583894094,-2.3657626617684504,1,1,1,,8614171058.0,-0.4443150524917997,-0.46203998383994593,1,1,1,,3723057252310.0,0.02698945280593103,0.0023137358558360257,0.08472231011109825,0.04247540232449604,40,20161,20254,0,0,100483278005.0,0.02698945280593103,2026-03-31,29162,True,passed,29162,0,0,4,2025,00164724,-3.657576789559763,-3.657576789559763,394.0,-2.8658457215681024,-3.0,358.0,1.0,-3.0,-0.2850200290508199,-1.6894098824615422,348.0,1.0,-0.42235247061538556,0.9469100525185686,0.7740652256598264,99.0,1.0,-0.2709228289809392,0.02698945280593103,0.35698510036561554,139.0,1.0,0.035698510036561555,0,0.0,1.0,1.0,-0.0,0
047040,2025,4,202504,대우건설,00124540,CFS,CFS,13358502674960.0,3474605615293.0,9883897059667.0,2.8446097641022576,1.3466721060260207,6064015832146.0,-0.2377865352630738,-0.1567146277987752,1,1,1,,-872000849160.0,-3.558755125179823,-3.28035453174422,1,1,1,,-863106848103.0,-5.261881735147691,-4.753951159880243,1,1,1,,569386327693.0,3.3148967573027575,4.824742537531446,1,1,1,,5337331118.0,-1.3316719267941084,0.23432792036518513,1,1,1,,13358502674960.0,0.04262351414281578,0.0003995456113509355,-0.14379923689140614,-0.0652768405544831,40,20161,20254,0,0,569386327693.0,0.04262351414281578,2026-03-31,41112,True,passed,41112,0,0,4,2025,00124540,-3.7133208828293656,-3.7133208828293656,395.0,-3.28035453174422,-3.0,358.0,1.0,-3.0,-0.1567146277987752,-0.9255957462325669,323.0,1.0,-0.23139893655814173,1.3466721060260207,1.6323789478060535,52.0,1.0,-0.5713326317321187,0.04262351414281578,0.8941068546089463,76.0,1.0,0.08941068546089465,0,0.0,1.0,1.0,-0.0,0
399720,2025,4,202504,가온칩스,01364747,CFS,CFS,159310899656.0,54688158517.0,104622741139.0,1.9130785160095978,1.0692104312733737,57447032955.0,-0.14998894214328884,-0.5609982730352295,1,1,1,,-9444304095.0,-8.32453288254441,-7.728919912299381,1,1,1,,-8383484631.0,-2.425285944136843,-2.541050753425158,1,1,1,,20429097072.0,1.540749679870979,1.3491130797836586,1,1,1,,4683736508.0,0.20840824018624238,0.5155457048892611,1,1,1,,159310899656.0,0.1282341454107192,0.029399975256643403,-0.16440020675041667,-0.05928222184039563,15,20222,20254,0,0,20429097072.0,0.1282341454107192,2026-03-31,26112,True,passed,26112,0,0,4,2025,01364747,-3.8128280819577345,-3.8128280819577345,396.0,-7.728919912299381,-3.0,358.0,1.0,-3.0,-0.5609982730352295,-3.0,368.0,1.0,-0.75,1.0692104312733737,1.0366516627363842,76.0,1.0,-0.36282808195773447,0.1282341454107192,3.0,1.0,1.0,0.30000000000000004,0,0.0,1.0,1.0,-0.0,0
000810,2025,4,202504,삼성화재해상보험,00139214,CFS,CFS,96450389944868.0,21292379956314.0,75158009988554.0,3.529807853455423,1.510679522139583,3853835082181.0,0.12217695502386094,-0.09667635275537911,1,1,1,,1995079405586.0,-3.780748740021239,-2.4763893975355655,1,1,1,,1481791295472.0,-0.02657116491092515,-0.12006266576019942,1,1,1,,1706715646717.0,2.2649676115458477,1.7432892788102463,1,1,1,,40907750814.0,0.3070851518904256,0.4547678038199564,1,1,1,,96450389944868.0,0.017695269533825376,0.00042413256014188516,0.5176867621582097,0.020685032032803675,10,20233,20254,0,1,1706715646717.0,0.017695269533825376,2026-03-31,65121,True,passed,65121,1,0,4,2025,00139214,-3.834364574466855,-3.834364574466855,397.0,-2.4763893975355655,-3.0,358.0,1.0,-3.0,-0.09667635275537911,-0.5681822410687035,297.0,1.0,-0.14204556026717588,1.510679522139583,1.984512959898806,47.0,1.0,-0.6945795359645821,0.017695269533825376,0.037675362748381666,191.0,0.6,0.0022605217649029,0,0.0,1.0,0.6,-0.0,0
456040,2025,4,202504,OCI,01760738,CFS,CFS,2275774798000.0,1164784174000.0,1110990624000.0,0.9538167231314048,0.6697847534852649,1533051002000.0,-0.05749555484841995,-0.9967944379358593,1,1,1,,10786325000.0,-0.8837353451233739,-2.500679767557925,1,1,1,,-16256333000.0,-1.2146350596785074,-2.6335127938795266,1,1,1,,-30138608000.0,-1.5793819877122668,-2.9851894697238204,1,1,1,,23899499000.0,0.012848485454640013,-0.27606879073914903,1,1,1,,2275774798000.0,-0.013243229526263521,0.010501697716752727,0.0070358552885248365,0.004739627580672418,11,20232,20254,0,0,-30138608000.0,-0.013243229526263521,2026-03-31,20129,True,passed,20129,0,0,4,2025,01760738,-3.915195420007348,-3.915195420007348,398.0,-2.500679767557925,-3.0,358.0,1.0,-3.0,-0.9967944379358593,-3.0,368.0,1.0,-0.75,0.6697847534852649,0.17906015995334065,177.0,1.0,-0.06267105598366922,-0.013243229526263521,-1.025243640236792,344.0,1.0,-0.1025243640236792,0,0.0,1.0,1.0,-0.0,0
089030,2025,4,202504,테크윙,00535676,CFS,CFS,633699354109.0,212119683580.0,421579670529.0,1.9874613398148084,1.0944239765261352,117362554719.0,-0.15436074605307015,-0.42443563090043257,1,1,1,,8726477917.0,-0.4936563259997616,-2.439458742766776,1,1,1,,15683020757.0,-1.43472699916195,75.354047220594,1,1,1,,2882453296.0,-0.8272841597333673,-0.6766673821408273,1,1,1,,2270582735.0,-0.8879370547740398,-1.5512378723244566,1,1,1,,633699354109.0,0.004548613277431558,0.0035830598852235004,0.07435487356162039,0.013770690881119306,40,20161,20254,0,0,2882453296.0,0.004548613277431558,2026-03-31,29271,True,passed,29271,0,0,4,2025,00535676,-4.053015308691846,-4.053015308691846,399.0,-2.439458742766776,-3.0,358.0,1.0,-3.0,-0.42443563090043257,-2.5193640891002715,364.0,1.0,-0.6298410222750679,1.0944239765261352,1.0907866955253245,72.0,1.0,-0.38177534343386355,0.004548613277431558,-0.4139894298291404,272.0,1.0,-0.04139894298291404,0,0.0,1.0,1.0,-0.0,0
336260,2025,4,202504,두산퓨얼셀,01412725,CFS,CFS,1198423425943.0,367480446236.0,830942979707.0,2.2611896448317665,1.1820920505384125,363988279689.0,-0.04153229918274859,-0.8054993989622642,1,1,1,,-90069704921.0,-72.4886649465148,-72.77316010086663,1,1,1,,-115316022045.0,15.951357683297001,16.065829575330334,1,1,1,,-31174200847.0,-1.5721038484100385,-2.4542000475489925,1,1,1,,2927842524.0,-0.7327122826509391,-0.737216505184733,1,1,1,,1198423425943.0,-0.026012676464889733,0.0024430785151718618,-0.24745221191725633,-0.07515682935697549,25,20194,20254,0,0,-31174200847.0,-0.026012676464889733,2026-03-31,28111,True,passed,28111,0,0,4,2025,01412725,-4.344050313224434,-4.344050313224434,400.0,-72.77316010086663,-3.0,358.0,1.0,-3.0,-0.8054993989622642,-3.0,368.0,1.0,-0.75,1.1820920505384125,1.2790154437485872,63.0,1.0,-0.4476554053120055,-0.026012676464889733,-1.463949079124287,361.0,1.0,-0.1463949079124287,0,0.0,1.0,1.0,-0.0,0
