ticker,year,quarter,quarter_key,name,corp_code,fs_div,fs_div_used,Assets,Equity,Liabilities,Debt_to_Equity,Debt_to_Equity_log,Revenue_ttm,Revenue_ttm_yoy,Revenue_acc2,Revenue_ttm_ready,Revenue_ttm_yoy_ready,Revenue_acc2_ready,Revenue_acc2_missing_reason,OpIncome_ttm,OpIncome_ttm_yoy,OpIncome_acc2,OpIncome_ttm_ready,OpIncome_ttm_yoy_ready,OpIncome_acc2_ready,OpIncome_acc2_missing_reason,NetIncome_ttm,NetIncome_ttm_yoy,NetIncome_acc2,NetIncome_ttm_ready,NetIncome_ttm_yoy_ready,NetIncome_acc2_ready,NetIncome_acc2_missing_reason,CFO_ttm,CFO_ttm_yoy,CFO_acc2,CFO_ttm_ready,CFO_ttm_yoy_ready,CFO_acc2_ready,CFO_acc2_missing_reason,CAPEX_ttm,CAPEX_ttm_yoy,CAPEX_acc2,CAPEX_ttm_ready,CAPEX_ttm_yoy_ready,CAPEX_acc2_ready,CAPEX_acc2_missing_reason,Assets_ttm,CFO_to_Assets_ttm,CAPEX_to_Assets_ttm,OpMargin_ttm,OpIncome_to_Assets_ttm,history_quarters,first_quarter_key,latest_quarter_key,CFO_isnull,CFO_warn,CFO_safe,Quality_CFO_to_Assets,rebalance_month,revenue_prev_q,revenue_cur_q,revenue_qoq,op_prev_q,op_cur_q,op_qoq,industry4,passed_filters,filter_status,industry4_scored,CFO_warn_scored,CFO_isnull_scored,quarter_scored,year_scored,corp_code_scored,score_total,score,hold_bonus_applied,score_adj,score_rank,score_adj_rank,OpIncome_acc2__raw,OpIncome_acc2__z,OpIncome_acc2__rank,OpIncome_acc2__mult,OpIncome_acc2__contrib,Revenue_acc2__raw,Revenue_acc2__z,Revenue_acc2__rank,Revenue_acc2__mult,Revenue_acc2__contrib,Debt_to_Equity_log__raw,Debt_to_Equity_log__z,Debt_to_Equity_log__rank,Debt_to_Equity_log__mult,Debt_to_Equity_log__contrib,selected_topk
005690,2025,3,202503,파미셀,00145163,CFS,OFS,130023689333.0,110426481370.0,19597207963.0,0.17746837280214248,0.16336668693169493,100912625003.0,0.7832264966605003,0.7533101135588725,1,1,1,,27828344330.0,18.780652486930077,17.510378878938393,1,1,1,,28770929242.0,7.436402210260946,6.880055617840583,1,1,1,,23880365146.0,2.5473718247340313,2.858917800685539,1,1,1,,1191892746.0,-0.8495947830896442,-2.283016209628914,1,1,1,,130023689333.0,0.1836616486465068,0.009166735324264466,0.27576672719763956,0.21402518627762987,41,20154,20254,0,0,23880365146.0,0.1836616486465068,2025-11-30,26762784575.0,25647340058.0,-0.041678940914166816,8164543412.0,8141453495.0,-0.0028280720470005875,211,True,passed,211,0,0,3,2025,00145163,4.074332222001554,4.074332222001554,0.0,4.074332222001554,1.0,1.0,17.510378878938393,3.0,1.0,1.0,3.0,0.7533101135588725,3.0,1.0,1.0,0.75,0.16336668693169493,-0.9266634914330116,412.0,1.0,0.32433222200155404,1
095610,2025,3,202503,테스,00524421,CFS,CFS,456069678925.0,370700338320.0,85369340605.0,0.2302920493460854,0.2072515796930208,320731821144.0,0.7870260040904451,0.8726870165924935,1,1,1,,67071751544.0,6.581470816234998,6.715815653251147,1,1,1,,67202580757.0,3.6590649345928554,3.683389675237735,1,1,1,,76838023930.0,6.755714454692648,7.2680844580408595,1,1,1,,-53228535972.0,1.095085342670182,4.001381207084897,1,1,1,,456069678925.0,0.16847869411339644,-0.11671141150506818,0.20912097622482734,0.14706470226675572,41,20154,20254,0,0,76838023930.0,0.16847869411339644,2025-11-30,82064274419.0,67568400439.0,-0.17664049408379137,20368092326.0,8416197598.0,-0.5867949995858636,29271,True,passed,29271,0,0,3,2025,00524421,4.041310994137562,4.041310994137562,0.0,4.041310994137562,2.0,2.0,6.715815653251147,3.0,1.0,1.0,3.0,0.8726870165924935,3.0,1.0,1.0,0.75,0.2072515796930208,-0.8323171261073197,397.0,1.0,0.29131099413756184,1
060280,2025,3,202503,큐렉소,00356802,CFS,CFS,103653920153.0,94295676839.0,9358243314.0,0.09924360933299435,0.09462231540074532,68568580340.0,0.1856284872032019,0.4024814455797694,1,1,1,,-493914381.0,-0.9036375668438726,2.0928209578957193,1,1,1,,-4354855074.0,-0.6411280763763819,7.257858193906988,1,1,1,,-7108643440.0,-2.601316614360986,-0.6639058126819224,1,1,1,,3466682826.0,1.201182722600541,1.2622175738960562,1,1,1,,103653920153.0,-0.06858055565585146,0.03344478260815364,-0.007203217254184149,-0.004765033298026258,41,20154,20254,0,0,-7108643440.0,-0.06858055565585146,2025-11-30,16794769259.0,17227825501.0,0.025785185573057715,-205403768.0,341181360.0,2.661027756803371,47812,True,passed,47812,0,0,3,2025,00356802,3.9787687928429443,3.9787687928429443,0.0,3.9787687928429443,3.0,3.0,2.0928209578957193,2.9884116645432464,46.0,1.0,2.9884116645432464,0.4024814455797694,2.4571925632078266,49.0,1.0,0.6142981408019567,0.09462231540074532,-1.0744542499935463,441.0,1.0,0.3760589874977412,1
302440,2025,3,202503,SK바이오사이언스,01319899,CFS,CFS,2922779031548.0,2074814862145.0,847964169403.0,0.4086938959586744,0.34266296017235415,624031259808.0,2.1000056364653372,2.619807644486259,1,1,1,,-122667971135.0,0.27669251507949433,19.92374284725002,1,1,1,,-2440732817.0,-0.9435987762101438,0.9994122229864194,1,1,1,,65895236741.0,-2.229169385374967,3.3871196452087085,1,1,1,,250977133325.0,0.8381100307512648,-1.2753064985253209,1,1,1,,2922779031548.0,0.022545404914205817,0.08586934921045819,-0.19657343956253426,-0.04196963568266432,21,20204,20254,0,1,65895236741.0,0.022545404914205817,2025-11-30,161859526907.0,150764791550.0,-0.06854545771269137,-37395041197.0,-19370985552.0,0.4819905278362408,211,True,passed,211,1,0,3,2025,01319899,3.9394205765283763,3.9394205765283763,0.0,3.9394205765283763,4.0,4.0,19.92374284725002,3.0,1.0,1.0,3.0,2.619807644486259,3.0,1.0,1.0,0.75,0.34266296017235415,-0.5412016472239329,322.0,1.0,0.18942057652837652,1
450080,2025,3,202503,에코프로머티,01311408,CFS,OFS,1808769767946.0,1252503478277.0,556266289669.0,0.44412354880980043,0.3675025969281667,365397733574.0,-0.0868536903128675,0.6331963042456609,1,1,1,,-78259371013.0,0.42190000289464535,2.5775778375967677,1,1,1,,115123995490.0,-4.526543429271994,-1.5142873536394474,1,1,1,,56993811265.0,-1.6525060291703801,-3.793609073155731,1,1,1,,364202313367.0,0.4200353598417157,0.4218163069777333,1,1,1,,1808769767946.0,0.031509710232342586,0.2013536049867642,-0.21417585228987465,-0.04326662928575462,13,20224,20254,0,0,56993811265.0,0.031509710232342586,2025-11-30,78068573064.0,63153785110.0,-0.1910472725276146,-28789921739.0,-25140832974.0,0.1267488254425088,28202,True,passed,28202,0,0,3,2025,01311408,3.9207299690376978,3.9207299690376978,0.0,3.9207299690376978,5.0,5.0,2.5775778375967677,3.0,1.0,1.0,3.0,0.6331963042456609,3.0,1.0,1.0,0.75,0.3675025969281667,-0.4877999115362787,310.0,1.0,0.17072996903769755,1
039030,2025,3,202503,이오테크닉스,00246417,CFS,CFS,750578006024.0,667865123931.0,82712882093.0,0.12384668569929012,0.11675734154468093,370297955362.0,0.22648043451931277,0.3638030436262798,1,1,1,,74958722465.0,1.7359343654426396,2.038518461415926,1,1,1,,57024859966.0,1.0046448634430423,1.1763870447227287,1,1,1,,101168497603.0,1.112529046450788,1.3781237051409518,1,1,1,,2176557350.0,-0.9680242050260143,-19.08529993266093,1,1,1,,750578006024.0,0.13478745285771818,0.0028998416320906743,0.20242812950917058,0.09986799754775011,41,20154,20254,0,0,101168497603.0,0.13478745285771818,2025-11-30,94250015346.0,100513672313.0,0.06645788803328648,25825067486.0,26002275946.0,0.006861877905878321,29271,True,passed,29271,0,0,3,2025,00246417,3.823555736317304,3.823555736317304,0.0,3.823555736317304,6.0,6.0,2.038518461415926,2.9133792067221584,48.0,1.0,2.9133792067221584,0.3638030436262798,2.203092251396592,52.0,1.0,0.550773062849148,0.11675734154468093,-1.0268670478457065,431.0,1.0,0.35940346674599727,1
100840,2025,3,202503,SNT에너지,00648721,CFS,CFS,568675277474.0,331170086401.0,237505191073.0,0.7171698194546923,0.5406774817739702,499950810248.0,0.7429745438162199,0.7982554845315154,1,1,1,,73599004769.0,2.6072409290487104,2.2768034669383335,1,1,1,,64506937746.0,3.998760144484848,4.467720962405766,1,1,1,,102465606794.0,3.933376402097034,5.827297077131954,1,1,1,,6431641054.0,0.4238437920377671,-0.825963705518038,1,1,1,,568675277474.0,0.18018298113669054,0.011309865768332187,0.14721249222996818,0.12942184702651324,41,20154,20254,0,0,102465606794.0,0.18018298113669054,2025-11-30,140680573296.0,148299040553.0,0.05415436601164759,27364301022.0,24317080233.0,-0.11135752331295196,29176,True,passed,29176,0,0,3,2025,00648721,3.79042436788437,3.79042436788437,0.0,3.79042436788437,7.0,7.0,2.2768034669383335,3.0,1.0,1.0,3.0,0.7982554845315154,3.0,1.0,1.0,0.75,0.5406774817739702,-0.11549819395534265,245.0,1.0,0.04042436788436993,1
206650,2025,3,202503,유바이오로직스,00927558,CFS,OFS,232658786701.0,173742680630.0,58916106071.0,0.33909978744064,0.2919975877863711,153687143281.0,0.784951370951241,0.34734398910995345,1,1,1,,63669963231.0,1.3430541295094613,7.957919892873749,1,1,1,,49080778796.0,-23.24393635293924,-22.610443996730577,1,1,1,,74243882379.0,2.542943081213436,2.415794006648646,1,1,1,,-10498551842.0,-0.4449717334497688,0.06877184469024666,1,1,1,,232658786701.0,0.31911058865107067,-0.045124243923321705,0.41428295088149625,0.27366240550727644,37,20164,20254,0,0,74243882379.0,0.31911058865107067,2025-11-30,36234094390.0,41115380764.0,0.134715285594309,11240277023.0,18907297050.0,0.6821024082690884,212,True,passed,212,0,0,3,2025,00927558,3.7512846344031687,3.7512846344031687,0.0,3.7512846344031687,8.0,8.0,7.957919892873749,3.0,1.0,1.0,3.0,0.34734398910995345,2.094963407558996,55.0,1.0,0.523740851889749,0.2919975877863711,-0.6501250928954854,348.0,1.0,0.22754378251341986,1
218410,2025,3,202503,RFHIC,01078178,CFS,CFS,502765939613.0,372911023923.0,129854915690.0,0.34821956809947485,0.29878488357269184,155662482434.0,0.3831373898160346,0.3301657049416056,1,1,1,,21866212577.0,1.894916962401969,3.997376733347082,1,1,1,,14354987061.0,-0.6809412887988417,100.77998191973623,1,1,1,,43777097561.0,1.3905288384953867,1.435266123460285,1,1,1,,22374214934.0,0.03397491529202257,0.437713402779337,1,1,1,,502765939613.0,0.08707252045493986,0.04450224880234005,0.14047195082007732,0.043491833583299895,34,20173,20254,0,0,43777097561.0,0.08707252045493986,2025-11-30,44638672150.0,40496598375.0,-0.09279115115882765,8305469280.0,7362813800.0,-0.11349815985352726,264,True,passed,264,0,0,3,2025,01078178,3.7179640598406585,3.7179640598406585,0.0,3.7179640598406585,9.0,9.0,3.997376733347082,3.0,1.0,1.0,3.0,0.3301657049416056,1.9821095371015744,60.0,1.0,0.4955273842753936,0.29878488357269184,-0.6355333587578992,345.0,1.0,0.2224366755652647,1
036810,2025,3,202503,에프에스티,00223434,CFS,CFS,520233958872.0,236307547258.0,283926411614.0,1.2015122449898303,0.7891445083103221,288072722971.0,0.4377516720313459,0.5366926935750235,1,1,1,,6925047036.0,-1.5104254166010442,22.835355871520576,1,1,1,,-1896377723.0,-0.9006937164969535,0.8052715477680703,1,1,1,,25617196945.0,-1.8457944972580995,0.1297126456917328,1,1,1,,50904938171.0,-0.14421300175758134,-1.2167931448263452,1,1,1,,520233958872.0,0.04924168541504791,0.0978500870673166,0.024039232054251583,0.013311409064904701,41,20154,20254,0,0,25617196945.0,0.04924168541504791,2025-11-30,75999145398.0,65499988910.0,-0.13814834934020584,1730010718.0,-1872319549.0,-2.0822589302594134,2629,True,passed,2629,0,0,3,2025,00223434,3.6034651255645174,3.6034651255645174,0.0,3.6034651255645174,10.0,10.0,22.835355871520576,3.0,1.0,1.0,3.0,0.5366926935750235,3.0,1.0,1.0,0.75,0.7891445083103221,0.4186710698156646,164.0,1.0,-0.1465348744354826,1
356860,2025,3,202503,티엘비,00920379,CFS,CFS,224782407034.0,120735018618.0,104047388416.0,0.8617830154580182,0.621534639012824,235754748830.0,0.3225524553939265,0.32013976487240003,1,1,1,,18291443523.0,4.084989951020811,4.698335392521257,1,1,1,,13373585059.0,4.028219166671723,4.509370365334556,1,1,1,,2305264055.0,-0.749721670317734,-26.411925634601293,1,1,1,,14747200584.0,-0.2854350392231433,-0.06668414634052189,1,1,1,,224782407034.0,0.010255535944373582,0.06560656048927076,0.07758674475817133,0.08137399970200196,21,20204,20254,0,0,2305264055.0,0.010255535944373582,2025-11-30,64053168694.0,68887950289.0,0.07548075596536233,6856979236.0,8652412088.0,0.26184020546157594,2622,True,passed,2622,0,0,3,2025,00920379,3.4586441913518766,3.4586441913518766,0.0,3.4586441913518766,11.0,11.0,4.698335392521257,3.0,1.0,1.0,3.0,0.32013976487240003,1.9162434627779936,62.0,1.0,0.4790608656944984,0.621534639012824,0.058333355264633985,218.0,1.0,-0.020416674342621892,0
336260,2025,3,202503,두산퓨얼셀,01412725,CFS,CFS,1304575385904.0,469100368364.0,835475017540.0,1.7810154795949986,1.022816141433747,580603775047.0,1.1793163383169603,1.296710136170254,1,1,1,,-31624196579.0,16.031646400569606,17.115009570497456,1,1,1,,-36416743199.0,1.6957874464576097,4.814483058082048,1,1,1,,29157541650.0,-0.6138938601828625,1.380269006874735,1,1,1,,114027918835.0,0.5914825215941022,1.0300758670762313,1,1,1,,1304575385904.0,0.022350215989852824,0.08740615534148288,-0.05446777637027939,-0.024240988233183738,25,20194,20254,0,0,29157541650.0,0.022350215989852824,2025-11-30,128467303931.0,90806426924.0,-0.29315534657151143,-1914347507.0,-15603689615.0,-7.1509180323549275,28111,True,passed,28111,0,0,3,2025,01412725,3.427638690606934,3.427638690606934,0.0,3.427638690606934,12.0,12.0,17.115009570497456,3.0,1.0,1.0,3.0,1.296710136170254,3.0,1.0,1.0,0.75,1.022816141433747,0.9210323125516179,92.0,1.0,-0.32236130939306623,0
068270,2025,3,202503,셀트리온,00413046,CFS,CFS,21080381939589.0,16841756458848.0,4238625480741.0,0.25167360014365914,0.22448153592837897,3895986631913.0,0.3545356624875309,0.10641814648351389,1,1,1,,889703635035.0,1.833137784172275,2.405113584235138,1,1,1,,739124982366.0,3.0220816358322624,3.7206674536174313,1,1,1,,812102787743.0,0.08929387637985431,-0.4806524473084879,1,1,1,,318191924211.0,-0.6286544478665779,2.83255004952752,1,1,1,,21080381939589.0,0.03852410217567592,0.015094220072618084,0.22836413958590496,0.04220529009316168,41,20154,20254,0,0,812102787743.0,0.03852410217567592,2025-11-30,961457364491.0,1028969076475.0,0.0702181027234016,242466845608.0,301411957351.0,0.2431058629693954,211,True,passed,211,0,0,3,2025,00413046,3.406392597617044,3.406392597617044,0.0,3.406392597617044,13.0,13.0,2.405113584235138,3.0,1.0,1.0,3.0,0.10641814648351389,0.5121851994939783,138.0,1.0,0.12804629987349458,0.22448153592837897,-0.7952751364101419,386.0,1.0,0.27834629774354963,0
004800,2025,3,202503,효성,00117188,CFS,CFS,4908393032241.0,2673135362257.0,2235257669984.0,0.8361932214673603,0.607694527111543,2478118059186.0,-0.0037262521526214565,0.29112582884716043,1,1,1,,432266182203.0,2.8878785278744394,2.066141401963013,1,1,1,,373033345214.0,0.0680601886116956,21.27636814079495,1,1,1,,338942787471.0,-0.1734175922879363,-0.21386805067098125,1,1,1,,60749578483.0,0.01877838549298505,-10.919037494515631,1,1,1,,4908393032241.0,0.06905371783486756,0.01237667360457153,0.17443324808543975,0.0880667418773599,41,20154,20254,0,0,338942787471.0,0.06905371783486756,2025-11-30,601914227660.0,612171789960.0,0.01704156809829412,99137937022.0,121853460369.0,0.22913048253121435,649,True,passed,649,0,0,3,2025,00117188,3.3729531511741033,3.3729531511741033,0.0,3.3729531511741033,14.0,14.0,2.066141401963013,2.951547196333188,47.0,1.0,2.951547196333188,0.29112582884716043,1.725634497088307,68.0,1.0,0.43140862427207677,0.607694527111543,0.028579055517605003,220.0,1.0,-0.010002669431161751,0
041510,2025,3,202503,에스엠,00260930,CFS,CFS,1959882232856.0,1293830716798.0,666051516058.0,0.51479031020871,0.4152770202787469,1129490893002.0,0.16775856360933616,0.16936418594115965,1,1,1,,162077814339.0,1.5867698743400114,2.0937667821170267,1,1,1,,304553051481.0,-11.775479284007794,-10.569830421406452,1,1,1,,213799526592.0,1.6643904801670963,2.1307594585975016,1,1,1,,114512284760.0,-5.388922295917049,-3.9985709133588654,1,1,1,,1959882232856.0,0.10908794569786208,0.058428145752987014,0.14349634454176427,0.08269773133399719,41,20154,20254,0,0,213799526592.0,0.10908794569786208,2025-11-30,302914439760.0,321591609871.0,0.06165823631847322,47610585554.0,48213754151.0,0.01266879182395027,59201,True,passed,59201,0,0,3,2025,00260930,3.3559289561607493,3.3559289561607493,0.0,3.3559289561607493,15.0,15.0,2.0937667821170267,2.989718556870339,45.0,1.0,2.989718556870339,0.16936418594115965,0.9257133559235906,101.0,1.0,0.23142833898089765,0.4152770202787469,-0.38509160088432104,287.0,1.0,0.13478206030951234,0
131290,2025,3,202503,티에스이,00372226,CFS,CFS,539732566171.0,412729628845.0,127002937326.0,0.3077146113338419,0.2682810421751112,408162345291.0,0.2948752674680979,0.08466786996369868,1,1,1,,43073091603.0,0.5867585984750592,173.4203276438012,1,1,1,,40902965686.0,0.9377679611757117,7.149713214496151,1,1,1,,42172415994.0,1.4959665493204568,1.7003739021581725,1,1,1,,51796064030.0,1.1265976466162857,1.765198563520722,1,1,1,,539732566171.0,0.07813576322285283,0.09596616412727221,0.10552931229432977,0.07980450745926165,41,20154,20254,0,0,42172415994.0,0.07813576322285283,2025-11-30,117613948450.0,104399326045.0,-0.11235591168523515,14802459788.0,11481525703.0,-0.22435015075617376,27212,True,passed,27212,0,0,3,2025,00372226,3.3377131500006474,3.3377131500006474,0.0,3.3377131500006474,16.0,16.0,173.4203276438012,3.0,1.0,1.0,3.0,0.08466786996369868,0.36929532383904606,157.0,1.0,0.09232383095976152,0.2682810421751112,-0.7011123401168173,361.0,1.0,0.24538931904088604,0
171090,2025,3,202503,선익시스템,00327819,CFS,CFS,361763026508.0,109549467610.0,252213558898.0,2.302280096840719,1.194613168320948,334858558686.0,2.542377250771068,2.324190878941245,1,1,1,,61149900235.0,6.508303228757771,16.57130676234614,1,1,1,,35166989273.0,3.705470794708871,3.039537847292226,1,1,1,,-229184895.0,-1.0072661481300689,-3.356464292328189,1,1,1,,25681594740.0,1.3103958300707745,-5.037285548934193,1,1,1,,361763026508.0,-0.0006335221628707041,0.07099010362639167,0.18261411765897503,0.1690330292325983,34,20173,20254,0,0,-229184895.0,-0.0006335221628707041,2025-11-30,190054705124.0,88763491261.0,-0.5329582016762657,39961738195.0,19797084035.0,-0.5045990257381496,292,True,passed,292,0,0,3,2025,00327819,3.2983698599400393,3.2983698599400393,0.0,3.2983698599400393,17.0,17.0,16.57130676234614,3.0,1.0,1.0,3.0,2.324190878941245,3.0,1.0,1.0,0.75,1.194613168320948,1.2903718287427446,65.0,1.0,-0.45163014005996055,0
348370,2025,3,202503,엔켐,01011526,CFS,CFS,1063624575413.0,522612777116.0,541011798297.0,1.0352058387904972,0.7105969630621142,300378221351.0,-0.11573969324897782,0.22264113028457644,1,1,1,,-97860844960.0,1.6722210421341916,3.721978442295403,1,1,1,,-204701145340.0,-0.528205435294423,-27.283317614644808,1,1,1,,1291553548.0,0.1547047884867636,1.1401730242433672,1,1,1,,34344151830.0,-0.8470285734436479,10.575818055117189,1,1,1,,1063624575413.0,0.0012142945714642746,0.03228973138070295,-0.3257920781335441,-0.0920069423198511,16,20214,20253,0,0,1291553548.0,0.0012142945714642746,2025-11-30,64072848151.0,90252308075.0,0.40858898393751847,-2733407943.0,-27215718613.0,-8.956698444041947,20119,True,passed,20119,0,0,3,2025,01011526,3.2314982367501908,3.2314982367501908,0.0,3.2314982367501908,18.0,18.0,3.721978442295403,3.0,1.0,1.0,3.0,0.22264113028457644,1.2757197544891503,85.0,1.0,0.3189299386222876,0.7105969630621142,0.24980486249170597,188.0,1.0,-0.08743170187209709,0
036540,2025,3,202503,SFA반도체,00301246,CFS,CFS,550228831491.0,469541967699.0,80686863792.0,0.17184164428881113,0.15857656623132985,329207869683.0,-0.20867314810527393,-0.04613865771215098,1,1,1,,-24642590870.0,157.20400319589848,158.18425070204214,1,1,1,,-27597978811.0,-2.148750179484601,0.6628566374093783,1,1,1,,24375974283.0,-0.3799627952606265,0.024238000694642325,1,1,1,,23541993228.0,-0.284688702296681,-0.2956259401693976,1,1,1,,550228831491.0,0.04430152127242484,0.042785822698905726,-0.07485419742161323,-0.044786077100365605,41,20154,20254,0,0,24375974283.0,0.04430152127242484,2025-11-30,76104471137.0,96471790664.0,0.26762316619132176,-6721677481.0,-6300778484.0,0.06261814825090088,2611,True,passed,2611,0,0,3,2025,00301246,3.205424856677906,3.205424856677906,0.0,3.205424856677906,19.0,19.0,158.18425070204214,3.0,1.0,1.0,3.0,-0.04613865771215098,-0.490046784176343,330.0,1.0,-0.12251169604408575,0.15857656623132985,-0.9369615792056919,414.0,1.0,0.3279365527219921,0
278280,2025,3,202503,천보,00897752,CFS,CFS,833021727789.0,406089091157.0,426932636632.0,1.0513275188348794,0.7184871537305894,130959364506.0,-0.13994959069488777,0.19162760168360393,1,1,1,,8811368761.0,-1.2390685323427457,2.2913517562912302,1,1,1,,13098672109.0,-1.1985235446375515,-1.943373407688768,1,1,1,,21684266674.0,-0.12141901418247092,0.479021403414047,1,1,1,,32449232168.0,-0.7959942776482036,-0.2540967342438103,1,1,1,,833021727789.0,0.02603085363878109,0.03895364440748323,0.06728322784886683,0.010577597758928891,29,20184,20254,0,0,21684266674.0,0.02603085363878109,2025-11-30,33088121261.0,30625439478.0,-0.07442797261211355,2891047285.0,552504471.0,-0.8088912367962187,201,True,passed,201,0,0,3,2025,00897752,3.1746249002963065,3.1746249002963065,0.0,3.1746249002963065,20.0,20.0,2.2913517562912302,3.0,1.0,1.0,3.0,0.19162760168360393,1.0719743335343228,94.0,1.0,0.2679935833835807,0.7184871537305894,0.2667676659636412,184.0,1.0,-0.09336868308727442,0
006120,2025,3,202503,SK디스커버리,00131832,CFS,CFS,15462729847209.0,6596467507503.0,8866262339706.0,1.3440924751954397,0.851898322811749,10077235789872.0,0.17343572675632601,0.2501373249201453,1,1,1,,439313578431.0,7.902647346688518,8.796184812725633,1,1,1,,156102533635.0,12.190204845596766,13.161208368979471,1,1,1,,586515342081.0,4.8410509268982,5.621857762648857,1,1,1,,715993998527.0,-0.1440523685107986,0.03929535850417709,1,1,1,,15462729847209.0,0.03793090533667088,0.04630450157261435,0.04359465111181844,0.02841112680438477,41,20154,20254,0,0,586515342081.0,0.03793090533667088,2025-11-30,2497784560362.0,2601279835164.0,0.04143482846535035,87996032670.0,168141462657.0,0.9107845837500301,64992,True,passed,64992,0,0,3,2025,00131832,3.170335414719764,3.170335414719764,0.0,3.170335414719764,21.0,21.0,8.796184812725633,3.0,1.0,1.0,3.0,0.2501373249201453,1.4563578180503591,80.0,1.0,0.3640894545125898,0.851898322811749,0.5535829708366448,145.0,1.0,-0.19375403979282566,0
005420,2025,3,202503,코스모화학,00160302,CFS,CFS,1177237134242.0,572606137645.0,604630996597.0,1.0559282495359044,0.7207274488983166,679991441486.0,-0.013411789335686986,0.18476894070519811,1,1,1,,-15650923466.0,2.6367400716957845,3.9360338501067456,1,1,1,,-61579739391.0,4.38788893905088,49.09640526792983,1,1,1,,7116720891.0,-1.2159843382050126,3.878196961508101,1,1,1,,,,,0,0,0,missing_ttm_yoy,1177237134242.0,0.006045273873884651,,-0.02301635360556553,-0.013294622647184269,41,20154,20254,0,0,7116720891.0,0.006045273873884651,2025-11-30,177062518053.0,151999825801.0,-0.14154713559703247,-4723625708.0,-4915915169.0,-0.04070802237237718,2049,True,passed,2049,0,0,3,2025,00160302,3.16167458176257,3.16167458176257,0.0,3.16167458176257,22.0,22.0,3.9360338501067456,3.0,1.0,1.0,3.0,0.18476894070519811,1.02691590802553,96.0,1.0,0.2567289770063825,0.7207274488983166,0.271583986410892,182.0,1.0,-0.09505439524381219,0
003240,2025,3,202503,태광산업,00153393,CFS,CFS,4670162471432.0,4010311539956.0,659850931476.0,0.1645385713557904,0.15232493246936146,1903792758439.0,-0.10833523688281388,-0.0034952468885063315,1,1,1,,-68705732665.0,1.1823149403483333,2.000439257913312,1,1,1,,163116158148.0,2.899548806826286,3.7790314125815243,1,1,1,,84793300745.0,-0.2882558681135903,-3.4350447894198464,1,1,1,,97317527465.0,-1.5711352488449304,2.2261499833870864,1,1,1,,4670162471432.0,0.01815639204496456,0.02083814600890315,-0.036088871732727214,-0.014711636497719732,40,20154,20253,0,0,84793300745.0,0.01815639204496456,2025-11-30,464633416898.0,445197142480.0,-0.041831417438205495,-18904639411.0,-41894775634.0,-1.216110803447686,20501,True,passed,20501,0,0,3,2025,00153393,3.1409293579819497,3.1409293579819497,0.0,3.1409293579819497,23.0,23.0,2.000439257913312,2.8607632789860604,49.0,1.0,2.8607632789860604,-0.0034952468885063315,-0.20989808516823735,296.0,1.0,-0.05247452129205934,0.15232493246936146,-0.9504017151084254,417.0,1.0,0.3326406002879489,0
042000,2025,3,202503,카페24,00260879,CFS,CFS,402433022288.0,258405083169.0,144027939119.0,0.5573727008489381,0.44300023533686034,310774920092.0,0.05830350819085517,0.002224129446448453,1,1,1,,43382599008.0,1.1959266123884786,3.6133675658890683,1,1,1,,37016939158.0,-75.62974849767693,-74.6778687772833,1,1,1,,85857767855.0,0.35521449014353235,-0.8202314522067173,1,1,1,,12778303537.0,0.6902078049624936,0.9158568852455409,1,1,1,,402433022288.0,0.21334672628717866,0.03175262175144078,0.13959491645965919,0.10780079318876912,33,20174,20254,0,0,85857767855.0,0.21334672628717866,2025-11-30,79421955567.0,76773795757.0,-0.03334291873191191,11235522115.0,10043542279.0,-0.1060902932502483,63112,True,passed,63112,0,0,3,2025,00260879,3.0708406353666438,3.0708406353666438,0.0,3.0708406353666438,24.0,24.0,3.6133675658890683,3.0,1.0,1.0,3.0,0.002224129446448453,-0.17232426524089445,288.0,1.0,-0.04308106631022361,0.44300023533686034,-0.32549057621962113,278.0,1.0,0.11392170167686738,0
388720,2025,3,202503,유일로보틱스,01152586,CFS,OFS,114510585997.0,94917038209.0,19593547788.0,0.20642814143501315,0.1876640447858066,35325227649.0,-0.024608760673991092,-0.12778814403471928,1,1,1,,-6661151347.0,2.7450005565452624,3.5022892995176464,1,1,1,,-18579279969.0,0.28526222730930684,-2.9251981812949186,1,1,1,,-9647147687.0,3.995339185841191,12.245889757593972,1,1,1,,11020847098.0,-0.7072817679927468,-3.893459035924579,1,1,1,,114510585997.0,-0.08424677599023675,0.09624304165458318,-0.18856640962619717,-0.05817061618368202,17,20214,20254,0,0,-9647147687.0,-0.08424677599023675,2025-11-30,7089568550.0,9295009518.0,0.31108253660936813,-4130801512.0,-3960067782.0,0.041331864894504765,292,True,passed,292,0,0,3,2025,01152586,3.0494375357792944,3.0494375357792944,0.0,3.0494375357792944,25.0,25.0,3.5022892995176464,3.0,1.0,1.0,3.0,-0.12778814403471928,-1.0264484679568673,375.0,1.0,-0.2566121169892168,0.1876640447858066,-0.8744275793386048,402.0,1.0,0.30604965276851165,0
126340,2025,3,202503,비나텍,00563518,CFS,CFS,191914251921.0,80063948209.0,111850303712.0,1.397012091135257,0.8742229997178967,73162083036.0,0.21034976167791752,0.18541941789644145,1,1,1,,-5563854812.0,11.559353578755571,12.680264847644953,1,1,1,,-8860940119.0,1.05189942924134,4.650373880946209,1,1,1,,-9310191049.0,-9.30551088055042,-8.379219555077668,1,1,1,,13151003034.0,-0.7170346373038492,-3.5762092192056394,1,1,1,,191914251921.0,-0.04851224417055002,0.06852541123112371,-0.07604833789740868,-0.028991358152443608,22,20203,20254,0,0,-9310191049.0,-0.04851224417055002,2025-11-30,20689950380.0,23010633345.0,0.11216474290065455,957086328.0,2565680047.0,1.680719567232184,282,True,passed,282,0,0,3,2025,00563518,3.0472450517705276,3.0472450517705276,0.0,3.0472450517705276,26.0,26.0,12.680264847644953,3.0,1.0,1.0,3.0,0.18541941789644145,1.0311892608212265,95.0,1.0,0.25779731520530663,0.8742229997178967,0.601577895527941,134.0,1.0,-0.21055226343477937,0
018670,2025,3,202503,SK가스,00144164,CFS,CFS,7626898958309.0,2933148807215.0,4693750151094.0,1.6002427628452565,0.9556048109937975,7642348534057.0,0.13398834351012323,0.21272993515182648,1,1,1,,529632995435.0,2.8959870520891733,3.620863885969789,1,1,1,,296519146153.0,0.8017560854831172,1.4133900756284707,1,1,1,,714412284747.0,3.057932253310484,3.758115424855264,1,1,1,,222851000505.0,-0.5211714277386829,-0.3972858040486028,1,1,1,,7626898958309.0,0.09367008644695565,0.029219083892834143,0.06930238696583499,0.06944277068965231,41,20154,20254,0,0,714412284747.0,0.09367008644695565,2025-11-30,1880348502825.0,1950225726095.0,0.03716184694753009,120673482843.0,173452991929.0,0.4373745403094713,46713,True,passed,46713,0,0,3,2025,00144164,3.0308637940739573,3.0308637940739573,0.0,3.0308637940739573,27.0,27.0,3.620863885969789,3.0,1.0,1.0,3.0,0.21272993515182648,1.2106075045910765,88.0,1.0,0.3026518761477691,0.9556048109937975,0.7765373773537472,113.0,1.0,-0.2717880820738115,0
071320,2025,3,202503,지역난방공사,00159698,CFS,CFS,7900143000000.0,2219901000000.0,5680242000000.0,2.5587816753990382,1.2694182602797477,4036407984203.0,0.14330047011006708,0.3501374760183529,1,1,1,,517473174738.0,-0.26848519339877464,3.053476261467212,1,1,1,,327345512648.0,-0.37473182933868343,4.5969610119283555,1,1,1,,690006491390.0,0.5909103382538556,4.929398412685318,1,1,1,,444392711150.0,-0.3208856522963125,-0.3864181661003018,1,1,1,,7900143000000.0,0.08734101286394436,0.05625122369936848,0.12820140500246693,0.06550174784658962,41,20154,20254,0,0,690006491390.0,0.08734101286394436,2025-11-30,623079458188.0,758200183497.0,0.21685954099971372,-9557147575.0,89373756956.0,10.351509564400548,35300,True,passed,35300,0,0,3,2025,00159698,3.020411550788075,3.020411550788075,0.0,3.020411550788075,28.0,28.0,3.053476261467212,3.0,1.0,1.0,3.0,0.3501374760183529,2.113315403986316,54.0,1.0,0.528328850996579,1.2694182602797477,1.4511922863100122,59.0,1.0,-0.5079173002085042,0
251270,2025,3,202503,넷마블,00904672,CFS,CFS,7979669986390.0,5458827554698.0,2520842431692.0,0.4617919152845379,0.3796630223911353,2686472161607.0,0.0022879268118340956,-0.05991883746824378,1,1,1,,276948133835.0,0.39003215207264375,3.1789309425838708,1,1,1,,111179123708.0,-9.857551412935885,-8.880170264521677,1,1,1,,349786552808.0,1.0294332014666172,2.7826540464281067,1,1,1,,52442592425.0,0.6375658810554803,1.1995630053070008,1,1,1,,7979669986390.0,0.043834714142889426,0.006572025223404635,0.10308989528830052,0.03470671522849421,35,20172,20254,0,0,349786552808.0,0.043834714142889426,2025-11-30,717640895462.0,695955265610.0,-0.03021794046176718,101140974173.0,90869530867.0,-0.10155570865306145,5821,True,passed,5821,0,0,3,2025,00904672,3.016435699816765,3.016435699816765,0.0,3.016435699816765,29.0,29.0,3.1789309425838708,3.0,1.0,1.0,3.0,-0.05991883746824378,-0.5805765836507014,339.0,1.0,-0.14514414591267535,0.3796630223911353,-0.4616567020841151,303.0,1.0,0.16157984572944026,0
035760,2025,3,202503,CJ ENM,00265324,CFS,CFS,9072000638302.0,3623371522553.0,5448629115749.0,1.5037456363044819,0.9177878651324608,5484690154470.0,0.16619787536282105,0.13768793696111437,1,1,1,,87870580200.0,-0.2808958546928163,2.55143801934754,1,1,1,,87410376450.0,-1.1269742817608561,-2.0274563541359725,1,1,1,,1403866869667.0,0.1610136650891021,0.41704181748491675,1,1,1,,1105699675330.0,-0.07098153946643959,0.23954985288059838,1,1,1,,9072000638302.0,0.1547472190136178,0.12188046710024847,0.016021065497817746,0.009685909834376585,41,20154,20254,0,0,1403866869667.0,0.1547472190136178,2025-11-30,1312869558905.0,1245606653936.0,-0.05123350184545423,28610310690.0,17571069824.0,-0.38584833927925444,602,True,passed,602,0,0,3,2025,00265324,2.936070851008074,2.936070851008074,0.0,2.936070851008074,30.0,30.0,2.55143801934754,3.0,1.0,1.0,3.0,0.13768793696111437,0.7176141497433924,119.0,1.0,0.1794035374358481,0.9177878651324608,0.6952362469364972,122.0,1.0,-0.243332686427774,0
189300,2025,3,202503,인텔리안테크,00664181,CFS,CFS,484087933450.0,247072291665.0,237015641785.0,0.9592967312836698,0.6725855982849547,272324175452.0,0.01979618013047535,0.133164003605589,1,1,1,,-13175682893.0,0.2650340819655823,1.9335311179150987,1,1,1,,-3517856239.0,-0.7802320562189669,2.5048063858683918,1,1,1,,-23411055374.0,-2.293225673552529,1.3209714312381449,1,1,1,,26865723150.0,-0.2349747447908629,-0.23641324919205198,1,1,1,,484087933450.0,-0.04836116283079809,0.05549760961512353,-0.04838234751333105,-0.027217540414815725,37,20164,20254,0,0,-23411055374.0,-0.04836116283079809,2025-11-30,74736003382.0,77226483698.0,0.033323702142197056,1763174467.0,2373046193.0,0.34589414570963156,26429,True,passed,26429,0,0,3,2025,00664181,2.8814564293955494,2.8814564293955494,0.0,2.8814564293955494,31.0,31.0,1.9335311179150987,2.768312977107738,50.0,1.0,2.768312977107738,0.133164003605589,0.6878938712883895,121.0,1.0,0.17197346782209738,0.6725855982849547,0.16808575866938916,202.0,1.0,-0.0588300155342862,0
425420,2025,3,202503,티에프이,01035368,CFS,CFS,148211522718.0,89043319359.0,59168203359.0,0.664487844623681,0.5095174752869511,95014152465.0,0.22480879270156984,0.5751196814541396,1,1,1,,12921057452.0,0.9116124515798494,1.356187317094062,1,1,1,,10028922131.0,0.43263607306608765,0.8978426848867864,1,1,1,,10230633531.0,-0.1588273945992178,-0.5043755591601571,1,1,1,,9996734879.0,-0.5114292944507046,-1.0452780073182564,1,1,1,,148211522718.0,0.06902724797224899,0.06744910716571376,0.13599087206255595,0.08717984415142077,13,20224,20254,0,0,10230633531.0,0.06902724797224899,2025-11-30,25061510253.0,27219872546.0,0.08612259481615367,3920022407.0,4826605353.0,0.23126983773896576,262,True,passed,262,0,0,3,2025,01035368,2.7844391011540117,2.7844391011540117,0.0,2.7844391011540117,32.0,32.0,1.356187317094062,1.9705683577698228,56.0,1.0,1.9705683577698228,0.5751196814541396,3.0,1.0,1.0,0.75,0.5095174752869511,-0.1824878382405396,257.0,1.0,0.06387074338418885,0
000880,2025,3,202503,한화,00160588,CFS,CFS,283912092000000.0,46066450000000.0,237845642000000.0,5.1630990015510205,1.8185797357081372,71671921000000.0,0.3750696821435209,0.4402709965622419,1,1,1,,4877948000000.0,2.2060651670254194,2.5704984088618135,1,1,1,,3446476000000.0,236.2462311557789,237.23818876200554,1,1,1,,9598785000000.0,1.0837882247155108,0.9737666070093782,1,1,1,,6522188000000.0,0.2427783928186933,-0.02177534710693796,1,1,1,,283912092000000.0,0.03380900380953129,0.022972561520909086,0.06805940083564943,0.017181191423153615,41,20154,20254,0,0,9598785000000.0,0.03380900380953129,2025-11-30,19242236000000.0,17786617000000.0,-0.07564708176326286,1334841000000.0,1344206000000.0,0.007015816865079811,20494,True,passed,20494,0,0,3,2025,00160588,2.7552290207225107,2.7552290207225107,0.0,2.7552290207225107,33.0,33.0,2.5704984088618135,3.0,1.0,1.0,3.0,0.4402709965622419,2.705453509960474,45.0,1.0,0.6763633774901185,1.8185797357081372,2.6318124479074507,39.0,1.0,-0.9211343567676077,0
139480,2025,3,202503,이마트,00872984,CFS,CFS,34911311260280.0,13900625053741.0,21010686206539.0,1.5114921901216598,0.9208770745561673,28908406956200.0,-0.0075148841814347556,0.008132209208454033,1,1,1,,255315418287.0,5.60058862087612,5.84733334750272,1,1,1,,-233725360751.0,1.77630454229562,4.171911992172246,1,1,1,,1551510148292.0,,,1,0,0,missing_ttm_yoy,735877448434.0,0.050775672592367815,0.2901391149775635,1,1,1,,34911311260280.0,0.04444147447584461,0.021078482069828104,0.008831874363531554,0.007313257768621329,41,20154,20254,0,0,1551510148292.0,0.04444147447584461,2025-11-30,7038971418605.0,7400784157345.0,0.05140136494711111,21629773276.0,151449690811.0,6.001908382416833,471,True,passed,471,0,0,3,2025,00872984,2.720965148677152,2.720965148677152,0.0,2.720965148677152,34.0,34.0,5.84733334750272,3.0,1.0,1.0,3.0,0.008132209208454033,-0.13351074570778404,279.0,1.0,-0.03337768642694601,0.9208770745561673,0.7018776139882913,119.0,1.0,-0.24565716489590195,0
052400,2025,3,202503,코나아이,00349732,CFS,CFS,530735294389.0,237983778130.0,292751516259.0,1.2301322323704047,0.8020608807411155,278822080210.0,0.15413287894529426,0.2723054797382424,1,1,1,,66132179640.0,1.3495134315071557,1.6588884556122894,1,1,1,,61474333814.0,1.2682142474455005,1.2075914637082756,1,1,1,,91199948867.0,-5.385411958898844,-4.075898767223089,1,1,1,,18802841680.0,-0.285226405794911,0.00440969892010501,1,1,1,,530735294389.0,0.17183697755015973,0.035427908938384156,0.23718415553815295,0.1246048271881627,41,20154,20254,0,0,91199948867.0,0.17183697755015973,2025-11-30,67214312354.0,93250286743.0,0.3873575950889062,17207317369.0,30177163796.0,0.7537401762790722,58221,True,passed,58221,0,0,3,2025,00349732,2.6330699953326913,2.6330699953326913,0.0,2.6330699953326913,35.0,35.0,1.6588884556122894,2.388825562882223,54.0,1.0,2.388825562882223,0.2723054797382424,1.6019929727377669,70.0,1.0,0.4004982431844417,0.8020608807411155,0.4464394592399232,159.0,1.0,-0.1562538107339731,0
006360,2025,3,202503,GS건설,00120030,CFS,CFS,17943161656263.0,5279078977216.0,12664082679047.0,2.398918965543795,1.2234574297542324,12853420838636.0,0.004269190024043024,0.0925211766471985,1,1,1,,421122347121.0,7.016490266266347,8.652269509062354,1,1,1,,17254237732.0,-1.9354941407984998,-1.0508941392825,1,1,1,,77424353877.0,-0.8137132056957611,-0.781682468486901,1,1,1,,286370236896.0,-0.5202183261925948,-0.9147658910190541,1,1,1,,17943161656263.0,0.00431497833883558,0.015959853808486614,0.032763445032092275,0.023469796192468046,41,20154,20254,0,0,77424353877.0,0.00431497833883558,2025-11-30,3196053298560.0,3207971834289.0,0.003729141730636959,162060901459.0,148473179056.0,-0.08384331001908919,4111,True,passed,4111,0,0,3,2025,00120030,2.631888003904604,2.631888003904604,0.0,2.631888003904604,36.0,36.0,8.652269509062354,3.0,1.0,1.0,3.0,0.0925211766471985,0.4208881398872933,148.0,1.0,0.10522203497182332,1.2234574297542324,1.3523829459063403,61.0,1.0,-0.4733340310672191,0
066970,2025,3,202503,엘앤에프,00398701,CFS,CFS,2975571188998.0,375819622330.0,2599751566668.0,6.917551432120828,2.0690819954147153,1902503137937.0,-0.13513098524403033,0.4430448525253856,1,1,1,,-437544100853.0,-0.3173120622209952,6.4336374303020545,1,1,1,,-459797564509.0,-0.1606032311864628,4.951259892839845,1,1,1,,55260075232.0,-0.8625125510893715,0.5352669857301552,1,1,1,,101362576846.0,-0.7074750919958264,-0.5890984198114043,1,1,1,,2975571188998.0,0.01857124959279109,0.03406491406449363,-0.22998337933227048,-0.14704541516962985,41,20154,20254,0,0,55260075232.0,0.01857124959279109,2025-11-30,520075586214.0,652296034667.0,0.25423313833192335,-121188291178.0,22122023446.0,1.1825425808959333,28202,True,passed,28202,0,0,3,2025,00398701,2.6309191348996537,2.6309191348996537,0.0,2.6309191348996537,37.0,37.0,6.4336374303020545,3.0,1.0,1.0,3.0,0.4430448525253856,2.723676539598613,44.0,1.0,0.6809191348996533,2.0690819954147153,3.0,1.0,1.0,-1.0499999999999998,0
249420,2025,3,202503,일동제약,01168383,CFS,CFS,573878174968.0,226836943256.0,347041231712.0,1.5299149544628705,0.9281856873376275,575655911843.0,-0.05673800810766827,-0.0711566710682685,1,1,1,,19953261595.0,9.849090258155016,10.873868591839852,1,1,1,,20950836355.0,-2.4482428610245197,-1.5548196780728414,1,1,1,,20931334189.0,-0.23402502181368667,1.1655379864606425,1,1,1,,18989457782.0,0.4469249033506324,0.8295413317722181,1,1,1,,573878174968.0,0.036473480090381816,0.033089701979098385,0.03466178525139841,0.03476915914446932,38,20163,20254,0,0,20931334189.0,0.036473480090381816,2025-11-30,138479788275.0,145455834994.0,0.05037591987898351,596181948.0,6760047364.0,10.3388997883579,212,True,passed,212,0,0,3,2025,01168383,2.5852423945969987,2.5852423945969987,0.0,2.5852423945969987,38.0,38.0,10.873868591839852,3.0,1.0,1.0,3.0,-0.0711566710682685,-0.6544042724286091,348.0,1.0,-0.16360106810715228,0.9281856873376275,0.7175901065595693,118.0,1.0,-0.25115653729584925,0
141080,2025,3,202503,리가켐바이오,00842619,CFS,CFS,699431321814.0,563065394063.0,136365927751.0,0.24218488507525354,0.2168718332017474,129905486855.0,7.202177112699456,7.231705062662797,1,1,1,,-47069716490.0,0.4525773150149537,1.049077122987351,1,1,1,,-32369096029.0,10.038300050568045,11.002992107388053,1,1,1,,-36640201096.0,-1.78430474541132,0.14109313007352187,1,1,1,,6807282807.0,0.9606870532537322,-0.4309936035203905,1,1,1,,699431321814.0,-0.0523857024317589,0.009732596460428839,-0.36233817084677133,-0.0672971241378253,41,20154,20254,0,0,-36640201096.0,-0.0523857024317589,2025-11-30,32616872894.0,41409774959.0,0.26958139407096526,-21549573416.0,-23196332185.0,-0.07641723282454048,70113,True,passed,70113,0,0,3,2025,00842619,2.5802911670024335,2.5802911670024335,0.0,2.5802911670024335,39.0,39.0,1.049077122987351,1.5462189414531584,64.0,1.0,1.5462189414531584,7.231705062662797,3.0,1.0,1.0,0.75,0.2168718332017474,-0.8116349301407852,393.0,1.0,0.2840722255492748,0
020150,2025,3,202503,롯데에너지머티리얼즈,00113997,CFS,CFS,2219254533757.0,1794700697476.0,424553836281.0,0.23655968757246076,0.21233307820327732,693022877106.0,-0.2669472672190951,-0.5263937859192007,1,1,1,,-151473517194.0,5.515554527270904,7.416939046089501,1,1,1,,-115952542941.0,-10.329296529748076,-9.039995870745127,1,1,1,,-8727105996.0,-1.1630543175321757,0.5541911083799149,1,1,1,,69610923408.0,-0.430114088845464,0.12698646277577097,1,1,1,,2219254533757.0,-0.003932449326227483,0.031366804640545184,-0.21856928854432559,-0.06825423352298794,41,20154,20254,0,0,-8727105996.0,-0.003932449326227483,2025-11-30,204945979311.0,143705956170.0,-0.2988105614312634,-31103338140.0,-34283273043.0,-0.10223773694922124,2629,True,passed,2629,0,0,3,2025,00113997,2.5374874159164573,2.5374874159164573,0.0,2.5374874159164573,40.0,40.0,7.416939046089501,3.0,1.0,1.0,3.0,-0.5263937859192007,-3.0,421.0,1.0,-0.75,0.21233307820327732,-0.8213926169041638,396.0,1.0,0.2874874159164573,0
039200,2025,3,202503,오스코텍,00263654,CFS,CFS,154135477940.0,122941623699.0,31193854241.0,0.25372899187806747,0.22612230392476163,23234666692.0,-0.27340274967968814,-4.586169140024685,1,1,1,,-16363532631.0,1.789594401372478,2.582646887762903,1,1,1,,-16489897115.0,0.9736822505016536,1.566219382319463,1,1,1,,-488707308.0,-0.9749950745600016,-0.731472963324428,1,1,1,,,,,0,0,0,missing_ttm_yoy,154135477940.0,-0.003170634785264935,,-0.7042723206627354,-0.10616331067770003,41,20154,20254,0,0,-488707308.0,-0.003170634785264935,2025-11-30,10016722927.0,8945473014.0,-0.10694614604068303,-631853058.0,-373196525.0,0.4093618440634341,212,True,passed,212,0,0,3,2025,00263654,2.5271117003577213,2.5271117003577213,0.0,2.5271117003577213,41.0,41.0,2.582646887762903,3.0,1.0,1.0,3.0,-4.586169140024685,-3.0,421.0,1.0,-0.75,0.22612230392476163,-0.7917477153077747,384.0,1.0,0.2771117003577211,0
025980,2025,3,202503,아난티,00161781,CFS,CFS,1577891079704.0,728831930001.0,849059149703.0,1.164958771361506,0.7724013180220917,262787183056.0,-0.14143278408616633,0.517761356547403,1,1,1,,4670851720.0,0.3134998942729781,1.3015821120274347,1,1,1,,-39191368160.0,0.4817917002747729,1.5916319124362284,1,1,1,,34147941275.0,1.10553580574995,2.005756416951218,1,1,1,,14672587011.0,-0.8248994955137017,-0.3506642195111088,1,1,1,,1577891079704.0,0.021641507271468883,0.009298859217679627,0.017774275235503553,0.0029601864032821677,41,20154,20254,0,0,34147941275.0,0.021641507271468883,2025-11-30,61851976514.0,73376166810.0,0.18631886878168777,-2504768491.0,9185861253.0,4.6673494121337535,551,True,passed,551,0,0,3,2025,00161781,2.5111811869264615,2.5111811869264615,0.0,2.5111811869264615,42.0,42.0,1.3015821120274347,1.8951176324519143,57.0,1.0,1.8951176324519143,0.517761356547403,3.0,1.0,1.0,0.75,0.7724013180220917,0.38267555864415126,170.0,1.0,-0.13393644552545292,0
323280,2025,3,202503,태성,01366000,CFS,CFS,160787434872.0,125085998130.0,35701436742.0,0.2854151325945853,0.2510817265593046,39241622293.0,-0.2630611394958695,-0.6432176087687076,1,1,1,,-1642093807.0,-1.462339960694254,5.691046478265636,1,1,1,,-1937656390.0,-2.0389351035934853,-0.32910956273537284,1,1,1,,-3264180027.0,-1.493886555241471,-1.845022208629176,1,1,1,,43333871556.0,7.2595392829512875,7.212402071348309,1,1,1,,160787434872.0,-0.02030121339766727,0.26951031086786925,-0.04184571664084642,-0.010212824206737556,15,20222,20254,0,0,-3264180027.0,-0.02030121339766727,2025-11-30,8638342867.0,8793358790.0,0.01794509958526748,-1178848560.0,-1176130529.0,0.002305665962725526,292,True,passed,292,0,0,3,2025,01366000,2.508330959872575,2.508330959872575,0.0,2.508330959872575,43.0,43.0,5.691046478265636,3.0,1.0,1.0,3.0,-0.6432176087687076,-3.0,421.0,1.0,-0.75,0.2510817265593046,-0.7380884567787859,366.0,1.0,0.25833095987257504,0
002020,2025,3,202503,코오롱,00152862,CFS,CFS,7184469584614.0,2463677322207.0,4720792262407.0,1.916156884611026,1.0702666140061097,5896860456483.0,-0.03273663712231922,-0.07431415750377623,1,1,1,,34519259432.0,3.2581318777729624,4.211182485107607,1,1,1,,-130683026148.0,-1.8128002279759348,-5.431927004105425,1,1,1,,23606727168.0,-1.1197004483755908,21.277423432618022,1,1,1,,198097879724.0,0.5156607127780648,-0.28065901910004176,1,1,1,,7184469584614.0,0.003285799583389609,0.027573069576108895,0.005853836916566268,0.00480470534747968,41,20154,20254,0,0,23606727168.0,0.003285799583389609,2025-11-30,1465591308974.0,1439940168350.0,-0.017502246681550877,42093868175.0,67570073088.0,0.6052236588732083,64992,True,passed,64992,0,0,3,2025,00152862,2.473147642002149,2.473147642002149,0.0,2.473147642002149,44.0,44.0,4.211182485107607,3.0,1.0,1.0,3.0,-0.07431415750377623,-0.6751475877487985,351.0,1.0,-0.16878689693719962,1.0702666140061097,1.0230441744590044,82.0,1.0,-0.3580654610606515,0
090710,2025,3,202503,휴림로봇,00540429,CFS,CFS,319796749598.0,231515435688.0,88281313910.0,0.38131934334163203,0.3230390883480397,210970364315.0,1.2003955272331113,0.8391834759458365,1,1,1,,-3343725747.0,0.5069942717577356,1.0087129013817762,1,1,1,,1409368498.0,-1.1434440176003833,-0.583802522309103,1,1,1,,-34470302966.0,-7.191183197301057,-3.7135009356910293,1,1,1,,4349727548.0,0.43780479249302906,-0.8172136512180936,1,1,1,,319796749598.0,-0.107788159227168,0.01360153770627068,-0.015849267539811803,-0.010455784029084801,41,20154,20254,0,0,-34470302966.0,-0.107788159227168,2025-11-30,52622002571.0,40467328653.0,-0.23098083167018132,953681244.0,-3183371281.0,-4.3379824768788255,29280,True,passed,29280,0,0,3,2025,00540429,2.444632267561566,2.444632267561566,0.0,2.444632267561566,45.0,45.0,1.0087129013817762,1.4904456906555945,66.0,1.0,1.4904456906555945,0.8391834759458365,3.0,1.0,1.0,0.75,0.3230390883480397,-0.583390219731348,331.0,1.0,0.20418657690597178,0
017960,2025,3,202503,한국카본,00159795,CFS,CFS,948582272788.0,540336379462.0,408245893326.0,0.7555402686979557,0.5627766549550933,871125005873.0,0.16220887045153165,-0.3417122428054591,1,1,1,,109988138441.0,2.8878041071199534,2.6183185519129952,1,1,1,,66241996300.0,17.484072725796644,18.20806291439467,1,1,1,,121143757573.0,-0.2802705154368257,-3.0056833251669355,1,1,1,,10290108215.0,-4.466981165990337,-5.418531518111548,1,1,1,,948582272788.0,0.1277103326176902,0.010847881633668007,0.12625987969519384,0.11595002520733529,41,20154,20254,0,0,121143757573.0,0.1277103326176902,2025-11-30,231273164942.0,221132122841.0,-0.043848762581440125,31643545534.0,29862508460.0,-0.05628437155015804,2512,True,passed,2512,0,0,3,2025,00159795,2.415836589862528,2.415836589862528,0.0,2.415836589862528,46.0,46.0,2.6183185519129952,3.0,1.0,1.0,3.0,-0.3417122428054591,-2.4318369394595813,411.0,1.0,-0.6079592348648953,0.5627766549550933,-0.0679880706497803,241.0,1.0,0.0237958247274231,0
005440,2025,3,202503,현대지에프홀딩스,00105280,CFS,CFS,10546540759000.0,7191648779000.0,3354891980000.0,0.4664983070080486,0.3828774549908214,8144083424000.0,0.2807928726192004,-1.1798078908487248,1,1,1,,265146916000.0,0.6974105184417427,29.62334168844865,1,1,1,,632699995000.0,-0.16616328183890972,0.011474955044697865,1,1,1,,413107982000.0,0.16780705208288849,5.498329517146701,1,1,1,,170707961000.0,0.6403995500229678,-0.7377103528218691,1,1,1,,10546540759000.0,0.03916999814820514,0.016186156665096523,0.03255699901337356,0.025140652471639494,41,20154,20254,0,0,413107982000.0,0.03916999814820514,2025-11-30,1998795057000.0,1925169178000.0,-0.03683513161699799,74480766000.0,74759094000.0,0.003736911083862913,64992,True,passed,64992,0,0,3,2025,00105280,2.409161142967536,2.409161142967536,0.0,2.409161142967536,47.0,47.0,29.62334168844865,3.0,1.0,1.0,3.0,-1.1798078908487248,-3.0,421.0,1.0,-0.75,0.3828774549908214,-0.4547461227643894,301.0,1.0,0.15916114296753628,0
000660,2025,3,202503,SK하이닉스,00164779,CFS,CFS,148435030000000.0,100006279000000.0,48428751000000.0,0.48425710349647144,0.39491438007363217,84087057000000.0,0.45652129178161704,-0.5251807706581297,1,1,1,,36119541000000.0,1.2961387190548943,3.873181024298319,1,1,1,,35708436000000.0,2.4298872390791826,4.336858237601767,1,1,1,,43532512000000.0,0.9153969625836278,-13.135243400840826,1,1,1,,23798117000000.0,1.1584115554898506,1.1832385128222076,1,1,1,,148435030000000.0,0.2932765399110978,0.16032682446993812,0.42954935383218373,0.24333569373752273,41,20154,20254,0,0,43532512000000.0,0.2932765399110978,2025-11-30,22231952000000.0,24448929000000.0,0.09972030346233206,9212851000000.0,11383390000000.0,0.23559905614450943,2612,True,passed,2612,0,0,3,2025,00164779,2.400103947633757,2.400103947633757,0.0,2.400103947633757,48.0,48.0,3.873181024298319,3.0,1.0,1.0,3.0,-0.5251807706581297,-3.0,421.0,1.0,-0.75,0.39491438007363217,-0.4288684218107335,296.0,1.0,0.1501039476337567,0
326030,2025,3,202503,에스케이바이오팜,00878696,CFS,CFS,1029954601823.0,689455767569.0,340498834254.0,0.4938661046445206,0.4013674606357751,675405564094.0,0.3208862766262577,-0.43684055231269414,1,1,1,,198314649979.0,1.8142729243510427,3.5413035611280184,1,1,1,,306922925767.0,5.224341814014211,6.784782120416956,1,1,1,,146181936678.0,6.405975116106059,7.570598006928123,1,1,1,,3565838572.0,-0.7400744362036653,-2.6914321314687433,1,1,1,,1029954601823.0,0.1419304660800202,0.0034621317926911864,0.2936230622337595,0.19254698180675814,23,20202,20254,0,0,146181936678.0,0.1419304660800202,2025-11-30,176276907902.0,191726834800.0,0.08764577891614304,61882853308.0,70105599407.0,0.13287600133875843,7011,True,passed,7011,0,0,3,2025,00878696,2.3952483212379914,2.3952483212379914,0.0,2.3952483212379914,49.0,49.0,3.5413035611280184,3.0,1.0,1.0,3.0,-0.43684055231269414,-3.0,421.0,1.0,-0.75,0.4013674606357751,-0.41499520353711855,292.0,1.0,0.14524832123799147,0
389470,2025,3,202503,인벤티지랩,01516456,CFS,CFS,112719883033.0,73308799152.0,39411083881.0,0.5376037302054865,0.4302251852230701,2945131279.0,1.5494410114113286,2.2555713685674794,1,1,1,,-26237001634.0,0.6330766260610674,0.9742052372304696,1,1,1,,-20620120669.0,1.3017763471339916,2.0776945784644285,1,1,1,,-19008530512.0,0.9190389746881922,1.2936137560926124,1,1,1,,3644360182.0,-0.497186048528239,-0.8075695375839059,1,1,1,,112719883033.0,-0.16863511565599337,0.032331121040403074,-8.90860173910774,-0.23276285361579754,13,20224,20254,0,0,-19008530512.0,-0.16863511565599337,2025-11-30,865373001.0,832157213.0,-0.038383203499088595,-8053823279.0,-7433898012.0,0.07697279236514025,701,True,passed,701,0,0,3,2025,01516456,2.3162990361885853,2.3162990361885853,0.0,2.3162990361885853,50.0,50.0,0.9742052372304696,1.4427647363204532,71.0,1.0,1.4427647363204532,2.2555713685674794,3.0,1.0,1.0,0.75,0.4302251852230701,-0.3529551424803788,283.0,1.0,0.12353429986813257,0
278470,2025,3,202503,에이피알,01190568,CFS,CFS,617130435828.0,348710270320.0,268420165508.0,0.769751247250847,0.5708389984329513,1223924985490.0,0.9410168605040099,0.6796527348417916,1,1,1,,274933773641.0,1.3422605183550083,1.046261731138904,1,1,1,,234275665766.0,1.6530276714747862,1.4384849490174705,1,1,1,,216351264673.0,1.2832892650749126,1.17483381328128,1,1,1,,19580225160.0,-0.5615362707179806,-4.507136581154624,1,1,1,,617130435828.0,0.3505762349619378,0.031727855285130016,0.2246328630434241,0.4455035073292457,24,20194,20253,0,0,216351264673.0,0.3505762349619378,2025-11-30,327734894608.0,385942757341.0,0.17760654629901942,84552442450.0,96127667281.0,0.13689994630072333,20423,True,passed,20423,0,0,3,2025,01190568,2.3100580816045904,2.3100580816045904,0.0,2.3100580816045904,51.0,51.0,1.046261731138904,1.5423287746318772,65.0,1.0,1.5423287746318772,0.6796527348417916,3.0,1.0,1.0,0.75,0.5708389984329513,-0.05065516277918091,238.0,1.0,0.017729306972713316,0
004000,2025,3,202503,롯데정밀화학,00157681,CFS,CFS,2777183534864.0,2412833850147.0,364349684717.0,0.1510048794676858,0.14063536905976556,1742240518948.0,0.053861885672994436,0.16215347032724714,1,1,1,,67227064493.0,0.43924414180379356,1.1938534988016156,1,1,1,,60376212576.0,-0.06873113922841134,0.6579259187905302,1,1,1,,292674778273.0,0.49663863178393,1.076000746036609,1,1,1,,162683003557.0,-0.24338249676940693,-1.2726556496164103,1,1,1,,2777183534864.0,0.10538546502196962,0.05857841281093677,0.03858655780408153,0.024206921742495547,41,20154,20254,0,0,292674778273.0,0.10538546502196962,2025-11-30,424673817977.0,443363087559.0,0.04400852793569722,8711987833.0,27571797301.0,2.1648112726421895,20119,True,passed,20119,0,0,3,2025,00157681,2.307285598317919,2.307285598317919,0.0,2.307285598317919,52.0,52.0,1.1938534988016156,1.746263654237516,62.0,1.0,1.746263654237516,0.16215347032724714,0.8783420842748663,105.0,1.0,0.21958552106871657,0.14063536905976556,-0.9755326371762467,423.0,1.0,0.3414364230116863,0
077970,2025,3,202503,STX엔진,00480455,CFS,CFS,1097741985601.0,330595293894.0,767146691707.0,2.320500944435625,1.2001156584243173,762635197360.0,0.061783002176095225,-0.11815897481183368,1,1,1,,72457204740.0,0.5452921738574079,14.551949594107061,1,1,1,,61024449761.0,1.2143201771109258,3.790200780953561,1,1,1,,139615797584.0,-15.223288262428689,-11.06091712840807,1,1,1,,22061844345.0,0.5854721052820697,0.799180643452381,1,1,1,,1097741985601.0,0.12718452916562364,0.020097477034115095,0.09500899642558297,0.06600567864800269,41,20154,20254,0,0,139615797584.0,0.12718452916562364,2025-11-30,213655135457.0,192065775355.0,-0.10104770033175753,33347615287.0,15425964012.0,-0.5374192763338748,29111,True,passed,29111,0,0,3,2025,00480455,2.303432254740935,2.303432254740935,0.0,2.303432254740935,53.0,53.0,14.551949594107061,3.0,1.0,1.0,3.0,-0.11815897481183368,-0.9631890058684234,370.0,1.0,-0.24079725146710584,1.2001156584243173,1.3022014108341695,63.0,1.0,-0.4557704937919593,0
114090,2025,3,202503,GKL,00557508,CFS,CFS,648493904113.0,444030021722.0,204463882391.0,0.4604731040438782,0.37876042709504093,426039119805.0,0.11749830877347289,0.16137566980751572,1,1,1,,58914900130.0,0.8461605437245581,1.2902468559761289,1,1,1,,53221761616.0,0.8177859302164188,0.935689661175409,1,1,1,,105113899941.0,1.6935320329689079,2.283451813952498,1,1,1,,8698315810.0,0.5111812247256755,1.2949006571279753,1,1,1,,648493904113.0,0.16208926448548994,0.013413103430628886,0.13828518882718002,0.09084881100090354,41,20154,20254,0,0,105113899941.0,0.16208926448548994,2025-11-30,100941840898.0,109383297619.0,0.08362693453877018,15960923114.0,17314568210.0,0.08480995029746498,91249,True,passed,91249,0,0,3,2025,00557508,2.260022218395349,2.260022218395349,0.0,2.260022218395349,54.0,54.0,1.2902468559761289,1.8794551458869122,58.0,1.0,1.8794551458869122,0.16137566980751572,0.8732322724778755,106.0,1.0,0.21830806811946887,0.37876042709504093,-0.46359715539705143,304.0,1.0,0.16225900438896798,0
336570,2025,3,202503,원텍,01407909,CFS,CFS,214519361443.0,156870158460.0,57649202983.0,0.36749630107436815,0.31298155042870895,147257532645.0,0.3552579806113647,0.36473486939048116,1,1,1,,53224424712.0,0.6900127724420466,0.9910989895044511,1,1,1,,42944679354.0,0.7567286175488879,1.0484258535514295,1,1,1,,45326198578.0,7.246458205473477,8.044646778653872,1,1,1,,1107222392.0,-0.5328261736026028,-0.49866364375138916,1,1,1,,214519361443.0,0.21129187721381334,0.005161410068313113,0.36143770546740306,0.2481101209418912,15,20222,20254,0,0,45326198578.0,0.21129187721381334,2025-11-30,39808884930.0,33239972126.0,-0.1650112233877132,17272670323.0,7612422401.0,-0.5592793552677593,271,True,passed,271,0,0,3,2025,01407909,2.2301655394314857,2.2301655394314857,0.0,2.2301655394314857,55.0,55.0,0.9910989895044511,1.4661076733327343,68.0,1.0,1.4661076733327343,0.36473486939048116,2.209213942192453,51.0,1.0,0.5523034855481133,0.31298155042870895,-0.6050125158589665,336.0,1.0,0.21175438055063828,0
009240,2025,3,202503,한샘,00161693,CFS,CFS,1043080939583.0,392892401262.0,650188538321.0,1.6548768472806943,0.9763982684130637,1834674351060.0,-0.044441904639905716,-0.02269326075237088,1,1,1,,19397708986.0,-0.5014695132969149,1.8017860379260622,1,1,1,,37728922277.0,-0.6882382797404054,1.4136120553511333,1,1,1,,52196032673.0,1.4715236763857238,2.2598093048741092,1,1,1,,13587960013.0,0.13234643020332704,0.7781121838726581,1,1,1,,1043080939583.0,0.05004025161639593,0.013026755160948639,0.010572834887451713,0.018596552050653675,41,20154,20254,0,1,52196032673.0,0.05004025161639593,2025-11-30,459435936286.0,441391785291.0,-0.03927457469014237,2255878741.0,6844048989.0,2.0338727275589856,46431,True,passed,46431,1,0,3,2025,00161693,2.214834939361469,2.214834939361469,0.0,2.214834939361469,56.0,56.0,1.8017860379260622,2.586274253324723,51.0,1.0,2.586274253324723,-0.02269326075237088,-0.3360207030269173,313.0,1.0,-0.08400517575672932,0.9763982684130637,0.821240394875785,105.0,1.0,-0.28743413820652475,0
042660,2025,3,202503,한화오션,00111704,CFS,CFS,18533926490443.0,5476057450593.0,13057869039850.0,2.38453835768943,1.2192175182423626,12713738965384.0,0.3034697951001981,-0.16844859121879874,1,1,1,,1089088297360.0,53.37095577982225,54.40648367456976,1,1,1,,1213011107200.0,4.165081446098437,5.587254686872985,1,1,1,,253022687032.0,-1.0814893368169127,-2.3536064705513464,1,1,1,,521748406287.0,0.691372447083026,-0.7276747888541841,1,1,1,,18533926490443.0,0.013651866330778363,0.028150991456453604,0.08566231384215821,0.05876187638499523,41,20154,20254,0,0,253022687032.0,0.013651866330778363,2025-11-30,3294113466275.0,3023357863134.0,-0.08219376955681244,371703649349.0,289759206450.0,-0.22045638519427266,3111,True,passed,3111,0,0,3,2025,00111704,2.206463805095906,2.206463805095906,0.0,2.206463805095906,57.0,57.0,54.40648367456976,3.0,1.0,1.0,3.0,-0.16844859121879874,-1.293569956592379,385.0,1.0,-0.32339248914809476,1.2192175182423626,1.3432677307314271,62.0,1.0,-0.47014370575599945,0
067310,2025,3,202503,하나마이크론,00445054,CFS,CFS,2033460786687.0,613464067487.0,1419996719200.0,2.314718651765356,1.1983727487737204,1468030581627.0,0.3243888906208896,0.14920912291560096,1,1,1,,140225552994.0,1.6101778443139816,1.7035309454119623,1,1,1,,41209924111.0,-1.7418118152879738,2.282862696735355,1,1,1,,117878384577.0,1.3646772893218646,1.9665281207102456,1,1,1,,129757966528.0,-0.3870444976210381,-0.016568462643903548,1,1,1,,2033460786687.0,0.05796934238847676,0.06381139355010979,0.09551950398648355,0.06895906422786809,41,20154,20254,0,0,117878384577.0,0.05796934238847676,2025-11-30,340178666798.0,432396038428.0,0.27108511094482945,30213756660.0,38389842914.0,0.2706080659219819,2611,True,passed,2611,0,0,3,2025,00445054,2.194377104741493,2.194377104741493,0.0,2.194377104741493,58.0,58.0,1.7035309454119623,2.4505103094420564,52.0,1.0,2.4505103094420564,0.14920912291560096,0.7933033404961695,111.0,1.0,0.19832583512404237,1.1983727487737204,1.2984543994988744,64.0,1.0,-0.454459039824606,0
204270,2025,3,202503,제이앤티씨,00447575,CFS,CFS,556628802361.0,261108246993.0,295520555368.0,1.1317932649439546,0.7569635339396201,191401010818.0,-0.4335286659949549,-0.7801702235572336,1,1,1,,-87676562287.0,8.632791539644336,13.72161208304395,1,1,1,,-87526509601.0,2.883155420690227,2.5467268972464354,1,1,1,,-26154142860.0,-1.6253467674168194,11.436357147678812,1,1,1,,26523683697.0,-0.18763023034743254,-0.004177026898868008,1,1,1,,556628802361.0,-0.04698668618846965,0.04765057716111166,-0.45807784354059744,-0.15751352052770282,24,20194,20253,0,0,-26154142860.0,-0.04698668618846965,2025-11-30,56085163295.0,39097163083.0,-0.3028965097711409,-23845215982.0,-17927383351.0,0.24817693559442636,262,True,passed,262,0,0,3,2025,00447575,2.1276797292861134,2.1276797292861134,0.0,2.1276797292861134,59.0,59.0,13.72161208304395,3.0,1.0,1.0,3.0,-0.7801702235572336,-3.0,421.0,1.0,-0.75,0.7569635339396201,0.3494864877539617,175.0,1.0,-0.12232027071388658,0
090430,2025,3,202503,아모레퍼시픽,00583424,CFS,CFS,6734001242179.0,5430492301017.0,1303508941162.0,0.24003513289538855,0.21513971219572625,4181138234044.0,0.12412481680136378,0.1544251280529837,1,1,1,,361759561364.0,1.2237884735212305,1.0976213646556676,1,1,1,,178591660848.0,-0.7397007468250276,-4.0214681382614295,1,1,1,,530601915948.0,0.824303655815567,1.0682047857874202,1,1,1,,94114822705.0,-0.28414021111010335,-0.08354027044661072,1,1,1,,6734001242179.0,0.07879444877802055,0.013976062569680512,0.08652178931049258,0.05372133867426214,41,20154,20254,0,0,530601915948.0,0.07879444877802055,2025-11-30,1005023630792.0,1016903549806.0,0.01182053700034708,73662493730.0,91886526963.0,0.2473990807288951,20423,True,passed,20423,0,0,3,2025,00583424,2.105563051587486,2.105563051587486,0.0,2.105563051587486,60.0,60.0,1.0976213646556676,1.613294932458288,63.0,1.0,1.613294932458288,0.1544251280529837,0.8275702301523586,109.0,1.0,0.20689255753808966,0.21513971219572625,-0.8153587474031666,394.0,1.0,0.2853755615911083,0
015760,2025,3,202503,한국전력공사,00159193,CFS,CFS,253091544000000.0,47751330000000.0,205340214000000.0,4.300198842629095,1.667744337331501,97275595000000.0,0.05273454065130534,-0.03206877145891163,1,1,1,,13960441000000.0,0.7767259309921593,2.2315857353712243,1,1,1,,8360052000000.0,1.1679766938768523,2.448109490116714,1,1,1,,20394915000000.0,0.3570915732879083,2.7945225694934708,1,1,1,,15945174000000.0,0.1346881886688691,0.11568823406258866,1,1,1,,253091544000000.0,0.08058315452846579,0.063001607039072,0.14351432134647957,0.05515965005926867,41,20154,20254,0,0,20394915000000.0,0.08058315452846579,2025-11-30,21950138000000.0,27572384000000.0,0.25613715959325634,2135872000000.0,5651912000000.0,1.6461847900997812,35120,True,passed,35120,0,0,3,2025,00159193,2.0929584425825194,2.0929584425825194,0.0,2.0929584425825194,61.0,61.0,2.2315857353712243,3.0,1.0,1.0,3.0,-0.03206877145891163,-0.3976137387678015,317.0,1.0,-0.09940343469195037,1.667744337331501,2.307537493501514,43.0,1.0,-0.8076381227255298,0
358570,2025,3,202503,지아이이노베이션,01351080,CFS,OFS,129146410853.0,117086436599.0,12059974254.0,0.10300060881776806,0.0980342922365513,303577125.0,6.723293656968131,7.71527206811262,1,1,1,,-45647576690.0,0.018355263031603286,0.6199441103037162,1,1,1,,-51987547813.0,0.031197602977658834,0.6237813814866322,1,1,1,,-42210494804.0,0.15211448642692615,0.7768416196712788,1,1,1,,6033272361.0,325.98552418648745,326.98032275130896,1,1,1,,129146410853.0,-0.32684218264529086,0.04671653142468923,-150.36566635249608,-0.3534560224206156,13,20224,20254,0,0,-42210494804.0,-0.32684218264529086,2025-11-30,268361125.0,0.0,-1.0,-10891637742.0,-10737917380.0,0.014113613181168176,70113,True,passed,70113,0,0,3,2025,01351080,2.076756175465465,2.076756175465465,0.0,2.076756175465465,62.0,62.0,0.6199441103037162,0.9532645330715291,96.0,1.0,0.9532645330715291,7.71527206811262,3.0,1.0,1.0,0.75,0.0980342922365513,-1.067118978268388,440.0,1.0,0.3734916423939358,0
281820,2025,3,202503,케이씨텍,01261893,CFS,CFS,570965981696.0,510552620852.0,60413360844.0,0.11832935211101922,0.11183592178885826,416085559577.0,0.33421371738174455,0.344409354977398,1,1,1,,63674719232.0,0.8072684951740052,0.7669024708484982,1,1,1,,60231188557.0,0.8408244335896748,0.8368788453501881,1,1,1,,90525165712.0,0.7059447031031021,0.6289445342053719,1,1,1,,19307589600.0,0.765799061285656,0.9855535559327503,1,1,1,,570965981696.0,0.15854738918613615,0.03381565665724716,0.15303275436122526,0.11152103850891487,33,20174,20254,0,0,90525165712.0,0.15854738918613615,2025-11-30,97529632802.0,95963916387.0,-0.01605375074238865,15557553762.0,14868440045.0,-0.044294477624315855,272,True,passed,272,0,0,3,2025,01261893,2.0383518299320365,2.0383518299320365,0.0,2.0383518299320365,63.0,63.0,0.7669024708484982,1.156324202586646,83.0,1.0,1.156324202586646,0.344409354977398,2.075684135136342,56.0,1.0,0.5189210337840855,0.11183592178885826,-1.0374474101751572,432.0,1.0,0.363106593561305,0
010140,2025,3,202503,삼성중공업,00126478,CFS,CFS,14539449705480.0,3945345924966.0,10594103780514.0,2.6852154366173346,1.304328987057862,10512453091656.0,0.09097106426420276,-0.24533668129582198,1,1,1,,740209146925.0,0.816623370903117,4.06152862159861,1,1,1,,343338447807.0,-5.877641595080247,-5.205412499610728,1,1,1,,2328164356107.0,-24.95668181046807,-24.10059622511984,1,1,1,,226011968059.0,0.5283499877987698,0.4284084389499301,1,1,1,,14539449705480.0,0.1601274053191643,0.015544740181866362,0.07041259927357228,0.05091039632992513,41,20154,20254,0,0,2328164356107.0,0.1601274053191643,2025-11-30,2682977392293.0,2634818809913.0,-0.017949678785344286,204816240484.0,238082461600.0,0.1624198405233335,3111,True,passed,3111,0,0,3,2025,00126478,2.016141257912496,2.016141257912496,0.0,2.016141257912496,64.0,64.0,4.06152862159861,3.0,1.0,1.0,3.0,-0.24533668129582198,-1.798691333805308,401.0,1.0,-0.449672833451327,1.304328987057862,1.5262454532462204,56.0,1.0,-0.5341859086361771,0
241560,2025,3,202503,두산밥캣,01032486,CFS,CFS,8648208000.0,4957363000.0,3690845000.0,0.7445178010970752,0.5564781857182105,6072432274.0,-1.000817169495944,0.755360382912396,1,1,1,,508629192.0,-1.000449218630103,0.8172558368380709,1,1,1,,312906603.0,-1.000444778756673,0.7111750453416679,1,1,1,,897415811.0,-1.0007489531307718,0.8866032241458857,1,1,1,,246049187.0,-1.0014172126914493,0.8311128186107744,1,1,1,,8648208000.0,0.10376899017692451,0.028450886819558457,0.08376037295265848,0.05881324685992751,37,20164,20254,0,0,897415811.0,0.10376899017692451,2025-11-30,1566661000.0,1529458000.0,-0.02374668163693358,145380000.0,97607000.0,-0.3286077864905764,29241,True,passed,29241,0,0,3,2025,01032486,2.0044350642561315,2.0044350642561315,0.0,2.0044350642561315,65.0,65.0,0.8172558368380709,1.2258999505666368,79.0,1.0,1.2258999505666368,0.755360382912396,3.0,1.0,1.0,0.75,0.5564781857182105,-0.08152889625569948,243.0,1.0,0.028535113689494816,0
122640,2025,3,202503,예스티,00530556,CFS,CFS,207643752592.0,130479394219.0,77164358373.0,0.5913911452063101,0.4646085677924368,93406541313.0,-0.07704730566939033,-0.29733860958498104,1,1,1,,7786850473.0,-0.26560916846080806,1.6968037350152159,1,1,1,,5898247805.0,-1.764481879824901,-0.9840319276839707,1,1,1,,-6056444982.0,-1.478730601540945,5.692922076584226,1,1,1,,11412425269.0,0.6739965222607098,-0.34757408696278147,1,1,1,,207643752592.0,-0.029167479909209364,0.05496156338218525,0.0833651515572845,0.03750101014741538,41,20154,20254,0,0,-6056444982.0,-0.029167479909209364,2025-11-30,23767355831.0,18707398744.0,-0.21289524686630254,2847502470.0,1114486610.0,-0.6086090805041514,29271,True,passed,29271,0,0,3,2025,00530556,2.003797123034386,2.003797123034386,0.0,2.003797123034386,66.0,66.0,1.6968037350152159,2.4412149885439596,53.0,1.0,2.4412149885439596,-0.29733860958498104,-2.140321430336962,408.0,1.0,-0.5350803575842406,0.4646085677924368,-0.27903569164190545,273.0,1.0,0.0976624920746669,0
002790,2025,3,202503,아모레퍼시픽홀딩스,00154462,CFS,CFS,8535843634288.0,7150114555021.0,1385729079267.0,0.19380515775008167,0.17714581719045885,4547322648323.0,0.10950072109677889,0.13069478121328482,1,1,1,,392269054516.0,0.9603632802993156,0.9635822101441975,1,1,1,,240253661119.0,-0.6729284731319034,-3.392280088780522,1,1,1,,580301272144.0,0.6750017134066009,0.8886571123792641,1,1,1,,113241938305.0,-0.2566275486974726,0.04492065848408955,1,1,1,,8535843634288.0,0.0679840560589656,0.013266636920352378,0.08626373909506165,0.04595551082265348,41,20154,20254,0,0,580301272144.0,0.0679840560589656,2025-11-30,1094967154413.0,1108242786602.0,0.01212422869078381,80115843928.0,104260959207.0,0.30137753152421615,20423,True,passed,20423,0,0,3,2025,00154462,1.9099685126868085,1.9099685126868085,0.0,1.9099685126868085,67.0,67.0,0.9635822101441975,1.4280863719089831,73.0,1.0,1.4280863719089831,0.13069478121328482,0.671672151979245,123.0,1.0,0.16791803799481125,0.17714581719045885,-0.8970402936657543,407.0,1.0,0.313964102783014,0
080220,2025,3,202503,제주반도체,00447487,CFS,CFS,307200052675.0,211833624433.0,95366428242.0,0.4501949513315487,0.3716979965891717,247296542469.0,0.5458064090222532,0.4944471048077195,1,1,1,,22445902316.0,0.7062587936744686,0.6477069173747336,1,1,1,,35894377308.0,3.4502264888860683,3.4124008544180677,1,1,1,,8006745508.0,-2.339031245624926,0.3357786074014264,1,1,1,,3757530859.0,1.1843756374295116,1.1506231325827276,1,1,1,,307200052675.0,0.02606362023144142,0.012231543667654419,0.09076512793871236,0.07306607573972806,40,20154,20253,0,0,8006745508.0,0.02606362023144142,2025-11-30,51066931074.0,110951148841.0,1.1726613780691668,4337849902.0,13901794568.0,2.2047661588268572,2611,True,passed,2611,0,0,3,2025,00447487,1.9091989199185546,1.9091989199185546,0.0,1.9091989199185546,68.0,68.0,0.6477069173747336,0.9916257832090118,93.0,1.0,0.9916257832090118,0.4944471048077195,3.0,1.0,1.0,0.75,0.3716979965891717,-0.4787803905986935,307.0,1.0,0.1675731367095427,0
000500,2025,3,202503,가온전선,00104768,CFS,CFS,1260294679000.0,468829423000.0,791465256000.0,1.688173175939941,0.9888618461585598,2444274975467.0,0.5398083272276477,0.46729756417350976,1,1,1,,80137474355.0,0.9249345170348011,0.9354319995247822,1,1,1,,49368556771.0,1.4514712173278839,1.382272190386969,1,1,1,,67221537357.0,0.9432018261408983,0.5968657361726759,1,1,1,,23073407911.0,1.950566776747388,2.1391410247941396,1,1,1,,1260294679000.0,0.053337952208397765,0.018307946780595746,0.03278578521620262,0.06358629905395324,41,20154,20254,0,0,67221537357.0,0.053337952208397765,2025-11-30,643289510000.0,649418148000.0,0.009527029284217614,23232978000.0,26126955000.0,0.12456332545918133,28302,True,passed,28302,0,0,3,2025,00104768,1.8131290402647933,1.8131290402647933,0.0,1.8131290402647933,69.0,69.0,0.9354319995247822,1.38918982703757,75.0,1.0,1.38918982703757,0.46729756417350976,2.883006327821684,39.0,1.0,0.720751581955421,0.9888618461585598,0.8480353392234221,101.0,1.0,-0.2968123687281977,0
012450,2025,3,202503,한화에어로스페이스,00126566,CFS,CFS,49972848385000.0,15529905806000.0,34442942579000.0,2.217846200051833,1.1687122537834873,23106684062050.0,1.3466131666123502,1.1806387509820069,1,1,1,,3181362616703.0,1.8713587468879083,1.0054444323205336,1,1,1,,3267046195360.0,3.813968178098361,3.9584969058220056,1,1,1,,2432735935994.0,-9.191517637825811,-8.061230475610321,1,1,1,,1325691625398.0,1.044597155070782,0.8742774022112523,1,1,1,,49972848385000.0,0.04868115415898961,0.026528238198163696,0.1376814868009561,0.0636618227600956,41,20154,20254,0,0,2432735935994.0,0.04868115415898961,2025-11-30,6310959074000.0,6486486380000.0,0.027813095274716718,864517384000.0,856429531000.0,-0.00935533877014554,31321,True,passed,31321,0,0,3,2025,00126566,1.8037885114070278,1.8037885114070278,0.0,1.8037885114070278,70.0,70.0,1.0054444323205336,1.4859294845347861,67.0,1.0,1.4859294845347861,1.1806387509820069,3.0,1.0,1.0,0.75,1.1687122537834873,1.234688494650738,68.0,1.0,-0.43214097312775823,0
166090,2025,3,202503,하나머티리얼즈,00660750,CFS,CFS,634360374150.0,426658199477.0,207702174673.0,0.4868116326549038,0.396633983364418,261738243959.0,0.14124600671309895,0.2655116075695906,1,1,1,,44507476969.0,0.34230472629577946,0.7790016793123739,1,1,1,,33284869181.0,0.4588583820404353,1.0240666524971247,1,1,1,,62366879154.0,-0.025005437985371914,-0.08040420311105612,1,1,1,,19062383462.0,-0.7012178558643776,-0.18658924627185702,1,1,1,,634360374150.0,0.09831458851377248,0.030049770191812982,0.1700457537109933,0.07016118720945805,36,20171,20254,0,0,62366879154.0,0.09831458851377248,2025-11-30,64090378835.0,69836435716.0,0.08965552997889376,8499384039.0,11998187219.0,0.4116537344289309,2612,True,passed,2612,0,0,3,2025,00660750,1.711192356117756,1.711192356117756,0.0,1.711192356117756,71.0,72.0,0.7790016793123739,1.173042280162916,81.0,1.0,1.173042280162916,0.2655116075695906,1.5573601815863647,73.0,1.0,0.3893400453965912,0.396633983364418,-0.4251715158807111,295.0,1.0,0.14881003055824887,0
140860,2025,3,202503,파크시스템스,00244747,CFS,CFS,323129097782.0,218284060131.0,104845037651.0,0.4803146761521605,0.39225468419753295,212163583756.0,0.3496005097032131,0.3191229120354966,1,1,1,,50329042393.0,0.5849926408773996,0.7074364740302396,1,1,1,,49026951097.0,0.6102889904092621,0.35353677302879594,1,1,1,,34640571029.0,0.12907536992826452,0.040369799775907156,1,1,1,,55366764215.0,1.2107427706590261,-1.7665117630786256,1,1,1,,323129097782.0,0.10720350246009216,0.17134564666272598,0.23721810077869546,0.15575521591359326,41,20154,20254,0,0,34640571029.0,0.10720350246009216,2025-11-30,52309189062.0,45620559224.0,-0.12786720570399654,11966820237.0,8634106798.0,-0.27849615628850527,27219,True,passed,27219,0,0,3,2025,00244747,1.7036531132538733,1.7036531132538733,0.0,1.7036531132538733,72.0,73.0,0.7074364740302396,1.0741570797598847,87.0,1.0,1.0741570797598847,0.3191229120354966,1.9095631810219376,63.0,1.0,0.4773907952554844,0.39225468419753295,-0.4345863949671549,297.0,1.0,0.1521052382385042,0
000990,2025,3,202503,DB하이텍,00160843,CFS,CFS,2860099246402.0,2177146312532.0,682952933870.0,0.31369179459313984,0.27284133744591277,1292925356275.0,0.14710909235574432,0.2609605470219323,1,1,1,,242216666457.0,0.22467071231420466,0.6998437156454096,1,1,1,,247021784583.0,0.0555761960870087,0.21230879311768658,1,1,1,,316804687520.0,-0.11647365994497771,-0.09484937978394037,1,1,1,,111809428972.0,-0.5846855369951832,-0.8007098340937319,1,1,1,,2860099246402.0,0.11076702597594813,0.03909284935222303,0.18734002336750638,0.08468820330682865,41,20154,20254,0,0,316804687520.0,0.11076702597594813,2025-11-30,337406491433.0,374649575924.0,0.11038046225140719,73842437551.0,80579586407.0,0.09123681556891892,2611,True,passed,2611,0,0,3,2025,00160843,1.6874891311848015,1.6874891311848015,0.0,1.6874891311848015,73.0,74.0,0.6998437156454096,1.0636657881952793,89.0,1.0,1.0636657881952793,0.2609605470219323,1.527461689254071,77.0,1.0,0.3818654223135178,0.27284133744591277,-0.6913083447885836,359.0,1.0,0.24195792067600425,0
007660,2025,3,202503,이수페타시스,00107613,CFS,CFS,1166674737476.0,715475539345.0,451199198131.0,0.6306284049124329,0.48896546500935595,1016146513996.0,0.29598260353858086,0.12162209300849347,1,1,1,,173658652383.0,0.9967201414280156,0.9345597597184301,1,1,1,,136784241943.0,1.1939457584879514,1.180898963878633,1,1,1,,110425894934.0,0.12601105620054653,-0.4736577520809835,1,1,1,,118550059435.0,1.5120233206452167,0.37231272161522533,1,1,1,,1166674737476.0,0.09465011231227727,0.10161363371205998,0.17089922564422988,0.14884924375640077,41,20154,20254,0,0,110425894934.0,0.09465011231227727,2025-11-30,241419469661.0,296132768434.0,0.22663167494248967,42070313737.0,58429667779.0,0.3888574291190102,2622,True,passed,2622,0,0,3,2025,00107613,1.6203368645040117,1.6203368645040117,0.0,1.6203368645040117,74.0,75.0,0.9345597597184301,1.3879846099532258,76.0,1.0,1.3879846099532258,0.12162209300849347,0.612068528629558,128.0,1.0,0.1530171321573895,0.48896546500935595,-0.22667177826684734,265.0,1.0,0.07933512239339656,0
039440,2025,3,202503,에스티아이,00298340,CFS,CFS,324504789632.0,265852306937.0,58652482695.0,0.22062055195518426,0.19935937857063304,373202021168.0,0.27675553102915784,0.40036540969811807,1,1,1,,31259450645.0,0.49950342721172003,0.4383092918439755,1,1,1,,25306959192.0,0.2956857318169075,-0.4334332528032081,1,1,1,,28715962933.0,2.4210721378551385,3.3269876295815144,1,1,1,,10002034920.0,-0.4154482604163723,-6.115781127023914,1,1,1,,324504789632.0,0.08849164588776925,0.030822456985435145,0.08376013223928468,0.09632970496506178,41,20154,20254,0,0,28715962933.0,0.08849164588776925,2025-11-30,87194838726.0,70256038124.0,-0.19426379874648636,5384766891.0,2284244489.0,-0.575795102139362,29271,True,passed,29271,0,0,3,2025,00298340,1.610362948102609,1.610362948102609,0.0,1.610362948102609,75.0,76.0,0.4383092918439755,0.7022906784902233,110.0,1.0,0.7022906784902233,0.40036540969811807,2.4432911259670136,50.0,1.0,0.6108227814917534,0.19935937857063304,-0.8492842517732349,398.0,1.0,0.2972494881206322,0
058470,2025,3,202503,리노공업,00369657,CFS,OFS,762438669514.0,689545505354.0,72893164160.0,0.10571189804591358,0.10048937915399032,371192980206.0,0.4687918322292848,0.45494518613605295,1,1,1,,173663700155.0,0.4791104338769807,0.30396487647012393,1,1,1,,150668799016.0,0.4718331328774552,0.3539385022091157,1,1,1,,173472847832.0,0.60126049608852,0.00451113747358356,1,1,1,,48648974271.0,-0.30297600560798155,-3.006506520084722,1,1,1,,762438669514.0,0.22752367471415963,0.06380706569094959,0.46785286741851184,0.22777399297663925,41,20154,20254,0,0,173472847832.0,0.22752367471415963,2025-11-30,112522064123.0,96841827642.0,-0.13935254923745122,53444357551.0,48261344084.0,-0.09697961963625513,2629,True,passed,2629,0,0,3,2025,00369657,1.5887687752954385,1.5887687752954385,0.2,1.7887687752954384,76.0,71.0,0.30396487647012393,0.5166603238381449,126.0,1.0,0.5166603238381449,0.45494518613605295,2.80185656587696,42.0,1.0,0.70046414146924,0.10048937915399032,-1.0618408856801536,435.0,1.0,0.3716443099880537,0
053610,2025,3,202503,프로텍,00325112,CFS,CFS,425218696118.0,340134667346.0,85084028772.0,0.2501480646941782,0.2232619960546971,195191918283.0,0.0918875706382205,-0.054604953921192356,1,1,1,,30745555957.0,0.6376072005240936,0.9384006952267917,1,1,1,,23406206421.0,0.4740892466105697,0.3748432361428915,1,1,1,,31425520417.0,0.2503195144374797,0.30958351424900366,1,1,1,,40422471698.0,5.04926089057323,5.186974264772552,1,1,1,,425218696118.0,0.07390437133620127,0.09506278079264556,0.15751449254381217,0.07230527781983503,41,20154,20254,0,0,31425520417.0,0.07390437133620127,2025-11-30,64454895135.0,51043854828.0,-0.20806860796081877,9828238539.0,15552015645.0,0.5823807677527514,29271,True,passed,29271,0,0,3,2025,00325112,1.5361390942207742,1.5361390942207742,0.0,1.5361390942207742,77.0,77.0,0.9384006952267917,1.3932918214113934,74.0,1.0,1.3932918214113934,-0.054604953921192356,-0.5456666753287901,336.0,1.0,-0.13641666883219752,0.2232619960546971,-0.7978969761187953,387.0,1.0,0.2792639416415783,0
087010,2025,3,202503,펩트론,00415868,CFS,OFS,183743135969.0,146325972735.0,37417163234.0,0.25571101653814676,0.2277019591989098,6192195864.0,1.5723718375371631,1.850673343996274,1,1,1,,-19079235865.0,0.1869523542818845,0.297777257249738,1,1,1,,-14189223018.0,-0.2992944468108717,-0.3663436237247032,1,1,1,,-18106909115.0,0.548566860282492,0.6181026225941363,1,1,1,,1297039968.0,-0.31374350966535314,-1.6652434368126334,1,1,1,,183743135969.0,-0.09854468314971442,0.007058984604566826,-3.081174478979627,-0.10383645497494355,41,20154,20254,0,0,-18106909115.0,-0.09854468314971442,2025-11-30,1425607749.0,1601680916.0,0.1235074424388528,-4978702501.0,-6235438440.0,-0.2524223808808776,211,True,passed,211,0,0,3,2025,00415868,1.534033670178007,1.534033670178007,0.0,1.534033670178007,78.0,78.0,0.297777257249738,0.5081105828821407,127.0,1.0,0.5081105828821407,1.850673343996274,3.0,1.0,1.0,0.75,0.2277019591989098,-0.78835167798819,380.0,1.0,0.27592308729586645,0
033240,2025,3,202503,자화전자,00146861,CFS,CFS,727044928114.0,408170694361.0,318874233753.0,0.7812276534262326,0.5773028195112068,773697282237.0,0.09025464171930286,-0.8224730173928703,1,1,1,,29142715260.0,-0.5626244916207381,1.5700246158619822,1,1,1,,17485355012.0,-0.27457620042140984,1.0410933761317627,1,1,1,,112045184907.0,14.80628151441918,16.19536391232173,1,1,1,,105296789852.0,0.5518973871930932,1.1596394419869518,1,1,1,,727044928114.0,0.15411040029899145,0.14482844977014894,0.03766681870167532,0.040083788680842634,41,20154,20254,0,0,112045184907.0,0.15411040029899145,2025-11-30,167831236097.0,255904592510.0,0.5247733286198106,-9199987751.0,19423428405.0,3.111245028873952,26292,True,passed,26292,0,0,3,2025,00146861,1.5289035784852618,1.5289035784852618,0.0,1.5289035784852618,79.0,79.0,1.5700246158619822,2.266037979619527,55.0,1.0,2.266037979619527,-0.8224730173928703,-3.0,421.0,1.0,-0.75,0.5773028195112068,-0.036758853902098994,235.0,1.0,0.012865598865734648,0
023590,2025,3,202503,다우기술,00176914,CFS,CFS,73997001623989.0,7184137678660.0,66812863945329.0,9.300053386197224,2.3321490783481016,15544893952186.0,0.535889036527053,0.48206274783818714,1,1,1,,1395825795309.0,0.935279769373569,1.2481566377413449,1,1,1,,1037192188026.0,1.0140078661871406,1.4618490834452869,1,1,1,,-1499049683805.0,-0.728893551142859,-1.9773425979719188,1,1,1,,95653584179.0,0.3392013501931117,0.5884964926513907,1,1,1,,73997001623989.0,-0.020258248995308276,0.0012926683795251262,0.08979320152343091,0.01886327506081664,41,20154,20254,0,0,-1499049683805.0,-0.020258248995308276,2025-11-30,4595277807527.0,3465605560170.0,-0.24583328683776481,429534809113.0,426800645478.0,-0.006365406428052049,631,True,passed,631,0,0,3,2025,00176914,1.5162987936318273,1.5162987936318273,0.0,1.5162987936318273,80.0,80.0,1.2481566377413449,1.821296999777423,59.0,1.0,1.821296999777423,0.48206274783818714,2.9800071754176165,38.0,1.0,0.7450017938544041,2.3321490783481016,3.0,1.0,1.0,-1.0499999999999998,0
100090,2025,3,202503,SK오션플랜트,00480367,CFS,CFS,1158732434438.0,777114218063.0,381618216375.0,0.49107094878048224,0.3994946193456448,953910735230.0,0.3419881867772723,0.5353126815126844,1,1,1,,48519941746.0,-0.023023548824549156,0.3367792700921757,1,1,1,,23984268004.0,-0.09516323695610662,0.3242535149061436,1,1,1,,10135516237.0,-0.8987862453675929,1.5680186828630585,1,1,1,,89365822983.0,-0.42943191348813414,-0.3295870639236923,1,1,1,,1158732434438.0,0.008747072176257718,0.07712377795512694,0.050864237033983295,0.04187329214576857,41,20154,20254,0,0,10135516237.0,0.008747072176257718,2025-11-30,240624810043.0,293156089561.0,0.21831198332629367,15550811204.0,19253603729.0,0.23810928423126654,2413,True,passed,2413,0,0,3,2025,00480367,1.4586591445267612,1.4586591445267612,0.0,1.4586591445267612,81.0,81.0,0.3367792700921757,0.5620016021399147,121.0,1.0,0.5620016021399147,0.5353126815126844,3.0,1.0,1.0,0.75,0.3994946193456448,-0.4190215496767037,294.0,1.0,0.14665754238684628,0
114810,2025,3,202503,한솔아이원스,00625942,CFS,CFS,252128612083.0,206964851139.0,45163760944.0,0.21821947396114857,0.19739034514139012,190813131482.0,0.30504929229636124,0.14259432785307236,1,1,1,,36587659592.0,1.0104544949281613,0.6333840843100829,1,1,1,,29555403367.0,0.41954739789802953,-0.41951999170661813,1,1,1,,27440090252.0,-0.06693645292944983,-0.20372335188969526,1,1,1,,17601483501.0,0.7969619727420694,1.4534680894562668,1,1,1,,252128612083.0,0.10883370207490296,0.06981152736130417,0.19174602558970857,0.1451150636563035,41,20154,20254,0,0,27440090252.0,0.10883370207490296,2025-11-30,47021148050.0,51223987501.0,0.0893818978330964,9086242679.0,9380140718.0,0.03234538734908029,2927,True,passed,2927,0,0,3,2025,00625942,1.4580280542070883,1.4580280542070883,0.0,1.4580280542070883,82.0,82.0,0.6333840843100829,0.9718352130240517,94.0,1.0,0.9718352130240517,0.14259432785307236,0.74984700820051,115.0,1.0,0.1874617520501275,0.19739034514139012,-0.8535173975225978,399.0,1.0,0.2987310891329092,0
032190,2025,3,202503,다우데이타,00238782,CFS,CFS,74631690736833.0,7370344320856.0,67261346415977.0,9.125943577106204,2.3151008014510364,16076292451321.0,0.5139483073831606,0.460433282289602,1,1,1,,1430887976818.0,0.9063178588571388,1.207367401185817,1,1,1,,1037124503391.0,1.1220483610787988,1.616538163055088,1,1,1,,-1482776016913.0,-0.7294601881945193,-1.9500276105808683,1,1,1,,120187915365.0,0.544088096797724,0.7975142523135453,1,1,1,,74631690736833.0,-0.019867914049295485,0.0016104139431707075,0.0890060927387784,0.019172659264327954,41,20154,20254,0,0,-1482776016913.0,-0.019867914049295485,2025-11-30,4728978712870.0,3599354705641.0,-0.2388727198442886,438789327917.0,442010422278.0,0.007340867601067298,46510,True,passed,46510,0,0,3,2025,00238782,1.424414228554288,1.424414228554288,0.0,1.424414228554288,83.0,83.0,1.207367401185817,1.7649364847033897,61.0,1.0,1.7649364847033897,0.460433282289602,2.8379109754035934,41.0,1.0,0.7094777438508983,2.3151008014510364,3.0,1.0,1.0,-1.0499999999999998,0
082920,2025,3,202503,비츠로셀,00154718,CFS,CFS,348025262418.0,311529541725.0,36495720693.0,0.11715011196343068,0.1107808995657323,236047017047.0,0.2659821525383952,0.24363408119507035,1,1,1,,62955228396.0,0.4533828292380404,0.42934713745267317,1,1,1,,57553159177.0,0.6242183389514768,0.5877951932532293,1,1,1,,57053449624.0,0.5925391530851487,0.6033857638403322,1,1,1,,9957384112.0,0.7349603901258501,,1,1,0,missing_prev_yoy,348025262418.0,0.1639347937779162,0.028611095765917596,0.26670630785164634,0.18089269715250397,38,20154,20254,0,0,57053449624.0,0.1639347937779162,2025-11-30,56513426791.0,55346055769.0,-0.020656525153167828,16131205627.0,16733041947.0,0.03730882451790595,28201,True,passed,28201,0,0,3,2025,00154718,1.4072162528218815,1.4072162528218815,0.0,1.4072162528218815,84.0,84.0,0.42934713745267317,0.6899072244145584,113.0,1.0,0.6899072244145584,0.24363408119507035,1.4136343296210006,81.0,1.0,0.35340858240525014,0.1107808995657323,-1.0397155600059227,433.0,1.0,0.36390044600207294,0
237690,2025,3,202503,에스티팜,00871833,CFS,CFS,755493677542.0,555977500581.0,199516176961.0,0.358856566592181,0.30664358625247057,318316164681.0,0.14238058798926212,0.0899449033560058,1,1,1,,51445065370.0,0.9455279839535733,0.6996312700931249,1,1,1,,35979031957.0,0.19591697410830333,-1.963235664078189,1,1,1,,90880268925.0,0.710708696436015,-4.999413671676028,1,1,1,,76239178155.0,0.34250815459341566,0.2948796025644631,1,1,1,,755493677542.0,0.12029256051576648,0.1009130591311423,0.16161625163320117,0.06809463387883881,39,20162,20254,0,0,90880268925.0,0.12029256051576648,2025-11-30,68250893813.0,81910210108.0,0.20013388150527428,12918898204.0,14724930873.0,0.13979773201098597,212,True,passed,212,0,0,3,2025,00871833,1.380886414794739,1.380886414794739,0.0,1.380886414794739,85.0,85.0,0.6996312700931249,1.063372241618705,90.0,1.0,1.063372241618705,0.0899449033560058,0.4039631426397284,154.0,1.0,0.1009907856599321,0.30664358625247057,-0.6186382500460055,340.0,1.0,0.2165233875161019,0
140410,2025,3,202503,메지온,00808022,CFS,CFS,87884312147.0,37345026225.0,50539285922.0,1.3533070138311303,0.8558215788500516,7749481044.0,-1.478055063627189,6.314576164074792,1,1,1,,-15693426340.0,0.1550420073023171,0.48266135526098264,1,1,1,,-21886955116.0,0.5388430206628612,0.9581704167308231,1,1,1,,,,,0,0,0,missing_ttm_yoy,,,,0,0,0,missing_ttm_yoy,87884312147.0,,,-2.0250938418838462,-0.17856914341834224,41,20154,20254,1,0,0.0,,2025-11-30,1744204057.0,2127744865.0,0.21989445928688148,-3547630702.0,-4651587291.0,-0.3111813719442774,70113,True,passed,70113,0,1,3,2025,00808022,1.3168680310829413,1.3168680310829413,0.0,1.3168680310829413,86.0,86.0,0.48266135526098264,0.7635741284850712,106.0,1.0,0.7635741284850712,6.314576164074792,3.0,1.0,1.0,0.75,0.8558215788500516,0.5620174211489426,143.0,1.0,-0.1967060974021299,0
214450,2025,3,202503,파마리서치,00970453,CFS,CFS,988303303817.0,688775854917.0,299527448900.0,0.4348692637259971,0.3610737396438102,496026988308.0,0.5647695895510436,0.2691129279395128,1,1,1,,196180266706.0,0.7402903353133861,0.4687151487880272,1,1,1,,145331669358.0,0.6497308068839573,0.3711471750753239,1,1,1,,161094354637.0,0.3175361100817624,-0.9790614883054434,1,1,1,,41292423095.0,0.409213768630591,-1.046286237004781,1,1,1,,988303303817.0,0.16300092695716534,0.041781124211081204,0.3955032111764552,0.19850208528932115,41,20154,20254,0,0,161094354637.0,0.16300092695716534,2025-11-30,140607447466.0,135426410999.0,-0.036847525222679374,55877690378.0,61870558180.0,0.10724974066500598,213,True,passed,213,0,0,3,2025,00970453,1.3151261538837578,1.3151261538837578,0.0,1.3151261538837578,87.0,87.0,0.4687151487880272,0.7443039619774301,107.0,1.0,0.7443039619774301,0.2691129279395128,1.5810192932019318,71.0,1.0,0.39525482330048295,0.3610737396438102,-0.5016210531595563,312.0,1.0,0.17556736860584468,0
032350,2025,3,202503,롯데관광개발,00231372,CFS,CFS,2165695228159.0,344517231776.0,1821177996383.0,5.286173893232438,1.8383526015677443,576313411957.0,0.26890055894362686,-0.44438195312146767,1,1,1,,101261698833.0,2.6759260152777498,3.9925138793227677,1,1,1,,-57864240997.0,-0.4284445951532584,0.11698964095072195,1,1,1,,172140926849.0,1.725433376381917,5.394187047487863,1,1,1,,12808844212.0,2.1134932786231326,2.7492084635992726,1,1,1,,2165695228159.0,0.07948529627381247,0.005914426021471386,0.17570595570410802,0.046757132544028315,41,20154,20254,0,0,172140926849.0,0.07948529627381247,2025-11-30,157681880576.0,186669838390.0,0.1838382299101785,33114050931.0,52957190931.0,0.5992362589931175,75210,True,passed,75210,0,0,3,2025,00231372,1.3139875321560988,1.3139875321560988,0.0,1.3139875321560988,88.0,88.0,3.9925138793227677,3.0,1.0,1.0,3.0,-0.44438195312146767,-3.0,421.0,1.0,-0.75,1.8383526015677443,2.674321336696861,38.0,1.0,-0.9360124678439012,0
064350,2025,3,202503,현대로템,00302926,CFS,CFS,6489687308000.0,2848317866000.0,3641369442000.0,1.278428045361985,0.8234857513951833,5654178607000.0,0.44055293149417984,0.3241624740242619,1,1,1,,899870152000.0,1.467690736073847,0.6528390400658008,1,1,1,,690081890000.0,1.252014120685109,0.9412294969205117,1,1,1,,899061492000.0,2.9294676543014764,3.7169219943508494,1,1,1,,176209612000.0,1.0175749357674446,0.8797085145525161,1,1,1,,6489687308000.0,0.13853695090851365,0.027152249967850067,0.1591513488601051,0.13866155783664763,41,20154,20254,0,0,899061492000.0,0.13853695090851365,2025-11-30,1417634367000.0,1619634717000.0,0.14249114912999283,257586859000.0,277743855000.0,0.07825320002058024,31201,True,passed,31201,0,0,3,2025,00302926,1.312009846769878,1.312009846769878,0.0,1.312009846769878,89.0,89.0,0.6528390400658008,0.9987170921600367,92.0,1.0,0.9987170921600367,0.3241624740242619,1.9426709157798823,61.0,1.0,0.48566772894497057,0.8234857513951833,0.4924999266717982,152.0,1.0,-0.17237497433512936,0
032820,2025,3,202503,우리기술,00231044,CFS,CFS,332194098471.0,135655410438.0,196538688033.0,1.4488083254359112,0.8956015084456023,88161915620.0,0.3921612465795907,0.3550837432965803,1,1,1,,-523553964.0,-0.49579345411650055,0.6303301002540398,1,1,1,,8845093134.0,-21.224213754184493,-20.138505294372695,1,1,1,,-20848306649.0,-2.2493848806521965,-4.044849879112073,1,1,1,,53469441358.0,0.7640858345610686,0.7258533503016711,1,1,1,,332194098471.0,-0.06275941308096424,0.16095843244689007,-0.005938550226796898,-0.001576048359708309,40,20154,20253,0,0,-20848306649.0,-0.06275941308096424,2025-11-30,22584360190.0,21183011773.0,-0.06204950705756522,-659253157.0,-649879683.0,0.014218322507024414,281,True,passed,281,0,0,3,2025,00231044,1.2774293877794412,1.2774293877794412,0.0,1.2774293877794412,90.0,90.0,0.6303301002540398,0.9676153714932558,95.0,1.0,0.9676153714932558,0.3550837432965803,2.1458102329921953,53.0,1.0,0.5364525582480488,0.8956015084456023,0.6475386913196103,128.0,1.0,-0.2266385419618636,0
023160,2025,3,202503,태광,00153375,CFS,CFS,724745945769.0,656521154123.0,68224791646.0,0.10391864941067536,0.09886625801186232,282518724459.0,0.03868245113658486,0.18059508670119417,1,1,1,,36253564056.0,-0.03944344341974426,0.3949097494093494,1,1,1,,65474037964.0,0.55682333912458,0.8218250370617292,1,1,1,,23151844573.0,-0.5897940099561476,-0.4863769945526524,1,1,1,,16659838524.0,0.13329721026611874,0.24419519083079333,1,1,1,,724745945769.0,0.031944772796810156,0.022987142765349154,0.12832269480694625,0.05002244478585215,41,20154,20254,0,0,23151844573.0,0.031944772796810156,2025-11-30,72315648639.0,81415375939.0,0.12583344644291133,7656783941.0,11568803489.0,0.5109220239390845,2413,True,passed,2413,0,0,3,2025,00153375,1.265062877790234,1.265062877790234,0.0,1.265062877790234,91.0,91.0,0.3949097494093494,0.6423233740700232,116.0,1.0,0.6423233740700232,0.18059508670119417,0.9994954989520808,98.0,1.0,0.2498738747380202,0.09886625801186232,-1.0653303685205446,438.0,1.0,0.3728656289821906,0
035900,2025,3,202503,JYP Ent.,00258689,CFS,CFS,864274851724.0,598173766589.0,266101085135.0,0.4448558261797458,0.36800954231653976,788321878797.0,0.40833700177105037,0.3414062732579666,1,1,1,,150235989245.0,0.1623803999953799,0.34037517112403604,1,1,1,,158884708522.0,1.1551433885821805,1.5187631166477384,1,1,1,,142730275494.0,0.3496016276246363,0.5103249604042899,1,1,1,,94879373629.0,1.0153500216371696,-1.0676523225106345,1,1,1,,864274851724.0,0.165144543092155,0.10977916740229189,0.19057696264153431,0.17382894914195282,41,20154,20254,0,0,142730275494.0,0.165144543092155,2025-11-30,215832158598.0,232626102344.0,0.07781020147826859,52908292627.0,40791993344.0,-0.22900567531859545,59201,True,passed,59201,0,0,3,2025,00258689,1.2513075527447945,1.2513075527447945,0.0,1.2513075527447945,92.0,92.0,0.34037517112403604,0.5669702372854879,120.0,1.0,0.5669702372854879,0.3414062732579666,2.0559551917787613,57.0,1.0,0.5139887979446903,0.36800954231653976,-0.4867100500417607,309.0,1.0,0.17034851751461624,0
096770,2025,3,202503,SK이노베이션,00631518,CFS,CFS,107898506311000.0,38803298980000.0,69095207331000.0,1.7806529121818497,1.022685760624205,80392070375000.0,0.07417728075241037,0.10090624584843289,1,1,1,,271200043000.0,0.1885614694246227,0.9745881477814257,1,1,1,,-2299121235000.0,0.7315599538062543,19.32660963652411,1,1,1,,2563749273000.0,-0.48603889985398796,-1.2369516129898188,1,1,1,,5998869570000.0,-0.5199504665879668,-0.6800242774379923,1,1,1,,107898506311000.0,0.023760748509440967,0.055597336562836455,0.003373467578766782,0.002513473562074249,41,20154,20254,0,0,2563749273000.0,0.023760748509440967,2025-11-30,19306626093000.0,20533220238000.0,0.06353228881584473,-417568625000.0,573474628000.0,2.373366181427065,192,True,passed,192,0,0,3,2025,00631518,1.2400242198374758,1.2400242198374758,0.0,1.2400242198374758,93.0,93.0,0.9745881477814257,1.443293822856549,70.0,1.0,1.443293822856549,0.10090624584843289,0.4759744048564231,140.0,1.0,0.11899360121410578,1.022685760624205,0.9207520120947973,93.0,1.0,-0.32226320423317906,0
068760,2025,3,202503,셀트리온제약,00541349,CFS,OFS,745799884253.0,426415313276.0,319384570977.0,0.748998830560938,0.5590435274032729,517578088767.0,0.18328424162597212,0.03744666035085187,1,1,1,,52834927056.0,0.6539708264456225,0.7898510771195016,1,1,1,,36074209638.0,1.1903460074683898,1.5746144891429048,1,1,1,,108994149405.0,0.9503661974102484,-77.00480691330367,1,1,1,,17203052440.0,2.0836139070473654,2.7472775495571273,1,1,1,,745799884253.0,0.14614396127745385,0.023066579659275135,0.102081073760031,0.07084330283708738,41,20154,20254,0,0,108994149405.0,0.14614396127745385,2025-11-30,131297669346.0,138174746689.0,0.052377756416051045,15522277801.0,16108051192.0,0.03773759228573157,212,True,passed,212,0,0,3,2025,00541349,1.2294063706952791,1.2294063706952791,0.0,1.2294063706952791,94.0,94.0,0.7898510771195016,1.1880334322483534,80.0,1.0,1.1880334322483534,0.03744666035085187,0.05907247385789543,182.0,1.0,0.014768118464473857,0.5590435274032729,-0.07601377137843385,242.0,1.0,0.026604819982451844,0
298040,2025,3,202503,효성중공업,01316245,CFS,CFS,6954096364089.0,2329169685991.0,4624926678098.0,1.9856546759624412,1.093819044727493,5797067072862.0,0.25600528503564046,0.15866356501061363,1,1,1,,618688036050.0,1.1065870328313978,0.9039907486187093,1,1,1,,438823499488.0,1.8178112855917536,,1,1,0,missing_prev_yoy,515383524808.0,1.4613643518940966,1.3139725531411661,1,1,1,,157598228453.0,1.0760497910050253,0.6464687352433369,1,1,1,,6954096364089.0,0.07411222074365319,0.02266264661888183,0.10672431908650576,0.08896742346639157,31,20182,20254,0,0,515383524808.0,0.07411222074365319,2025-11-30,1525284991620.0,1624136435057.0,0.06480850724952733,164261404691.0,219809120666.0,0.33816657101827097,281,True,passed,281,0,0,3,2025,01316245,1.1838121093725165,1.1838121093725165,0.0,1.1838121093725165,95.0,95.0,0.9039907486187093,1.3457458882615685,77.0,1.0,1.3457458882615685,0.15866356501061363,0.8554149211977925,108.0,1.0,0.21385373029944812,1.093819044727493,1.0736785976814287,79.0,1.0,-0.3757875091885,0
006040,2025,3,202503,동원산업,00118026,CFS,CFS,7560118574838.0,3421473999778.0,4138644575060.0,1.2096086585280301,0.7928154222604474,9484841984279.0,0.07462916088108762,0.41095968383436465,1,1,1,,538721799335.0,0.17126682628069867,0.4359253811628082,1,1,1,,324962467473.0,2.3855994885318674,3.1061021518839182,1,1,1,,429024376773.0,-0.2401559665676738,,1,1,0,missing_prev_yoy,346711988109.0,-0.22312391417023403,-0.01204804221387712,1,1,1,,7560118574838.0,0.05674836611702128,0.045860654786942866,0.05679818390521679,0.07125837961430967,41,20154,20254,0,0,429024376773.0,0.05674836611702128,2025-11-30,2358613258350.0,2586517748697.0,0.09662647724893808,133642247427.0,148103644729.0,0.10820977333458354,64992,True,passed,64992,0,0,3,2025,00118026,1.1779223807344172,1.1779223807344172,0.0,1.1779223807344172,96.0,96.0,0.4359253811628082,0.6989967106392152,111.0,1.0,0.6989967106392152,0.41095968383436465,2.512890908415913,47.0,1.0,0.6282227271039782,0.7928154222604474,0.426563020025075,162.0,1.0,-0.14929705700877624,0
011930,2025,3,202503,신성이엔지,00136271,CFS,CFS,619787424181.0,255305918976.0,364481505205.0,1.4276265378683328,0.886914046650053,575633392506.0,-0.024807205820186362,-0.0049001426745594046,1,1,1,,4710192032.0,0.7582043079863439,0.977874644835607,1,1,1,,-12126139060.0,-0.06319077483227908,1.266362591219847,1,1,1,,10635562465.0,-1.3516929106221092,0.34079847198005564,1,1,1,,12036294372.0,-0.1290183138747536,0.34885475020639556,1,1,1,,619787424181.0,0.017160016563830822,0.019420036455087823,0.008182624728378496,0.007599689584254062,41,20154,20254,0,0,10635562465.0,0.017160016563830822,2025-11-30,139969061921.0,158596868218.0,0.13308516926057365,3359293002.0,250025642.0,-0.9255719456888268,2612,True,passed,2612,0,0,3,2025,00136271,1.1729513756303092,1.1729513756303092,0.0,1.1729513756303092,97.0,97.0,0.977874644835607,1.4478349391510599,69.0,1.0,1.4478349391510599,-0.0049001426745594046,-0.21912764066351467,298.0,1.0,-0.05478191016587867,0.886914046650053,0.6288618667282058,130.0,1.0,-0.220101653354872,0
111770,2025,3,202503,영원무역,00776820,CFS,CFS,5508896251235.0,3962360637595.0,1546535613640.0,0.39030662655146087,0.32952431745651883,3901222842659.0,0.13799144138669583,0.2553048747189295,1,1,1,,382800046453.0,-0.09180074604915,0.34679069282423214,1,1,1,,325524684671.0,-0.09330061145571622,0.36490019285863906,1,1,1,,587381408872.0,0.2831283611495541,0.35807496365440983,1,1,1,,193452759682.0,0.03452886332393246,-0.34047575211196834,1,1,1,,5508896251235.0,0.10662415519993124,0.035116428202587986,0.09812309162839072,0.06948761221763484,41,20154,20254,0,0,587381408872.0,0.10662415519993124,2025-11-30,1038208547635.0,1204734592039.0,0.16039748929378406,145719620317.0,181185099551.0,0.24338163355660702,46800,True,passed,46800,0,0,3,2025,00776820,1.1477182370211199,1.1477182370211199,0.0,1.1477182370211199,98.0,99.0,0.34679069282423214,0.575834882422924,119.0,1.0,0.575834882422924,0.2553048747189295,1.4903063771648257,78.0,1.0,0.37257659429120643,0.32952431745651883,-0.5694478865913979,329.0,1.0,0.19930676030698924,0
215600,2025,3,202503,신라젠,00919966,CFS,CFS,124381371122.0,117803096761.0,6578274361.0,0.0558412685393667,0.054337860102630316,7840696024.0,5.376058489106321,6.174162232643203,1,1,1,,-24908824586.0,-0.021340758656363423,-0.09920609819431858,1,1,1,,-23242666581.0,-0.09895768513978076,-0.28139124776717683,1,1,1,,-17674381675.0,-0.09421254279600721,-0.07659873429081487,1,1,1,,3696704545.0,13.338720322430634,14.291916724009472,1,1,1,,124381371122.0,-0.14209830230657297,0.029720725150827222,-3.1768639556686376,-0.20026169804454136,37,20164,20254,0,0,-17674381675.0,-0.14209830230657297,2025-11-30,2392539486.0,2764524686.0,0.15547714141257854,-6188994617.0,-6135895262.0,0.008579641490420124,70113,True,passed,70113,0,0,3,2025,00919966,1.115950016395852,1.115950016395852,0.0,1.115950016395852,99.0,100.0,-0.09920609819431858,-0.04042104648989507,270.0,1.0,-0.04042104648989507,6.174162232643203,3.0,1.0,1.0,0.75,0.054337860102630316,-1.161060179673563,453.0,1.0,0.406371062885747,0
069260,2025,3,202503,티케이지휴켐스,00426086,CFS,CFS,1155525859002.0,902625674424.0,252900184578.0,0.28018279530923523,0.2470028765706548,1163144320787.0,0.05980660256578929,0.09116224624838998,1,1,1,,69226749101.0,-0.025244726244431637,0.4572862010523101,1,1,1,,67979378177.0,-0.24341078845231456,0.001138900541496679,1,1,1,,111482326906.0,0.4500743644774883,1.0435286695288841,1,1,1,,12262653521.0,-0.7205982297383932,-0.05339591326314441,1,1,1,,1155525859002.0,0.09647756996306825,0.010612184422762256,0.05951690419135623,0.0599093032507204,41,20154,20254,0,0,111482326906.0,0.09647756996306825,2025-11-30,290203713723.0,291739676916.0,0.00529270688267649,21990312590.0,26396950237.0,0.20038995030038362,2049,True,passed,2049,0,0,3,2025,00426086,1.092902250507548,1.092902250507548,0.0,1.092902250507548,100.0,101.0,0.4572862010523101,0.7285120169562888,108.0,1.0,0.7285120169562888,0.09116224624838998,0.4119605570341486,150.0,1.0,0.10299013925853714,0.2470028765706548,-0.7468574122649203,368.0,1.0,0.2614000942927221,0
003090,2025,3,202503,대웅,00111810,CFS,CFS,3096483761153.0,1628557700591.0,1467926060562.0,0.9013657053902928,0.6425724202756066,3475965913173.0,182.33718760860899,183.29681033371892,1,1,1,,290058044870.0,0.24423230046051803,0.2026138621231235,1,1,1,,125957125927.0,-0.14823300264413386,-0.1605129809617467,1,1,1,,243070586861.0,0.6759250886384784,1.040208031277463,1,1,1,,336606935961.0,-0.019490962888796814,-1.1441156069975276,1,1,1,,3096483761153.0,0.07849890572992728,0.10870618479706212,0.08344674606006809,0.0936733621887281,41,20154,20254,0,0,243070586861.0,0.07849890572992728,2025-11-30,528428497429.0,542175246375.0,0.02601439743102996,85334437965.0,80540470641.0,-0.05617857735192737,212,True,passed,212,0,0,3,2025,00111810,1.0903720187386134,1.0903720187386134,0.0,1.0903720187386134,101.0,102.0,0.2026138621231235,0.37661859091439975,142.0,1.0,0.37661859091439975,183.29681033371892,3.0,1.0,1.0,0.75,0.6425724202756066,0.10356163478796104,209.0,1.0,-0.03624657217578636,0
375500,2025,3,202503,DL이앤씨,01524093,CFS,CFS,10073410272468.0,5077746477660.0,4995663794808.0,0.9838348205817029,0.6850317496415382,8145420580806.0,-0.00818275580133021,-0.045873827766323205,1,1,1,,418073115790.0,0.5774393820434736,0.8466616236406262,1,1,1,,282169992489.0,1.396725475562286,1.9241515157631033,1,1,1,,60499313181.0,-0.9071435850132001,3.288692252726789,1,1,1,,15072084478.0,1.1284678148531557,1.523904403230949,1,1,1,,10073410272468.0,0.006005842266382503,0.0014962246220819632,0.05132615457268765,0.04150263957109448,20,20211,20254,0,0,60499313181.0,0.006005842266382503,2025-11-30,1991446059297.0,1906994631344.0,-0.042407087833858874,126205591469.0,116756387904.0,-0.07487151286257406,412,True,passed,412,0,0,3,2025,01524093,1.0762595122930279,1.0762595122930279,0.0,1.0762595122930279,102.0,103.0,0.8466616236406262,1.2665313874432025,78.0,1.0,1.2665313874432025,-0.045873827766323205,-0.48830696638623083,329.0,1.0,-0.12207674159655771,0.6850317496415382,0.19484323872461928,197.0,1.0,-0.06819513355361674,0
086520,2025,3,202503,에코프로,00536541,CFS,CFS,8782378577571.0,4214221239234.0,4568157338337.0,1.0839861219928106,0.7342824645564763,3346806988192.0,-0.10841238917813911,0.42706914826689235,1,1,1,,67195538145.0,-1.2149061631325855,0.3100529794041895,1,1,1,,39493404461.0,-1.130307604322428,2.2120247589065354,1,1,1,,75452460941.0,-0.907841507199653,19.449231318755952,1,1,1,,941899362103.0,-0.37026148218016675,-0.7838136973809361,1,1,1,,8782378577571.0,0.008591346897034856,0.10724877705778738,0.0200775062267036,0.007651177588336748,41,20154,20254,0,0,75452460941.0,0.008591346897034856,2025-11-30,931704760248.0,959384246723.0,0.029708430884942898,16227581454.0,149387016037.0,8.205747415932828,64992,True,passed,64992,0,0,3,2025,00536541,1.0744994532579504,1.0744994532579504,0.0,1.0744994532579504,103.0,104.0,0.3100529794041895,0.5250725581961122,125.0,1.0,0.5250725581961122,0.42706914826689235,2.6187230971485183,46.0,1.0,0.6546807742871296,0.7342824645564763,0.300725369215118,181.0,1.0,-0.1052538792252913,0
009420,2025,3,202503,한올바이오파마,00162586,CFS,CFS,201818011138.0,157652862685.0,44165148453.0,0.28014174751298143,0.2469708120447943,154052862610.0,0.14755421064598595,0.14053051881252454,1,1,1,,3838975060.0,-1.5669029234812544,0.36467158217392504,1,1,1,,2310325018.0,-1.3674141181701185,0.6721337402438097,1,1,1,,13867895512.0,0.5698381070656027,1.3886135365887686,1,1,1,,13138773942.0,-0.2653575038784809,-1.7244765742946098,1,1,1,,201818011138.0,0.06871485569500212,0.06510208810360296,0.02491985539871949,0.01902196458261086,41,20154,20254,0,0,13867895512.0,0.06871485569500212,2025-11-30,40681535264.0,40803569354.0,0.0029997415094604528,1145818081.0,348875709.0,-0.695522601026227,212,True,passed,212,0,0,3,2025,00162586,1.046038186719776,1.046038186719776,0.0,1.046038186719776,104.0,105.0,0.36467158217392504,0.600541795786173,118.0,1.0,0.600541795786173,0.14053051881252454,0.736288678635792,117.0,1.0,0.184072169658948,0.2469708120447943,-0.7469263464990149,369.0,1.0,0.2614242212746552,0
056080,2025,3,202503,유진로봇,00234227,CFS,OFS,60176922705.0,28851563311.0,31325359394.0,1.08574218514034,0.7351247560066629,9631253675.0,-0.7412888112198467,-0.7815744616826051,1,1,1,,-7636149522.0,1.1927073303093767,1.2466654424095283,1,1,1,,-6928112411.0,0.6936849040092421,0.28243189315460926,1,1,1,,-1216395029.0,-0.6584323089035715,-0.7400259032911436,1,1,1,,114705691.0,-0.6963945601559329,-1.7905437115327314,1,1,1,,60176922705.0,-0.020213646267075266,0.0019061408567252857,-0.7928510430393165,-0.12689498197563243,41,20154,20254,0,0,-1216395029.0,-0.020213646267075266,2025-11-30,2870622913.0,3477179357.0,0.21129784802215854,-2804275963.0,-1685276664.0,0.3990332313096962,292,True,passed,292,0,0,3,2025,00234227,0.9633488788854241,0.9633488788854241,0.0,0.9633488788854241,105.0,106.0,1.2466654424095283,1.8192365410860043,60.0,1.0,1.8192365410860043,-0.7815744616826051,-3.0,421.0,1.0,-0.75,0.7351247560066629,0.3025361777159433,180.0,1.0,-0.10588766220058016,0
214150,2025,3,202503,클래시스,01061327,CFS,CFS,654403558092.0,518354418849.0,136049139243.0,0.2624635467468292,0.23306500788662213,317798226287.0,0.47442850086855737,0.23273709300959866,1,1,1,,155205037348.0,0.42955339180280117,0.18350958154252095,1,1,1,,117689661512.0,0.38691162775532884,0.42877504968923574,1,1,1,,112081862518.0,0.1785038572849731,-0.7804982255197095,1,1,1,,20525849458.0,1.2444552835344749,0.9427893302486414,1,1,1,,654403558092.0,0.17127330854494355,0.03136573633225013,0.48837603394248047,0.2371702223021537,34,20154,20254,0,0,112081862518.0,0.17127330854494355,2025-11-30,83283805952.0,82997291548.0,-0.0034402174675486185,43010649853.0,37618140937.0,-0.12537613206101958,271,True,passed,271,0,0,3,2025,01061327,0.9576203752957266,0.9576203752957266,0.2,1.1576203752957266,106.0,98.0,0.18350958154252095,0.3502212570938507,148.0,1.0,0.3502212570938507,0.23273709300959866,1.3420458472669128,83.0,1.0,0.3355114618167282,0.23306500788662213,-0.7768218753861363,377.0,1.0,0.2718876563851477,0
290650,2025,3,202503,엘앤씨바이오,01181515,CFS,CFS,497942653144.0,266706305780.0,231236347364.0,0.8670074248440967,0.6243368414365715,79895109647.0,0.14085366400093458,0.10316280181587567,1,1,1,,1838827009.0,-0.24175487764968295,0.5483859356307098,1,1,1,,77498061226.0,-14.64858582463318,-13.543662234950943,1,1,1,,6857549315.0,-1.4363611215313299,-3.346279302855957,1,1,1,,7757973088.0,-0.7140470740041513,-5.3390242986764385,1,1,1,,497942653144.0,0.013771765225777648,0.015580053323442594,0.02301551392975711,0.00369284896039671,29,20184,20254,0,1,6857549315.0,0.013771765225777648,2025-11-30,20495785226.0,22555957084.0,0.100516854332888,-1457229.0,2895731265.0,1988.149078833869,212,True,passed,212,1,0,3,2025,01181515,0.9545636025969017,0.9545636025969017,0.0,0.9545636025969017,107.0,107.0,0.5483859356307098,0.8543890472104995,97.0,1.0,0.8543890472104995,0.10316280181587567,0.4907989980657344,139.0,1.0,0.1226997495164336,0.6243368414365715,0.0643576975143753,217.0,1.0,-0.022525194130031352,0
026960,2025,3,202503,동서,00144395,CFS,CFS,1770315545520.0,1706720512871.0,63595032649.0,0.03726153882220711,0.03658410460589556,527445791871.0,0.10030641884692693,0.1463367448140358,1,1,1,,48326650684.0,0.13430563064189793,0.15666518907650795,1,1,1,,145331285249.0,-0.11696564988897395,0.058698633085163765,1,1,1,,101143533508.0,-0.13559531433914374,-0.20627459241687718,1,1,1,,1908236800.0,0.31225997059564214,0.8430600461815303,1,1,1,,1770315545520.0,0.057133053914572504,0.0010779077237552518,0.09162391932746614,0.02729832588675872,41,20154,20254,0,0,101143533508.0,0.057133053914572504,2025-11-30,136891078661.0,137322183792.0,0.0031492565857238804,11739033213.0,13458776085.0,0.14649782829607538,4632,True,passed,4632,0,0,3,2025,00144395,0.9264671843630757,0.9264671843630757,0.0,0.9264671843630757,108.0,108.0,0.15666518907650795,0.3131290260545582,153.0,1.0,0.3131290260545582,0.1463367448140358,0.7744330631738249,113.0,1.0,0.19360826579345622,0.03658410460589556,-1.1992282643287466,455.0,1.0,0.4197298925150613,0
009970,2025,3,202503,영원무역홀딩스,00140964,CFS,CFS,6638718011479.0,5033583822913.0,1605134188566.0,0.3188849624912153,0.2767866542312997,4744469073660.0,0.13457192464055212,0.21585200527548576,1,1,1,,578809175768.0,-0.10988523755627488,0.20412928038876754,1,1,1,,487682006771.0,-0.13343913691643128,0.17786984347986312,1,1,1,,736078786472.0,0.15414670850106948,0.15321193852749726,1,1,1,,222367071008.0,-0.03719502128925867,-0.5442289608947108,1,1,1,,6638718011479.0,0.11087664594267252,0.03349548370988274,0.1219966168567503,0.08718688981324131,41,20154,20254,0,0,736078786472.0,0.11087664594267252,2025-11-30,1177889411355.0,1262446338948.0,0.07178681358187003,162574850800.0,196582201847.0,0.20917965404646707,64992,True,passed,64992,0,0,3,2025,00140964,0.9254813206033543,0.9254813206033543,0.0,0.9254813206033543,109.0,109.0,0.20412928038876754,0.3787125196371898,141.0,1.0,0.3787125196371898,0.21585200527548576,1.2311181501154784,87.0,1.0,0.3077795375288696,0.2767866542312997,-0.6828264669636996,356.0,1.0,0.23898926343729485,0
064960,2025,3,202503,SNT모티브,00398792,CFS,CFS,1284092533560.0,1013812992668.0,270279540892.0,0.26659703796132966,0.2363338065227937,1000601472765.0,0.03381796002660775,0.21922272033045098,1,1,1,,100670952897.0,-0.007918723597631905,0.17185206637645467,1,1,1,,89910599821.0,0.2829023571093463,0.5465382649343405,1,1,1,,90734030204.0,-0.2516158880384841,-0.3051068735451178,1,1,1,,79091893825.0,0.870438563431623,0.518487045295468,1,1,1,,1284092533560.0,0.0706600403262608,0.06159360930611967,0.10061043845839257,0.07839851900540319,41,20154,20254,0,0,90734030204.0,0.0706600403262608,2025-11-30,257539576696.0,231085379342.0,-0.10271895952219633,26645675111.0,22001726629.0,-0.17428526252963514,303,True,passed,303,0,0,3,2025,00398792,0.9168571061727245,0.9168571061727245,0.0,0.9168571061727245,110.0,110.0,0.17185206637645467,0.3341134890960746,151.0,1.0,0.3341134890960746,0.21922272033045098,1.253262284909967,86.0,1.0,0.31331557122749176,0.2363338065227937,-0.7697944167118804,373.0,1.0,0.26942804584915814,0
104830,2025,3,202503,원익머트리얼즈,00623661,CFS,CFS,634789854135.0,510794582202.0,123995271933.0,0.24274977897859643,0.21732648814398411,315420676361.0,-0.024257054176545556,0.3189339445260527,1,1,1,,52822497846.0,0.1417274330853291,0.03469307767217855,1,1,1,,34177479764.0,0.19727048011958304,-0.2813142772508317,1,1,1,,67817815422.0,-0.4221614715440195,-0.1550013809112415,1,1,1,,80969154939.0,0.2886592629990956,-0.4339960446250486,1,1,1,,634789854135.0,0.10683506514831169,0.12755269229898622,0.16746682067710894,0.0832125742116324,41,20154,20254,0,0,67817815422.0,0.10683506514831169,2025-11-30,74996289494.0,82832572704.0,0.1044889455581257,11310471924.0,14153534413.0,0.25136550517995876,20121,True,passed,20121,0,0,3,2025,00623661,0.9054046552575246,0.9054046552575246,0.0,0.9054046552575246,111.0,111.0,0.03469307767217855,0.14459409860974076,171.0,1.0,0.14459409860974076,0.3189339445260527,1.9083217465094768,64.0,1.0,0.4770804366273692,0.21732648814398411,-0.810657485772613,392.0,1.0,0.28373012002041453,0
069960,2025,3,202503,현대백화점,00428251,CFS,CFS,11487923403000.0,6340104612000.0,5147818791000.0,0.8119454024869961,0.5944010760890208,4363871152000.0,0.05214722857460874,0.16107956590326022,1,1,1,,379780481000.0,0.3947706706373033,0.4084557875192504,1,1,1,,235982325000.0,-1.9670333989342526,0.7086353925629187,1,1,1,,936095189000.0,0.26595462508600987,-0.002353216473231834,1,1,1,,626868918000.0,0.5446761604507797,0.25998350988121377,1,1,1,,11487923403000.0,0.08148515237797847,0.054567644299952166,0.08702834427775057,0.033059106304697564,41,20154,20254,0,0,936095189000.0,0.08148515237797847,2025-11-30,1080285956000.0,1010252835000.0,-0.06482831754965442,86873102000.0,72695325000.0,-0.16320099862440735,47111,True,passed,47111,0,0,3,2025,00428251,0.8788623576539782,0.8788623576539782,0.0,0.8788623576539782,112.0,112.0,0.4084557875192504,0.6610406080650056,115.0,1.0,0.6610406080650056,0.16107956590326022,0.8712869983558906,107.0,1.0,0.21782174958897266,0.5944010760890208,0.0,228.0,1.0,-0.0,0
105840,2025,3,202503,우진,00173944,CFS,CFS,279625453061.0,235197666453.0,44427786608.0,0.1888955246793577,0.17302474562206635,150350802528.0,0.10425154133887848,0.03532766795621889,1,1,1,,15603166056.0,0.12880756488680367,0.32143596894545634,1,1,1,,14893146614.0,0.17164367252267865,0.4032353828540566,1,1,1,,-1091295311.0,-1.0709581101747179,-2.2822472950281716,1,1,1,,2807348018.0,-0.021644646108937238,-0.18709737853831543,1,1,1,,279625453061.0,-0.0039027037741157814,0.01003967266666379,0.1037784022010405,0.0558002352260693,41,20154,20254,0,0,-1091295311.0,-0.0039027037741157814,2025-11-30,34903842100.0,47553727935.0,0.36242101367402185,3839581153.0,9829372180.0,1.5600115711371187,27216,True,passed,27216,0,0,3,2025,00173944,0.8691539107683431,0.8691539107683431,0.0,0.8691539107683431,113.0,113.0,0.32143596894545634,0.5408010004961971,123.0,1.0,0.5408010004961971,0.03532766795621889,0.045151613610118393,185.0,1.0,0.011287903402529598,0.17302474562206635,-0.9059000196274757,410.0,1.0,0.3170650068696165,0
383310,2025,3,202503,에코프로에이치엔,01566248,CFS,CFS,432034412227.0,300072183195.0,131962229032.0,0.43976828384070904,0.364482186640355,181877180550.0,-0.0996716805999378,0.15428731929790462,1,1,1,,17006717095.0,-0.28532278278741274,0.2779227775182904,1,1,1,,16542504440.0,-0.18263519570902564,0.34457330688301446,1,1,1,,22756393305.0,0.02453052410946488,0.31551627468868404,1,1,1,,45085563963.0,-0.35763432625238556,,1,1,0,missing_prev_yoy,432034412227.0,0.05267264056050079,0.10435641857924756,0.09350660178243014,0.03936426500689096,19,20212,20254,0,0,22756393305.0,0.05267264056050079,2025-11-30,39001735246.0,28396775217.0,-0.2719099538035975,3662961871.0,2333531410.0,-0.36293865669889197,204,True,passed,204,0,0,3,2025,01566248,0.8603455627607537,0.8603455627607537,0.0,0.8603455627607537,114.0,114.0,0.2779227775182904,0.48067666161548506,130.0,1.0,0.48067666161548506,0.15428731929790462,0.8266648864497408,110.0,1.0,0.2066662216124352,0.364482186640355,-0.49429337009380975,311.0,1.0,0.1730026795328334,0
014680,2025,3,202503,한솔케미칼,00140955,CFS,CFS,1566081794370.0,1160549602915.0,405532191455.0,0.3494311578207499,0.299683139074117,850333101689.0,0.09152559922265002,0.11372605212343645,1,1,1,,161869368236.0,0.2712070785813441,0.28278951397195673,1,1,1,,155031244070.0,0.3013270129583767,0.34917282317689013,1,1,1,,192238840178.0,0.1481644951675447,0.06118978030923583,1,1,1,,77295487849.0,-0.47304244613635993,-0.49536122322539133,1,1,1,,1566081794370.0,0.12275146858171186,0.04935597114204004,0.19035995178181592,0.10335945977912121,41,20154,20254,0,0,192238840178.0,0.12275146858171186,2025-11-30,221915819187.0,230042814744.0,0.03662197488567361,48854536364.0,48806980313.0,-0.0009734213962378971,20129,True,passed,20129,0,0,3,2025,00140955,0.8492107974594174,0.8492107974594174,0.0,0.8492107974594174,115.0,115.0,0.28278951397195673,0.48740127321454757,129.0,1.0,0.48740127321454757,0.11372605212343645,0.5601949674265924,135.0,1.0,0.1400487418566481,0.299683139074117,-0.6336022353949192,344.0,1.0,0.22176078238822172,0
053800,2025,3,202503,안랩,00298270,CFS,CFS,490323809637.0,387317630790.0,103006178847.0,0.26594755998300784,0.2358209010497076,266642434725.0,0.08125810993557159,0.0564623116578753,1,1,1,,27946099568.0,0.17880885726514584,0.313372738750312,1,1,1,,46325720767.0,0.43823087949800077,0.2766189823037526,1,1,1,,52210958513.0,0.5232345652373489,0.3655848421312451,1,1,1,,6298467414.0,-0.3694007282295382,-1.2556534492310838,1,1,1,,490323809637.0,0.10648260901638285,0.012845526344443534,0.10480739720525742,0.05699519178701368,41,20154,20254,0,0,52210958513.0,0.10648260901638285,2025-11-30,62289211779.0,64535678013.0,0.03606509329368921,3458561771.0,7880928575.0,1.2786722044641485,58221,True,passed,58221,0,0,3,2025,00298270,0.8454728789146755,0.8454728789146755,0.0,0.8454728789146755,116.0,116.0,0.313372738750312,0.5296596346522894,124.0,1.0,0.5296596346522894,0.0564623116578753,0.18399704887572207,169.0,1.0,0.04599926221893052,0.2358209010497076,-0.7708970915527307,375.0,1.0,0.2698139820434557,0
065350,2025,3,202503,신성델타테크,00136226,CFS,CFS,933820767283.0,328521023069.0,605299744214.0,1.8424992670465037,1.044683688787289,942557167132.0,0.106609893540903,0.09475290474917153,1,1,1,,26260799447.0,0.31966332636024375,0.7052082197583649,1,1,1,,17483361819.0,21.10738005234049,22.0781651146203,1,1,1,,30536800597.0,-3.241478802727574,-1.8046012484750589,1,1,1,,73447985751.0,1.518314948095386,1.777764361458585,1,1,1,,933820767283.0,0.032700922561240964,0.07865319376511697,0.027861227268480702,0.028121884163496556,41,20154,20254,0,0,30536800597.0,0.032700922561240964,2025-11-30,220782410107.0,218299087995.0,-0.011247825906042437,6680401069.0,5075642505.0,-0.240218895156877,28519,True,passed,28519,0,0,3,2025,00136226,0.8411500308206181,0.8411500308206181,0.0,0.8411500308206181,117.0,117.0,0.7052082197583649,1.0710781901045756,88.0,1.0,1.0710781901045756,0.09475290474917153,0.43554962479742876,146.0,1.0,0.10888740619935719,1.044683688787289,0.9680444728094706,87.0,1.0,-0.3388155654833147,0
098460,2025,3,202503,고영,00579999,CFS,CFS,384180479466.0,321955142162.0,62225337304.0,0.1932733140590428,0.17670021499839006,214241200681.0,0.017108403409568762,0.12627495897753294,1,1,1,,7683714240.0,-0.3508443508758995,0.19152488465716855,1,1,1,,17755810718.0,0.4987077521795069,0.5977382373913017,1,1,1,,12255013115.0,-0.39679035259305695,0.1338097463133716,1,1,1,,14081015895.0,1.28146361941543,1.900996094250759,1,1,1,,384180479466.0,0.031899104119069564,0.03665208579720712,0.03586478331700944,0.02000027239978498,41,20154,20254,0,0,12255013115.0,0.031899104119069564,2025-11-30,52090079755.0,60286386588.0,0.1573487096113201,2513135606.0,4696263718.0,0.8686869529793292,29271,True,passed,29271,0,0,3,2025,00579999,0.836254755868193,0.836254755868193,0.0,0.836254755868193,118.0,118.0,0.19152488465716855,0.36129639970901256,144.0,1.0,0.36129639970901256,0.12627495897753294,0.6426358383899381,125.0,1.0,0.16065895959748452,0.17670021499839006,-0.8979982758905598,408.0,1.0,0.3142993965616959,0
084370,2025,3,202503,유진테크,00531014,CFS,CFS,523776556379.0,453825675037.0,69950881342.0,0.15413601563264787,0.14335202564012828,364926790879.0,0.24037434484156162,0.12285475988023187,1,1,1,,65675363962.0,0.87911683365127,0.1771555120769004,1,1,1,,63709754033.0,0.8744533224265019,0.11307127196077271,1,1,1,,50596019765.0,-0.28420653231557635,-0.9035288957308892,1,1,1,,17723374153.0,0.21334651009273342,-2.8914140831310715,1,1,1,,523776556379.0,0.09659848106754357,0.033837662142662844,0.17996860083582134,0.1253881319470089,41,20154,20254,0,0,50596019765.0,0.09659848106754357,2025-11-30,104924667101.0,62342721909.0,-0.40583350291701015,19739955399.0,5182170229.0,-0.7374781186556013,29271,True,passed,29271,0,0,3,2025,00531014,0.8358754495645276,0.8358754495645276,0.0,0.8358754495645276,119.0,119.0,0.1771555120769004,0.34144152356265206,150.0,1.0,0.34144152356265206,0.12285475988023187,0.6201666149166997,127.0,1.0,0.15504165372917492,0.14335202564012828,-0.9696922064934305,421.0,1.0,0.33939227227270063,0
036530,2025,3,202503,SNT홀딩스,00225159,CFS,CFS,3223905884815.0,2341196050769.0,882709834046.0,0.3770337105070979,0.3199317005703879,2103186994963.0,0.18978425475340677,0.2755665633955131,1,1,1,,265956630764.0,0.23811861695521808,0.0907203537764334,1,1,1,,236267125476.0,0.218026025423119,-0.203706760310558,1,1,1,,190346474477.0,0.10906176868859507,0.3688315635119126,1,1,1,,20352725689.0,1.5891434288859743,1.680978307452518,1,1,1,,3223905884815.0,0.0590421933138792,0.00631306446781337,0.12645410579323157,0.08249515968089795,41,20154,20254,0,0,190346474477.0,0.0590421933138792,2025-11-30,561174632318.0,516912633961.0,-0.07887384034836079,84316155060.0,65890884508.0,-0.21852598163292006,64992,True,passed,64992,0,0,3,2025,00225159,0.8343887230492368,0.8343887230492368,0.0,0.8343887230492368,120.0,120.0,0.0907203537764334,0.22200977014681791,165.0,1.0,0.22200977014681791,0.2755665633955131,1.6234168768367896,69.0,1.0,0.4058542192091974,0.3199317005703879,-0.5900706676949188,335.0,1.0,0.20652473369322155,0
253450,2025,3,202503,스튜디오드래곤,01168684,CFS,CFS,1127261187422.0,857142532869.0,270118654553.0,0.31513854953489184,0.2739420209426976,515371388313.0,-0.11236053170959426,0.1456774658714899,1,1,1,,17178431750.0,-0.3682760802713282,0.18520760741017683,1,1,1,,18806482941.0,2.391737729316053,3.246933414274841,1,1,1,,9048049142.0,-0.9493058162336747,-3.4128054437405155,1,1,1,,105949579.0,-0.9637257380273833,-0.7560091829543266,1,1,1,,1127261187422.0,0.008026577374399376,9.398849191490601e-05,0.03333214093671619,0.015239087393123477,33,20174,20254,0,0,9048049142.0,0.008026577374399376,2025-11-30,114491407434.0,136509684554.0,0.19231379553695077,-2915558439.0,10469039537.0,4.590749338775302,59114,True,passed,59114,0,0,3,2025,01168684,0.786222685855686,0.786222685855686,0.0,0.786222685855686,121.0,121.0,0.18520760741017683,0.3525675038145962,146.0,1.0,0.3525675038145962,0.1456774658714899,0.7701018866926211,114.0,1.0,0.19252547167315529,0.2739420209426976,-0.68894202962267,358.0,1.0,0.24112971036793449,0
373220,2025,3,202503,LG에너지솔루션,01515323,CFS,CFS,67010378000000.0,29737224000000.0,37273154000000.0,1.253417400359899,0.8124479085428686,23981438000000.0,-0.11734776183230566,0.0901082360329104,1,1,1,,1242613000000.0,0.0908391015990202,0.5385095313225633,1,1,1,,442257000000.0,-0.5294868003055495,-0.07494398351889475,1,1,1,,5861623000000.0,0.27387816751423477,-0.4827286730748588,1,1,1,,12051943000000.0,-0.5400315468405396,3.4059474822762428,1,1,1,,67010378000000.0,0.08747336121578064,0.17985188801650992,0.051815616728237895,0.01854359036745025,21,20204,20254,0,0,5861623000000.0,0.08747336121578064,2025-11-30,5565408000000.0,5699873000000.0,0.024160852178312892,492159000000.0,601309000000.0,0.2217779213628116,28202,True,passed,28202,0,0,3,2025,01515323,0.7779318311073551,0.7779318311073551,0.0,0.7779318311073551,122.0,122.0,0.5385095313225633,0.8407423285932298,98.0,1.0,0.8407423285932298,0.0901082360329104,0.40503616742964427,152.0,1.0,0.10125904185741107,0.8124479085428686,0.46877011240938793,156.0,1.0,-0.16406953934328578,0
353200,2025,3,202503,대덕전자,01478712,CFS,CFS,1135732421139.0,874947322382.0,260785098757.0,0.2980580568519551,0.26086934521072136,953884214796.0,0.03681920648165282,0.09006434818844633,1,1,1,,14135971896.0,-0.40270551054898873,0.2367080940401759,1,1,1,,26371266451.0,0.035347014898200024,0.42146389464128353,1,1,1,,64644384417.0,-0.5382102276048462,-0.2883328137970328,1,1,1,,59827113830.0,-0.11924923680433952,0.47511465166544053,1,1,1,,1135732421139.0,0.05691867486900623,0.052677120698906135,0.014819379204239326,0.012446568956641528,23,20202,20254,0,0,64644384417.0,0.05691867486900623,2025-11-30,245857719982.0,286173331095.0,0.1639794394739837,1866095223.0,24447836803.0,12.101066066551953,2622,True,passed,2622,0,0,3,2025,01478712,0.7758815034513308,0.7758815034513308,0.0,0.7758815034513308,123.0,123.0,0.2367080940401759,0.4237282853869286,133.0,1.0,0.4237282853869286,0.09006434818844633,0.40474784334178626,153.0,1.0,0.10118696083544657,0.26086934521072136,-0.7170464492255875,363.0,1.0,0.2509662572289556,0
028670,2025,3,202503,팬오션,00122737,CFS,CFS,10560864000000.0,5546267000000.0,5014597000000.0,0.9041391263709446,0.6440300042726245,5632039000000.0,0.24770216811119528,0.29810023303015176,1,1,1,,471302000000.0,0.09578613544631076,0.18915117225100553,1,1,1,,219861000000.0,-0.30527722744120356,-0.2039703905430812,1,1,1,,744805000000.0,0.0064293213809392125,0.08408112215142494,1,1,1,,227710000000.0,-0.4617103008096448,-0.9488994333690761,1,1,1,,10560864000000.0,0.07052500628736437,0.021561682832010716,0.08368230404654513,0.04462721989412988,41,20154,20254,0,0,744805000000.0,0.07052500628736437,2025-11-30,1293649000000.0,1269455000000.0,-0.018702136360017284,123034000000.0,125195000000.0,0.017564250532373166,50112,True,passed,50112,0,0,3,2025,00122737,0.7635365170310344,0.7635365170310344,0.0,0.7635365170310344,124.0,124.0,0.18915117225100553,0.35801652332135697,145.0,1.0,0.35801652332135697,0.29810023303015176,1.7714533052109056,67.0,1.0,0.4428633263027264,0.6440300042726245,0.10669523598013993,208.0,1.0,-0.03734333259304897,0
403870,2025,3,202503,HPSP,01288827,CFS,OFS,339702245759.0,283876377867.0,55825867892.0,0.1966555594074657,0.1795306319568,57295369678.0,-0.6055657751567716,-0.36030842584377043,1,1,1,,98213388981.0,0.3970208181731354,0.7075431742670465,1,1,1,,82868445378.0,0.39914627458905905,0.6762184128337934,1,1,1,,128796223565.0,1.8048563082971123,2.2119252599850743,1,1,1,,,,,0,0,0,missing_ttm_yoy,339702245759.0,0.37914445716197537,,1.7141592685928948,0.2891161015481687,14,20223,20254,0,0,128796223565.0,0.37914445716197537,2025-11-30,51346984517.0,32046764312.0,-0.3758783575423026,28643683818.0,15107237458.0,-0.4725804978860139,29271,True,passed,29271,0,0,3,2025,01288827,0.7479727119937247,0.7479727119937247,0.0,0.7479727119937247,125.0,125.0,0.7075431742670465,1.0743045127792985,86.0,1.0,1.0743045127792985,-0.36030842584377043,-2.5540057900293602,413.0,1.0,-0.6385014475073401,0.1795306319568,-0.8919132763479038,405.0,1.0,0.31216964672176634,0
058610,2025,3,202503,에스피지,00220686,CFS,CFS,424418949567.0,253212113664.0,171206835903.0,0.676139989614332,0.5164935245946585,355922921696.0,-0.08110919706060848,-0.06327677272633903,1,1,1,,15430098417.0,0.2348281856596286,0.5338734682371644,1,1,1,,13126111834.0,0.1777233750778502,0.2400958799166164,1,1,1,,25014539836.0,0.3840575851237662,0.8757516468616663,1,1,1,,12133719293.0,0.974583710434821,1.0243716804038323,1,1,1,,424418949567.0,0.05893831993486694,0.0285890140046269,0.04335235939139406,0.03635581877939727,41,20154,20254,0,0,25014539836.0,0.05893831993486694,2025-11-30,80467181959.0,84082160608.0,0.04492488193313294,3920254141.0,4932927705.0,0.2583183455911564,28111,True,passed,28111,0,0,3,2025,00220686,0.7422988683436195,0.7422988683436195,0.0,0.7422988683436195,126.0,126.0,0.5338734682371644,0.8343364498498733,99.0,1.0,0.8343364498498733,-0.06327677272633903,-0.6026367607270441,341.0,1.0,-0.15065919018176102,0.5164935245946585,-0.16749031050144908,253.0,1.0,0.05862160867550718,0
267250,2025,3,202503,HD현대,01205709,CFS,CFS,77042246671000.0,28926778754000.0,48115467917000.0,1.6633538191785902,0.9795861628872216,69619514565000.0,0.03321824244283378,-0.069036992668293,1,1,1,,5005820761000.0,1.0325008040389685,0.7683390494977405,1,1,1,,3028376221000.0,1.9200928333766663,1.8186885055504574,1,1,1,,10049996674000.0,0.7807721220292152,0.1651887621310839,1,1,1,,2027330424000.0,0.029408974846647506,0.13685296364520605,1,1,1,,77042246671000.0,0.1304478660509129,0.026314528866966717,0.07190255192495394,0.064975010170417,35,20172,20254,0,0,10049996674000.0,0.1304478660509129,2025-11-30,17211008448000.0,18224352745000.0,0.05887768285406631,1138886949000.0,1702387190000.0,0.49478154218448245,64992,True,passed,64992,0,0,3,2025,01205709,0.7083565960063272,0.7083565960063272,0.0,0.7083565960063272,127.0,127.0,0.7683390494977405,1.1583091946937045,82.0,1.0,1.1583091946937045,-0.069036992668293,-0.640478905423504,345.0,1.0,-0.160119726355876,0.9795861628872216,0.8280939209471467,103.0,1.0,-0.28983287233150135,0
064760,2025,3,202503,티씨케이,00245472,CFS,OFS,547584254303.0,506830498995.0,40753755308.0,0.08040904284333932,0.07733971280442385,303052458721.0,0.14429889135635965,0.03829999149819785,1,1,1,,85849721223.0,0.11559207548003902,0.14474675592327124,1,1,1,,71295378068.0,0.08802034267160641,0.1435467217694355,1,1,1,,52591699559.0,-0.24479343211363758,-1.1185250667797895,1,1,1,,2278162262.0,-1.1692049713886394,-0.4034161373352473,1,1,1,,547584254303.0,0.09604311874515467,0.004160386724230757,0.28328336811824406,0.15677901719850396,41,20154,20254,0,0,52591699559.0,0.09604311874515467,2025-11-30,72674140670.0,79240971207.0,0.09035993375991576,19501585703.0,22377331980.0,0.14746217670687228,23999,True,passed,23999,0,0,3,2025,00245472,0.701893654675853,0.701893654675853,0.0,0.701893654675853,128.0,128.0,0.14474675592327124,0.2966607347082025,154.0,1.0,0.2966607347082025,0.03829999149819785,0.06467848909295065,180.0,1.0,0.016169622273237663,0.07733971280442385,-1.111609421984037,447.0,1.0,0.3890632976944129,0
012330,2025,3,202503,현대모비스,00164788,CFS,CFS,69831818000000.0,47896797000000.0,21935021000000.0,0.457964255939703,0.37704111746955865,60430863000000.0,0.05651062270158014,0.09642764658447278,1,1,1,,3413115000000.0,0.3074368933005789,0.23421731967955606,1,1,1,,4175545000000.0,0.2164174234660139,0.20933428022034817,1,1,1,,4630046000000.0,0.09040215421760056,0.2883874193867587,1,1,1,,1661497000000.0,-0.3167287636531122,-0.6776847819747072,1,1,1,,69831818000000.0,0.0663028134252498,0.023792836096577064,0.05647966668951923,0.048876215710150925,41,20154,20254,0,0,4630046000000.0,0.0663028134252498,2025-11-30,15936241000000.0,15031932000000.0,-0.056745439529936825,870000000000.0,780299000000.0,-0.10310459770114942,303,True,passed,303,0,0,3,2025,00164788,0.695477347101671,0.695477347101671,0.0,0.695477347101671,129.0,129.0,0.23421731967955606,0.4202866586796814,136.0,1.0,0.4202866586796814,0.09642764658447278,0.4465519517049647,144.0,1.0,0.11163798792624118,0.37704111746955865,-0.4672934299878527,305.0,1.0,0.16355270049574844,0
336370,2025,3,202503,솔루스첨단소재,01412822,CFS,CFS,2047515601058.0,964327561902.0,1083188039156.0,1.1232573680872135,0.7529514038649258,612333408915.0,0.2018332289920315,0.02856443842094225,1,1,1,,-62741654994.0,0.1819226924018844,0.5083995193804631,1,1,1,,-100715364117.0,0.025695192167048075,1.6972514401918393,1,1,1,,-39959985112.0,-0.5427884383608729,-1.393613169017652,1,1,1,,263905508565.0,0.09977494309902402,0.09058532227440041,1,1,1,,2047515601058.0,-0.019516327539263547,0.12889059718452633,-0.1024632235977008,-0.030642821457174684,25,20194,20254,0,0,-39959985112.0,-0.019516327539263547,2025-11-30,143864742733.0,145134306069.0,0.008824700978725519,-14971742011.0,-21159795769.0,-0.4133155482811238,26299,True,passed,26299,0,0,3,2025,01412822,0.6800165219070256,0.6800165219070256,0.0,0.6800165219070256,130.0,130.0,0.5083995193804631,0.7991378288465416,100.0,1.0,0.7991378288465416,0.02856443842094225,0.000720131259030797,192.0,1.0,0.00018003281475769924,0.7529514038649258,0.3408609707264963,177.0,1.0,-0.11930133975427369,0
397030,2025,3,202503,에이프릴바이오,01375822,CFS,OFS,97024620329.0,90407268071.0,6617352258.0,0.07319491451509365,0.07064010094004067,8974000000.0,-0.4802108761144752,-4.488380169282285,1,1,1,,-1615335183.0,-1.1528681270354357,0.6753220319331548,1,1,1,,-877634375.0,-1.1156332084710223,0.6147652297668207,1,1,1,,3473527741.0,-0.766113566608727,1.7296934725431834,1,1,1,,69145454.0,-0.7844619954863405,,1,1,0,missing_prev_yoy,97024620329.0,0.035800477540872025,0.000712658846440576,-0.1800016918876755,-0.01664871429048187,14,20223,20254,0,0,3473527741.0,0.035800477540872025,2025-11-30,0.0,0.0,,-2657269287.0,-2499578144.0,0.059343305464547,70113,True,passed,70113,0,0,3,2025,01375822,0.6738873860575814,0.6738873860575814,0.0,0.6738873860575814,131.0,131.0,0.6753220319331548,1.0297829592626078,91.0,1.0,1.0297829592626078,-4.488380169282285,-3.0,421.0,1.0,-0.75,0.07064010094004067,-1.1260126479856387,450.0,1.0,0.39410442679497354,0
052690,2025,3,202503,한전기술,00159209,CFS,CFS,853017995336.0,613610325976.0,239407669360.0,0.3901623868196832,0.32942056536921743,505901382825.0,-0.09327162293949798,-0.1223181778405874,1,1,1,,35852834695.0,0.19104201784303254,0.43891961865486706,1,1,1,,103865000405.0,1.6342946828653075,1.6304378887978384,1,1,1,,30743066466.0,-2.2133349839978846,-1.0184208248752191,1,1,1,,7449521805.0,-0.0736902174003018,-0.622900499615783,1,1,1,,853017995336.0,0.036040349247134514,0.00873313557947352,0.07086921663426667,0.042030572497919846,41,20154,20254,0,0,30743066466.0,0.036040349247134514,2025-11-30,102267262792.0,114579361149.0,0.12039139428265926,-4427718119.0,12255160674.0,3.767827658542958,72129,True,passed,72129,0,0,3,2025,00159209,0.6548905349354621,0.6548905349354621,0.0,0.6548905349354621,132.0,132.0,0.43891961865486706,0.703133997373589,109.0,1.0,0.703133997373589,-0.1223181778405874,-0.9905131643939853,372.0,1.0,-0.24762829109849632,0.32942056536921743,-0.5696709390296271,330.0,1.0,0.19938482866036947,0
012630,2025,3,202503,HDC,00164636,CFS,CFS,13106262717523.0,5344105074681.0,7762157642842.0,1.452471000171219,0.8970960877885786,6926522559237.0,0.14121018674379027,0.06677470498481841,1,1,1,,609433723289.0,0.7177983343289274,0.5079812965201487,1,1,1,,412760864960.0,0.8522477615054331,0.5872911674553127,1,1,1,,200998125768.0,-1.5645710986900518,0.18996554256617326,1,1,1,,231852114302.0,-0.08221127018563879,0.2342296923052406,1,1,1,,13106262717523.0,0.01533603667956897,0.017690177535661253,0.08798552492639726,0.04649942828280029,41,20154,20254,0,0,200998125768.0,0.01533603667956897,2025-11-30,1818814468138.0,1822061044983.0,0.0017849961619909823,166411826097.0,196157870210.0,0.1787495805476066,649,True,passed,649,0,0,3,2025,00164636,0.6337330591673455,0.6337330591673455,0.0,0.6337330591673455,133.0,133.0,0.5079812965201487,0.7985599495378428,101.0,1.0,0.7985599495378428,0.06677470498481841,0.25174499676269335,164.0,1.0,0.06293624919067334,0.8970960877885786,0.6507518273176306,127.0,1.0,-0.2277631395611707,0
103590,2025,3,202503,일진전기,00683469,CFS,CFS,1361543541000.0,561075573000.0,800467968000.0,1.426666934937123,0.886518684091491,1901246366751.0,0.29962115429076164,0.07964057076709707,1,1,1,,129268490442.0,0.7887579924307135,0.48500865278967376,1,1,1,,,,,0,0,0,missing_ttm_yoy,125931012190.0,1.864643485460395,2.009161650972388,1,1,1,,42368687417.0,-0.26531941763023836,-2.4030260732346256,1,1,1,,1361543541000.0,0.0924913588128872,0.031118128903818876,0.06799144640202742,0.09494260488141083,41,20154,20254,0,0,125931012190.0,0.0924913588128872,2025-11-30,522820363000.0,450153532000.0,-0.1389900549837612,37606488000.0,35336328000.0,-0.06036617936777292,2830,True,passed,2830,0,0,3,2025,00683469,0.6310803812650196,0.6310803812650196,0.0,0.6310803812650196,134.0,134.0,0.48500865278967376,0.7668175061238987,104.0,1.0,0.7668175061238987,0.07964057076709707,0.3362681503027416,159.0,1.0,0.0840670375756854,0.886518684091491,0.6280118926701841,131.0,1.0,-0.2198041624345644,0
115180,2025,3,202503,큐리언트,01042650,CFS,CFS,57500015723.0,50693778759.0,6806236964.0,0.13426177985975535,0.12598202510179546,8275387137.0,-0.05448212585988943,-0.0660446285948918,1,1,1,,-28288595458.0,0.1722216188595458,0.20693292515840267,1,1,1,,-25607773279.0,0.11851841200550894,0.17584712788826062,1,1,1,,-23286287886.0,0.04810033721570517,0.12039287318545466,1,1,1,,3626954838.0,24.65281326066233,22.74749762873835,1,1,1,,57500015723.0,-0.40497880901770755,0.06307745819535869,-3.418401458406598,-0.49197543865513355,41,20154,20254,0,0,-23286287886.0,-0.40497880901770755,2025-11-30,1845892502.0,1687931449.0,-0.08557435106803418,-6764054716.0,-7012008511.0,-0.03665756789540435,70113,True,passed,70113,0,0,3,2025,01042650,0.579843706980001,0.579843706980001,0.0,0.579843706980001,135.0,135.0,0.20693292515840267,0.38258645493593324,140.0,1.0,0.38258645493593324,-0.0660446285948918,-0.6208203723481639,343.0,1.0,-0.15520509308704097,0.12598202510179546,-1.0070352718031679,429.0,1.0,0.35246234513110875,0
011780,2025,3,202503,금호석유화학,00106368,CFS,CFS,8428496420807.0,6234344876922.0,2194151543885.0,0.3519458078116925,0.30154489383791083,7132541555122.0,0.03912424224320166,-0.024746705794306045,1,1,1,,280243542059.0,-0.06433479699938116,0.24957386258342829,1,1,1,,350827646436.0,-0.07814852238611392,0.17328939851332759,1,1,1,,753436535478.0,3.3832418587446256,4.198735722576289,1,1,1,,244502229796.0,-0.5657697614302729,-0.6728907185258971,1,1,1,,8428496420807.0,0.0893915709115127,0.02900899728597022,0.03929083902185643,0.03324952969869893,41,20154,20254,0,0,753436535478.0,0.0893915709115127,2025-11-30,1773366505911.0,1643813977906.0,-0.07305457026123728,65229500384.0,84433916233.0,0.2944130452624256,201,True,passed,201,0,0,3,2025,00106368,0.5744877240187108,0.5744877240187108,0.0,0.5744877240187108,136.0,136.0,0.24957386258342829,0.4415055571172751,132.0,1.0,0.4415055571172751,-0.024746705794306045,-0.34951094561942136,315.0,1.0,-0.08737773640485534,0.30154489383791083,-0.6295997237322603,342.0,1.0,0.22035990330629107,0
267270,2025,3,202503,HD건설기계,01205842,CFS,CFS,3559331539000.0,1903137478000.0,1656194061000.0,0.8702440470777172,0.6260689288099405,3618408416000.0,0.035376274794308715,0.11871484125746234,1,1,1,,172761942000.0,-0.050717094510447036,0.23433088742615327,1,1,1,,66604140000.0,0.47837061810495896,1.1742459231104414,1,1,1,,215674500000.0,-0.3036654534979205,-1.4107438360318043,1,1,1,,132186042000.0,-0.34514445595175425,-1.1975233135825951,1,1,1,,3559331539000.0,0.06059410247031781,0.03713788405255945,0.04774528525748377,0.0485377493237221,35,20172,20254,0,0,215674500000.0,0.06059410247031781,2025-11-30,967707502000.0,954714428000.0,-0.013426654204030341,40043556000.0,55813781000.0,0.39382678701162305,291,True,passed,291,0,0,3,2025,01205842,0.5448573626556241,0.5448573626556241,0.0,0.5448573626556241,137.0,137.0,0.23433088742615327,0.42044358087863704,135.0,1.0,0.42044358087863704,0.11871484125746234,0.592969146567727,129.0,1.0,0.14824228664193176,0.6260689288099405,0.06808144247127074,216.0,1.0,-0.023828504864944755,0
030530,2025,3,202503,원익홀딩스,00216647,CFS,CFS,1925794588584.0,1284791469051.0,641003119533.0,0.49891607702413476,0.4047422315786276,679146563181.0,0.08578307296430876,0.19942192779890322,1,1,1,,13319540210.0,-0.5525600425540569,0.016909594214733037,1,1,1,,2767873126.0,-1.0540229040513367,1.8686520613097617,1,1,1,,77838045581.0,-0.2680287350835959,0.0968190990362896,1,1,1,,221208977712.0,-5.024624972784778,-2.987416397159623,1,1,1,,1925794588584.0,0.040418664608582594,0.1148663408980969,0.019612173471972937,0.006916386767808712,41,20154,20254,0,0,77838045581.0,0.040418664608582594,2025-11-30,157556525045.0,143396174625.0,-0.0898747317253642,-1860225279.0,-8067635742.0,-3.336913293822624,201,True,passed,201,0,0,3,2025,00216647,0.5435256657634322,0.5435256657634322,0.0,0.5435256657634322,138.0,138.0,0.016909594214733037,0.12002177580816706,173.0,1.0,0.12002177580816706,0.19942192779890322,1.1231796728510188,90.0,1.0,0.2807949182127547,0.4047422315786276,-0.4077399192643155,290.0,1.0,0.14270897174251043,0
051910,2025,3,202503,LG화학,00356361,CFS,CFS,98475116000000.0,46228488000000.0,52246628000000.0,1.130182496991898,0.7562076553899881,47071635000000.0,-0.05315711550542879,0.05856871967292543,1,1,1,,1342115000000.0,-0.05236204293801905,0.3749548329844249,1,1,1,,-303447000000.0,,,1,0,0,missing_ttm_yoy,9917337000000.0,0.6016717739046678,0.6079381128075987,1,1,1,,-14770078000000.0,0.014035704166497576,-0.21261931266610912,1,1,1,,98475116000000.0,0.10070906644070365,-0.14998792182179302,0.028512181486791355,0.013628976075539733,41,20154,20254,0,0,9917337000000.0,0.10070906644070365,2025-11-30,11367848000000.0,11196170000000.0,-0.015102066811590022,467479000000.0,679714000000.0,0.4539990031637785,20111,True,passed,20111,0,0,3,2025,00356361,0.542457974031066,0.542457974031066,0.0,0.542457974031066,139.0,139.0,0.3749548329844249,0.614750674433025,117.0,1.0,0.614750674433025,0.05856871967292543,0.19783523521210541,168.0,1.0,0.049458808803026354,0.7562076553899881,0.34786145487138664,176.0,1.0,-0.12175150920498531,0
047040,2025,3,202503,대우건설,00124540,CFS,CFS,13858278881615.0,4216428439411.0,9641850442204.0,2.286734040611605,1.189894378908217,8987593191451.0,-0.1548879976638312,-0.035400722605478885,1,1,1,,411321420403.0,0.14316446528504345,0.7103760732758369,1,1,1,,-23417563757.0,-1.069364651487393,-0.7138381884030186,1,1,1,,25476978804.0,-1.015216470970297,-2.034049807087516,1,1,1,,89552186188.0,0.018334230072825752,-1.6083134409661708,1,1,1,,13858278881615.0,0.0018383941484825274,0.006461999138060633,0.0457654693132138,0.02968055585522074,41,20154,20254,0,0,25476978804.0,0.0018383941484825274,2025-11-30,2273320646524.0,1990611305711.0,-0.12435964158653735,82191159199.0,56569569369.0,-0.311731700583093,41112,True,passed,41112,0,0,3,2025,00124540,0.5252635846040232,0.5252635846040232,0.0,0.5252635846040232,140.0,140.0,0.7103760732758369,1.0782188701140032,85.0,1.0,1.0782188701140032,-0.035400722605478885,-0.4195032115102542,319.0,1.0,-0.10487580287756355,1.189894378908217,1.2802270932354753,66.0,1.0,-0.4480794826324163,0
271560,2025,3,202503,오리온,01238169,CFS,CFS,4363398516607.0,3732623515630.0,630775000977.0,0.16898971951917752,0.1561398881990611,3269674987990.0,0.08594901798339905,0.08083189338568553,1,1,1,,550374095047.0,0.04981304708383183,-0.0013997122172304532,1,1,1,,537451593112.0,0.36864391954233366,0.46455987339248117,1,1,1,,569320048367.0,0.012237806580032817,-0.23288807433047953,1,1,1,,142011304816.0,0.15375521219589916,0.37504214969251115,1,1,1,,4363398516607.0,0.13047628957111762,0.03254603132753244,0.16832685116062163,0.12613427193328505,35,20172,20254,0,0,569320048367.0,0.13047628957111762,2025-11-30,777166026153.0,828921933912.0,0.06659569000358086,121451009117.0,137871938192.0,0.13520619708627432,108,True,passed,108,0,0,3,2025,01238169,0.5105165863167027,0.5105165863167027,0.0,0.5105165863167027,141.0,141.0,-0.0013997122172304532,0.09472289727316477,178.0,1.0,0.09472289727316477,0.08083189338568553,0.3440946227928697,158.0,1.0,0.08602365569821742,0.1561398881990611,-0.9422000952723443,415.0,1.0,0.32977003334532046,0
033780,2025,3,202503,케이티앤지,00244455,CFS,CFS,14779155000000.0,9167995000000.0,5611160000000.0,0.6120378556052878,0.4774991274348096,6422317000000.0,0.10847802861392153,0.11432961439777256,1,1,1,,1313232000000.0,0.11833026245573053,0.11533473962337704,1,1,1,,1145301000000.0,0.2020714693107708,-0.06929706917224876,1,1,1,,571126000000.0,-0.5555429174898621,-0.7965425741362251,1,1,1,,797911000000.0,0.11482496856114044,-0.48710874941716953,1,1,1,,14779155000000.0,0.038644022611576914,0.05398894591740867,0.2044794736852759,0.08885704223279342,41,20154,20254,0,0,571126000000.0,0.038644022611576914,2025-11-30,1547903000000.0,1826896000000.0,0.1802393302422697,349882000000.0,465289000000.0,0.32984549076545805,12000,True,passed,12000,0,0,3,2025,00244455,0.48502369625374264,0.48502369625374264,0.0,0.48502369625374264,142.0,142.0,0.11533473962337704,0.2560206902256036,159.0,1.0,0.2560206902256036,0.11432961439777256,0.5641601095824323,134.0,1.0,0.1410400273956081,0.4774991274348096,-0.25132279609294567,269.0,1.0,0.08796297863253098,0
034230,2025,3,202503,파라다이스,00171265,CFS,CFS,3963452920394.0,2188051334295.0,1775401586099.0,0.8114076476505714,0.5941042489055077,1121842837561.0,0.07036604406204283,-0.03803601425543346,1,1,1,,159076116024.0,0.21112124716726854,0.3312377470753447,1,1,1,,145368986681.0,1.2704926770350289,1.5490843354330703,1,1,1,,218874038976.0,0.37520531907134846,0.8401800431476955,1,1,1,,85572336427.0,0.949226703602347,1.260619745409414,1,1,1,,3963452920394.0,0.05522307022994539,0.02159035016833085,0.14179893180924308,0.0401357400274573,41,20154,20254,0,0,218874038976.0,0.05522307022994539,2025-11-30,284461115698.0,288247272465.0,0.013309927290799203,42851813099.0,39511532076.0,-0.07794958442675438,91249,True,passed,91249,0,0,3,2025,00171265,0.44536396886220925,0.44536396886220925,0.0,0.44536396886220925,143.0,143.0,0.3312377470753447,0.5543446044145949,122.0,1.0,0.5543446044145949,-0.03803601425543346,-0.4368159337569547,322.0,1.0,-0.10920398343923868,0.5941042489055077,-0.0006381368195800143,230.0,1.0,0.00022334788685300498,0
086900,2025,3,202503,메디톡스,00580199,CFS,CFS,586911334852.0,467654166007.0,119257168845.0,0.25501145400512676,0.22714469923941133,241796809780.0,0.0014366705181831918,-0.17415517289045623,1,1,1,,21639393949.0,-0.008801208834565588,0.29117006438220305,1,1,1,,21144086038.0,0.8385895956884035,0.8422718317166453,1,1,1,,61295957023.0,2.058313451808453,2.1378179882933925,1,1,1,,25479743891.0,-0.012777194458714947,0.18650326510296422,1,1,1,,586911334852.0,0.1044381891831359,0.043413276210494664,0.08949412512385381,0.03686995405269648,41,20154,20254,0,0,61295957023.0,0.1044381891831359,2025-11-30,61647431417.0,61016714571.0,-0.010231032039821085,6317419023.0,8898799758.0,0.40861318927902307,211,True,passed,211,0,0,3,2025,00580199,0.4425585639484458,0.4425585639484458,0.0,0.4425585639484458,144.0,144.0,0.29117006438220305,0.4989810961681442,128.0,1.0,0.4989810961681442,-0.17415517289045623,-1.331059721135602,386.0,1.0,-0.3327649302839005,0.22714469923941133,-0.7895497087548631,382.0,1.0,0.2763423980642021,0
028300,2025,3,202503,HLB,00199252,CFS,CFS,703479837403.0,452863976729.0,250615860674.0,0.5534020667401681,0.440447407464845,80732496554.0,0.5548729424944898,0.7716537336211639,1,1,1,,-100562023331.0,-0.20850766308027913,-0.3775686536798999,1,1,1,,-235808087612.0,0.1704511227126737,-0.4391724357611866,1,1,1,,-81243781833.0,-0.31041865742634034,-0.5270229449679245,1,1,1,,25673680390.0,0.3173602631441339,-2.1243191221429654,1,1,1,,703479837403.0,-0.115488429821846,0.0364952611645249,-1.245620135923042,-0.14294940378425003,40,20154,20253,0,0,-81243781833.0,-0.115488429821846,2025-11-30,15732443379.0,22111389951.0,0.4054644544606945,-23061473106.0,-23028026210.0,0.001450336491787161,213,True,passed,213,0,0,3,2025,00199252,0.4407941573763928,0.4407941573763928,0.0,0.4407941573763928,145.0,145.0,-0.3775686536798999,-0.42504842197739706,322.0,1.0,-0.42504842197739706,0.7716537336211639,3.0,1.0,1.0,0.75,0.440447407464845,-0.33097879815368536,279.0,1.0,0.11584257935378987,0
014620,2025,3,202503,성광벤드,00132318,CFS,CFS,580776308357.0,539834025009.0,40942283348.0,0.07584235422603719,0.07310394006347153,244599409469.0,0.05059099492538799,0.1467194222310132,1,1,1,,37166890457.0,-0.1777364393763673,-0.18469625966326053,1,1,1,,33908020098.0,-0.12888585657013296,-0.3239297483619856,1,1,1,,11091269111.0,-0.6956296891894487,-0.344216228125244,1,1,1,,5596932255.0,0.49253548210455067,-0.23969483609441622,1,1,1,,580776308357.0,0.019097316731766987,0.009636984454192985,0.15195004165253495,0.06399519044112542,41,20154,20254,0,0,11091269111.0,0.019097316731766987,2025-11-30,58108547980.0,64561382389.0,0.11104793758090391,10770220498.0,11730562117.0,0.08916638421454164,24133,True,passed,24133,0,0,3,2025,00132318,0.4279402298833591,0.4279402298833591,0.0,0.4279402298833591,146.0,146.0,-0.18469625966326053,-0.15854705082421414,291.0,1.0,-0.15854705082421414,0.1467194222310132,0.7769470876956757,112.0,1.0,0.19423677192391892,0.07310394006347153,-1.1207157393818696,448.0,1.0,0.39225050878365436,0
004370,2025,3,202503,농심,00108241,CFS,CFS,3725550773568.0,2769846595581.0,955704177987.0,0.3450386673080473,0.29642276156847613,3487023804169.0,0.013562734702181167,-0.0050766575685683435,1,1,1,,170990536973.0,-0.05842639319640086,0.11394832781625164,1,1,1,,163921289174.0,0.056366690859965596,0.17452617704041906,1,1,1,,266328850800.0,-0.06717557430170529,-0.21969100429646904,1,1,1,,56268668987.0,-0.6142214596042337,-2.353217295017971,1,1,1,,3725550773568.0,0.07148710807796453,0.015103449773444072,0.049036240236894256,0.04589671363121446,41,20154,20254,0,0,266328850800.0,0.07148710807796453,2025-11-30,867725185755.0,871156324854.0,0.003954177146551988,40152228653.0,54375550192.0,0.3542349208538215,108,True,passed,108,0,0,3,2025,00108241,0.4232472558495709,0.4232472558495709,0.0,0.4232472558495709,147.0,147.0,0.11394832781625164,0.2541050161372216,160.0,1.0,0.2541050161372216,-0.0050766575685683435,-0.22028726689783876,300.0,1.0,-0.05507181672445969,0.29642276156847613,-0.6406115898194544,347.0,1.0,0.22421405643680903,0
030190,2025,3,202503,NICE평가정보,00158325,CFS,CFS,620045126239.0,454339380938.0,165705745301.0,0.3647179889158948,0.3109478057650706,591270240711.0,0.1592529608211577,0.09886018058235013,1,1,1,,102194256407.0,0.27503002336582516,-0.004079936222513458,1,1,1,,85723148329.0,0.26992631347083806,-0.03482609022301575,1,1,1,,122537501134.0,0.735851343336311,0.7519294230192964,1,1,1,,12620271944.0,-0.20779515894722622,-0.28807840537423357,1,1,1,,620045126239.0,0.1976267467454735,0.020353795893132208,0.17283849138781587,0.1648174497022151,41,20154,20254,0,0,122537501134.0,0.1976267467454735,2025-11-30,151339188668.0,151051453251.0,-0.001901261791691106,27572907291.0,26996663921.0,-0.020898897744747073,63991,True,passed,63991,0,0,3,2025,00158325,0.419937333215289,0.419937333215289,0.0,0.419937333215289,148.0,148.0,-0.004079936222513458,0.09101949857763152,179.0,1.0,0.09101949857763152,0.09886018058235013,0.4625326441879512,142.0,1.0,0.1156331610469878,0.3109478057650706,-0.6093847816876277,337.0,1.0,0.21328467359066966,0
012750,2025,3,202503,에스원,00158501,CFS,CFS,2379471923715.0,1711123750320.0,668348173395.0,0.39059020323340793,0.32972826366544883,2869015992536.0,0.04888203832868365,-0.02091135513771003,1,1,1,,226604441375.0,0.11394219766722768,0.1369242883932832,1,1,1,,180788511572.0,-0.0787495534396988,-0.30752341982552933,1,1,1,,366352662421.0,-0.1815318593233014,-0.7974245706329052,1,1,1,,189863970682.0,0.1814765339702007,0.06110835743347942,1,1,1,,2379471923715.0,0.15396385171421745,0.07979248201658581,0.0789833315549762,0.09523308054890142,41,20154,20254,0,0,366352662421.0,0.15396385171421745,2025-11-30,732658198965.0,698739622181.0,-0.046295225839164234,61557254879.0,62125428956.0,0.009230009982037555,75320,True,passed,75320,0,0,3,2025,00158501,0.40392675424632724,0.40392675424632724,0.0,0.40392675424632724,149.0,149.0,0.1369242883932832,0.28585204260287606,155.0,1.0,0.28585204260287606,-0.02091135513771003,-0.32431435660526364,310.0,1.0,-0.08107858915131591,0.32972826366544883,-0.5690094308421917,328.0,1.0,0.1991533007947671,0
195870,2025,3,202503,해성디에스,01032413,CFS,CFS,884498855917.0,556974947568.0,327523908349.0,0.5880406466738134,0.4625009586395682,618645728059.0,0.026050800697046794,0.1958796900063441,1,1,1,,30962797625.0,-0.5374507147079304,-0.04931613993688022,1,1,1,,26465291201.0,-0.5359696803201932,-0.12878896792594752,1,1,1,,64012125868.0,-0.23097946497597532,0.2962329645087223,1,1,1,,150439625739.0,0.10460923757159346,-0.23776287541660102,1,1,1,,884498855917.0,0.07237106689260296,0.17008459053690062,0.050049319377256075,0.035006034680394774,39,20162,20254,0,0,64012125868.0,0.07237106689260296,2025-11-30,157382615237.0,178588544592.0,0.13474124396183357,8228054891.0,16112702890.0,0.958263903614009,262,True,passed,262,0,0,3,2025,01032413,0.4027399295468377,0.4027399295468377,0.0,0.4027399295468377,150.0,150.0,-0.04931613993688022,0.028514387998647348,192.0,1.0,0.028514387998647348,0.1958796900063441,1.099908708122922,91.0,1.0,0.2749771770307305,0.4625009586395682,-0.28356675576417095,274.0,1.0,0.09924836451745983,0
476060,2025,3,202503,온코닉테라퓨틱스,01632912,CFS,OFS,73881112668.0,68881262511.0,4999850157.0,0.07258650574532585,0.07007302660495024,52653148042.0,,,1,0,0,missing_ttm_yoy,6210009265.0,,,1,0,0,missing_ttm_yoy,3032301773.0,,,1,0,0,missing_ttm_yoy,1678751759.0,,,1,0,0,missing_ttm_yoy,339828900.0,,,1,0,0,missing_ttm_yoy,73881112668.0,0.022722339964529457,0.004599672199403536,0.11794184195874562,0.08405408420019277,5,20244,20254,0,0,1678751759.0,0.022722339964529457,2025-11-30,9432339215.0,19213092475.0,1.0369382437440255,1112888260.0,8316598246.0,6.472985873712065,701,True,passed,701,0,0,3,2025,01632912,0.39453112239923716,0.39453112239923716,0.0,0.39453112239923716,151.0,151.0,,0.0,195.0,1.0,0.0,,0.0,194.0,1.0,0.0,0.07007302660495024,-1.1272317782835348,451.0,1.0,0.39453112239923716,0
383220,2025,3,202503,F&F,01568413,CFS,CFS,2500661965379.0,1750499658319.0,750162307060.0,0.4285418186144514,0.35665421675404174,1905288625671.0,-0.013958967371400233,-0.0026556172070425488,1,1,1,,456086374327.0,-0.03855239345038575,0.12141326325917301,1,1,1,,351788955996.0,0.005847497423658421,0.2962332733769545,1,1,1,,366079629518.0,-0.2140115047611174,-0.3582548090319627,1,1,1,,290690564437.0,0.17756104573658438,-2.8249297311401422,1,1,1,,2500661965379.0,0.14639308894455755,0.11624544559062103,0.23937915136945542,0.1823862563758695,19,20212,20254,0,0,366079629518.0,0.14639308894455755,2025-11-30,378870814153.0,474257191766.0,0.2517649131307326,84029901879.0,128019678069.0,0.5235014584849055,14111,True,passed,14111,0,0,3,2025,01568413,0.3922170104002899,0.3922170104002899,0.0,0.3922170104002899,152.0,152.0,0.12141326325917301,0.2644196883911311,157.0,1.0,0.2644196883911311,-0.0026556172070425488,-0.20438208261667212,295.0,1.0,-0.05109552065416803,0.35665421675404174,-0.5111224076095051,314.0,1.0,0.17889284266332678,0
003550,2025,3,202503,LG,00120021,CFS,CFS,32235897000000.0,29175853000000.0,3060044000000.0,0.10488276041149508,0.09973923016568294,7513489000000.0,0.01162205793054416,-0.0020371201767748204,1,1,1,,1091964000000.0,-0.17792737516807122,-0.022464674708196908,1,1,1,,914853000000.0,-0.21584790319179759,-0.19937455383556568,1,1,1,,1054579000000.0,-0.18207208395057894,-0.5909557229009943,1,1,1,,162038000000.0,-0.5120924518530117,2.9143028196760703,1,1,1,,32235897000000.0,0.032714430127382524,0.005026632266507118,0.1453338122941286,0.033874162087067096,41,20154,20254,0,0,1054579000000.0,0.032714430127382524,2025-11-30,1797748000000.0,1996180000000.0,0.11037809526140482,276889000000.0,418941000000.0,0.5130286865855993,64992,True,passed,64992,0,0,3,2025,00120021,0.3877454457095977,0.3877454457095977,0.0,0.3877454457095977,153.0,153.0,-0.022464674708196908,0.06561639182558571,183.0,1.0,0.06561639182558571,-0.0020371201767748204,-0.20031882559704817,293.0,1.0,-0.05007970639926204,0.09973923016568294,-1.0634536008093542,437.0,1.0,0.372208760283274,0
086280,2025,3,202503,현대글로비스,00360595,CFS,CFS,17525086722300.0,9844632069862.0,7680454652438.0,0.7801667546266828,0.5767070422906151,29382317241443.0,0.06315630656945581,-0.0007246326062355646,1,1,1,,2024492397472.0,0.2316025310985257,0.2347814091067456,1,1,1,,1390853114296.0,0.11032218132222105,0.048669368799167056,1,1,1,,2368351529948.0,0.11120578821465621,,1,1,0,missing_prev_yoy,560201733671.0,-0.4087862489886226,-3.035231980932248,1,1,1,,17525086722300.0,0.13514064537748413,0.03196570393903756,0.0689017268732129,0.11551967927758731,41,20154,20254,0,0,2368351529948.0,0.13514064537748413,2025-11-30,7515967179642.0,7355054260527.0,-0.021409476022041997,538878486559.0,523988453875.0,-0.027631521865124114,5299,True,passed,5299,0,0,3,2025,00360595,0.38645589306330164,0.38645589306330164,0.0,0.38645589306330164,154.0,154.0,0.2347814091067456,0.4210660890723277,134.0,1.0,0.4210660890723277,-0.0007246326062355646,-0.19169635196632712,291.0,1.0,-0.04792408799158178,0.5767070422906151,-0.03803969137873066,236.0,1.0,0.013313891982555729,0
251970,2025,3,202503,펌텍코리아,00761059,CFS,CFS,458466245228.0,351418403665.0,107047841563.0,0.3046164926098934,0.2659091221901034,384697657635.0,0.20093464072576261,0.007431324900970981,1,1,1,,61190860842.0,0.4035554280815572,0.05568509854175563,1,1,1,,50381821512.0,0.5948855805735136,0.30768188441948974,1,1,1,,66236202261.0,0.3587772049896998,0.17883505175685954,1,1,1,,50838519162.0,0.24222629494136938,-0.21011516691792997,1,1,1,,458466245228.0,0.14447345459001035,0.11088824900667983,0.1590622132148715,0.13346862823362088,27,20192,20254,0,0,66236202261.0,0.14447345459001035,2025-11-30,105420763329.0,97671578789.0,-0.07350719436375293,19427710096.0,15324530765.0,-0.21120241710034626,22232,True,passed,22232,0,0,3,2025,00761059,0.3862450765621842,0.3862450765621842,0.0,0.3862450765621842,155.0,155.0,0.05568509854175563,0.17359981699438365,168.0,1.0,0.17359981699438365,0.007431324900970981,-0.13811525137710312,281.0,1.0,-0.03452881284427578,0.2659091221901034,-0.7062116354630752,362.0,1.0,0.2471740724120763,0
475960,2025,3,202503,토모큐브,01573336,CFS,CFS,41037291066.0,37603221801.0,3434069265.0,0.09132380419883798,0.08739145859839782,12256331582.0,,,1,0,0,missing_ttm_yoy,-14746950827.0,,,1,0,0,missing_ttm_yoy,-13755567249.0,,,1,0,0,missing_ttm_yoy,-11449222974.0,,,1,0,0,missing_ttm_yoy,1636615778.0,,,1,0,0,missing_ttm_yoy,41037291066.0,-0.27899558368963223,0.039881184539394716,-1.2032108244083242,-0.3593548804983881,5,20244,20254,0,0,-11449222974.0,-0.27899558368963223,2025-11-30,3142522516.0,2522235196.0,-0.19738516330172254,-1126348661.0,-1829261516.0,-0.6240632934884804,27309,True,passed,27309,0,0,3,2025,01573336,0.3814998523397908,0.3814998523397908,0.0,0.3814998523397908,156.0,156.0,,0.0,195.0,1.0,0.0,,0.0,194.0,1.0,0.0,0.08739145859839782,-1.089999578113688,445.0,1.0,0.3814998523397908,0
402340,2025,3,202503,SK스퀘어,01596425,CFS,CFS,27254204000000.0,24866011000000.0,2388193000000.0,0.09604246535562137,0.0917059335376544,1699556000000.0,-0.5499786581200292,,1,1,0,missing_prev_yoy,7350936000000.0,2.9624056016429763,,1,1,0,missing_prev_yoy,7001020000000.0,3.225625165605284,,1,1,0,missing_prev_yoy,391246000000.0,1.3235619009157746,,1,1,0,missing_prev_yoy,46191000000.0,-0.23583032789597325,,1,1,0,missing_prev_yoy,27254204000000.0,0.014355436687859238,0.001694821099893433,4.32520964298911,0.2697175085355639,10,20233,20254,0,0,391246000000.0,0.014355436687859238,2025-11-30,406594000000.0,407889000000.0,0.0031849953516284056,1401104000000.0,2645508000000.0,0.8881596226975299,64992,True,passed,64992,0,0,3,2025,01596425,0.3782534217091517,0.3782534217091517,0.0,0.3782534217091517,157.0,157.0,,0.0,195.0,1.0,0.0,,0.0,194.0,1.0,0.0,0.0917059335376544,-1.0807240620261478,444.0,1.0,0.3782534217091517,0
454910,2025,3,202503,두산로보틱스,01105153,CFS,CFS,399953431394.0,364477345592.0,35476085802.0,0.0973341312733119,0.09288372130924873,31466995175.0,-0.3973646320605314,,1,1,0,missing_prev_yoy,-59879898137.0,1.182044484965823,,1,1,0,missing_prev_yoy,-61968214490.0,3.5839964721836752,,1,1,0,missing_prev_yoy,-27653742544.0,-0.33483484593682833,,1,1,0,missing_prev_yoy,13065411010.0,0.5873498947195146,,1,1,0,missing_prev_yoy,399953431394.0,-0.06914240602366002,0.0326673307051317,-1.902942998020147,-0.14971717564290987,10,20233,20254,0,0,-27653742544.0,-0.06914240602366002,2025-11-30,4532272039.0,10164933789.0,1.242789863788227,-15650237991.0,-15265456197.0,0.02458632221575652,2928,True,passed,2928,0,0,3,2025,01105153,0.37736719421868575,0.37736719421868575,0.0,0.37736719421868575,158.0,158.0,,0.0,195.0,1.0,0.0,,0.0,194.0,1.0,0.0,0.09288372130924873,-1.0781919834819593,443.0,1.0,0.37736719421868575,0
310210,2025,3,202503,보로노이,01327746,CFS,CFS,99558001410.0,53207112421.0,46350888989.0,0.8711408471530968,0.6265483235356409,7490250000.0,,,1,0,0,missing_ttm_yoy,-48801483753.0,0.39061871504465295,0.21313077788816703,1,1,1,,-47262617276.0,0.21564441117475042,-0.038866470541714104,1,1,1,,-45007098715.0,0.5197531961002797,0.3816945243580496,1,1,1,,2140343830.0,1.9912092587662444,2.360774758325121,1,1,1,,99558001410.0,-0.4520691263141338,0.021498461195355166,-6.515334435165715,-0.4901814325503142,15,20222,20254,0,0,-45007098715.0,-0.4520691263141338,2025-11-30,3350250000.0,4140000000.0,0.23572867696440564,-10161278152.0,-13563158292.0,-0.334788605243566,701,True,passed,701,0,0,3,2025,01327746,0.3669611101737814,0.3669611101737814,0.0,0.3669611101737814,159.0,159.0,0.21313077788816703,0.3911503360403758,138.0,1.0,0.3911503360403758,,0.0,194.0,1.0,0.0,0.6265483235356409,0.06911207390455533,215.0,1.0,-0.024189225866594364,0
192650,2025,3,202503,드림텍,00415646,CFS,CFS,891168745527.0,475316921644.0,415851823883.0,0.8748937917982693,0.6285520134437647,1247551752420.0,0.10571590647885154,0.07075931694965454,1,1,1,,30985436508.0,0.05868408727932395,0.16356462101418068,1,1,1,,4626712050.0,-0.7283806852626047,-1.0866792429566645,1,1,1,,72901226921.0,3.618889865065575,4.502495153420071,1,1,1,,-28435560030.0,-0.32557368058228675,1.7329314877111912,1,1,1,,891168745527.0,0.08180406605023974,-0.031908165734856865,0.0248369948965199,0.03476943807053793,29,20184,20254,0,0,72901226921.0,0.08180406605023974,2025-11-30,291394805606.0,322527326934.0,0.10683965784240788,8824592378.0,10554892907.0,0.19607710530785494,2629,True,passed,2629,0,0,3,2025,00415646,0.3664459517813027,0.3664459517813027,0.0,0.3664459517813027,160.0,160.0,0.16356462101418068,0.3226623140138979,152.0,1.0,0.3226623140138979,0.07075931694965454,0.2779221677825599,162.0,1.0,0.06948054194563998,0.6285520134437647,0.07341972622352913,214.0,1.0,-0.025696904178235194,0
124500,2025,3,202503,아이티센글로벌,00620868,CFS,CFS,1252431121939.0,401845945234.0,850585176705.0,2.1166946855957285,1.1367730446227908,6137009668209.0,0.40745440291820234,-0.2062246391362117,1,1,1,,147932063781.0,1.6407551436081533,0.7612374561941733,1,1,1,,103440072597.0,6.512613273157374,7.076296566547201,1,1,1,,195589008615.0,-5.1252828697748605,-3.0305501469490714,1,1,1,,81469794739.0,3.146700728966711,2.464770710506111,1,1,1,,1252431121939.0,0.15616747714811754,0.0650493215250587,0.024104909683834976,0.11811592764636288,41,20154,20254,0,0,195589008615.0,0.15616747714811754,2025-11-30,1266741725652.0,1727252178995.0,0.36353934193331505,21567081546.0,64466896331.0,1.9891339815032385,62021,True,passed,62021,0,0,3,2025,00620868,0.3549527359514902,0.3549527359514902,0.0,0.3549527359514902,161.0,161.0,0.7612374561941733,1.1484965703291743,84.0,1.0,1.1484965703291743,-0.2062246391362117,-1.5417421940688232,393.0,1.0,-0.3854355485172058,1.1367730446227908,1.1660236738870808,71.0,1.0,-0.40810828586047826,0
071970,2025,3,202503,HD현대마린엔진,00406046,CFS,CFS,665007396757.0,375666595051.0,289340801706.0,0.7702063625506002,0.5710961288014057,379974505263.0,0.24129352303532037,-0.19331962526644264,1,1,1,,57157465472.0,0.9091626940645376,0.4338099461454923,1,1,1,,103184641180.0,0.9990511904931574,-4.255501962938014,1,1,1,,144665987598.0,1.1889506942386752,16.058312410611332,1,1,1,,13455417895.0,3.5871635074080004,4.188871676117923,1,1,1,,665007396757.0,0.2175404188035856,0.020233486064391456,0.1504244750116547,0.08595011987947238,41,20154,20254,0,0,144665987598.0,0.2175404188035856,2025-11-30,99233105518.0,109168868171.0,0.10012548333678564,17462405744.0,20288215799.0,0.16182249435882767,29119,True,passed,29119,0,0,3,2025,00406046,0.3493690742983127,0.3493690742983127,0.0,0.3493690742983127,162.0,162.0,0.4338099461454923,0.6960737089542176,112.0,1.0,0.6960737089542176,-0.19331962526644264,-1.4569618545868612,390.0,1.0,-0.3642404636467153,0.5710961288014057,-0.05010236854517266,237.0,1.0,0.01753582899081043,0
455900,2025,3,202503,엔젤로보틱스,01592049,CFS,OFS,39516849164.0,34692378246.0,4824470918.0,0.1390642891009139,0.13020712633215,4216577906.0,-0.5044321618500386,,1,1,0,missing_prev_yoy,-11044574349.0,-0.19968572650827143,,1,1,0,missing_prev_yoy,-10436659705.0,-0.3434224599562953,,1,1,0,missing_prev_yoy,-6828427816.0,-0.3415660562480557,,1,1,0,missing_prev_yoy,913885050.0,-0.7095031208061956,,1,1,0,missing_prev_yoy,39516849164.0,-0.17279788142169805,0.023126465528849723,-2.619321780651573,-0.2794902575142972,9,20234,20254,0,0,-6828427816.0,-0.17279788142169805,2025-11-30,1490249387.0,805939232.0,-0.45919170373059176,-2176596654.0,-2840429627.0,-0.3049866734748734,29280,True,passed,29280,0,0,3,2025,01592049,0.3492831638298176,0.3492831638298176,0.0,0.3492831638298176,163.0,163.0,,0.0,195.0,1.0,0.0,,0.0,194.0,1.0,0.0,0.13020712633215,-0.9979518966566219,427.0,1.0,0.3492831638298176,0
062040,2025,3,202503,산일전기,00366438,CFS,CFS,614778226246.0,538136616080.0,76641610166.0,0.14242035920968882,0.13314913388143548,468203790700.0,,,1,0,0,missing_ttm_yoy,159962256767.0,,,1,0,0,missing_ttm_yoy,132956551239.0,,,1,0,0,missing_ttm_yoy,48775985625.0,,,1,0,0,missing_ttm_yoy,-21271016419.0,,,1,0,0,missing_ttm_yoy,614778226246.0,0.07933915604467516,-0.03459949541298251,0.34165092197960284,0.2601950588650028,6,20243,20254,0,0,48775985625.0,0.07933915604467516,2025-11-30,128255019954.0,132734594216.0,0.03492708717059688,46190173936.0,42561373003.0,-0.07856218376722243,28112,True,passed,28112,0,0,3,2025,00366438,0.3470694475472943,0.3470694475472943,0.0,0.3470694475472943,164.0,164.0,,0.0,195.0,1.0,0.0,,0.0,194.0,1.0,0.0,0.13314913388143548,-0.9916269929922694,426.0,1.0,0.3470694475472943,0
214370,2025,3,202503,케어젠,00549891,CFS,CFS,233972199690.0,215479965813.0,18492233877.0,0.08581880829259142,0.0823343643990443,77856116473.0,-0.010318108565546602,0.017332227006521594,1,1,1,,33605330303.0,-0.12620986841476411,-0.09179527257279674,1,1,1,,28446760232.0,-0.20519651543963457,-0.16392023478974327,1,1,1,,15077739421.0,-0.2140181792549709,1.384839859188378,1,1,1,,4159336003.0,-0.9435142263226548,-22.749928780635862,1,1,1,,233972199690.0,0.0644424399179781,0.017777052181886934,0.4316337858266295,0.14362958653859378,41,20154,20254,0,0,15077739421.0,0.0644424399179781,2025-11-30,18118191913.0,17087883245.0,-0.05686597608344916,7442036583.0,9865009029.0,0.325579217325382,211,True,passed,211,0,0,3,2025,00549891,0.3368562714997027,0.3368562714997027,0.0,0.3368562714997027,165.0,165.0,-0.09179527257279674,-0.03018114046507368,269.0,1.0,-0.03018114046507368,0.017332227006521594,-0.07307062219986431,274.0,1.0,-0.018267655549966077,0.0823343643990443,-1.1008716214706928,446.0,1.0,0.38530506751474247,0
456160,2025,3,202503,지투지바이오,01577952,CFS,OFS,67185016325.0,57988546663.0,9196469662.0,0.1585911389613748,0.14720473159432576,217876123.0,,,1,0,0,missing_ttm_yoy,-12516341952.0,,,1,0,0,missing_ttm_yoy,-12498992958.0,,,1,0,0,missing_ttm_yoy,-12892475295.0,,,1,0,0,missing_ttm_yoy,182623596.0,,,1,0,0,missing_ttm_yoy,67185016325.0,-0.19189509804736957,0.002718219120712553,-57.447056518441904,-0.18629662738271277,6,20243,20254,0,0,-12892475295.0,-0.19189509804736957,2025-11-30,153428071.0,58461532.0,-0.6189645635315326,-2745344220.0,-3565046327.0,-0.29857899094343804,21212,True,passed,21212,0,0,3,2025,01577952,0.33649330013897744,0.33649330013897744,0.0,0.33649330013897744,166.0,166.0,,0.0,195.0,1.0,0.0,,0.0,194.0,1.0,0.0,0.14720473159432576,-0.961409428968507,420.0,1.0,0.33649330013897744,0
368770,2025,3,202503,파이버프로,01513440,CFS,CFS,58580171195.0,42931289367.0,15648881828.0,0.3645099427185811,0.31079534785175,40924514070.0,0.45516935924388546,0.11631759188701296,1,1,1,,9676612559.0,0.663715649976836,-0.08550839199508653,1,1,1,,9086728675.0,0.7038969302488987,-0.05777476109672608,1,1,1,,4048211923.0,-0.1728708428180804,9.495924127356556,1,1,1,,3795004407.0,2.778255024650223,3.6236826034279304,1,1,1,,58580171195.0,0.06910549833533992,0.06478308836563994,0.2364502738492748,0.1651858019804819,16,20221,20254,0,0,4048211923.0,0.06910549833533992,2025-11-30,10369767108.0,13758942678.0,0.3268323709396849,2075369607.0,3825440826.0,0.8432576120885633,27219,True,passed,27219,0,0,3,2025,01513440,0.3362102102212381,0.3362102102212381,0.0,0.3362102102212381,167.0,167.0,-0.08550839199508653,-0.021494245159094635,267.0,1.0,-0.021494245159094635,0.11631759188701296,0.577220258771045,130.0,1.0,0.14430506469276125,0.31079534785175,-0.6097125448216328,338.0,1.0,0.2133993906875715,0
420770,2025,3,202503,기가비스,00765569,CFS,CFS,231208183974.0,198722352460.0,32485831514.0,0.16347346492156153,0.15140989724450163,27595596052.0,-0.31369297529747975,,1,1,0,missing_prev_yoy,36607823.0,-0.9949151444889494,,1,1,0,missing_prev_yoy,4081027896.0,-0.5399747980190418,,1,1,0,missing_prev_yoy,11189304033.0,-0.2754874114966862,,1,1,0,missing_prev_yoy,34064023157.0,6.05737359126987,,1,1,0,missing_prev_yoy,231208183974.0,0.04839493066672012,0.14733052512029848,0.0013265820724081383,0.0001583327301429635,11,20232,20254,0,0,11189304033.0,0.04839493066672012,2025-11-30,8893890020.0,7225894009.0,-0.18754403385347912,2033681704.0,866413774.0,-0.5739678572630754,292,True,passed,292,0,0,3,2025,00765569,0.3333291193833015,0.3333291193833015,0.0,0.3333291193833015,168.0,168.0,,0.0,195.0,1.0,0.0,,0.0,194.0,1.0,0.0,0.15140989724450163,-0.9523689125237187,418.0,1.0,0.3333291193833015,0
003380,2025,3,202503,하림지주,00148364,CFS,CFS,16784312000000.0,6105451000000.0,10678861000000.0,1.7490699704247892,1.011262661905671,13228038000000.0,0.1278309124991286,0.18116124127477873,1,1,1,,845460000000.0,0.24724715066851144,0.2120725644483914,1,1,1,,316539000000.0,-0.016901561407617116,0.3472963989164216,1,1,1,,1137156000000.0,0.19957430262162745,-0.04139191984749013,1,1,1,,468537000000.0,-0.304949303379615,-0.5041733476957094,1,1,1,,16784312000000.0,0.0677511237874987,0.027915174598756268,0.06391424034312572,0.05037203788871417,34,20172,20253,0,0,1137156000000.0,0.0677511237874987,2025-11-30,3310850000000.0,3306008000000.0,-0.0014624643218508842,238893000000.0,255172000000.0,0.06814347846106834,64992,True,passed,64992,0,0,3,2025,00148364,0.3268239890221033,0.3268239890221033,0.0,0.3268239890221033,169.0,169.0,0.2120725644483914,0.3896881499452076,139.0,1.0,0.3896881499452076,0.18116124127477873,1.0032148887514365,97.0,1.0,0.2508037221878591,1.011262661905671,0.8961939517456101,96.0,1.0,-0.3136678831109635,0
445680,2025,3,202503,큐리옥스바이오시스템즈,01498974,CFS,CFS,64603906034.0,53752533215.0,10851372819.0,0.201876491580342,0.18388407840462334,4258163242.0,-0.286345276366219,,1,1,0,missing_prev_yoy,-13290574969.0,0.08946991801801296,,1,1,0,missing_prev_yoy,-23247447829.0,0.8789104010523947,,1,1,0,missing_prev_yoy,-10110799562.0,-0.007884612969662474,,1,1,0,missing_prev_yoy,255491829.0,4.18359656735518,,1,1,0,missing_prev_yoy,64603906034.0,-0.15650446207817292,0.00395474274985074,-3.121199027296474,-0.20572401554180614,9,20233,20253,0,0,-10110799562.0,-0.15650446207817292,2025-11-30,995664876.0,1384684123.0,0.39071303646147704,-3957528920.0,-2680281363.0,0.3227386540487997,271,True,passed,271,0,0,3,2025,01498974,0.3088938919437132,0.3088938919437132,0.0,0.3088938919437132,170.0,170.0,,0.0,195.0,1.0,0.0,,0.0,194.0,1.0,0.0,0.18388407840462334,-0.8825539769820377,404.0,1.0,0.3088938919437132,0
101490,2025,3,202503,에스앤에스텍,00411048,CFS,CFS,403056630479.0,281214562982.0,121842067497.0,0.43327083137155625,0.3599591270607924,225363971176.0,0.31654271859415095,0.1123567709405,1,1,1,,41081403530.0,0.2997516069707342,-0.07442610091121482,1,1,1,,41302983661.0,0.3999602638088009,0.16907163799296687,1,1,1,,40077468006.0,0.0872731289076143,-0.5719897916631003,1,1,1,,32529704815.0,0.7130002767299386,1.0136853174691591,1,1,1,,403056630479.0,0.09943383875950929,0.08070752930262205,0.18228913572843067,0.10192464389229398,41,20154,20254,0,0,40077468006.0,0.09943383875950929,2025-11-30,60713968228.0,61548431394.0,0.013744171075531235,13293171706.0,11911858494.0,-0.10391148497514187,2629,True,passed,2629,0,0,3,2025,00411048,0.3080246131112134,0.3080246131112134,0.0,0.3080246131112134,171.0,171.0,-0.07442610091121482,-0.006181292860095816,264.0,1.0,-0.006181292860095816,0.1123567709405,0.5511993844146625,136.0,1.0,0.13779984610366564,0.3599591270607924,-0.504017313907553,313.0,1.0,0.17640605986764354,0
081660,2025,3,202503,미스토홀딩스,00195229,CFS,CFS,5502328913557.0,2705126956047.0,2797201957510.0,1.0340372200488324,0.71002259640134,4414787663501.0,0.059159410046299765,0.05296470659328412,1,1,1,,440456463033.0,0.23937906320014002,0.18473229643899525,1,1,1,,323152048026.0,,,1,0,0,missing_ttm_yoy,485194398138.0,-0.1925559484358882,-0.4827517890164422,1,1,1,,224396953568.0,0.5446896847638412,1.0651857803862104,1,1,1,,5502328913557.0,0.08817982453621523,0.04078217734587186,0.09976843658290707,0.08004909738270542,41,20154,20254,0,0,485194398138.0,0.08817982453621523,2025-11-30,1227713625124.0,1088201481323.0,-0.11363573796528419,181885342574.0,131869003508.0,-0.2749882885458506,464,True,passed,464,0,0,3,2025,00195229,0.30516604932477126,0.30516604932477126,0.0,0.30516604932477126,172.0,172.0,0.18473229643899525,0.3519107430262528,147.0,1.0,0.3519107430262528,0.05296470659328412,0.1610193017967741,172.0,1.0,0.040254825449193524,0.71002259640134,0.2485700547162145,190.0,1.0,-0.08699951915067507,0
041190,2025,3,202503,우리기술투자,00231664,CFS,CFS,979933765273.0,809595090249.0,170338675024.0,0.21039983699951842,0.19095074882537613,279100812752.0,0.2573428235384021,,1,1,0,missing_prev_yoy,,,,0,0,0,missing_ttm_yoy,211929641553.0,0.29100503531164845,,1,1,0,missing_prev_yoy,2250746472.0,-1.4199652038425459,,1,1,0,missing_prev_yoy,10134700.0,-0.7117804108395387,,1,1,0,missing_prev_yoy,979933765273.0,0.0022968353084281815,1.0342229606892432e-05,,,10,20233,20254,0,0,2250746472.0,0.0022968353084281815,2025-11-30,171484833351.0,1816604040.0,-0.9894066197896246,,,,6491,True,passed,6491,0,0,3,2025,00231664,0.30357656929529026,0.30357656929529026,0.0,0.30357656929529026,173.0,173.0,,0.0,195.0,1.0,0.0,,0.0,194.0,1.0,0.0,0.19095074882537613,-0.8673616265579722,401.0,1.0,0.30357656929529026,0
357780,2025,3,202503,솔브레인,01489648,CFS,CFS,1397346518346.0,1098392085957.0,298954432389.0,0.272174605235369,0.24072772376430346,895860441078.0,0.06412444754768853,0.13832288229866596,1,1,1,,127024681770.0,-0.1770233831225494,-0.17478795348698362,1,1,1,,72920035388.0,-0.4927806161481795,-0.6207700103767207,1,1,1,,152098527117.0,-0.45330049284225016,-0.7845787791858645,1,1,1,,136712342862.0,0.22223633120727437,0.16200406679908763,1,1,1,,1397346518346.0,0.10884810969939995,0.09783710845311482,0.14179070304427063,0.09090421030307898,22,20203,20254,0,0,152098527117.0,0.10884810969939995,2025-11-30,228825971310.0,241101103647.0,0.05364396474196703,20169987141.0,34385648052.0,0.7047927602345119,204,True,passed,204,0,0,3,2025,01489648,0.30171195322531574,0.30171195322531574,0.0,0.30171195322531574,174.0,174.0,-0.17478795348698362,-0.1448562518104603,288.0,1.0,-0.1448562518104603,0.13832288229866596,0.7217854650022018,118.0,1.0,0.18044636625055044,0.24072772376430346,-0.7603481108149304,371.0,1.0,0.2661218387852256,0
079550,2025,3,202503,LIG넥스원,00503668,CFS,CFS,7359872678065.0,1457691285038.0,5902181393027.0,4.048992714443743,1.6191887609055937,4069994046942.0,0.45953330741054943,0.21259844327642496,1,1,1,,342474762376.0,0.6707373286446092,0.4829694284658783,1,1,1,,307305503306.0,0.5619397728779081,-0.7067546880378859,1,1,1,,-198738753887.0,-1.171673617478535,-7.083390684246959,1,1,1,,268636108580.0,-0.4646306515065197,-5.415772024369259,1,1,1,,7359872678065.0,-0.027003015212384195,0.03650010269615529,0.08414625633993722,0.04653270203935658,40,20154,20253,0,0,-198738753887.0,-0.027003015212384195,2025-11-30,945351323737.0,1049197515922.0,0.10984931165536757,77579428413.0,89588427614.0,0.15479618046512508,25200,True,passed,25200,0,0,3,2025,00503668,0.2953332889043765,0.2953332889043765,0.0,0.2953332889043765,175.0,175.0,0.4829694284658783,0.7639998085412496,105.0,1.0,0.7639998085412496,0.21259844327642496,1.2097436600459905,89.0,1.0,0.30243591501149764,1.6191887609055937,2.2031498132810596,45.0,1.0,-0.7711024346483708,0
127120,2025,3,202503,제이에스링크,00642541,CFS,CFS,94714984949.0,46149269765.0,48565715184.0,1.0523615093219232,0.7189910859251737,16139363513.0,-0.15242148415568868,-0.15744690766887126,1,1,1,,-12754586178.0,0.8013886101899093,0.4291885328217464,1,1,1,,-12410030986.0,0.0968562576704437,-0.6540306778634999,1,1,1,,-2700284438.0,-0.6924165588398126,-2.927959148091354,1,1,1,,55694663638.0,13220.633528622357,13221.632485249864,1,1,1,,94714984949.0,-0.028509579972524818,0.5880237817488881,-0.7902781400100682,-0.13466281164345645,40,20154,20253,0,0,-2700284438.0,-0.028509579972524818,2025-11-30,3838068372.0,5168896408.0,0.3467442231380864,-2360132718.0,-3864537206.0,-0.6374236823744588,70111,True,passed,70111,0,0,3,2025,00642541,0.2906167873999421,0.2906167873999421,0.0,0.2906167873999421,176.0,176.0,0.4291885328217464,0.6896880725145226,114.0,1.0,0.6896880725145226,-0.15744690766887126,-1.221293671138634,383.0,1.0,-0.3053234177846585,0.7189910859251737,0.2678510495140627,183.0,1.0,-0.09374786732992194,0
214430,2025,3,202503,아이쓰리시스템,00612489,CFS,OFS,179703396589.0,127450575806.0,52252820783.0,0.40998497223376285,0.34357904634304104,125729871447.0,0.03256096529868113,0.002057041878093857,1,1,1,,16374231864.0,0.203585868591023,0.031130496928771345,1,1,1,,17953191879.0,0.27947492106313665,-0.03974232958352619,1,1,1,,39756819929.0,9.053316762695658,9.903323962673467,1,1,1,,12312718736.0,3.145255050717793,-13.286178763836197,1,1,1,,179703396589.0,0.22123577341127226,0.06851689489297992,0.13023342564143456,0.09111809890521735,41,20154,20254,0,0,39756819929.0,0.22123577341127226,2025-11-30,25305386866.0,32388388846.0,0.2799009561682154,2645038665.0,4216607701.0,0.5941573016665146,2629,True,passed,2629,0,0,3,2025,00612489,0.2850472809009273,0.2850472809009273,0.0,0.2850472809009273,177.0,177.0,0.031130496928771345,0.13967150376249665,172.0,1.0,0.13967150376249665,0.002057041878093857,-0.17342195803776173,289.0,1.0,-0.04335548950944043,0.34357904634304104,-0.5392321904224888,321.0,1.0,0.18873126664787107,0
307950,2025,3,202503,현대오토에버,00362441,CFS,CFS,3296407135000.0,1815626346000.0,1480780789000.0,0.8155757335545956,0.5964026259868375,4088914217000.0,0.18402808779814728,0.032853416949975234,1,1,1,,251486896000.0,0.22888413254748396,0.13168774977357023,1,1,1,,184145099000.0,0.17629301745766757,0.14253930353479416,1,1,1,,247031094000.0,-0.19566849886168491,-0.598577153304687,1,1,1,,184995269000.0,0.29735863305261145,-0.9986000550095688,1,1,1,,3296407135000.0,0.07493949742345768,0.05612027320162927,0.061504566408955796,0.07629121212905031,29,20184,20254,0,0,247031094000.0,0.07493949742345768,2025-11-30,1042052024000.0,1054258216000.0,0.011713610951155352,81370112000.0,70755406000.0,-0.13044969140511936,582,True,passed,582,0,0,3,2025,00362441,0.2843346035381543,0.2843346035381543,0.0,0.2843346035381543,178.0,178.0,0.13168774977357023,0.2786164569745372,156.0,1.0,0.2786164569745372,0.032853416949975234,0.02889685849014759,188.0,1.0,0.0072242146225368975,0.5964026259868375,0.004303051596913719,226.0,1.0,-0.0015060680589198017,0
347850,2025,3,202503,디앤디파마텍,01376715,CFS,CFS,93187814865.0,74877602546.0,18310212319.0,0.2445352374597114,0.21876215697645732,8362956008.0,,,1,0,0,missing_ttm_yoy,-30442245098.0,,,1,0,0,missing_ttm_yoy,-35680268780.0,,,1,0,0,missing_ttm_yoy,-24256246253.0,,,1,0,0,missing_ttm_yoy,-198622779.0,,,1,0,0,missing_ttm_yoy,93187814865.0,-0.2602941842572413,-0.0021314243636653815,-3.6401297661830294,-0.32667624133156564,7,20242,20254,0,0,-24256246253.0,-0.2602941842572413,2025-11-30,924556754.0,969494663.0,0.0486048139344402,-8059207490.0,-6209234759.0,0.22954772330846143,70113,True,passed,70113,0,0,3,2025,01376715,0.28264984968884144,0.28264984968884144,0.0,0.28264984968884144,179.0,179.0,,0.0,195.0,1.0,0.0,,0.0,194.0,1.0,0.0,0.21876215697645732,-0.8075709991109756,391.0,1.0,0.28264984968884144,0
466100,2025,3,202503,클로봇,01784914,CFS,CFS,73549796545.0,59037517669.0,14512278876.0,0.24581451675127342,0.21978954632361644,56901412700.0,,,1,0,0,missing_ttm_yoy,-11980374971.0,,,1,0,0,missing_ttm_yoy,-9946467966.0,,,1,0,0,missing_ttm_yoy,-13162602200.0,,,1,0,0,missing_ttm_yoy,1601500587.0,,,1,0,0,missing_ttm_yoy,73549796545.0,-0.1789617758078599,0.021774371408629978,-0.21054617807406387,-0.16288794169090656,5,20244,20254,0,0,-13162602200.0,-0.1789617758078599,2025-11-30,7849410881.0,10734313731.0,0.36753112988174585,-1877880143.0,770935010.0,1.4105347260173888,58221,True,passed,58221,0,0,3,2025,01784914,0.2818767896309739,0.2818767896309739,0.0,0.2818767896309739,180.0,180.0,,0.0,195.0,1.0,0.0,,0.0,194.0,1.0,0.0,0.21978954632361644,-0.8053622560884969,390.0,1.0,0.2818767896309739,0
437730,2025,3,202503,삼현,00262266,CFS,CFS,144453949950.0,115579902890.0,28874047060.0,0.24981892472673284,0.22299868060234118,100077543506.0,-0.42448380723426826,,1,1,0,missing_prev_yoy,2074157399.0,-0.8647455768869025,,1,1,0,missing_prev_yoy,6609622664.0,-0.5989298481153732,,1,1,0,missing_prev_yoy,7582038372.0,-0.5697879975732053,,1,1,0,missing_prev_yoy,23305579066.0,1.7590870025917855,,1,1,0,missing_prev_yoy,144453949950.0,0.05248758081467747,0.16133569953654286,0.020725502708563655,0.01435860632206963,9,20234,20254,0,0,7582038372.0,0.05248758081467747,2025-11-30,26859505067.0,22486764011.0,-0.16280050749603783,1517001678.0,-1322598179.0,-1.871850175369417,303,True,passed,303,0,0,3,2025,00262266,0.2794620735955435,0.2794620735955435,0.0,0.2794620735955435,181.0,181.0,,0.0,195.0,1.0,0.0,,0.0,194.0,1.0,0.0,0.22299868060234118,-0.7984630674158386,388.0,1.0,0.2794620735955435,0
475830,2025,3,202503,오름테라퓨틱,01658831,CFS,CFS,182329745285.0,145184607297.0,37145137988.0,0.2558476320565668,0.22781074863023063,20928626634.0,,,1,0,0,missing_ttm_yoy,-41840014990.0,,,1,0,0,missing_ttm_yoy,-31734416617.0,,,1,0,0,missing_ttm_yoy,-35670266513.0,,,1,0,0,missing_ttm_yoy,,,,0,0,0,missing_ttm_yoy,182329745285.0,-0.19563602448543838,,-1.99917633018633,-0.22947443339318982,5,20244,20254,0,0,-35670266513.0,-0.19563602448543838,2025-11-30,4162791.0,15889734.0,2.8170866613289016,-9995848525.0,-13938750131.0,-0.39445391715757316,211,True,passed,211,0,0,3,2025,01658831,0.27584122858835225,0.27584122858835225,0.0,0.27584122858835225,182.0,182.0,,0.0,195.0,1.0,0.0,,0.0,194.0,1.0,0.0,0.22781074863023063,-0.7881177959667208,379.0,1.0,0.27584122858835225,0
389650,2025,3,202503,넥스트바이오메디컬,01385050,CFS,OFS,58090006186.0,46247601542.0,11842404644.0,0.25606527147673286,0.22798403443198317,14904643592.0,,,1,0,0,missing_ttm_yoy,-1390907458.0,,,1,0,0,missing_ttm_yoy,-117781520.0,,,1,0,0,missing_ttm_yoy,-991585759.0,,,1,0,0,missing_ttm_yoy,3091679596.0,,,1,0,0,missing_ttm_yoy,58090006186.0,-0.01706981672243267,0.05322222872727308,-0.09332041047573679,-0.023944006023108602,6,20243,20254,0,0,-991585759.0,-0.01706981672243267,2025-11-30,3971196892.0,4932947841.0,0.24218163318405417,20641115.0,369613764.0,16.906676262401522,27199,True,passed,27199,0,0,3,2025,01385050,0.2757108395276706,0.2757108395276706,0.0,0.2757108395276706,183.0,183.0,,0.0,195.0,1.0,0.0,,0.0,194.0,1.0,0.0,0.22798403443198317,-0.7877452557933446,378.0,1.0,0.2757108395276706,0
483650,2025,3,202503,달바글로벌,01649204,CFS,CFS,257810703067.0,203718969998.0,54091733069.0,0.2655213359341599,0.2354841605481253,451629901156.0,,,1,0,0,missing_ttm_yoy,89410120922.0,,,1,0,0,missing_ttm_yoy,71553733224.0,,,1,0,0,missing_ttm_yoy,53286147105.0,,,1,0,0,missing_ttm_yoy,-624081609.0,,,1,0,0,missing_ttm_yoy,257810703067.0,0.20668710209114927,-0.0024206970524331306,0.19797210214191807,0.3468053104791543,6,20243,20254,0,0,53286147105.0,0.20668710209114927,2025-11-30,128372734047.0,114165748515.0,-0.11066980568317973,29230269832.0,16652191024.0,-0.4303100477789664,20423,True,passed,20423,0,0,3,2025,01649204,0.270067362743148,0.270067362743148,0.0,0.270067362743148,184.0,184.0,,0.0,195.0,1.0,0.0,,0.0,194.0,1.0,0.0,0.2354841605481253,-0.7716210364089944,376.0,1.0,0.270067362743148,0
226950,2025,3,202503,올릭스,01113718,CFS,CFS,186580346834.0,142558800816.0,44021546018.0,0.30879570932150596,0.26910740853082665,10181498507.0,-11.990984659029326,-11.438653551102457,1,1,1,,-29123483089.0,0.3841537636024803,0.48791039696048,1,1,1,,-43296703857.0,0.7112234791237642,0.3117778388837371,1,1,1,,-11894982587.0,-0.42591278524044573,-0.14289413247684835,1,1,1,,113787562.0,0.191917630201198,0.7754781232225727,1,1,1,,186580346834.0,-0.06375260196928957,0.0006098582403281545,-2.860431897031363,-0.15609084012964708,32,20174,20254,0,0,-11894982587.0,-0.06375260196928957,2025-11-30,6251081388.0,2908651160.0,-0.5346963222101628,-4961606943.0,-8311370292.0,-0.6751367827969439,70113,True,passed,70113,0,0,3,2025,01113718,0.2655945091576177,0.2655945091576177,0.0,0.2655945091576177,185.0,185.0,0.48791039696048,0.7708269902400594,102.0,1.0,0.7708269902400594,-11.438653551102457,-3.0,421.0,1.0,-0.75,0.26910740853082665,-0.6993357683358808,360.0,1.0,0.24476751891755827,0
001800,2025,3,202503,오리온홀딩스,00117577,CFS,CFS,5937212254672.0,4978738183837.0,958474070835.0,0.19251345128904246,0.1760632236236954,3323426765677.0,0.07161920103894848,0.05377086299370215,1,1,1,,480819767386.0,-0.0010551169626096257,-0.14706752640889542,1,1,1,,468071374698.0,0.36217246119715996,0.32475487933054836,1,1,1,,540427496648.0,-0.09600456618475728,-0.4110004972129977,1,1,1,,175853809412.0,0.15840618515545457,0.15848854168543902,1,1,1,,5937212254672.0,0.09102377908465996,0.02961891909348877,0.14467590270130548,0.08098409603053054,41,20154,20254,0,0,540427496648.0,0.09102377908465996,2025-11-30,795509604155.0,845588881155.0,0.06295244801374186,99279933172.0,122861578204.0,0.2375268020290202,649,True,passed,649,0,0,3,2025,00117577,0.24980399094682257,0.24980399094682257,0.0,0.24980399094682257,186.0,186.0,-0.14706752640889542,-0.10655356021518206,281.0,1.0,-0.10655356021518206,0.05377086299370215,0.16631539942152004,171.0,1.0,0.04157884985538001,0.1760632236236954,-0.8993677180189275,409.0,1.0,0.3147787013066246,0
248070,2025,3,202503,솔루엠,01159233,CFS,CFS,1273894592412.0,557662850984.0,716231741428.0,1.2843454430651138,0.8260795251319942,1616029632728.0,0.02938588979641854,0.2632877681469792,1,1,1,,39702353570.0,-0.5199357809010561,-0.0493515550023903,1,1,1,,18591805079.0,-0.5674453661797747,0.06642495297331608,1,1,1,,39283174258.0,-0.5301257876955647,0.19485395953383067,1,1,1,,128764463972.0,0.12337374495243125,0.11780260785343777,1,1,1,,1273894592412.0,0.03083706806826222,0.10107937088279538,0.024567837597741903,0.031166121440885715,20,20204,20253,0,0,39283174258.0,0.03083706806826222,2025-11-30,402576796316.0,472601627051.0,0.1739415469937678,12218680953.0,14753349319.0,0.20744206152446215,2629,True,passed,2629,0,0,3,2025,01159233,0.2398264219459946,0.2398264219459946,0.0,0.2398264219459946,187.0,187.0,-0.0493515550023903,0.02846545324276361,193.0,1.0,0.02846545324276361,0.2632877681469792,1.5427505218754187,75.0,1.0,0.3856876304688547,0.8260795251319942,0.4980761764732106,150.0,1.0,-0.1743266617656237,0
458870,2025,3,202503,씨어스테크놀로지,01514227,CFS,CFS,40685261031.0,30388216887.0,10297044144.0,0.33884989640195207,0.29181095915707234,33244154417.0,,,1,0,0,missing_ttm_yoy,7952313993.0,,,1,0,0,missing_ttm_yoy,7914232700.0,,,1,0,0,missing_ttm_yoy,-3267451099.0,,,1,0,0,missing_ttm_yoy,959649509.0,,,1,0,0,missing_ttm_yoy,40685261031.0,-0.08031043715094703,0.02358715379185593,0.2392093928228609,0.19545933321997763,7,20242,20254,0,0,-3267451099.0,-0.08031043715094703,2025-11-30,7954083649.0,15737059302.0,0.9784880316136086,1485484198.0,6726422650.0,3.5281011127928537,27199,True,passed,27199,0,0,3,2025,01514227,0.22768421139694328,0.22768421139694328,0.0,0.22768421139694328,188.0,188.0,,0.0,195.0,1.0,0.0,,0.0,194.0,1.0,0.0,0.29181095915707234,-0.6505263182769808,349.0,1.0,0.22768421139694328,0
021240,2025,3,202503,코웨이,00170558,CFS,CFS,6692688879136.0,3426596819794.0,3266092059342.0,0.9531591345895053,0.6694481306997366,4813905480574.0,0.1492287507829333,0.0867126932064215,1,1,1,,880406748361.0,0.13138207934550628,0.06354042159663198,1,1,1,,574431733722.0,0.02031885275337819,-0.2428232548296987,1,1,1,,48655133044.0,-0.8906364668960844,-1.0103295374372165,1,1,1,,247612054815.0,-0.019904459155441145,0.03353864578797816,1,1,1,,6692688879136.0,0.007269893150969419,0.03699739511079227,0.1828882498656833,0.1315475385544378,40,20154,20253,0,0,48655133044.0,0.007269893150969419,2025-11-30,1258874709586.0,1254400659845.0,-0.0035540071676166715,242721142680.0,243057379433.0,0.0013852800348888009,969,True,passed,969,0,0,3,2025,00170558,0.2236669132812109,0.2236669132812109,0.0,0.2236669132812109,189.0,189.0,0.06354042159663198,0.18445390721112637,167.0,1.0,0.18445390721112637,0.0867126932064215,0.3827289249531647,156.0,1.0,0.09568223123829117,0.6694481306997366,0.1613406433377332,203.0,1.0,-0.05646922516820662,0
460930,2025,3,202503,현대힘스,00667373,CFS,CFS,333189880157.0,247388016123.0,85801864034.0,0.3468311253659909,0.2977545186450952,237619503233.0,-0.3325192212367578,,1,1,0,missing_prev_yoy,26906773106.0,-0.14287957143355712,,1,1,0,missing_prev_yoy,20155963091.0,-0.1359595778855729,,1,1,0,missing_prev_yoy,40219698398.0,0.049705382962798916,,1,1,0,missing_prev_yoy,13198330000.0,-0.39705971087341474,,1,1,0,missing_prev_yoy,333189880157.0,0.1207110443421882,0.03961203741776584,0.1132346997612242,0.08075507303319493,9,20234,20254,0,0,40219698398.0,0.1207110443421882,2025-11-30,62312448641.0,60592240860.0,-0.027606165678235716,8258634852.0,6788015045.0,-0.17807056896865453,31114,True,passed,31114,0,0,3,2025,00667373,0.22321197460136527,0.22321197460136527,0.0,0.22321197460136527,190.0,190.0,,0.0,195.0,1.0,0.0,,0.0,194.0,1.0,0.0,0.2977545186450952,-0.6377484988610437,346.0,1.0,0.22321197460136527,0
204320,2025,3,202503,HL만도,01042775,CFS,CFS,6861482485625.0,2576973489334.0,4284508996291.0,1.6626127564076338,0.9793078799632784,9414953022034.0,0.09261985890907254,0.06479669206235572,1,1,1,,388458770823.0,0.3021102145755876,0.2573074790610317,1,1,1,,143540227795.0,-0.03721648780802045,-5.006868283923823,1,1,1,,591499622381.0,3.3678773464883953,3.9977532038282435,1,1,1,,370565151849.0,-0.05990320503656876,-0.06543189598502541,1,1,1,,6861482485625.0,0.08620580517697282,0.054006572577477895,0.04125976729930381,0.0566144082764668,41,20154,20254,0,0,591499622381.0,0.08620580517697282,2025-11-30,2400873734426.0,2321277920316.0,-0.03315285305040406,104101108144.0,94152368623.0,-0.09556804628091184,303,True,passed,303,0,0,3,2025,01042775,0.22225557883161368,0.22225557883161368,0.0,0.22225557883161368,191.0,191.0,0.2573074790610317,0.4521914793082774,131.0,1.0,0.4521914793082774,0.06479669206235572,0.2387503104525193,165.0,1.0,0.05968757761312982,0.9793078799632784,0.8274956516851245,104.0,1.0,-0.28962347808979355,0
417200,2025,3,202503,LS머트리얼즈,01528141,CFS,CFS,278168116943.0,205248520972.0,72919595971.0,0.355274647659691,0.30400412579218816,150243193918.0,-0.3784937239802254,,1,1,0,missing_prev_yoy,692634576.0,-0.9611238016909056,,1,1,0,missing_prev_yoy,-457515467.0,-1.0277773479770604,,1,1,0,missing_prev_yoy,5801756052.0,-1.820581536478442,,1,1,0,missing_prev_yoy,32147365518.0,-0.5773505379533675,,1,1,0,missing_prev_yoy,278168116943.0,0.02085701307453884,0.11556811712029307,0.0046100895350908696,0.0024899854937074947,9,20234,20254,0,0,5801756052.0,0.02085701307453884,2025-11-30,39193324516.0,38504493472.0,-0.01757521344530997,38121396.0,-211175874.0,-6.539562979278093,26291,True,passed,26291,0,0,3,2025,01528141,0.21850945196363297,0.21850945196363297,0.0,0.21850945196363297,192.0,192.0,,0.0,195.0,1.0,0.0,,0.0,194.0,1.0,0.0,0.30400412579218816,-0.6243127198960943,341.0,1.0,0.21850945196363297,0
018260,2025,3,202503,삼성에스디에스,00126186,CFS,CFS,13234737885886.0,9985988090364.0,3248749795522.0,0.32533083017161696,0.281662111420926,14035389569033.0,0.03482895862009716,0.07629542034182524,1,1,1,,942512471535.0,0.031060902019168113,-0.13903734493495024,1,1,1,,791020294842.0,0.07003814804061315,0.15473551644129646,1,1,1,,1556643066026.0,0.26161588102366395,-0.2706089981477202,1,1,1,,367984317153.0,-0.3673647001146534,-0.5298168552277609,1,1,1,,13234737885886.0,0.11761797471531794,0.027804428038233513,0.06715256936041972,0.07121504631686958,41,20154,20254,0,0,1556643066026.0,0.11761797471531794,2025-11-30,3511984578644.0,3391317620506.0,-0.03435862414424106,230161317475.0,232295633808.0,0.0092731322379219,62021,True,passed,62021,0,0,3,2025,00126186,0.218435852772645,0.218435852772645,0.0,0.218435852772645,193.0,193.0,-0.13903734493495024,-0.09545785943163368,277.0,1.0,-0.09545785943163368,0.07629542034182524,0.3142919640285729,161.0,1.0,0.07857299100714323,0.281662111420926,-0.6723449177061014,351.0,1.0,0.23532072119713546,0
272290,2025,3,202503,이녹스첨단소재,01237540,CFS,CFS,1085024955621.0,544651989687.0,540372965934.0,0.9921435635341036,0.6892112266127262,441409336156.0,0.097356342841175,0.05411829830778725,1,1,1,,94238692317.0,0.4755924314570492,0.09987444423997593,1,1,1,,78730967638.0,1.0742499289803389,0.8906343121337155,1,1,1,,46802955124.0,-0.5800451062935588,-0.9457681743672666,1,1,1,,277074449810.0,0.42077923449512333,-0.8981836041119586,1,1,1,,1085024955621.0,0.04313537203133999,0.25536228302824615,0.21349501380662864,0.0868539399290256,35,20172,20254,0,0,46802955124.0,0.04313537203133999,2025-11-30,111420095474.0,112714692444.0,0.01161906175445789,22242723453.0,20627424672.0,-0.07262144783723126,2629,True,passed,2629,0,0,3,2025,01237540,0.2054679216483163,0.2054679216483163,0.0,0.2054679216483163,194.0,194.0,0.09987444423997593,0.23465843183130913,163.0,1.0,0.23465843183130913,0.05411829830778725,0.1685978986248071,170.0,1.0,0.04214947465620177,0.6892112266127262,0.2038285281119847,196.0,1.0,-0.07133998483919464,0
010950,2025,3,202503,S-Oil,00138279,CFS,CFS,24988920000000.0,8646015000000.0,16342905000000.0,1.8902239933657297,1.0613340054758023,34371485000000.0,-0.08464419697083847,-0.11366848792461326,1,1,1,,86076000000.0,-0.3997531397967936,0.4855760566735453,1,1,1,,-179854000000.0,-2.813135742728968,-1.9106489327408334,1,1,1,,3541587000000.0,1.0518568515214017,1.160157573491774,1,1,1,,-7361842000000.0,-3.9478214003132877,-4.618559348866217,1,1,1,,24988920000000.0,0.14172629309309887,-0.29460424860298084,0.0025042851654503728,0.003444566631931272,41,20154,20254,0,0,3541587000000.0,0.14172629309309887,2025-11-30,8048504000000.0,8415367000000.0,0.045581514278926864,-343971000000.0,229216000000.0,1.6663817589273515,19210,True,passed,19210,0,0,3,2025,00138279,0.1828352906500657,0.1828352906500657,0.0,0.1828352906500657,195.0,195.0,0.4855760566735453,0.7676015162660466,103.0,1.0,0.7676015162660466,-0.11366848792461326,-0.9336884561921712,368.0,1.0,-0.2334221140480428,1.0613340054758023,1.0038403187655374,84.0,1.0,-0.35134411156793804,0
000150,2025,3,202503,두산,00117212,CFS,CFS,32359181000000.0,12251227000000.0,20107954000000.0,1.6413012345620566,0.9712716876064893,19297283250947.0,0.060000754766935005,0.08971457760465207,1,1,1,,996445762952.0,-0.06096859811192512,0.18155488816518395,1,1,1,,310811118821.0,0.37462107002042155,2.866623314253779,1,1,1,,902728969247.0,-3.2991334397715075,-2.0134324041062746,1,1,1,,897417689128.0,0.036034806505110595,-2.2388199181320045,1,1,1,,32359181000000.0,0.027897151329231727,0.027733016145495153,0.05163658272482994,0.030793293654496387,41,20154,20254,0,1,902728969247.0,0.027897151329231727,2025-11-30,5346439000000.0,4452365000000.0,-0.16722794368363691,357778000000.0,231269000000.0,-0.3535963642258607,64992,True,passed,64992,1,0,3,2025,00117212,0.1645562229578833,0.1645562229578833,0.0,0.1645562229578833,196.0,196.0,0.18155488816518395,0.34752036012049015,149.0,1.0,0.34752036012049015,0.08971457760465207,0.4024500024301738,155.0,1.0,0.10061250060754345,0.9712716876064893,0.8102189650575724,107.0,1.0,-0.2835766377701503,0
174900,2025,3,202503,앱클론,00991191,CFS,OFS,38503539832.0,29066603082.0,9436936750.0,0.3246659653822427,0.2811603260569284,3800845797.0,0.7328898674727393,1.0034944352919992,1,1,1,,-15876279404.0,0.004516237289655445,-0.675302791958263,1,1,1,,-16106201947.0,-0.11374144298261213,-1.0401034217627094,1,1,1,,-14562268571.0,0.08612170153594745,-0.5191117951164215,1,1,1,,464775000.0,1.752185686360558,3.7489203662799886,1,1,1,,38503539832.0,-0.3782059684522151,0.01207096807275182,-4.177038546665354,-0.41233298219519404,34,20173,20254,0,0,-14562268571.0,-0.3782059684522151,2025-11-30,1112112258.0,1566146466.0,0.40826292915476525,-3332533109.0,-3537647561.0,-0.06154911152902217,213,True,passed,213,0,0,3,2025,00991191,0.14925581402016472,0.14925581402016472,0.0,0.14925581402016472,197.0,197.0,-0.675302791958263,-0.8364424760349716,353.0,1.0,-0.8364424760349716,1.0034944352919992,3.0,1.0,1.0,0.75,0.2811603260569284,-0.673423685871818,352.0,1.0,0.2356982900551363,0
075580,2025,3,202503,세진중공업,00415628,CFS,CFS,641493736865.0,267886215819.0,373607521046.0,1.3946500379042708,0.8732370982253863,398343536714.0,0.13267598145021653,0.19578066677504258,1,1,1,,61839097188.0,0.6155555555487631,-0.013001607994569175,1,1,1,,46855805845.0,2.0645749485840157,2.1684038750821,1,1,1,,67545081529.0,0.4783184814130186,0.8511161967781407,1,1,1,,15144416205.0,0.3389092233621076,1.0960910809181916,1,1,1,,641493736865.0,0.10529343880907541,0.023608049985041533,0.15524061893440189,0.09639859851198175,41,20154,20254,0,0,67545081529.0,0.10529343880907541,2025-11-30,98171231773.0,90367619375.0,-0.0794898083385995,8764460228.0,12143566279.0,0.3855463956815847,31114,True,passed,31114,0,0,3,2025,00415628,0.14369610251642226,0.14369610251642226,0.0,0.14369610251642226,198.0,198.0,-0.013001607994569175,0.07869198134866834,180.0,1.0,0.07869198134866834,0.19578066677504258,1.0992581684760014,92.0,1.0,0.27481454211900036,0.8732370982253863,0.5994583455749899,135.0,1.0,-0.20981042095124644,0
035250,2025,3,202503,강원랜드,00255619,CFS,CFS,4630190195581.0,3900900014795.0,729290180786.0,0.18695433823476904,0.1713906466776433,1455901377907.0,0.0343120463714488,0.0274077288554897,1,1,1,,248203022062.0,-0.11929055810612688,-0.19543228273571478,1,1,1,,362696635254.0,-0.13317133283114202,-0.6471247344775418,1,1,1,,364818295520.0,0.09483095453995083,0.28386005415857196,1,1,1,,161159310406.0,0.5884693601507234,-0.526709584912421,1,1,1,,4630190195581.0,0.07879121161549224,0.03480619663525023,0.17048065605845913,0.05360536210777737,40,20154,20253,0,0,364818295520.0,0.07879121161549224,2025-11-30,360822450458.0,384146506525.0,0.06464136596099898,58514423002.0,72702168808.0,0.24246579010981734,91249,True,passed,91249,0,0,3,2025,00255619,0.1431933015922147,0.1431933015922147,0.0,0.1431933015922147,199.0,199.0,-0.19543228273571478,-0.17338154740486234,293.0,1.0,-0.17338154740486234,0.0274077288554897,-0.00687894849638328,265.0,1.0,-0.00171973712409582,0.1713906466776433,-0.909413103203351,411.0,1.0,0.31829458612117284,0
006280,2025,3,202503,녹십자,00129679,CFS,CFS,3191527870364.0,1489478589409.0,1702049280955.0,1.1427148352836307,0.7620736396406694,1934378225802.0,0.1766415510938557,0.1700221174019514,1,1,1,,54447314340.0,0.6107574903571393,-0.04380217186709201,1,1,1,,34392704234.0,-2.52585475662024,-8.841051283892998,1,1,1,,91798989518.0,-60.56799102881126,-59.94792090350752,1,1,1,,83221370539.0,0.13675885088088524,0.545360284523283,1,1,1,,3191527870364.0,0.0287633363225276,0.02607571480474286,0.02814719149220466,0.017059952647002948,41,20154,20254,0,0,91798989518.0,0.0287633363225276,2025-11-30,500259622106.0,609486331400.0,0.2183400467824604,27371547637.0,29216618161.0,0.0674083376091563,212,True,passed,212,0,0,3,2025,00129679,0.1424768572510242,0.1424768572510242,0.0,0.1424768572510242,200.0,200.0,-0.04380217186709201,0.036133311684359744,189.0,1.0,0.036133311684359744,0.1700221174019514,0.9300356800345669,100.0,1.0,0.23250892000864173,0.7620736396406694,0.36047249840564943,172.0,1.0,-0.12616537444197728,0
443060,2025,3,202503,HD현대마린솔루션,01194689,CFS,CFS,1173128820481.0,780584175537.0,392544644944.0,0.5028857325655498,0.40738708164353743,1929868349396.0,,,1,0,0,missing_ttm_yoy,325492243874.0,,,1,0,0,missing_ttm_yoy,264473712937.0,,,1,0,0,missing_ttm_yoy,276491401154.0,,,1,0,0,missing_ttm_yoy,15084095105.0,,,1,0,0,missing_ttm_yoy,1173128820481.0,0.2356871609723427,0.012858004033022818,0.16866033580781345,0.27745652326616904,7,20242,20254,0,0,276491401154.0,0.2356871609723427,2025-11-30,467721569416.0,513176029365.0,0.0971827320381113,83009935294.0,93596312581.0,0.12753144848873516,7212,True,passed,7212,0,0,3,2025,01194689,0.1407188518820274,0.1407188518820274,0.0,0.1407188518820274,201.0,201.0,,0.0,195.0,1.0,0.0,,0.0,194.0,1.0,0.0,0.40738708164353743,-0.40205386252007835,289.0,1.0,0.1407188518820274,0
078930,2025,3,202503,GS,00500254,CFS,CFS,35680786000000.0,18813948000000.0,16866838000000.0,0.896507102071293,0.6400138269704365,25104140000000.0,-0.010949972447088951,0.03588445067834933,1,1,1,,2777918000000.0,-0.12765393531384972,0.046573016379642396,1,1,1,,861004000000.0,-0.055534530967024986,0.40655612810292385,1,1,1,,2328180000000.0,0.1059297095401388,0.47471415171446607,1,1,1,,1740481000000.0,0.31664206840259057,-0.07462434482987423,1,1,1,,35680786000000.0,0.06525024420706427,0.04877922252049044,0.11065577231484527,0.07785473111494798,41,20154,20254,0,0,2328180000000.0,0.06525024420706427,2025-11-30,5931220000000.0,6526780000000.0,0.10041104528242081,486394000000.0,873305000000.0,0.7954682829146741,64992,True,passed,64992,0,0,3,2025,00500254,0.1388902025774481,0.1388902025774481,0.0,0.1388902025774481,202.0,202.0,0.046573016379642396,0.1610092002674811,169.0,1.0,0.1610092002674811,0.03588445067834933,0.0488094344134334,183.0,1.0,0.01220235860335835,0.6400138269704365,0.09806101798111823,211.0,1.0,-0.03432135629339138,0
010120,2025,3,202503,엘에스일렉트릭,00105855,CFS,CFS,4609766574779.0,2040268576219.0,2569497998560.0,1.2593920371609906,0.8150957669887292,4800967285643.0,0.1369509522902701,0.11445115208464762,1,1,1,,416595877307.0,0.23286452487588916,0.03845021038373564,1,1,1,,263256262848.0,0.18027523154267588,-0.05465915342141625,1,1,1,,370350829799.0,0.6184264478149959,-2.0418040040574947,1,1,1,,211391795074.0,0.7221510931143045,0.8755548044891929,1,1,1,,4609766574779.0,0.08034047359909005,0.04585737512839996,0.0867733213997947,0.0903724452310196,41,20154,20254,0,0,370350829799.0,0.08034047359909005,2025-11-30,1193042129325.0,1216294667137.0,0.019490122972569152,108597651385.0,100791400061.0,-0.07188232180386026,28121,True,passed,28121,0,0,3,2025,00105855,0.12496323257382372,0.12496323257382372,0.0,0.12496323257382372,203.0,203.0,0.03845021038373564,0.14978551557918046,170.0,1.0,0.14978551557918046,0.11445115208464762,0.5649585594296858,133.0,1.0,0.14123963985742144,0.8150957669887292,0.4744626367507948,154.0,1.0,-0.16606192286277818,0
352820,2025,3,202503,하이브,01204056,CFS,CFS,5658028775000.0,3502737244000.0,2155291531000.0,0.615316359995857,0.4795308260332909,2659862048000.0,0.2441856256933459,0.22759626256783805,1,1,1,,109915239000.0,-0.47311064630797284,-0.2835660067287956,1,1,1,,-8258956000.0,-0.7572658543508601,0.7623686465401625,1,1,1,,153556360000.0,-0.508673770925151,-1.3840755855128895,1,1,1,,58532888000.0,-0.11261966915096644,0.029416479810409513,1,1,1,,5658028775000.0,0.02713955091188097,0.010345102566220158,0.04132366153449474,0.019426419230255683,21,20204,20254,0,0,153556360000.0,0.02713955091188097,2025-11-30,705649176000.0,727180688000.0,0.030513054832788468,65918973000.0,-42197878000.0,-1.6401476855532928,592,True,passed,592,0,0,3,2025,01204056,0.11834213739421869,0.11834213739421869,0.0,0.11834213739421869,204.0,204.0,-0.2835660067287956,-0.29516029344441164,311.0,1.0,-0.29516029344441164,0.22759626256783805,1.3082728227300964,84.0,1.0,0.3270682056825241,0.4795308260332909,-0.2469549290174464,268.0,1.0,0.08643422515610623,0
213420,2025,3,202503,덕산네오룩스,01061558,CFS,CFS,682280339199.0,446195069846.0,236085269353.0,0.5291077497438118,0.4246843951924378,269382981143.0,0.31057908891551,0.07895519835519749,1,1,1,,57292975330.0,0.28569592564246604,-0.13860516799171108,1,1,1,,47801345740.0,0.24028409239037685,0.047856844980350255,1,1,1,,40323708717.0,-0.1796584463283235,-0.32952702839952,1,1,1,,11481420546.0,-10.924186449407788,-9.896891116995738,1,1,1,,682280339199.0,0.05910137871529495,0.01682801025672121,0.2126822380794221,0.08397277781338708,41,20154,20254,0,0,40323708717.0,0.05910137871529495,2025-11-30,80927423415.0,98331385115.0,0.21505641679399068,10279839180.0,17501012372.0,0.7024597433439616,262,True,passed,262,0,0,3,2025,01061558,0.11578416110598452,0.11578416110598452,0.0,0.11578416110598452,205.0,205.0,-0.13860516799171108,-0.0948606990731425,276.0,1.0,-0.0948606990731425,0.07895519835519749,0.33176555105420175,160.0,1.0,0.08294138776355044,0.4246843951924378,-0.3648670640445046,285.0,1.0,0.12770347241557659,0
010130,2025,3,202503,고려아연,00102858,CFS,CFS,15773314328774.0,8035383483260.0,7737930845514.0,0.9629821478507306,0.6744648209334241,15230698648184.0,0.3777555982915404,0.29947899697443603,1,1,1,,923648377370.0,0.15273632440988538,-0.26668559899921873,1,1,1,,317009066152.0,-0.4997801805851998,-0.560936162516255,1,1,1,,-385408454448.0,-1.5876699636859408,-2.9174499027954566,1,1,1,,847868790622.0,-0.19207198152173421,-1.6579135681032848,1,1,1,,15773314328774.0,-0.02443420871572502,0.05375336932678128,0.060643861368771104,0.05855765998938231,41,20154,20254,0,0,-385408454448.0,-0.02443420871572502,2025-11-30,3825380317089.0,4159797406119.0,0.08742061215091979,258885283093.0,273406534801.0,0.056091453073381134,24213,True,passed,24213,0,0,3,2025,00102858,0.11304796286783954,0.11304796286783954,0.0,0.11304796286783954,206.0,206.0,-0.26668559899921873,-0.2718357952522602,310.0,1.0,-0.2718357952522602,0.29947899697443603,1.7805111858487357,66.0,1.0,0.4451277964621839,0.6744648209334241,0.17212582383452624,201.0,1.0,-0.06024403834208418,0
001060,2025,3,202503,JW중외제약,00149947,CFS,CFS,611556175328.0,354099927737.0,257456247591.0,0.727072296332746,0.5464276606697759,764208377606.0,0.0375616571773536,0.037731455447030604,1,1,1,,97065997257.0,-0.006734168171860788,-0.028031259542577458,1,1,1,,62788022781.0,-0.14469651187422727,-2.0951359443374966,1,1,1,,87795070485.0,-0.07658044281382093,-0.3268172352479929,1,1,1,,30619278866.0,0.008131137108735809,0.09707407490124564,1,1,1,,611556175328.0,0.14356010784767612,0.05006781077728102,0.1270150918275381,0.15871967477875593,41,20154,20254,0,0,87795070485.0,0.14356010784767612,2025-11-30,191104766782.0,200016261055.0,0.04663145992148725,24969238147.0,32027857746.0,0.2826926299250375,212,True,passed,212,0,0,3,2025,00149947,0.1092582689394837,0.1092582689394837,0.0,0.1092582689394837,207.0,207.0,-0.028031259542577458,0.057924764941569604,185.0,1.0,0.057924764941569604,0.037731455447030604,0.060943454019597755,181.0,1.0,0.015235863504899439,0.5464276606697759,-0.1031361156943276,244.0,1.0,0.03609764049301466,0
028260,2025,3,202503,삼성물산,00149655,CFS,CFS,74309701221624.0,48266639958227.0,26043061263397.0,0.5395664849663517,0.43150087352745253,39902571184478.0,-0.054670403626400854,-0.049170085544887776,1,1,1,,3105028645093.0,0.04342665524285794,0.009230907553533063,1,1,1,,3004170391254.0,0.11782319855491319,0.1627541548999195,1,1,1,,4348554053556.0,0.3498056655275903,0.16090935903792403,1,1,1,,1881159419001.0,-0.4705130237960222,3.1759248582927926,1,1,1,,74309701221624.0,0.058519331689771054,0.025315125590271995,0.07781525232391161,0.041784970118941105,41,20154,20254,0,0,4348554053556.0,0.058519331689771054,2025-11-30,10022075966797.0,10150950935084.0,0.01285910910214221,752614345055.0,993429496019.0,0.31997151336040713,467,True,passed,467,0,0,3,2025,00149655,0.10449567260739562,0.10449567260739562,0.0,0.10449567260739562,208.0,208.0,0.009230907553533063,0.10941175287409746,175.0,1.0,0.10941175287409746,-0.049170085544887776,-0.509961949194224,332.0,1.0,-0.127490487298556,0.43150087352745253,-0.35021259151958334,282.0,1.0,0.12257440703185415,0
035420,2025,3,202503,NAVER,00266961,CFS,CFS,40767072747396.0,28791370363141.0,11975702384255.0,0.4159476340725488,0.34779901300050925,11725543744644.0,0.12863875123139534,0.02404758555138442,1,1,1,,2139517435408.0,0.16105293731099035,-0.13682226714542423,1,1,1,,2169782110984.0,0.26416329536387506,-0.8332507008285512,1,1,1,,3019842508232.0,0.30979870042694735,0.12229854887923897,1,1,1,,970186244943.0,1.0517461367413987,1.447369492536776,1,1,1,,40767072747396.0,0.07407552970368451,0.023798280807516912,0.18246637273305896,0.052481507530968405,41,20154,20254,0,0,3019842508232.0,0.07407552970368451,2025-11-30,2915085056213.0,3138054569501.0,0.076488167236417,521553747074.0,570646831171.0,0.09412852342144996,63120,True,passed,63120,0,0,3,2025,00266961,0.08592036461476121,0.08592036461476121,0.0,0.08592036461476121,209.0,209.0,-0.13682226714542423,-0.09239717637676001,275.0,1.0,-0.09239717637676001,0.02404758555138442,-0.028953631476571706,267.0,1.0,-0.0072384078691429266,0.34779901300050925,-0.5301598538876119,316.0,1.0,0.18555594886066415,0
145020,2025,3,202503,휴젤,00888347,CFS,CFS,1031154033391.0,934271854052.0,96882179339.0,0.10369806060068647,0.09866641461538621,404187503852.0,0.11106108960478878,-0.03926669097261737,1,1,1,,189487985948.0,0.21070130118431996,-0.1982296430185928,1,1,1,,148544428514.0,0.24378145417877128,-0.19388900520735408,1,1,1,,131777991296.0,-0.01081088899073901,-0.11330520921269827,1,1,1,,40826263862.0,0.3893701121427722,0.6379592570141639,1,1,1,,1031154033391.0,0.12779661139727272,0.03959278879775202,0.46881208385250867,0.18376302648485948,41,20154,20254,0,0,131777991296.0,0.12779661139727272,2025-11-30,110260417924.0,105898058047.0,-0.03956415148006128,56670315005.0,47401917345.0,-0.16354942899439068,211,True,passed,211,0,0,3,2025,00888347,0.08454396581531948,0.08454396581531948,0.0,0.08454396581531948,210.0,210.0,-0.1982296430185928,-0.17724679911596064,295.0,1.0,-0.17724679911596064,-0.03926669097261737,-0.444900945592534,323.0,1.0,-0.1112252363981335,0.09866641461538621,-1.0657600037983248,439.0,1.0,0.37301600132941365,0
069620,2025,3,202503,대웅제약,00427483,CFS,CFS,2260503664164.0,1004127284595.0,1256376379569.0,1.2512122704401374,0.8114688579850845,1541649131896.0,0.08825407231489613,0.032087040218687246,1,1,1,,192137833587.0,0.39299949094357767,0.09821867254254268,1,1,1,,95692261088.0,-0.014306133692991496,-1.1060300590843408,1,1,1,,131444076944.0,2.0962145132325882,2.8465693071577407,1,1,1,,213238070899.0,-0.035396312284715736,-0.758862066543618,1,1,1,,2260503664164.0,0.05814813708457838,0.09433210583972296,0.12463136365581379,0.08499779789477058,41,20154,20254,0,0,131444076944.0,0.05814813708457838,2025-11-30,405449021657.0,411832052696.0,0.01574311614543712,57855685915.0,56892822788.0,-0.016642497824926186,212,True,passed,212,0,0,3,2025,00427483,0.07500324195153688,0.07500324195153688,0.0,0.07500324195153688,211.0,211.0,0.09821867254254268,0.23237056979728202,164.0,1.0,0.23237056979728202,0.032087040218687246,0.023862096024538974,190.0,1.0,0.005965524006134744,0.8114688579850845,0.4666652910053711,157.0,1.0,-0.16333285185187987,0
005490,2025,3,202503,POSCO홀딩스,00155319,CFS,CFS,102601593423075.0,62057141670703.0,40544451752372.0,0.6533406254434841,0.5027978626094944,70058548464593.0,-0.04743309787369321,0.00614399690668721,1,1,1,,1909764249845.0,-0.1984077802933859,-0.048747257291323565,1,1,1,,111720180163.0,-0.915995583054146,-0.8461539934379384,1,1,1,,4906336361891.0,-0.22145543991880667,-0.06806893407139636,1,1,1,,6668284947696.0,-0.20112155606133197,-0.37174617761992246,1,1,1,,102601593423075.0,0.04781929985882236,0.06499202132465429,0.027259546360858145,0.018613397571421105,41,20154,20254,0,0,4906336361891.0,0.04781929985882236,2025-11-30,17555587387894.0,17261041337141.0,-0.0167779091775712,607172109226.0,638766533961.0,0.05203536897515826,2411,True,passed,2411,0,0,3,2025,00155319,0.061584254156022755,0.061584254156022755,0.0,0.061584254156022755,212.0,212.0,-0.048747257291323565,0.02930044141929924,191.0,1.0,0.02930044141929924,0.00614399690668721,-0.14657243751277088,285.0,1.0,-0.03664310937819272,0.5027978626094944,-0.19693406318547496,260.0,1.0,0.06892692211491623,0
032640,2025,3,202503,LG유플러스,00231363,CFS,CFS,19589200000000.0,8946407000000.0,10642793000000.0,1.1896164571989627,0.7837263947916085,15356518000000.0,0.04516817274884666,0.007709161680069965,1,1,1,,863765000000.0,-0.05752412750890634,0.10095907906687684,1,1,1,,313333000000.0,-0.4144184047245272,-0.19614823837975848,1,1,1,,2802592000000.0,-0.13213288258367872,-0.17008466406040923,1,1,1,,1975437000000.0,-0.24395980975730547,-0.08906049418305384,1,1,1,,19589200000000.0,0.14306822126477856,0.10084316868478549,0.05624745140792985,0.04409393951769342,41,20154,20254,0,0,2802592000000.0,0.14306822126477856,2025-11-30,3844385000000.0,4010838000000.0,0.043297692608830804,304506000000.0,161670000000.0,-0.46907450099505427,61220,True,passed,61220,0,0,3,2025,00231363,0.05962661964335453,0.05962661964335453,0.0,0.05962661964335453,213.0,213.0,0.10095907906687684,0.2361571256700171,162.0,1.0,0.2361571256700171,0.007709161680069965,-0.136289984338238,280.0,1.0,-0.0340724960845595,0.7837263947916085,0.4070228855488659,166.0,1.0,-0.14245800994210306,0
102710,2025,3,202503,이엔에프테크놀로지,00530185,CFS,CFS,730118650037.0,443212153983.0,286906496054.0,0.6473344502754874,0.4991584969285244,616080964442.0,0.005125466298190773,-0.042223201818332834,1,1,1,,82306354048.0,0.6951378176640601,0.0006748838822994152,1,1,1,,47124724608.0,-16.549646267254303,-14.849145458285783,1,1,1,,108810770067.0,0.12014123824845013,-0.5848876512874166,1,1,1,,27639560685.0,-0.677752748907762,-0.4534657857341198,1,1,1,,730118650037.0,0.1490316266561412,0.037856258956813826,0.1335966517364271,0.11273010769390562,41,20154,20254,0,0,108810770067.0,0.1490316266561412,2025-11-30,164227404225.0,172096927557.0,0.04791845410415394,23502016591.0,21995984379.0,-0.06408097816494304,2049,True,passed,2049,0,0,3,2025,00530185,0.053173851329000335,0.053173851329000335,0.0,0.053173851329000335,214.0,214.0,0.0006748838822994152,0.09758946979606328,177.0,1.0,0.09758946979606328,-0.042223201818332834,-0.4643239385246869,326.0,1.0,-0.11608098463117172,0.4991584969285244,-0.2047581890403108,261.0,1.0,0.07166536616410878,0
009830,2025,3,202503,한화솔루션,00162461,CFS,CFS,32263317000000.0,11153753000000.0,21109564000000.0,1.8925974064514428,1.0621548550420896,14138984146503.0,0.20837716687177332,0.33177383057995624,1,1,1,,227876189287.0,-1.6286860879032834,-0.1428630696406683,1,1,1,,-407725358938.0,-0.7273609881168348,27.624272307995465,1,1,1,,991423468608.0,-4.816937183899354,-3.2234975040535363,1,1,1,,2552340126416.0,-0.21986610152744757,-0.9072440583278861,1,1,1,,32263317000000.0,0.03072912399577514,0.07910966272984268,0.01611687140503377,0.007063011818871569,41,20154,20254,0,0,991423468608.0,0.03072912399577514,2025-11-30,3117265000000.0,3364316000000.0,0.07925248575273516,102067000000.0,-7418000000.0,-1.0726777508891219,20111,True,passed,20111,0,0,3,2025,00162461,0.04546274218184432,0.04546274218184432,0.0,0.04546274218184432,215.0,215.0,-0.1428630696406683,-0.10074405336792357,278.0,1.0,-0.10074405336792357,0.33177383057995624,1.992674224511047,59.0,1.0,0.49816855612776173,1.0621548550420896,1.0056050302228396,83.0,1.0,-0.35196176057799383,0
064400,2025,3,202503,LG씨엔에스,00139834,CFS,CFS,4707458949000.0,2757260671000.0,1950198278000.0,0.7072955772776842,0.5349105848141488,6218087748000.0,0.06022730618132166,,1,1,0,missing_prev_yoy,539958589000.0,0.05748645423898635,,1,1,0,missing_prev_yoy,393737812000.0,0.025287657294704058,,1,1,0,missing_prev_yoy,457469683000.0,-0.2610165105764414,,1,1,0,missing_prev_yoy,25626192000.0,-1.6433149555899864,,1,1,0,missing_prev_yoy,4707458949000.0,0.09717974983025178,0.005443742001285798,0.08683675928723802,0.11470277167572598,10,20233,20254,0,0,457469683000.0,0.09717974983025178,2025-11-30,1460159054000.0,1522342589000.0,0.04258682287361278,140789544000.0,120174788000.0,-0.14642249285216805,62021,True,passed,62021,0,0,3,2025,00139834,0.04476367479834847,0.04476367479834847,0.0,0.04476367479834847,216.0,216.0,,0.0,195.0,1.0,0.0,,0.0,194.0,1.0,0.0,0.5349105848141488,-0.12789621370956705,249.0,1.0,0.04476367479834847,0
287840,2025,3,202503,인투셀,01374443,CFS,OFS,41214494406.0,24076972077.0,17137522329.0,0.7117806289841137,0.5375341322336337,1683513022.0,,,1,0,0,missing_ttm_yoy,-10561779804.0,,,1,0,0,missing_ttm_yoy,-10446284728.0,,,1,0,0,missing_ttm_yoy,-7082823309.0,,,1,0,0,missing_ttm_yoy,1388074586.0,,,1,0,0,missing_ttm_yoy,41214494406.0,-0.1718527282957251,0.033679282155598254,-6.273654950083302,-0.2562637236297728,7,20242,20254,0,0,-7082823309.0,-0.1718527282957251,2025-11-30,39402451.0,1422502451.0,35.10187729184664,-3722416663.0,-1299295954.0,0.6509536487640637,70113,True,passed,70113,0,0,3,2025,01374443,0.04278958413298069,0.04278958413298069,0.0,0.04278958413298069,217.0,217.0,,0.0,195.0,1.0,0.0,,0.0,194.0,1.0,0.0,0.5375341322336337,-0.12225595466565911,247.0,1.0,0.04278958413298069,0
000100,2025,3,202503,유한양행,00145109,CFS,CFS,3052991689275.0,2216765436859.0,836226252416.0,0.37722811737847806,0.3200728686102124,2136665320662.0,0.06363102029700118,-0.009275084506374931,1,1,1,,66477335434.0,-0.08493895232353577,-0.1480188344537845,1,1,1,,52077212696.0,-0.6793414835676876,-1.568998464872041,1,1,1,,152064905379.0,1.5458687284713397,2.018689305221042,1,1,1,,129094001754.0,-0.15802436590867275,-0.085790031167155,1,1,1,,3052991689275.0,0.04980848978829391,0.042284426193330456,0.031112657088197333,0.021774489484374097,41,20154,20254,0,0,152064905379.0,0.04980848978829391,2025-11-30,578987017426.0,570013578017.0,-0.0154985157506522,49861015710.0,22013818741.0,-0.5584963838475323,212,True,passed,212,0,0,3,2025,00145109,0.03658320448816077,0.03658320448816077,0.0,0.03658320448816077,218.0,218.0,-0.1480188344537845,-0.10786802981382312,282.0,1.0,-0.10786802981382312,-0.009275084506374931,-0.24786910948006807,303.0,1.0,-0.06196727737001702,0.3200728686102124,-0.589767176205717,333.0,1.0,0.20641851167200093,0
097230,2025,3,202503,HJ중공업,00633835,CFS,CFS,2288031000000.0,347306000000.0,1940725000000.0,5.587939741899074,1.8852406656280067,1849864000000.0,-0.14804085651676913,-0.23708131686869371,1,1,1,,18577000000.0,-0.21490152987913114,0.9737575570434184,1,1,1,,-16648000000.0,-1.8711669283097856,-0.705209481501275,1,1,1,,104763000000.0,-1.6587127928471723,-0.16780605901503653,1,1,1,,9232000000.0,0.38038277511961716,0.8590232490828227,1,1,1,,2288031000000.0,0.04578740410422761,0.004034910366161997,0.01004235987077969,0.008119208175064061,41,20154,20254,0,1,104763000000.0,0.04578740410422761,2025-11-30,507777000000.0,452208000000.0,-0.10943583502206677,5339000000.0,5794000000.0,0.08522195167634389,41221,True,passed,41221,1,0,3,2025,00633835,0.03473842642420366,0.03473842642420366,0.0,0.03473842642420366,219.0,219.0,0.9737575570434184,1.44214615435959,72.0,1.0,1.44214615435959,-0.23708131686869371,-1.7444571729014755,400.0,1.0,-0.4361142932253689,1.8852406656280067,2.775124099171478,35.0,1.0,-0.9712934347100173,0
007340,2025,3,202503,DN오토모티브,00116949,CFS,CFS,5119876563000.0,2328638786000.0,2791237777000.0,1.1986563969393578,0.7878464451296249,3626976691590.0,0.0921600858315903,0.09652817748004527,1,1,1,,498672811753.0,-0.02998640159971122,-0.035510539685929765,1,1,1,,288822128560.0,-0.10767943114514378,-0.4983296685734132,1,1,1,,178185061184.0,-0.25028939780612525,-0.2159176862597949,1,1,1,,201788585829.0,1.0651233848187238,0.7975337192018177,1,1,1,,5119876563000.0,0.03480260881125465,0.03941278336420705,0.13748994111522425,0.09739938172665667,41,20154,20254,0,0,178185061184.0,0.03480260881125465,2025-11-30,909635342000.0,918734341000.0,0.010002908396230718,121590097000.0,118686243000.0,-0.023882323245453124,28202,True,passed,28202,0,0,3,2025,00116949,0.013835225312206878,0.013835225312206878,0.0,0.013835225312206878,220.0,220.0,-0.035510539685929765,0.04759027190224846,187.0,1.0,0.04759027190224846,0.09652817748004527,0.447212396051718,143.0,1.0,0.1118030990129295,0.7878464451296249,0.41588041600848885,165.0,1.0,-0.1455581456029711,0
051900,2025,3,202503,LG생활건강,00356370,CFS,CFS,7230532788502.0,5786910746389.0,1443622042113.0,0.2494633329214231,0.22271412546126337,6492620180719.0,-0.040860538939837654,-0.0016615955483917366,1,1,1,,286774644830.0,-0.39031539863697684,-0.22850897322067376,1,1,1,,75494638074.0,-0.5645574263487811,-0.5542858022689299,1,1,1,,468923241377.0,-0.024035036677461652,0.4031933681055251,1,1,1,,112122349029.0,-0.25192527876282433,-0.17264741881054257,1,1,1,,7230532788502.0,0.0648532072384323,0.015506789376198813,0.04416932407067777,0.03966162013483008,41,20154,20254,0,0,468923241377.0,0.0648532072384323,2025-11-30,1604872243862.0,1579950874205.0,-0.01552856917571748,54814037403.0,46195070525.0,-0.15724013932110537,20422,True,passed,20422,0,0,3,2025,00356370,0.011127985108589755,0.011127985108589755,0.0,0.011127985108589755,221.0,221.0,-0.22850897322067376,-0.2190852543163373,303.0,1.0,-0.2190852543163373,-0.0016615955483917366,-0.19785179179147155,292.0,1.0,-0.04946294794786789,0.22271412546126337,-0.7990748210651284,389.0,1.0,0.2796761873727949,0
440110,2025,3,202503,파두,01292291,CFS,CFS,106271516709.0,58725384631.0,47546132078.0,0.8096350901191256,0.593125217283185,92526195692.0,2.8639383204519553,,1,1,0,missing_prev_yoy,-62066947864.0,-0.3334486543769879,,1,1,0,missing_prev_yoy,-61681764006.0,-0.31985713442452457,,1,1,0,missing_prev_yoy,-22249787012.0,-0.8306314684463176,,1,1,0,missing_prev_yoy,-16272478516.0,-2.492881406233958,,1,1,0,missing_prev_yoy,106271516709.0,-0.20936736108628148,-0.15312173026153775,-0.6708040614855457,-0.5840412349995531,10,20233,20254,0,0,-22249787012.0,-0.20936736108628148,2025-11-30,23679326011.0,25644431133.0,0.08298822023427227,-12564211319.0,-11426230242.0,0.0905732200857772,26112,True,passed,26112,0,0,3,2025,01292291,0.0009600211302535769,0.0009600211302535769,0.0,0.0009600211302535769,222.0,222.0,,0.0,195.0,1.0,0.0,,0.0,194.0,1.0,0.0,0.593125217283185,-0.00274291751501022,232.0,1.0,0.0009600211302535769,0
160190,2025,3,202503,하이젠알앤엠,00650771,CFS,CFS,111883820031.0,61825199327.0,50058620704.0,0.8096798918388386,0.5931499742993268,70199438121.0,,,1,0,0,missing_ttm_yoy,-6710022650.0,,,1,0,0,missing_ttm_yoy,-7632866816.0,,,1,0,0,missing_ttm_yoy,-9699917983.0,,,1,0,0,missing_ttm_yoy,5161270511.0,,,1,0,0,missing_ttm_yoy,111883820031.0,-0.08669634251237054,0.046130624692381356,-0.09558513329457423,-0.059973127911978986,7,20242,20254,0,0,-9699917983.0,-0.08669634251237054,2025-11-30,16711093054.0,15884752499.0,-0.04944862387695253,-1391926870.0,-2088091383.0,-0.500144460175555,28111,True,passed,28111,0,0,3,2025,00650771,0.0009413926907197965,0.0009413926907197965,0.0,0.0009413926907197965,223.0,223.0,,0.0,195.0,1.0,0.0,,0.0,194.0,1.0,0.0,0.5931499742993268,-0.0026896934020565616,231.0,1.0,0.0009413926907197965,0
950160,2025,3,202503,코오롱티슈진,01245062,CFS,OFS,290238375.0,131486879.0,158751496.0,1.2073561803835955,0.7917955009244879,3587364.0,-0.04517511021159726,0.2508570770329348,1,1,1,,-14789455.0,-0.055968814034833336,-0.23874450512642387,1,1,1,,-62289477.0,3.4386377934975014,3.2540505893653853,1,1,1,,-16737939.0,0.765492708534951,1.4394845875994333,1,1,1,,77081647.0,0.3116152380297672,-1.7354584642656086,1,1,1,,290238375.0,-0.05766962759490367,0.26558048018288416,-4.12265245455995,-0.050956235542594944,33,20174,20254,0,0,-16737939.0,-0.05766962759490367,2025-11-30,940892.0,1214461.0,0.29075494318157663,-3874324.0,-2531261.0,0.34665737816455205,211,True,passed,211,0,0,3,2025,01245062,-0.016486244391350824,-0.016486244391350824,0.0,-0.016486244391350824,224.0,224.0,-0.23874450512642387,-0.23322819738121792,304.0,1.0,-0.23322819738121792,0.2508570770329348,1.4610862770106476,79.0,1.0,0.3652715692526619,0.7917955009244879,0.4243703321794138,163.0,1.0,-0.14852961626279482,0
008930,2025,3,202503,한미사이언스,00161426,CFS,CFS,1446327760846.0,921898060287.0,524429700559.0,0.5688586657788797,0.45034839052136244,1344641015125.0,0.04751199060738398,-0.018554045818947262,1,1,1,,113621850341.0,-0.030241290036804758,-0.10620358752670978,1,1,1,,72649717160.0,-0.2964792751116412,-0.29651666705330215,1,1,1,,73230019929.0,0.730169809662534,0.605331103289859,1,1,1,,2039963356.0,4.356986390189803,5.155887538216019,1,1,1,,1446327760846.0,0.05063169076293301,0.001410443338795326,0.08449976541169059,0.0785588532674912,41,20154,20254,0,0,73230019929.0,0.05063169076293301,2025-11-30,338268934102.0,342511980369.0,0.012543410994166471,34612153908.0,39301846394.0,0.13549265088978063,64992,True,passed,64992,0,0,3,2025,00161426,-0.018904214067689967,-0.018904214067689967,0.0,-0.018904214067689967,225.0,225.0,-0.10620358752670978,-0.05008982522424905,273.0,1.0,-0.05008982522424905,-0.018554045818947262,-0.30882785761149883,309.0,1.0,-0.07720696440287471,0.45034839052136244,-0.3096930730269537,276.0,1.0,0.1083925755594338,0
086450,2025,3,202503,동국제약,00114808,CFS,CFS,1037318303900.0,743400407579.0,293917896321.0,0.39536956574746807,0.33315930187054926,894934785631.0,0.13410133475714714,0.021958318874522043,1,1,1,,89909523710.0,0.08025793985207219,-0.22358890768769357,1,1,1,,66625080939.0,0.040197112115655464,-0.24864536905083257,1,1,1,,75786702898.0,0.32770993534031456,-0.1373659646460963,1,1,1,,37714666060.0,0.07580481495245217,0.2753127143905104,1,1,1,,1037318303900.0,0.0730602194264433,0.03635785266509265,0.10046488878695967,0.08667496116858986,41,20154,20254,0,0,75786702898.0,0.0730602194264433,2025-11-30,233460830713.0,226809457795.0,-0.028490316331379464,22141217108.0,24797346099.0,0.1199630976944034,212,True,passed,212,0,0,3,2025,00114808,-0.026385143997582405,-0.026385143997582405,0.0,-0.026385143997582405,226.0,226.0,-0.22358890768769357,-0.2122869552783235,299.0,1.0,-0.2122869552783235,0.021958318874522043,-0.04267920666155309,268.0,1.0,-0.010669801665388272,0.33315930187054926,-0.561633179846084,325.0,1.0,0.19657161294612938,0
000250,2025,3,202503,삼천당제약,00128546,CFS,CFS,529956225170.0,354987480876.0,174968744294.0,0.4928870839676681,0.4007118854006677,220736719457.0,0.060107573173525,-0.06735266143875451,1,1,1,,2496874051.0,-0.5263562653572833,-0.09036809453238537,1,1,1,,-4819818364.0,-1.4471612267592007,0.5541727870113302,1,1,1,,5451014764.0,-0.8579870052936558,-3.4038364707799604,1,1,1,,64755443910.0,1.050745084271933,1.185364938626161,1,1,1,,529956225170.0,0.010285783061141356,0.12219017502667823,0.011311548242368423,0.004711472254522626,41,20154,20254,0,0,5451014764.0,0.010285783061141356,2025-11-30,56900188945.0,58024413361.0,0.019757832739126416,-1079593760.0,3433627849.0,4.180481377550755,212,True,passed,212,0,0,3,2025,00128546,-0.03982092331019002,-0.03982092331019002,0.0,-0.03982092331019002,227.0,227.0,-0.09036809453238537,-0.02820913764637828,268.0,1.0,-0.02820913764637828,-0.06735266143875451,-0.6294135803582706,344.0,1.0,-0.15735339508956764,0.4007118854006677,-0.4164045983593026,293.0,1.0,0.1457416094257559,0
034020,2025,3,202503,두산에너빌리티,00159616,CFS,CFS,27027903000000.0,11866190000000.0,15161713000000.0,1.2777237681176519,0.8231765969689157,16787077030307.0,0.017495589486440144,0.06696939759986131,1,1,1,,785589237803.0,-0.27216781474548957,-0.020513429229613078,1,1,1,,91968440462.0,-0.78050766652659,-5.790477139365532,1,1,1,,545312720299.0,-2.8819383972467456,-1.6864299280209754,1,1,1,,711346573419.0,0.12137957411957045,0.06980241597363213,1,1,1,,27027903000000.0,0.020175916729425883,0.026318970192360094,0.046797261749899365,0.0290658597451308,41,20154,20254,0,0,545312720299.0,0.020175916729425883,2025-11-30,4569021000000.0,3880350000000.0,-0.1507261621253218,271106000000.0,137059000000.0,-0.4944449772413742,29119,True,passed,29119,0,0,3,2025,00159616,-0.0405738154537752,-0.0405738154537752,0.0,-0.0405738154537752,228.0,228.0,-0.020513429229613078,0.06831252466590385,182.0,1.0,0.06831252466590385,0.06696939759986131,0.25302404273385926,163.0,1.0,0.06325601068346481,0.8231765969689157,0.49183528800898246,153.0,1.0,-0.17214235080314386,0
022100,2025,3,202503,포스코DX,00155212,CFS,CFS,809575607928.0,573265199817.0,236310408111.0,0.4122183034770573,0.3451617329827344,1175963002550.0,-0.19858426022007103,-0.1317616101476139,1,1,1,,84773274379.0,-0.15186546492462305,-0.04668405034542644,1,1,1,,74413013368.0,-0.06592419946947703,-0.016254689038839087,1,1,1,,142025211341.0,1.0715101219657432,3.473536666038928,1,1,1,,7559169234.0,-0.5443775657065495,-0.6096598374755107,1,1,1,,809575607928.0,0.17543168290914105,0.009337199836525064,0.07208838559986548,0.10471322696587389,41,20154,20254,0,0,142025211341.0,0.17543168290914105,2025-11-30,272857095032.0,244723536287.0,-0.10310730143081148,17081846937.0,21659261676.0,0.26796954427012964,72129,True,passed,72129,0,0,3,2025,00155212,-0.04344645427698754,-0.04344645427698754,0.0,-0.04344645427698754,229.0,229.0,-0.04668405034542644,0.03215127698266617,190.0,1.0,0.03215127698266617,-0.1317616101476139,-1.052552415567526,376.0,1.0,-0.2631381038918815,0.3451617329827344,-0.5358296360920795,319.0,1.0,0.1875403726322278,0
060250,2025,3,202503,NHN KCP,00357740,CFS,CFS,607164973333.0,286835999799.0,320328973534.0,1.1167669809872895,0.7498899157059175,1188033840229.0,0.09506952171628091,-0.07662824822058978,1,1,1,,51221099316.0,0.16425301254435687,0.10662518230754414,1,1,1,,46386180886.0,0.13432216387072593,-0.08865446270121335,1,1,1,,49171771277.0,-2.314446376161594,-0.9690303325285448,1,1,1,,3407968509.0,2.4370879997259984,3.1527959376925105,1,1,1,,607164973333.0,0.08098584970584545,0.005612920143090826,0.043114175355583186,0.08436109058601401,41,20154,20254,0,1,49171771277.0,0.08098584970584545,2025-11-30,300661675649.0,317512161420.0,0.05604467458191007,12370181593.0,15762976617.0,0.27427204673534494,661,True,passed,661,1,0,3,2025,00357740,-0.045598997917778286,-0.045598997917778286,0.0,-0.045598997917778286,230.0,230.0,0.10662518230754414,0.24398626208133292,161.0,1.0,0.24398626208133292,-0.07662824822058978,-0.6903501592875316,352.0,1.0,-0.1725875398218829,0.7498899157059175,0.3342792005063666,178.0,1.0,-0.1169977201772283,0
499790,2025,3,202503,GS피앤엘,01882845,CFS,CFS,2429418347161.0,1256714774864.0,1172703572297.0,0.9331501433361508,0.6591508709480539,366904531473.0,,,1,0,0,missing_ttm_yoy,46670542535.0,,,1,0,0,missing_ttm_yoy,25997782426.0,,,1,0,0,missing_ttm_yoy,82066049442.0,,,1,0,0,missing_ttm_yoy,201867350659.0,,,1,0,0,missing_ttm_yoy,2429418347161.0,0.03378012252928845,0.08309287319530646,0.1272007798530949,0.019210582890978347,5,20244,20254,0,0,82066049442.0,0.03378012252928845,2025-11-30,112145167893.0,121961937049.0,0.08753626518590957,11563712655.0,19929295893.0,0.7234340291552324,64992,True,passed,64992,0,0,3,2025,01882845,-0.0487210426106162,-0.0487210426106162,0.0,-0.0487210426106162,231.0,231.0,,0.0,195.0,1.0,0.0,,0.0,194.0,1.0,0.0,0.6591508709480539,0.13920297888747488,205.0,1.0,-0.0487210426106162,0
192080,2025,3,202503,더블유게임즈,01010110,CFS,CFS,1773757871192.0,1590916003402.0,182841867790.0,0.11492867467484937,0.10879043396450426,675877066798.0,0.07086261889454093,-0.005000800411393946,1,1,1,,228731186987.0,-0.08896298240617295,-0.3318220397375641,1,1,1,,213060323751.0,0.0010510231608169551,4.371695587794174,1,1,1,,235289565373.0,-0.06233095269713551,111.89286937528877,1,1,1,,1853019889.0,0.1396289841069307,-1.4761467845115783,1,1,1,,1773757871192.0,0.13265032910883198,0.0010446859287252855,0.33842128727732246,0.12895288060556323,40,20161,20254,0,0,235289565373.0,0.13265032910883198,2025-11-30,171945692649.0,186153548331.0,0.08262990170392401,54317738818.0,59152283808.0,0.08900490144110917,5821,True,passed,5821,0,0,3,2025,01010110,-0.05138710812652236,-0.05138710812652236,0.0,-0.05138710812652236,232.0,232.0,-0.3318220397375641,-0.3618380522227912,320.0,1.0,-0.3618380522227912,-0.005000800411393946,-0.21978891830230202,299.0,1.0,-0.054947229575575504,0.10879043396450426,-1.0439947819195554,434.0,1.0,0.36539817367184435,0
009150,2025,3,202503,삼성전기,00126371,CFS,CFS,13842213156877.0,9425735078673.0,4416478078204.0,0.46855529476919827,0.3842791248592563,10904595004227.0,0.0788036467534945,-0.10043692263221016,1,1,1,,788869665189.0,0.08007534091015445,-0.07881152177286865,1,1,1,,714872847546.0,0.3236355723536317,0.2911991769877438,1,1,1,,1459953602025.0,0.08815701408505294,0.07076515603302469,1,1,1,,843989449776.0,-0.09281697292909086,0.2750357074492109,1,1,1,,13842213156877.0,0.10547111112067185,0.060972146593241454,0.07234286691832266,0.05699013996162014,41,20154,20254,0,0,1459953602025.0,0.10547111112067185,2025-11-30,2784629132129.0,2889035756675.0,0.03749390658215784,213008153549.0,260277272715.0,0.22191225255199584,2622,True,passed,2622,0,0,3,2025,00126371,-0.06582509550233373,-0.06582509550233373,0.0,-0.06582509550233373,233.0,233.0,-0.07881152177286865,-0.012240846787827392,266.0,1.0,-0.012240846787827392,-0.10043692263221016,-0.8467628156087447,363.0,1.0,-0.21169070390218617,0.3842791248592563,-0.45173272910765666,300.0,1.0,0.15810645518767982,0
005180,2025,3,202503,빙그레,00124726,CFS,CFS,1100072642618.0,774923867920.0,325148774698.0,0.4195880242671362,0.35036670576359286,1488266847603.0,0.026419834937538855,-0.029309334208727833,1,1,1,,99841279073.0,-0.15727463142128617,-0.18393316730356968,1,1,1,,80369466993.0,-0.117351868757958,-0.1355441957531356,1,1,1,,98542470586.0,-0.42327962098595207,-0.806472997112747,1,1,1,,44851395826.0,-0.6429572600958526,-2.095711656225279,1,1,1,,1100072642618.0,0.089578148540704,0.04077130371978047,0.06708560311869084,0.09075880555977962,41,20154,20254,0,0,98542470586.0,0.089578148540704,2025-11-30,409607281954.0,479232013736.0,0.16997923340098003,26831207999.0,58927702018.0,1.1962373822377375,104,True,passed,104,0,0,3,2025,00124726,-0.06874012056172299,-0.06874012056172299,0.0,-0.06874012056172299,234.0,234.0,-0.18393316730356968,-0.15749264819074765,290.0,1.0,-0.15749264819074765,-0.029309334208727833,-0.3794854338151204,316.0,1.0,-0.0948713584537801,0.35036670576359286,-0.5246396745222993,315.0,1.0,0.18362388608280475,0
044490,2025,3,202503,태웅,00186799,CFS,OFS,840293200926.0,610143663001.0,230149537925.0,0.37720548762730133,0.3200564371005647,366973825656.0,-0.04312997558515019,0.09888925589657316,1,1,1,,12383156153.0,-0.5517059473191152,-0.3611143670719732,1,1,1,,14017150646.0,-0.4005107260555947,-0.2459890768283527,1,1,1,,10169481935.0,-0.8846306119089685,-2.3555384378117927,1,1,1,,19900147747.0,-0.18545814278865413,-3.194450547855169,1,1,1,,840293200926.0,0.012102301820118583,0.02368238577328736,0.03374397651076055,0.014736708733753656,41,20154,20254,0,0,10169481935.0,0.012102301820118583,2025-11-30,87022462157.0,86435823691.0,-0.00674123038419238,4749735780.0,700180934.0,-0.8525852875967765,25912,True,passed,25912,0,0,3,2025,00186799,-0.08020092684215124,-0.08020092684215124,0.0,-0.08020092684215124,235.0,235.0,-0.3611143670719732,-0.4023127165141175,321.0,1.0,-0.4023127165141175,0.09888925589657316,0.4627236563817581,141.0,1.0,0.11568091409543953,0.3200564371005647,-0.5898025016472193,334.0,1.0,0.20643087557652673,0
025320,2025,3,202503,시노펙스,00203023,CFS,CFS,264115349421.0,176578179915.0,87537169506.0,0.49574171365985337,0.40262221334944515,257429037209.0,0.02492643637133307,0.03899230869958448,1,1,1,,18772530721.0,-0.14872973697319558,-0.24958281266338045,1,1,1,,27500082224.0,0.4282145951407452,-1.7272239116203916,1,1,1,,20736750479.0,-0.5256851162819043,-0.5243520888304416,1,1,1,,-15253235779.0,0.1668173448916117,2.1087249760997024,1,1,1,,264115349421.0,0.07851399217977903,-0.05775217461778919,0.07292312834841186,0.07107701525925544,41,20154,20254,0,0,20736750479.0,0.07851399217977903,2025-11-30,67652475495.0,70798467408.0,0.046502243857026504,5664081563.0,829463698.0,-0.8535572468768138,2629,True,passed,2629,0,0,3,2025,00203023,-0.0865931659346035,-0.0865931659346035,0.0,-0.0865931659346035,236.0,236.0,-0.24958281266338045,-0.2482040254892551,306.0,1.0,-0.2482040254892551,0.03899230869958448,0.06922671259391543,179.0,1.0,0.017306678148478857,0.40262221334944515,-0.4122976611604936,291.0,1.0,0.14430418140617274,0
006260,2025,3,202503,LS,00105952,CFS,CFS,23173440000000.0,7522752000000.0,15650688000000.0,2.080447155509048,1.125074766807915,29940636000000.0,0.13825856298023065,0.061158510623725126,1,1,1,,1095065000000.0,0.17900801247197995,0.11684265444937814,1,1,1,,406295000000.0,-0.38248253284069134,-0.8999030869496911,1,1,1,,1456339000000.0,5.980788127753199,6.622914499664148,1,1,1,,1054963000000.0,0.26894828764157386,-0.01073696601184193,1,1,1,,23173440000000.0,0.06284517965394866,0.045524660991203725,0.03657454036714517,0.04725517661598796,41,20154,20254,0,0,1456339000000.0,0.06284517965394866,2025-11-30,7854425000000.0,8072773000000.0,0.02779936150641199,235640000000.0,257128000000.0,0.09118995077236462,64992,True,passed,64992,0,0,3,2025,00105952,-0.087489395497582,-0.087489395497582,0.0,-0.087489395497582,237.0,237.0,0.11684265444937814,0.25810425107297313,158.0,1.0,0.25810425107297313,0.061158510623725126,0.21484903761571653,166.0,1.0,0.05371225940392913,1.125074766807915,1.1408740170699552,73.0,1.0,-0.3993059059744843,0
456040,2025,3,202503,OCI,01760738,CFS,CFS,2337355112000.0,1143568411000.0,1193786701000.0,1.0439136736525332,0.714866437424397,2061911118000.0,-0.05851039630419286,,1,1,0,missing_prev_yoy,18013873000.0,-0.836716126964068,,1,1,0,missing_prev_yoy,-59507871000.0,-1.6361655783901305,,1,1,0,missing_prev_yoy,138214784000.0,0.035406663222921964,,1,1,0,missing_prev_yoy,82902053000.0,0.2463453106757476,,1,1,0,missing_prev_yoy,2337355112000.0,0.05913298466732941,0.03546831740473674,0.008736493461208448,0.0077069474413693625,11,20232,20254,0,0,138214784000.0,0.05913298466732941,2025-11-30,526975389000.0,476378142000.0,-0.09601444024931495,-2272091000.0,-10345900000.0,-3.5534707896822795,20129,True,passed,20129,0,0,3,2025,01760738,-0.09064427177726177,-0.09064427177726177,0.0,-0.09064427177726177,238.0,238.0,,0.0,195.0,1.0,0.0,,0.0,194.0,1.0,0.0,0.714866437424397,0.25898363364931937,186.0,1.0,-0.09064427177726177,0
281740,2025,3,202503,레이크머티리얼즈,01255652,CFS,CFS,356505752509.0,130928904081.0,225576848428.0,1.7228957197140018,1.0016959168562154,144119685952.0,0.14727720589248983,0.1311998775355574,1,1,1,,16715066370.0,-0.2773455170896022,-0.03669466404904187,1,1,1,,12840297599.0,-0.2881489633110914,0.029692393019501218,1,1,1,,15510155620.0,-99.11812786594498,-98.1076464322466,1,1,1,,24493905671.0,-0.4833975904282628,-0.2665663159257471,1,1,1,,356505752509.0,0.04350604586558093,0.0687054991360389,0.11598045235518388,0.04688582513006723,25,20194,20254,0,0,15510155620.0,0.04350604586558093,2025-11-30,31244737888.0,36167760870.0,0.1575632671218778,4344284611.0,1379907552.0,-0.6823625347874336,204,True,passed,204,0,0,3,2025,01255652,-0.09176766469182523,-0.09176766469182523,0.0,-0.09176766469182523,239.0,239.0,-0.03669466404904187,0.0459541084274588,188.0,1.0,0.0459541084274588,0.1311998775355574,0.6749904155708615,122.0,1.0,0.16874760389271537,1.0016959168562154,0.8756267914628554,97.0,1.0,-0.3064693770119994,0
295310,2025,3,202503,에이치브이엠,01011368,CFS,OFS,168435917698.0,82138226810.0,86297690888.0,1.0506398085220607,0.7181518461747853,55392227429.0,,,1,0,0,missing_ttm_yoy,-3776923635.0,,,1,0,0,missing_ttm_yoy,-6034453121.0,,,1,0,0,missing_ttm_yoy,-7486043783.0,,,1,0,0,missing_ttm_yoy,19210871940.0,,,1,0,0,missing_ttm_yoy,168435917698.0,-0.044444462234131246,0.11405448554294965,-0.06818508318411895,-0.02242350495439992,7,20242,20254,0,0,-7486043783.0,-0.044444462234131246,2025-11-30,16726700727.0,13404998582.0,-0.19858681034677425,3768816009.0,-296086906.0,-1.0785623138123324,24219,True,passed,24219,0,0,3,2025,01011368,-0.09311638060894911,-0.09311638060894911,0.0,-0.09311638060894911,240.0,240.0,,0.0,195.0,1.0,0.0,,0.0,194.0,1.0,0.0,0.7181518461747853,0.2660468017398546,185.0,1.0,-0.09311638060894911,0
007310,2025,3,202503,오뚜기,00141529,CFS,CFS,3630819268096.0,2223710198527.0,1407109069569.0,0.632775381657681,0.49028125502212677,3670505840988.0,0.05420690237186876,0.04492415544305528,1,1,1,,181574273101.0,-0.244550988225274,-0.21523308755843162,1,1,1,,99264218547.0,-0.39661465004571395,0.05798169537774167,1,1,1,,223188292490.0,-0.4109313724566479,-0.5771115170585073,1,1,1,,207645725490.0,0.2581008065843764,-0.23743261525425896,1,1,1,,3630819268096.0,0.06147050459138933,0.057189771827692575,0.04946846047032176,0.05000917415429974,41,20154,20254,0,0,223188292490.0,0.06147050459138933,2025-11-30,902001635019.0,955537738829.0,0.05935255739184143,45104724632.0,55337551539.0,0.22686818266794645,108,True,passed,108,0,0,3,2025,00141529,-0.09534715567336927,-0.09534715567336927,0.0,-0.09534715567336927,241.0,241.0,-0.21523308755843162,-0.20074130338287619,297.0,1.0,-0.20074130338287619,0.04492415544305528,0.10819637087878672,174.0,1.0,0.02704909271969668,0.49028125502212677,-0.22384301425660066,264.0,1.0,0.07834505498981023,0
030000,2025,3,202503,제일기획,00148276,CFS,CFS,3439267814191.0,1493444736712.0,1945823077479.0,1.302909327440509,0.8341732485656453,4511436277680.0,0.042634455065542864,0.011336101141888433,1,1,1,,328894173663.0,0.04639963857890339,0.01019360037923045,1,1,1,,,,,0,0,0,missing_ttm_yoy,262136393662.0,0.47684824893216815,0.7251328847395327,1,1,1,,12279829697.0,-0.6884338835968671,-1.144709575925291,1,1,1,,3439267814191.0,0.07621866275734067,0.003570477892512862,0.07290232055147931,0.0956291255673452,41,20154,20254,0,0,262136393662.0,0.07621866275734067,2025-11-30,1118834219151.0,1188923358462.0,0.06264479411810038,92117590305.0,95888789982.0,0.04093897446202851,71310,True,passed,71310,0,0,3,2025,00148276,-0.097790479609099,-0.097790479609099,0.0,-0.097790479609099,242.0,242.0,0.01019360037923045,0.1107419533901213,174.0,1.0,0.1107419533901213,0.011336101141888433,-0.11246256640931822,277.0,1.0,-0.028115641602329555,0.8341732485656453,0.5154765468482593,149.0,1.0,-0.18041679139689074,0
011210,2025,3,202503,현대위아,00106623,CFS,CFS,6900229000000.0,4025037000000.0,2875192000000.0,0.7143268496662266,0.5390204960834285,8097254000000.0,-0.057040999670551096,-0.04091361582948916,1,1,1,,193631000000.0,-0.145761919257426,-0.10527680909170123,1,1,1,,166154000000.0,0.8511742947546681,2.5698489790793992,1,1,1,,268839000000.0,-0.3369269245567822,0.03557997417768888,1,1,1,,265446000000.0,0.16604216176800035,-0.29250420607371974,1,1,1,,6900229000000.0,0.03896088086351917,0.038469158052580575,0.02391316858777062,0.028061532450589684,41,20154,20254,0,0,268839000000.0,0.03896088086351917,2025-11-30,2178558000000.0,2151875000000.0,-0.01224800992215952,56331000000.0,51848000000.0,-0.07958317800145569,303,True,passed,303,0,0,3,2025,00106623,-0.12106821287401393,-0.12106821287401393,0.0,-0.12106821287401393,243.0,243.0,-0.10527680909170123,-0.04880924940652124,272.0,1.0,-0.04880924940652124,-0.04091361582948916,-0.4557205270262245,324.0,1.0,-0.11393013175655613,0.5390204960834285,-0.11906048082589558,246.0,1.0,0.041671168289063455,0
247540,2025,3,202503,에코프로비엠,01160363,CFS,CFS,4624471523400.0,1962657173680.0,2661814349720.0,1.3562299037325372,0.8570628432579342,2499490648754.0,-0.2822319729792141,0.2634705876605773,1,1,1,,98295645293.0,-1.6896703703613687,-0.2972119962474169,1,1,1,,62402612546.0,-1.3527432272296984,0.3878059438966912,1,1,1,,-28499031449.0,-1.0281563229737183,7.579522352163469,1,1,1,,486982321021.0,,,1,0,0,missing_ttm_yoy,4624471523400.0,-0.006162656923022193,0.10530550757137354,0.03932627047114601,0.021255541264687292,29,20184,20254,0,0,-28499031449.0,-0.006162656923022193,2025-11-30,779716508199.0,625060142880.0,-0.1983494817574498,49000956082.0,50480514861.0,0.03019448797129697,28202,True,passed,28202,0,0,3,2025,01160363,-0.12566783153259006,-0.12566783153259006,0.0,-0.12566783153259006,244.0,244.0,-0.2972119962474169,-0.3140156352676733,313.0,1.0,-0.3140156352676733,0.2634705876605773,1.5439515667238155,74.0,1.0,0.3859878916809539,0.8570628432579342,0.5646859655596305,142.0,1.0,-0.19764008794587065,0
083650,2025,3,202503,비에이치아이,00409788,CFS,CFS,786241131355.0,164014991341.0,622226140014.0,3.7937150435251565,1.5673056940130023,656374757967.0,0.9378830851686026,1.032887930166014,1,1,1,,58843441659.0,1.3056279589622841,-0.17404191461544816,1,1,1,,60580270687.0,2.423413307109157,-34.090320382077884,1,1,1,,165839754474.0,5.319617589764496,5.808521486352088,1,1,1,,17430816262.0,2.481497017266345,1.2754055812642409,1,1,1,,786241131355.0,0.21092734513671835,0.02216980970196752,0.08964915384811069,0.0748414695089658,41,20154,20254,0,0,165839754474.0,0.21092734513671835,2025-11-30,169299323933.0,204694842420.0,0.2090706428397064,20389794178.0,18353914794.0,-0.09984796149618103,29176,True,passed,29176,0,0,3,2025,00409788,-0.12588838614245923,-0.12588838614245923,0.0,-0.12588838614245923,245.0,245.0,-0.17404191461544816,-0.14382541282901115,287.0,1.0,-0.14382541282901115,1.032887930166014,3.0,1.0,1.0,0.75,1.5673056940130023,2.0916084951812803,47.0,1.0,-0.732062973313448,0
003850,2025,3,202503,보령,00123143,CFS,CFS,1356023446058.0,818350194451.0,537673251607.0,0.6570209859456373,0.5050214033887497,1028993158157.0,0.03788823995718538,-0.15681493636234145,1,1,1,,80265140212.0,0.13533160997287275,0.007317218702402206,1,1,1,,56446517940.0,-0.0895222028815672,-1.2829742674213995,1,1,1,,98156860357.0,0.2279674325548633,25.04237158447064,1,1,1,,27745968139.0,0.19827057763929967,0.9997966843776693,1,1,1,,1356023446058.0,0.07238581356564658,0.02046127463330988,0.07800357035974911,0.05919155781954443,41,20154,20254,0,0,98156860357.0,0.07238581356564658,2025-11-30,251518343105.0,280010259195.0,0.11327967470788257,25366419828.0,29435792690.0,0.16042361868930904,212,True,passed,212,0,0,3,2025,00123143,-0.13026414278758555,-0.13026414278758555,0.0,-0.13026414278758555,246.0,246.0,0.007317218702402206,0.10676751389221946,176.0,1.0,0.10676751389221946,-0.15681493636234145,-1.2171418939727088,381.0,1.0,-0.3042854734931772,0.5050214033887497,-0.19215376232392056,258.0,1.0,0.0672538168133722,0
489790,2025,3,202503,한화비전,01867758,CFS,CFS,1775226041917.0,798374663138.0,976851378779.0,1.2235500747725383,0.7991050514132677,1685507201143.0,,,1,0,0,missing_ttm_yoy,126177526090.0,,,1,0,0,missing_ttm_yoy,-3940306036.0,,,1,0,0,missing_ttm_yoy,-3914678119.0,,,1,0,0,missing_ttm_yoy,107797645413.0,,,1,0,0,missing_ttm_yoy,1775226041917.0,-0.0022051716381834316,0.060723334869847545,0.07486027114238059,0.0710768787245514,6,20243,20254,0,0,-3914678119.0,-0.0022051716381834316,2025-11-30,457161852438.0,422742391618.0,-0.0752894421011822,56267894060.0,31157096955.0,-0.4462722041493799,264,True,passed,264,0,0,3,2025,01867758,-0.154029694241476,-0.154029694241476,0.0,-0.154029694241476,247.0,247.0,,0.0,195.0,1.0,0.0,,0.0,194.0,1.0,0.0,0.7991050514132677,0.4400848406899314,160.0,1.0,-0.154029694241476,0
036620,2025,3,202503,감성코퍼레이션,00261009,CFS,OFS,167435039464.0,115807811001.0,51627228463.0,0.4458009180620312,0.36866343656935485,236287103563.0,0.17296910596013504,-0.09366566897220507,1,1,1,,38137790942.0,0.10356038115584809,-0.15954144378849855,1,1,1,,30459935246.0,0.02012966206324407,-0.5786681549501942,1,1,1,,21160399037.0,0.3515344582187425,-0.565411188952502,1,1,1,,3936373713.0,-0.21993711166459684,-0.4699623691065079,1,1,1,,167435039464.0,0.12637975363304807,0.023509856273819883,0.16140445401765874,0.22777664140127585,41,20154,20254,0,0,21160399037.0,0.12637975363304807,2025-11-30,53624407742.0,45908563227.0,-0.143886801549824,8742020083.0,6200546893.0,-0.29071921202082646,467,True,passed,467,0,0,3,2025,00261009,-0.15450255209737004,-0.15450255209737004,0.0,-0.15450255209737004,248.0,248.0,-0.15954144378849855,-0.1237893917205916,285.0,1.0,-0.1237893917205916,-0.09366566897220507,-0.8022786182412,357.0,1.0,-0.2005696545603,0.36866343656935485,-0.4853042690957758,308.0,1.0,0.16985649418352153,0
120110,2025,3,202503,코오롱인더,00795135,CFS,CFS,7699169358397.0,3989184652231.0,3709984706166.0,0.9300107740290101,0.6575255852996635,4969022013049.0,0.02536814352542094,0.09439225608684698,1,1,1,,134912028401.0,-0.17656564004757036,-0.22783833872970116,1,1,1,,109744604342.0,1.1107501242054614,1.4939579181248304,1,1,1,,,,,0,0,0,missing_ttm_yoy,211834301108.0,-0.19037124009847406,-0.011986798149368982,1,1,1,,7699169358397.0,,0.027513916274223223,0.027150619990555798,0.017522932945209204,41,20154,20254,1,0,0.0,,2025-11-30,1258513221825.0,1180606751572.0,-0.061903577095539744,45304529602.0,26898523634.0,-0.4062729737996762,205,True,passed,205,0,1,3,2025,00795135,-0.1573616203383873,-0.1573616203383873,0.0,-0.1573616203383873,249.0,249.0,-0.22783833872970116,-0.21815860531455536,302.0,1.0,-0.21815860531455536,0.09439225608684698,0.43318031963168874,147.0,1.0,0.10829507990792218,0.6575255852996635,0.13570884266215466,206.0,1.0,-0.04749809493175413,0
277810,2025,3,202503,레인보우로보틱스,01261644,CFS,CFS,141084185585.0,131372293907.0,9711891678.0,0.07392648319648862,0.07132154234385148,30754230350.0,1.131413117667563,1.078872081686109,1,1,1,,-3139375647.0,-0.8786243596175365,-1.021875913288066,1,1,1,,,,,0,0,0,missing_ttm_yoy,-2147229422.0,-0.05859294566482942,1.8683106990073055,1,1,1,,16645514157.0,0.8303040629780096,-1.3541512490626155,1,1,1,,141084185585.0,-0.015219490498503416,0.11798284894922867,-0.10207947366174293,-0.02225178983727129,21,20204,20254,0,0,-2147229422.0,-0.015219490498503416,2025-11-30,6223476913.0,10694822851.0,0.7184642926303726,-2057342968.0,-719767639.0,0.6501469856045897,29280,True,passed,29280,0,0,3,2025,01261644,-0.17172810432840513,-0.17172810432840513,0.0,-0.17172810432840513,250.0,250.0,-1.021875913288066,-1.3153197799132168,378.0,1.0,-1.3153197799132168,1.078872081686109,3.0,1.0,1.0,0.75,0.07132154234385148,-1.1245476445280334,449.0,1.0,0.3935916755848117,0
484870,2025,3,202503,엠앤씨솔루션,01519790,CFS,OFS,419816239800.0,180146898360.0,239669341440.0,1.330410590589532,0.846044471189979,542920041545.0,,,1,0,0,missing_ttm_yoy,69267878131.0,,,1,0,0,missing_ttm_yoy,55273264175.0,,,1,0,0,missing_ttm_yoy,7833867807.0,,,1,0,0,missing_ttm_yoy,14959057065.0,,,1,0,0,missing_ttm_yoy,419816239800.0,0.01866023051116852,0.035632392572823,0.12758394023157224,0.16499570898924526,5,20244,20254,0,0,7833867807.0,0.01866023051116852,2025-11-30,97426631253.0,87590766231.0,-0.100956636758362,13449223099.0,11485417263.0,-0.1460163030640793,292,True,passed,292,0,0,3,2025,01519790,-0.18934930376360112,-0.18934930376360112,0.0,-0.18934930376360112,251.0,251.0,,0.0,195.0,1.0,0.0,,0.0,194.0,1.0,0.0,0.846044471189979,0.5409980107531461,146.0,1.0,-0.18934930376360112,0
001430,2025,3,202503,세아베스틸지주,00106669,CFS,CFS,3892701735174.0,1942489591489.0,1950212143685.0,1.0039755951485332,0.6951330050788709,3619774195265.0,-0.020236771603057924,0.11570660760930263,1,1,1,,32531466598.0,-0.7056947747455349,-0.261715128953131,1,1,1,,4288587122.0,-0.9327981430889604,-0.5179406918409702,1,1,1,,131436376031.0,-0.6609441215112438,-1.7584135104703558,1,1,1,,166659601015.0,-0.2145908150323037,-1.0310209898093694,1,1,1,,3892701735174.0,0.033764820675408085,0.04281334978970601,0.008987153574539034,0.008357040639422603,41,20154,20254,0,0,131436376031.0,0.033764820675408085,2025-11-30,964508023158.0,925909360482.0,-0.04001901668958641,44495774299.0,26956604639.0,-0.3941760748367104,2411,True,passed,2411,0,0,3,2025,00106669,-0.19746209295993666,-0.19746209295993666,0.0,-0.19746209295993666,252.0,252.0,-0.261715128953131,-0.2649678497937519,309.0,1.0,-0.2649678497937519,0.11570660760930263,0.5732063572746842,131.0,1.0,0.14330158931867104,0.6951330050788709,0.21655952138530238,195.0,1.0,-0.07579583248485583,0
000270,2025,3,202503,기아,00106641,CFS,CFS,97983587000000.0,58759255000000.0,39224332000000.0,0.6675430449211788,0.5113513125201494,113201299000000.0,0.08193261225646031,0.02126662045136829,1,1,1,,9952022000000.0,-0.1984830810396888,-0.25372724291816773,1,1,1,,7824690000000.0,-0.1894570338235111,-0.23941670447148677,1,1,1,,11190695000000.0,0.08737903416616466,0.2072218116600053,1,1,1,,5113192000000.0,0.21908229652842803,-0.3717318363683788,1,1,1,,97983587000000.0,0.11420989313240798,0.05218416835464495,0.08791437985177185,0.10156825550793522,41,20154,20254,0,0,11190695000000.0,0.11420989313240798,2025-11-30,29349635000000.0,28686037000000.0,-0.02261009378821917,2764766000000.0,1462251000000.0,-0.47111220262401954,30121,True,passed,30121,0,0,3,2025,00106641,-0.2032455611107515,-0.2032455611107515,0.0,-0.2032455611107515,253.0,253.0,-0.25372724291816773,-0.2539305907200172,308.0,1.0,-0.2539305907200172,0.02126662045136829,-0.04722336505811917,271.0,1.0,-0.011805841264529793,0.5113513125201494,-0.17854534535370142,256.0,1.0,0.06249087087379549,0
005290,2025,3,202503,동진쎄미켐,00118804,CFS,CFS,1926762980452.0,1061264491279.0,865498489173.0,0.8155351434871156,0.5963802691550821,1245243962603.0,-0.09128864100285772,-0.09836672627654441,1,1,1,,180160562246.0,-0.0782963209629749,-0.06680988978202673,1,1,1,,95242644432.0,-0.3057803481894986,-0.3938186239161726,1,1,1,,196003467129.0,-0.1359526572395019,-0.9303266889350083,1,1,1,,77580821718.0,-0.6729285329886456,-0.7302508252674671,1,1,1,,1926762980452.0,0.10172681804537238,0.04026484964943653,0.14467892851245048,0.0935042680775069,41,20154,20254,0,0,196003467129.0,0.10172681804537238,2025-11-30,376841102993.0,139968853417.0,-0.62857328379171,53838021830.0,18535781078.0,-0.6557120702441678,20129,True,passed,20129,0,0,3,2025,00118804,-0.2054374721525702,-0.2054374721525702,0.0,-0.2054374721525702,254.0,254.0,-0.06680988978202673,0.004342404526818195,194.0,1.0,0.004342404526818195,-0.09836672627654441,-0.8331625241562254,362.0,1.0,-0.20829063103905635,0.5963802691550821,0.004254987543805848,227.0,1.0,-0.0014892456403320467,0
161390,2025,3,202503,한국타이어앤테크놀로지,00937324,CFS,CFS,26705479907008.0,13209522563609.0,13495957343399.0,1.0216839615823134,0.7039308084723408,18277582434854.0,1.0057815704125108,0.9900617700091241,1,1,1,,1767486147160.0,-0.007821061442013222,-0.7083213251527608,1,1,1,,942448212036.0,-0.2522036721247024,-1.403130024039661,1,1,1,,1539367892390.0,-0.2138401960477755,-0.48769130527998683,1,1,1,,2056042514557.0,1.2835383655696506,-0.44505960275588663,1,1,1,,26705479907008.0,0.057642397655847485,0.07698953629428908,0.09670240325599815,0.06618439935603553,41,20154,20254,0,0,1539367892390.0,0.057642397655847485,2025-11-30,5369659666942.0,5412726880899.0,0.008020473666541815,353640275653.0,585951861726.0,0.6569149558659135,221,True,passed,221,0,0,3,2025,00937324,-0.21448157185677158,-0.21448157185677158,0.0,-0.21448157185677158,255.0,255.0,-0.7083213251527608,-0.8820658241282264,356.0,1.0,-0.8820658241282264,0.9900617700091241,3.0,1.0,1.0,0.75,0.7039308084723408,0.23547356493870047,192.0,1.0,-0.08241574772854517,0
036460,2025,3,202503,한국가스공사,00261285,CFS,CFS,52949554000000.0,11152412000000.0,41797142000000.0,3.747811863478501,1.5576838515896725,36713942454827.0,-0.05907386078066512,0.19206507979283838,1,1,1,,2803899368460.0,0.18977558670924854,0.0894535456185308,1,1,1,,872628946465.0,4.516938025036166,5.318619556244464,1,1,1,,4130469572566.0,-0.15838040029968392,2.313223443524119,1,1,1,,2325342227664.0,0.4318115164118055,0.21687250493597232,1,1,1,,52949554000000.0,0.07800763671335173,0.043916181572823065,0.07637151395304197,0.05295416404187276,40,20154,20253,0,0,4130469572566.0,0.07800763671335173,2025-11-30,7630102000000.0,6372167000000.0,-0.1648647685181666,404628000000.0,388997000000.0,-0.03863054459898969,35200,True,passed,35200,0,0,3,2025,00261285,-0.23585155707663863,-0.23585155707663863,0.0,-0.23585155707663863,256.0,256.0,0.0894535456185308,0.22025935836398933,166.0,1.0,0.22025935836398933,0.19206507979283838,1.0748483748171227,93.0,1.0,0.2687120937042807,1.5576838515896725,2.0709228832711677,48.0,1.0,-0.7248230091449086,0
232140,2025,3,202503,와이씨,01109539,CFS,CFS,570022069373.0,447329014556.0,122693054817.0,0.27427922362420415,0.24238070395518277,249858073492.0,0.2342710145875777,0.515984080595873,1,1,1,,8851512473.0,-0.4148216502014249,-0.9770227056120501,1,1,1,,12998352216.0,-0.012653794934319729,0.0019257503005047916,1,1,1,,12894991326.0,-0.396332296056217,1.301388814669518,1,1,1,,17614792041.0,-0.7733081454867163,-1.9367722580245792,1,1,1,,570022069373.0,0.022621915920174707,0.030901947463850866,0.0354261615375955,0.015528368020445747,36,20171,20254,0,0,12894991326.0,0.022621915920174707,2025-11-30,80403850103.0,66565956328.0,-0.1721048650938133,4364462440.0,4888638584.0,0.12010096345335945,292,True,passed,292,0,0,3,2025,01109539,-0.23846582167007857,-0.23846582167007857,0.0,-0.23846582167007857,257.0,257.0,-0.9770227056120501,-1.2533438739925105,373.0,1.0,-1.2533438739925105,0.515984080595873,3.0,1.0,1.0,0.75,0.24238070395518277,-0.7567944352069483,370.0,1.0,0.2648780523224319,0
060370,2025,3,202503,LS마린솔루션,00225742,CFS,CFS,705527252197.0,625812329146.0,79714923051.0,0.12737831988670004,0.1198948662930128,229317901926.0,1.0191184159087032,0.012963862928271563,1,1,1,,10540613300.0,-0.145178070039107,-0.49018027327732705,1,1,1,,10964094823.0,-0.0343465245485719,6.0315147473691155,1,1,1,,20386469940.0,-8.69601569667731,-7.598729086021894,1,1,1,,,,,0,0,0,missing_ttm_yoy,705527252197.0,0.0288953685013823,,0.045965069501644994,0.014940051241361276,41,20154,20254,0,1,20386469940.0,0.0288953685013823,2025-11-30,66986959531.0,76972868236.0,0.1490724280503992,3416376038.0,2052839180.0,-0.39911790822600307,423,True,passed,423,1,0,3,2025,00225742,-0.24904907888516314,-0.24904907888516314,0.0,-0.24904907888516314,258.0,258.0,-0.49018027327732705,-0.5806494927449735,337.0,1.0,-0.5806494927449735,0.012963862928271563,-0.10176887803067905,275.0,1.0,-0.025442219507669762,0.1198948662930128,-1.0201218096213718,430.0,1.0,0.3570426333674801,0
001680,2025,3,202503,대상,00121941,CFS,CFS,3502078598014.0,1458044772299.0,2044033825715.0,1.4019005894393974,0.8762603362232411,4396464196107.0,0.046528594079971564,0.02845482215916939,1,1,1,,182274006304.0,0.1598585830201269,-0.10361097147948684,1,1,1,,84019187334.0,-0.003236500179992441,0.008359451457238043,1,1,1,,121266577806.0,-0.445816768141021,-0.24853301636059677,1,1,1,,137859013791.0,-0.2531089258615761,-0.3970357525045479,1,1,1,,3502078598014.0,0.034627029180547025,0.03936491141837271,0.04145922681808731,0.052047377351086895,41,20154,20254,0,0,121266577806.0,0.034627029180547025,2025-11-30,1076032912852.0,1145422319482.0,0.06448632360704006,40802324548.0,50894741698.0,0.24734907292174602,108,True,passed,108,0,0,3,2025,00121941,-0.25859273795724025,-0.25859273795724025,0.0,-0.25859273795724025,259.0,259.0,-0.10361097147948684,-0.046507478797838994,271.0,1.0,-0.046507478797838994,0.02845482215916939,0.0,194.0,1.0,0.0,0.8762603362232411,0.605957883312575,133.0,1.0,-0.21208525915940127,0
376300,2025,3,202503,디어유,01456011,CFS,CFS,229716427562.0,200781111763.0,28935315799.0,0.14411373432952676,0.13463030613616808,77804994964.0,-0.0018546660818066218,-0.13963222471502545,1,1,1,,26505895666.0,-0.09807879385576335,-0.3184611088408037,1,1,1,,13815652130.0,-0.444890959914095,-0.6990089443885336,1,1,1,,27359138670.0,0.5256864927200415,0.6099995439161646,1,1,1,,406860698.0,-0.9028427954888326,,1,1,0,missing_prev_yoy,229716427562.0,0.11909961756050652,0.0017711432408994308,0.34067087438620297,0.11538528588185584,17,20214,20254,0,0,27359138670.0,0.11909961756050652,2025-11-30,20183639734.0,22303836738.0,0.10504532541910461,7441596410.0,8714822328.0,0.17109580362206178,58222,True,passed,58222,0,0,3,2025,01456011,-0.273486386163896,-0.273486386163896,0.0,-0.273486386163896,260.0,260.0,-0.3184611088408037,-0.3433765900626731,316.0,1.0,-0.3433765900626731,-0.13963222471502545,-1.10425893690029,378.0,1.0,-0.2760647342250725,0.13463030613616808,-0.9884426803538564,424.0,1.0,0.3459549381238497,0
007070,2025,3,202503,GS리테일,00140177,CFS,CFS,7755559729975.0,3247248416787.0,4508311313188.0,1.388348144195498,0.8706019739307587,11865481198762.0,0.02667374018289559,0.033506255403793817,1,1,1,,266508661322.0,-0.20401057294866531,-0.14495598088894457,1,1,1,,79546417021.0,-1.9748315705422046,-0.1629123292018564,1,1,1,,897936643408.0,0.6852020054249763,1.1384755311057502,1,1,1,,288098540975.0,-0.33849361860291083,-0.39253231688582724,1,1,1,,7755559729975.0,0.11577973410964813,0.03714735634895674,0.022460838870134194,0.034363562476600135,41,20154,20254,0,0,897936643408.0,0.11577973410964813,2025-11-30,2973822850490.0,3196330594985.0,0.07482212481430667,86246034871.0,113885591073.0,0.3204733555964754,47122,True,passed,47122,0,0,3,2025,00140177,-0.30316712115851374,-0.30316712115851374,0.0,-0.30316712115851374,261.0,261.0,-0.14495598088894457,-0.10363593284197324,279.0,1.0,-0.10363593284197324,0.033506255403793817,0.03318572375601724,187.0,1.0,0.00829643093900431,0.8706019739307587,0.5937931978729852,138.0,1.0,-0.20782761925554483,0
036830,2025,3,202503,솔브레인홀딩스,00247975,CFS,CFS,2283343185330.0,1572480531388.0,710862653942.0,0.4520645182897969,0.37298634949932186,550483106826.0,0.03473967696024749,0.23397990810913194,1,1,1,,34681069186.0,-0.6641434394400003,-0.6649537127056788,1,1,1,,87504705524.0,0.2412243021341407,0.3653485247478002,1,1,1,,93528751057.0,-0.11572356365313596,-0.7267733241757064,1,1,1,,36500119844.0,-0.7320621604111388,-1.2102097677365318,1,1,1,,2283343185330.0,0.04096132007571291,0.015985384973448407,0.06300115072734139,0.01518872388908447,41,20154,20254,0,0,93528751057.0,0.04096132007571291,2025-11-30,169413808602.0,98416358894.0,-0.41907711239048223,19410966777.0,-15375376722.0,-1.792097420939293,715,True,passed,715,0,0,3,2025,00247975,-0.3179862738280653,-0.3179862738280653,0.0,-0.3179862738280653,262.0,262.0,-0.6649537127056788,-0.8221426389585017,350.0,1.0,-0.8221426389585017,0.23397990810913194,1.3502106030056549,82.0,1.0,0.3375526507514137,0.37298634949932186,-0.47601061251149335,306.0,1.0,0.16660371437902266,0
282330,2025,3,202503,BGF리테일,01263022,CFS,CFS,3578491630694.0,1256461888596.0,2322029742098.0,1.848070174808637,1.0466416332772912,8985326030007.0,0.05431360345326608,0.0026583547741294566,1,1,1,,241325011282.0,-0.03883172324930728,-0.025705675612972656,1,1,1,,188939357901.0,-0.007407780363578587,0.031894640477021174,1,1,1,,877417454354.0,0.24249088921121853,0.05221183469639268,1,1,1,,240602282644.0,0.08742335857707362,0.041311875592628056,1,1,1,,3578491630694.0,0.2451919816796768,0.06723567007402458,0.02685768000805776,0.0674376346760376,33,20174,20254,0,0,877417454354.0,0.2451919816796768,2025-11-30,2290149968095.0,2462231428825.0,0.07513982190133224,69423840540.0,97630927160.0,0.40630259577396755,47122,True,passed,47122,0,0,3,2025,01263022,-0.32151858112178616,-0.32151858112178616,0.0,-0.32151858112178616,263.0,263.0,-0.025705675612972656,0.06113813982153308,184.0,1.0,0.06113813982153308,0.0026583547741294566,-0.16947159332097494,287.0,1.0,-0.042367898330243736,1.0466416332772912,0.9722537788945015,86.0,1.0,-0.3402888226130755,0
030200,2025,3,202503,케이티,00190321,CFS,CFS,43012753000000.0,19259936000000.0,23752817000000.0,1.2332760088091674,0.803469569702002,27974804000000.0,0.05393399490084505,0.043594882284280434,1,1,1,,1586645000000.0,-0.08298289701217876,-0.20975211896479296,1,1,1,,975713000000.0,-0.14785188523358872,-0.04720835668952783,1,1,1,,4615914000000.0,-0.15148842475192614,-0.27274202450327234,1,1,1,,451851000000.0,0.12777512935004265,0.290059013240624,1,1,1,,43012753000000.0,0.10731500957402099,0.010505047189144112,0.05671692999171683,0.03688778070076101,41,20154,20254,0,0,4615914000000.0,0.10731500957402099,2025-11-30,7427337000000.0,7126734000000.0,-0.040472513903704654,1014818000000.0,538181000000.0,-0.46967732145074287,612,True,passed,612,0,0,3,2025,00190321,-0.3256158509447249,-0.3256158509447249,0.0,-0.3256158509447249,264.0,264.0,-0.20975211896479296,-0.19316797671319103,296.0,1.0,-0.19316797671319103,0.043594882284280434,0.09946362321943003,176.0,1.0,0.024865905804857508,0.803469569702002,0.4494679429611183,158.0,1.0,-0.1573137800363914,0
457190,2025,3,202503,이수스페셜티케미컬,01762569,CFS,CFS,365262233673.0,129600861132.0,235661372541.0,1.8183627059466536,1.0361561156080143,393173898414.0,0.43340248427968064,,1,1,0,missing_prev_yoy,904469513.0,-0.7053940446950077,,1,1,0,missing_prev_yoy,2144819745.0,-2.4671495332283953,,1,1,0,missing_prev_yoy,25062692835.0,-5.963858313302344,,1,1,0,missing_prev_yoy,-39379633497.0,0.142512592663391,,1,1,0,missing_prev_yoy,365262233673.0,0.0686156150965153,-0.10781194951639733,0.002300431225593774,0.002476219629674947,11,20232,20254,0,0,25062692835.0,0.0686156150965153,2025-11-30,99707789560.0,103986105087.0,0.04290853849914592,-4652559392.0,-1460814951.0,0.686019064364477,20111,True,passed,20111,0,0,3,2025,01762569,-0.33239898521248734,-0.33239898521248734,0.0,-0.33239898521248734,265.0,265.0,,0.0,195.0,1.0,0.0,,0.0,194.0,1.0,0.0,1.0361561156080143,0.9497113863213925,90.0,1.0,-0.33239898521248734,0
285130,2025,3,202503,SK케미칼,01267170,CFS,CFS,5744122312082.0,3142362822685.0,2601759489397.0,0.8279627898518478,0.6032021171638642,2258977642414.0,0.36679510006524496,0.445750488685009,1,1,1,,9958775720.0,-1.897109530332307,-0.8068609063476753,1,1,1,,87061636920.0,-4.502911478732122,-3.3278033655820725,1,1,1,,182855328519.0,12.209103982770216,12.874734237155462,1,1,1,,444115578531.0,0.34901938450067527,0.6663880199841145,1,1,1,,5744122312082.0,0.031833467078928326,0.07731652538053756,0.0044085322196273724,0.0017337332283215898,33,20174,20254,0,0,182855328519.0,0.031833467078928326,2025-11-30,596865084017.0,609916412061.0,0.021866462611889473,-962758092.0,15571792003.0,17.17414814000857,20202,True,passed,20202,0,0,3,2025,01267170,-0.33948236291328315,-0.33948236291328315,0.0,-0.33948236291328315,266.0,266.0,-0.8068609063476753,-1.0182228601581702,363.0,1.0,-1.0182228601581702,0.445750488685009,2.741451394739598,43.0,1.0,0.6853628486848995,0.6032021171638642,0.018921004114321217,224.0,1.0,-0.006622351440012426,0
047050,2025,3,202503,포스코인터내셔널,00124504,CFS,CFS,17387534364000.0,7412772715000.0,9974761649000.0,1.3456181691387525,0.8525489787318458,32488245772000.0,0.0055774710947789075,0.03214011152173124,1,1,1,,1044316807000.0,-0.12018535841783484,-0.18255534358695502,1,1,1,,397450851000.0,-0.41839559589162434,-0.3945098118653604,1,1,1,,1828793394000.0,1.4753589618462941,2.116131768227122,1,1,1,,1180912320000.0,0.19313984140500873,-0.335452842050743,1,1,1,,17387534364000.0,0.10517842010920324,0.06791718108376646,0.032144450467684056,0.0600612361211032,41,20154,20254,0,0,1828793394000.0,0.10517842010920324,2025-11-30,8144101621000.0,8248268133000.0,0.012790423897879797,313699256000.0,315858181000.0,0.006882148933117011,461,True,passed,461,0,0,3,2025,00124504,-0.34377977926902414,-0.34377977926902414,0.0,-0.34377977926902414,267.0,267.0,-0.18255534358695502,-0.1555888406937893,289.0,1.0,-0.1555888406937893,0.03214011152173124,0.02421075144902946,189.0,1.0,0.006052687862257365,0.8525489787318458,0.5549817898214064,144.0,1.0,-0.19424362643749224,0
004690,2025,3,202503,삼천리,00128555,CFS,CFS,4231932621066.0,1874897316362.0,2357035304704.0,1.2571543434056045,0.8141048798152439,5246344535285.0,0.002682025603589988,0.13583819682218612,1,1,1,,127122011729.0,-0.11520847031844828,-0.3274481184635115,1,1,1,,120412853435.0,-0.08652977367132408,-0.34038027507413837,1,1,1,,187372563884.0,-0.3957441201015899,-2.3935235714567877,1,1,1,,163423487724.0,0.24025846628740566,0.13431420774674985,1,1,1,,4231932621066.0,0.044275885431465566,0.03861675086944899,0.024230587769069247,0.030038760800728127,41,20154,20254,0,0,187372563884.0,0.044275885431465566,2025-11-30,1100196894821.0,914848261078.0,-0.16846860286145043,29228432336.0,22777405890.0,-0.2207106550170471,35200,True,passed,35200,0,0,3,2025,00128555,-0.3447451767602,-0.3447451767602,0.0,-0.3447451767602,268.0,268.0,-0.3274481184635115,-0.35579438784669326,318.0,1.0,-0.35579438784669326,0.13583819682218612,0.7054621599420399,120.0,1.0,0.17636553998550997,0.8141048798152439,0.4723323682829049,155.0,1.0,-0.1653163288990167,0
005850,2025,3,202503,에스엘,00125521,CFS,CFS,3959619513764.0,2570445303476.0,1389174210288.0,0.5404410700392757,0.4320687845346893,5068357445922.0,0.028737246248450754,0.02129875327814368,1,1,1,,334399118011.0,-0.20335795935002132,-0.40007118707410927,1,1,1,,323446974369.0,-0.15962104019836776,-0.49630090894631707,1,1,1,,491498982495.0,-0.03393048073505012,-0.5557381089410857,1,1,1,,249295474084.0,0.06770778013553258,-0.3618726503132237,1,1,1,,3959619513764.0,0.12412783116824849,0.06295945184061906,0.0659778087040916,0.08445233610163755,41,20154,20254,0,0,491498982495.0,0.12412783116824849,2025-11-30,1294709816672.0,1302607983892.0,0.006100337788665204,105897947355.0,68355360325.0,-0.35451666408742166,303,True,passed,303,0,0,3,2025,00125521,-0.3457472752893315,-0.3457472752893315,0.0,-0.3457472752893315,269.0,269.0,-0.40007118707410927,-0.4561412905786948,325.0,1.0,-0.4561412905786948,0.02129875327814368,-0.047012266334008984,270.0,1.0,-0.011753066583502246,0.4320687845346893,-0.34899166249390146,281.0,1.0,0.1221470818728655,0
078160,2025,3,202503,메디포스트,00453929,CFS,CFS,374567448725.0,265171743941.0,109395704784.0,0.4125466128409981,0.34539418373537756,73585083229.0,0.05326302507761316,0.028145271794431492,1,1,1,,-65476706960.0,0.6581489668474203,-0.4611202340370555,1,1,1,,-98477019025.0,7.329726319998796,-0.9133759707595459,1,1,1,,-63151978960.0,1.618753802962666,1.1958310910936096,1,1,1,,4686058174.0,0.6772345012201331,0.09587486897121389,1,1,1,,374567448725.0,-0.16859975199383898,0.012510585716807472,-0.889809511477124,-0.17480618559588637,41,20154,20254,0,0,-63151978960.0,-0.16859975199383898,2025-11-30,17835930287.0,18688527461.0,0.04780222619626569,-18994119593.0,-14063695195.0,0.2595763585597847,211,True,passed,211,0,0,3,2025,00453929,-0.3536387304890909,-0.3536387304890909,0.0,-0.3536387304890909,270.0,270.0,-0.4611202340370555,-0.540495792456328,336.0,1.0,-0.540495792456328,0.028145271794431492,-0.0020336115306874743,264.0,1.0,-0.0005084028826718686,0.34539418373537756,-0.5353298995711683,318.0,1.0,0.18736546484990887,0
121600,2025,3,202503,나노신소재,00439965,CFS,CFS,445648063217.0,242413357920.0,203234705297.0,0.8383808014576097,0.6088851849864638,105596697148.0,0.21887283651998657,0.1409408986188545,1,1,1,,1735795329.0,-0.7827290711966691,-0.45171608465918145,1,1,1,,-5263974996.0,-1.6922202823812413,-1.3440009094157446,1,1,1,,7164993373.0,-0.5225117370143988,-0.23784225568006856,1,1,1,,12713392568.0,-0.8026545218366465,-1.9968848413985836,1,1,1,,445648063217.0,0.01607769440593561,0.028527875732760565,0.016437969897554472,0.003894991299793413,41,20154,20254,0,0,7164993373.0,0.01607769440593561,2025-11-30,29360181181.0,31249388627.0,0.06434590557712812,1845545612.0,903110465.0,-0.5106539447587493,2049,True,passed,2049,0,0,3,2025,00439965,-0.353654019028763,-0.353654019028763,0.0,-0.353654019028763,271.0,271.0,-0.45171608465918145,-0.5275016119438148,334.0,1.0,-0.5275016119438148,0.1409408986188545,0.7389846958309922,116.0,1.0,0.18474617395774806,0.6088851849864638,0.031138802979132005,219.0,1.0,-0.010898581042696202,0
004170,2025,3,202503,신세계,00136378,CFS,CFS,15477995935921.0,6647571215560.0,8830424720361.0,1.3283685776380378,0.8451678410649922,6816989330772.0,0.05371166401863148,0.10937665024589971,1,1,1,,411034727528.0,-0.29057200110780546,-0.2978154312645529,1,1,1,,96013162945.0,-0.6406501495758723,-0.1870508189746347,1,1,1,,836763398653.0,0.03589686508485923,-0.21100125845365336,1,1,1,,497976334222.0,-0.5217181361191315,-1.8708976205888566,1,1,1,,15477995935921.0,0.05406148199787658,0.03217317902676969,0.060295638966689095,0.026556068965884624,41,20154,20254,0,0,836763398653.0,0.05406148199787658,2025-11-30,1693824109664.0,1636131871623.0,-0.03406034765465954,75339516369.0,99753401154.0,0.3240515198614362,47111,True,passed,47111,0,0,3,2025,00136378,-0.37063379278215713,-0.37063379278215713,0.0,-0.37063379278215713,272.0,272.0,-0.2978154312645529,-0.3148494314171353,314.0,1.0,-0.3148494314171353,0.10937665024589971,0.5316212850235958,137.0,1.0,0.13290532125589896,0.8451678410649922,0.5391133789169166,147.0,1.0,-0.18868968262092078,0
294870,2025,3,202503,HDC현대산업개발,01310269,CFS,CFS,8114771963213.0,3205819528275.0,4908952434938.0,1.5312628772897359,0.928718339184112,4247001271220.0,-0.007776046496514977,-0.08948214291921375,1,1,1,,249017173656.0,0.13010354203143404,-0.016638475487284587,1,1,1,,191889815012.0,0.15780776496530313,0.03330836148982774,1,1,1,,-280950809558.0,-4.632967487998557,-3.863463942813384,1,1,1,,83732298803.0,0.875826734420464,0.8561156577368465,1,1,1,,8114771963213.0,-0.034622144754238915,0.010318502994611158,0.058633647073165804,0.03068689727633492,31,20182,20254,0,0,-280950809558.0,-0.034622144754238915,2025-11-30,1163210276482.0,1053003177434.0,-0.09474391799676074,80277863404.0,72987400816.0,-0.09081535405732707,411,True,passed,411,0,0,3,2025,01310269,-0.3715892578596023,-0.3715892578596023,0.0,-0.3715892578596023,273.0,273.0,-0.016638475487284587,0.07366674080839963,181.0,1.0,0.07366674080839963,-0.08948214291921375,-0.7747946680042225,356.0,1.0,-0.19369866700105562,0.928718339184112,0.7187352333341325,117.0,1.0,-0.2515573316669463,0
028050,2025,3,202503,삼성E&A,00126308,CFS,CFS,8547035145055.0,4236811435495.0,4310223709560.0,1.017327246015711,0.701773489746364,8850094003074.0,-0.13366111878891251,-0.08508447340327152,1,1,1,,810469590297.0,-0.14299430269378466,-0.15139092934245257,1,1,1,,567337009582.0,-0.11361229259747496,0.04752662326215862,1,1,1,,1723267646329.0,6.055790146637022,6.622369254550861,1,1,1,,86734081062.0,0.19943547093260672,-0.03744344295349844,1,1,1,,8547035145055.0,0.20162168717956183,0.0101478559044163,0.09157751205981436,0.09482464697315629,41,20154,20254,0,0,1723267646329.0,0.20162168717956183,2025-11-30,2178022750175.0,1995609066761.0,-0.08375196420668397,180856635847.0,176546857607.0,-0.023829804307794158,72129,True,passed,72129,0,0,3,2025,00126308,-0.37979586420371325,-0.37979586420371325,0.0,-0.37979586420371325,274.0,274.0,-0.15139092934245257,-0.11252742088982726,283.0,1.0,-0.11252742088982726,-0.08508447340327152,-0.7459038881682976,355.0,1.0,-0.1864759720420744,0.701773489746364,0.23083563220517608,193.0,1.0,-0.08079247127181162,0
100790,2025,3,202503,미래에셋벤처투자,00340096,CFS,CFS,1080343847820.0,359115346191.0,721228501629.0,2.0083477614610366,1.101391011592864,229007623195.0,-0.010655850063002181,,1,1,0,missing_prev_yoy,7378112225.0,-0.7228032757876163,,1,1,0,missing_prev_yoy,,,,0,0,0,missing_ttm_yoy,30859220057.0,-0.5695202168146969,,1,1,0,missing_prev_yoy,-112121720.0,,,1,0,0,missing_ttm_yoy,1080343847820.0,0.028564257684504876,-0.00010378336510755139,0.032217758177934264,0.006829411061939322,10,20233,20254,0,0,30859220057.0,0.028564257684504876,2025-11-30,85874675799.0,21773387189.0,-0.7464515937159025,4445598041.0,9806893382.0,1.2059784288986284,649,True,passed,649,0,0,3,2025,00340096,-0.3814850426107615,-0.3814850426107615,0.0,-0.3814850426107615,275.0,275.0,,0.0,195.0,1.0,0.0,,0.0,194.0,1.0,0.0,1.101391011592864,1.0899572646021758,77.0,1.0,-0.3814850426107615,0
015750,2025,3,202503,성우하이텍,00132992,CFS,CFS,4776180159810.0,1997762233075.0,2778417926735.0,1.3907650674016383,0.8716134266020725,4432428351073.0,0.011107615664637915,-0.009798396030787693,1,1,1,,267857697471.0,0.13836961636256695,-0.167167934417229,1,1,1,,192019336218.0,0.35581325868580516,-0.15335870650726702,1,1,1,,408009201684.0,-0.15549439056729575,-0.29374046660632647,1,1,1,,397589311698.0,-0.13423643967613752,-0.4280996647008093,1,1,1,,4776180159810.0,0.08542583990387644,0.08324420319057152,0.06043136544015588,0.056081991991201514,41,20154,20254,0,0,408009201684.0,0.08542583990387644,2025-11-30,1153919361798.0,1185106352095.0,0.02702701014428377,65383671135.0,63430613435.0,-0.029870725612323786,303,True,passed,303,0,0,3,2025,00132992,-0.4057427403106557,-0.4057427403106557,0.0,-0.4057427403106557,276.0,276.0,-0.167167934417229,-0.13432729280283884,286.0,1.0,-0.13432729280283884,-0.009798396030787693,-0.25130703904312485,304.0,1.0,-0.06282675976078121,0.8716134266020725,0.5959676792772448,136.0,1.0,-0.20858868774703568,0
012510,2025,3,202503,더존비즈온,00172291,CFS,CFS,1072861136983.0,589324755294.0,483536381689.0,0.8204922283432252,0.5991069196559474,430618732925.0,0.09271749266369467,-0.11361659346486741,1,1,1,,111080001397.0,0.35155063465756053,-0.1955826488328689,1,1,1,,73089822654.0,0.06929631415053472,-2.036019060979278,1,1,1,,125991184345.0,0.4099937132013107,0.5588387812438083,1,1,1,,21206343718.0,-0.016961514873149675,0.3462730711607155,1,1,1,,1072861136983.0,0.11743475460328506,0.019766158906300308,0.2579544104885622,0.10353623369131332,41,20154,20254,0,0,125991184345.0,0.11743475460328506,2025-11-30,105889523908.0,114667525985.0,0.08289773863396148,25220053082.0,34824861511.0,0.3808401353387762,62022,True,passed,62022,0,0,3,2025,00172291,-0.4104671150566989,-0.4104671150566989,0.0,-0.4104671150566989,277.0,277.0,-0.1955826488328689,-0.17358931571339004,294.0,1.0,-0.17358931571339004,-0.11361659346486741,-0.9333475321173205,367.0,1.0,-0.23333688302933012,0.5991069196559474,0.010116903754224894,225.0,1.0,-0.0035409163139787127,0
214320,2025,3,202503,이노션,00565154,CFS,CFS,2479385837469.0,1066582240634.0,1412803596835.0,1.3246082139856354,0.84355151472619,2112927940003.0,-0.022051169657187786,-0.11054079998625366,1,1,1,,160214610128.0,-0.00661530474726113,-0.07309526049702175,1,1,1,,101488741901.0,-0.04125060073097009,0.09864331159044781,1,1,1,,203418665948.0,-0.2363267307310607,-2.4211275882913377,1,1,1,,428092506820.0,-2.8953598375123684,-35.65657231837204,1,1,1,,2479385837469.0,0.08204397350097527,0.17266070506275225,0.0758258751255722,0.06461866794058559,41,20154,20254,0,0,203418665948.0,0.08204397350097527,2025-11-30,519043151754.0,491527618685.0,-0.05301203373171747,36415108527.0,51327081354.0,0.4094996123914751,71310,True,passed,71310,0,0,3,2025,00565154,-0.4201011069255294,-0.4201011069255294,0.0,-0.4201011069255294,278.0,278.0,-0.07309526049702175,-0.004342404526818195,263.0,1.0,-0.004342404526818195,-0.11054079998625366,-0.9131409040636967,365.0,1.0,-0.2282852260159242,0.84355151472619,0.5356385039508199,148.0,1.0,-0.18747347638278697,0
006730,2025,3,202503,서부T&D,00130383,CFS,CFS,3095640876992.0,1295097432046.0,1800543444946.0,1.390276438199321,0.871409023773339,220212378029.0,0.19880987078334855,0.04864427124582393,1,1,1,,61336943396.0,0.3006213034111178,-0.24992358265428405,1,1,1,,101810682885.0,-0.3195388257896956,-4.697351602664971,1,1,1,,71544528978.0,0.2116781818838951,0.061445082891813385,1,1,1,,954360.0,,,1,0,0,missing_ttm_yoy,3095640876992.0,0.023111378813268232,3.08291574482419e-07,0.2785354027098444,0.019813972561184303,41,20154,20254,0,0,71544528978.0,0.023111378813268232,2025-11-30,54612507277.0,66902257740.0,0.22503545571832434,11208127677.0,21316991469.0,0.901922612172256,551,True,passed,551,0,0,3,2025,00130383,-0.42395078973953304,-0.42395078973953304,0.0,-0.42395078973953304,279.0,279.0,-0.24992358265428405,-0.24867488431945053,307.0,1.0,-0.24867488431945053,0.04864427124582393,0.1326359169229617,173.0,1.0,0.033158979230740425,0.871409023773339,0.595528241859494,137.0,1.0,-0.2084348846508229,0
000120,2025,3,202503,CJ대한통운,00113410,CFS,CFS,10345500584818.0,4366159622274.0,5979340962544.0,1.3694737434793594,0.8626678813256468,12267941323204.0,0.020882878116480486,-0.0035202315128297634,1,1,1,,502843413164.0,-0.0336436515693358,-0.19368100234855146,1,1,1,,264202543119.0,0.04283685443238339,-0.19763614045450772,1,1,1,,899465525677.0,0.40917659104197224,0.7197462111153564,1,1,1,,516131626109.0,1.3806370752141057,1.7775605153516918,1,1,1,,10345500584818.0,0.08694267795963047,0.049889478220746714,0.040988410354792365,0.04860503453084925,41,20154,20254,0,0,899465525677.0,0.08694267795963047,2025-11-30,3048408107265.0,3066608005887.0,0.005970295964843355,115243326537.0,147907354731.0,0.2834353118357174,493,True,passed,493,0,0,3,2025,00113410,-0.4253348760822385,-0.4253348760822385,0.0,-0.4253348760822385,280.0,280.0,-0.19368100234855146,-0.17096171626815523,292.0,1.0,-0.17096171626815523,-0.0035202315128297634,-0.21006222330503796,297.0,1.0,-0.05251555582625949,0.8626678813256468,0.5767360113937823,140.0,1.0,-0.2018576039878238,0
051600,2025,3,202503,한전KPS,00159218,CFS,CFS,1645364114848.0,1312701893739.0,332662221109.0,0.2534179486566217,0.22587417868087364,1566883742772.0,0.0003646100082130843,-0.04948459012238704,1,1,1,,161725601952.0,-0.2901174256901371,-0.4985788672233886,1,1,1,,140270423910.0,-0.23381263595504287,-0.4761982054946515,1,1,1,,192982146029.0,-0.41292861402120196,-2.800842884389554,1,1,1,,60010959674.0,0.16153795461259213,-0.21260236516474662,1,1,1,,1645364114848.0,0.11728841311628328,0.036472753436429396,0.10321480626628275,0.09829167932651815,41,20154,20254,0,0,192982146029.0,0.11728841311628328,2025-11-30,453978398935.0,393685554733.0,-0.13280994061268683,65619523206.0,47431071664.0,-0.27718048918003896,42311,True,passed,42311,0,0,3,2025,00159218,-0.44296287186133704,-0.44296287186133704,0.0,-0.44296287186133704,281.0,281.0,-0.4985788672233886,-0.5922542473486371,338.0,1.0,-0.5922542473486371,-0.04948459012238704,-0.5120281077522927,333.0,1.0,-0.12800702693807317,0.22587417868087364,-0.7922811497867808,385.0,1.0,0.27729840242537324,0
005380,2025,3,202503,현대자동차,00164742,CFS,CFS,354432157000000.0,125346824000000.0,229085333000000.0,1.827611786956804,1.0394324638435333,186039587000000.0,0.09280785277347903,0.025838334862753998,1,1,1,,12594666000000.0,-0.15425893457302542,-0.14627946795192337,1,1,1,,11654904000000.0,,,1,0,0,missing_ttm_yoy,-7832059000000.0,1.008513293349722,3.235805004931853,1,1,1,,10641389000000.0,0.04247440540182046,-0.27020756561604187,1,1,1,,354432157000000.0,-0.0220974842302472,0.03002376841331584,0.06769884949271576,0.03553477231469152,41,20154,20254,0,0,-7832059000000.0,-0.0220974842302472,2025-11-30,48286677000000.0,46721448000000.0,-0.03241533891429307,3601597000000.0,2537266000000.0,-0.29551640563894294,30121,True,passed,30121,0,0,3,2025,00164742,-0.44462623358748526,-0.44462623358748526,0.0,-0.44462623358748526,282.0,282.0,-0.14627946795192337,-0.1054646606844706,280.0,1.0,-0.1054646606844706,0.025838334862753998,-0.017189185806299898,266.0,1.0,-0.004297296451574974,1.0394324638435333,0.956755075575542,88.0,1.0,-0.3348642764514397,0
328130,2025,3,202503,루닛,01397620,CFS,CFS,389245041188.0,164677350228.0,224567690960.0,1.3636829269421709,0.8602209648892211,76692317513.0,0.9397543821530867,0.26627992326712824,1,1,1,,-81958946990.0,0.22442961472107448,-0.5302745737041121,1,1,1,,-88377520510.0,3.0219253068664145,3.4617321906206735,1,1,1,,-57919351274.0,-0.0856150943957632,-0.7037732542054267,1,1,1,,-9788982520.0,0.233797503781777,10.11837055377638,1,1,1,,389245041188.0,-0.1487992013905342,-0.025148637706785982,-1.06867219100671,-0.21055874402370345,16,20221,20254,0,0,-57919351274.0,-0.1487992013905342,2025-11-30,17874628422.0,19575722788.0,0.09516809669208574,-21245096583.0,-21555812087.0,-0.014625280840032978,58222,True,passed,58222,0,0,3,2025,01397620,-0.4454642789499412,-0.4454642789499412,0.0,-0.4454642789499412,283.0,283.0,-0.5302745737041121,-0.636049780036705,341.0,1.0,-0.636049780036705,0.26627992326712824,1.5624076822185922,72.0,1.0,0.39060192055464804,0.8602209648892211,0.571475484193955,141.0,1.0,-0.20001641946788423,0
005070,2025,3,202503,코스모신소재,00129989,CFS,OFS,743602484984.0,494666255782.0,248936229202.0,0.5032407735362213,0.40762329324115426,482158752941.0,-0.06483133081324655,0.1798924355823407,1,1,1,,7961106033.0,-0.7015883655256814,-0.6944676892989512,1,1,1,,2707205706.0,-0.8957545208050284,-1.2425232473750283,1,1,1,,43195040686.0,-4.534748135371338,-3.1397460074623167,1,1,1,,56907414829.0,-0.7149257274229405,-2.427115454672765,1,1,1,,743602484984.0,0.05808888695003409,0.0765293499929932,0.01651137925930004,0.010706131560562628,41,20154,20254,0,0,43195040686.0,0.05808888695003409,2025-11-30,120131119607.0,105252263381.0,-0.1238551365763931,528819599.0,134735012.0,-0.7452155475046983,204,True,passed,204,0,0,3,2025,00129989,-0.47366260627194123,-0.47366260627194123,0.0,-0.47366260627194123,284.0,284.0,-0.6944676892989512,-0.8629235670451384,355.0,1.0,-0.8629235670451384,0.1798924355823407,0.9948793860989728,99.0,1.0,0.2487198465247432,0.40762329324115426,-0.40154604070986855,288.0,1.0,0.14054111424845397,0
011200,2025,3,202503,HMM,00164645,CFS,CFS,31981632000000.0,25486033000000.0,6495599000000.0,0.25486897078097637,0.2270311613808772,11338768000000.0,0.06887851149188107,-0.006777383606679788,1,1,1,,2144019000000.0,-0.16088646236937887,-0.5746857096268263,1,1,1,,2412679000000.0,-0.2334028541670241,-0.7172201054877112,1,1,1,,4029273000000.0,-0.022019454887423406,-0.24173031187193772,1,1,1,,1486683000000.0,-0.30124533633387196,-0.3964990710577959,1,1,1,,31981632000000.0,0.12598709784416254,0.04648552644217781,0.18908747405361853,0.0670390741785785,41,20154,20254,0,0,4029273000000.0,0.12598709784416254,2025-11-30,2622747000000.0,2706392000000.0,0.031892134468174016,233175000000.0,296835000000.0,0.2730138308137665,50112,True,passed,50112,0,0,3,2025,00164645,-0.47885209840276105,-0.47885209840276105,0.0,-0.47885209840276105,285.0,285.0,-0.5746857096268263,-0.6974148534481578,344.0,1.0,-0.6974148534481578,-0.006777383606679788,-0.2314602987389491,301.0,1.0,-0.057865074684737276,0.2270311613808772,-0.7897937992289543,383.0,1.0,0.27642782973013397,0
097950,2025,3,202503,CJ제일제당,00635134,CFS,CFS,30641036931000.0,12216717130000.0,18424319801000.0,1.5081236313277886,0.9195349163435206,29375315114000.0,0.007440832452181745,0.012448637786598327,1,1,1,,1406091862000.0,-0.04604890385971405,-0.24062412093717356,1,1,1,,228939795000.0,-0.6565559837050114,-1.0342539216025752,1,1,1,,2234946978000.0,-0.09199339625541514,-0.01328845984292848,1,1,1,,1682293666000.0,0.676034767242981,0.9752030348233862,1,1,1,,30641036931000.0,0.0729396652937313,0.05490328769840025,0.04786644352726857,0.045889173567015794,41,20154,20254,0,0,2234946978000.0,0.0729396652937313,2025-11-30,7237175773000.0,7439500106000.0,0.027956255222488707,349101015000.0,346503142000.0,-0.007441608269171031,108,True,passed,108,0,0,3,2025,00635134,-0.5067610335584155,-0.5067610335584155,0.0,-0.5067610335584155,286.0,286.0,-0.24062412093717356,-0.23582535595002163,305.0,1.0,-0.23582535595002163,0.012448637786598327,-0.10515368356917017,276.0,1.0,-0.026288420892292542,0.9195349163435206,0.6989921620460038,120.0,1.0,-0.2446472567161013,0
029780,2025,3,202503,삼성카드,00126292,CFS,CFS,32326472000000.0,8711111000000.0,23615361000000.0,2.7109470881498354,1.311287123865747,1463852311179.0,-0.6351578142817945,,1,1,0,missing_prev_yoy,234220526486.0,-0.7540869673170754,,1,1,0,missing_prev_yoy,630446213248.0,-0.11308538231163645,,1,1,0,missing_prev_yoy,-2839640692569.0,104.0094857466707,,1,1,0,missing_prev_yoy,60748600827.0,0.22866248922394128,,1,1,0,missing_prev_yoy,32326472000000.0,-0.08784257968419813,0.0018792214884135825,0.16000283956060884,0.007245471342681626,10,20233,20254,0,0,-2839640692569.0,-0.08784257968419813,2025-11-30,-958357617453.0,50559000000.0,1.0527558805598782,-201950902127.0,19488000000.0,1.0964987023813573,64913,True,passed,64913,0,0,3,2025,00126292,-0.5394215650679159,-0.5394215650679159,0.0,-0.5394215650679159,287.0,287.0,,0.0,195.0,1.0,0.0,,0.0,194.0,1.0,0.0,1.311287123865747,1.541204471622617,55.0,1.0,-0.5394215650679159,0
005300,2025,3,202503,롯데칠성음료,00120571,CFS,CFS,4440558158409.0,1633149160320.0,2807408998089.0,1.7190156700315817,1.0002699287935584,4000129045376.0,-0.004829340335837817,-0.35577073316708774,1,1,1,,188399979531.0,0.025689536666914314,0.2168249659605721,1,1,1,,73454764630.0,-0.37212414297136176,-0.22596363795734453,1,1,1,,346663975449.0,-0.01829099591980432,-1.0334862377832157,1,1,1,,292411095662.0,0.009561010575794837,-0.6921225914607281,1,1,1,,4440558158409.0,0.07806765795703612,0.06585007677655717,0.04709847542263251,0.042427094254858605,41,20154,20254,0,0,346663975449.0,0.07806765795703612,2025-11-30,1087294314227.0,1079169858774.0,-0.007472176895154642,62356488363.0,91806733280.0,0.47228838073047535,11209,True,passed,11209,0,0,3,2025,00120571,-0.540190391412258,-0.540190391412258,0.0,-0.540190391412258,288.0,288.0,0.2168249659605721,0.39625477927401326,137.0,1.0,0.39625477927401326,-0.35577073316708774,-2.5241951188068223,412.0,1.0,-0.6310487797017056,1.0002699287935584,0.872561117098759,98.0,1.0,-0.30539639098456567,0
017800,2025,3,202503,현대엘리베이터,00164724,CFS,CFS,3531065392119.0,1375684403737.0,2155380988382.0,1.5667699528518173,0.9426482807527041,2619592064170.0,-0.06498948128085635,-0.1764108823721947,1,1,1,,221075980182.0,0.35208271084397125,-0.03458822071519241,1,1,1,,333876473774.0,4.1404859236668745,4.956907664604217,1,1,1,,240904716923.0,0.23606825712579926,,1,1,0,missing_prev_yoy,55181394569.0,-0.11889146622986602,-0.043541916047291185,1,1,1,,3531065392119.0,0.06822437144910323,0.015627406587303536,0.08439328520108585,0.06260886039534143,41,20154,20254,0,0,240904716923.0,0.06822437144910323,2025-11-30,637507149931.0,600828883575.0,-0.057533890184556895,55453737223.0,51083467689.0,-0.07880928775684727,29162,True,passed,29162,0,0,3,2025,00164724,-0.5496439314628048,-0.5496439314628048,0.0,-0.5496439314628048,289.0,289.0,-0.03458822071519241,0.04886468585659017,186.0,1.0,0.04886468585659017,-0.1764108823721947,-1.3458787533012673,387.0,1.0,-0.3364696883253168,0.9426482807527041,0.7486826542687947,114.0,1.0,-0.2620389289940781,0
105630,2025,3,202503,한세실업,00728638,CFS,CFS,1548625246408.0,723057413192.0,825567833216.0,1.141773555119861,0.7616342498731433,1889810938109.0,0.08028036445804432,0.0962028128130904,1,1,1,,85923715685.0,-0.4391581588759046,-0.45831471283686964,1,1,1,,33134491346.0,-0.6515543200145071,-0.6685153403199735,1,1,1,,79223452139.0,0.8930226943294544,1.5439923869350753,1,1,1,,131201971298.0,2.806630629101724,3.1467423606391565,1,1,1,,1548625246408.0,0.051157277929413165,0.08472157586370227,0.04546683160325962,0.05548386601877894,41,20154,20254,0,0,79223452139.0,0.051157277929413165,2025-11-30,475031717630.0,543397658858.0,0.14391868730173912,12327881894.0,36982248246.0,1.9998866442741734,14199,True,passed,14199,0,0,3,2025,00728638,-0.5511852967531126,-0.5511852967531126,0.0,-0.5511852967531126,290.0,290.0,-0.45831471283686964,-0.5366192644002479,335.0,1.0,-0.5366192644002479,0.0962028128130904,0.4450748914199338,145.0,1.0,0.11126872285498345,0.7616342498731433,0.3595278720224235,173.0,1.0,-0.1258347552078482,0
003690,2025,3,202503,코리안리,00113191,CFS,CFS,13627734856222.0,3610281915432.0,10017452940790.0,2.7747010276318904,1.3283211815863554,1185180102723.0,0.6483196380839866,,1,1,0,missing_prev_yoy,500161135769.0,0.5643861024329233,,1,1,0,missing_prev_yoy,341211945967.0,0.28838757667504233,,1,1,0,missing_prev_yoy,1458290359792.0,-0.050253000707562556,,1,1,0,missing_prev_yoy,15523712911.0,5.813854838030628,,1,1,0,missing_prev_yoy,13627734856222.0,0.10700900591166036,0.0011391264267159083,0.4220127680340391,0.03670170729368439,10,20233,20254,0,0,1458290359792.0,0.10700900591166036,2025-11-30,421008293264.0,64249773891.0,-0.8473907167175181,137949202208.0,153887005956.0,0.11553385951423595,65200,True,passed,65200,0,0,3,2025,00113191,-0.5522388574445831,-0.5522388574445831,0.0,-0.5522388574445831,291.0,291.0,,0.0,195.0,1.0,0.0,,0.0,194.0,1.0,0.0,1.3283211815863554,1.5778253069845234,54.0,1.0,-0.5522388574445831,0
298050,2025,3,202503,HS효성첨단소재,01316254,CFS,CFS,3858908590865.0,1061951399978.0,2796957190887.0,2.6337902007049885,1.2902762359752602,3302056498925.0,0.008286947212070128,0.007406635989651189,1,1,1,,173161207102.0,-0.10965508004251856,-0.0753045540451539,1,1,1,,31859616058.0,-0.29125203325443627,-0.013691555521080034,1,1,1,,289934914953.0,-0.16540944608760932,-0.2664931056871419,1,1,1,,297702458910.0,-0.14415750689529927,-0.3070180857788932,1,1,1,,3858908590865.0,0.07513391626828071,0.07714680249610889,0.05244041316627182,0.04487310414968517,31,20182,20254,0,0,289934914953.0,0.07513391626828071,2025-11-30,843036715836.0,800997099891.0,-0.049866886169140666,58740601299.0,19316087277.0,-0.6711629290500839,205,True,passed,205,0,0,3,2025,01316254,-0.5655763600873163,-0.5655763600873163,0.0,-0.5655763600873163,292.0,292.0,-0.0753045540451539,-0.007395095207923673,265.0,1.0,-0.007395095207923673,0.007406635989651189,-0.1382774468078291,282.0,1.0,-0.03456936170195728,1.2902762359752602,1.4960340090783868,57.0,1.0,-0.5236119031774353,0
195940,2025,3,202503,HK이노엔,01012066,CFS,OFS,2166978952628.0,1294091222641.0,872887729987.0,0.6745179278827023,0.5155253196043058,1007043327624.0,0.1373484845146784,0.059033793505131715,1,1,1,,95158474919.0,0.10160432218569238,-0.5669576849484645,1,1,1,,67205019148.0,0.16838345892343853,-0.5050488554356447,1,1,1,,149831699868.0,0.30262989690098885,-0.4411718957878452,1,1,1,,124072518700.0,0.41029889666471386,-2.3069317215940615,1,1,1,,2166978952628.0,0.0691431265108929,0.05725598698110624,0.0944929302530758,0.04391296685350669,18,20213,20254,0,0,149831699868.0,0.0691431265108929,2025-11-30,263090744256.0,260822095962.0,-0.008623063880166364,19532648310.0,25873761631.0,0.3246417598044594,212,True,passed,212,0,0,3,2025,01012066,-0.5771638802101922,-0.5771638802101922,0.0,-0.5771638802101922,293.0,293.0,-0.5669576849484645,-0.6867366577240389,343.0,1.0,-0.6867366577240389,0.059033793505131715,0.200890568416434,167.0,1.0,0.0502226421041085,0.5155253196043058,-0.169571815456395,254.0,1.0,0.05935013540973824,0
002380,2025,3,202503,케이씨씨,00105271,CFS,CFS,16211875142387.0,7450746399515.0,8761128742872.0,1.1758726271293167,0.7774297919538363,6584857042269.0,0.00017003189822339948,-0.037093195998693096,1,1,1,,459409811265.0,0.06669389564987771,-0.31246433983484945,1,1,1,,1177191382803.0,1.877126874093991,0.01021220839594461,1,1,1,,550687184854.0,-0.2980371393406319,-0.4531347028734215,1,1,1,,284502429210.0,0.06882148848897707,0.47177664259071284,1,1,1,,16211875142387.0,0.033968136320899275,0.017549014331238583,0.06976762112161167,0.028337857726515744,41,20154,20254,0,0,550687184854.0,0.033968136320899275,2025-11-30,1705263967248.0,1622832530729.0,-0.04833939970714917,140380693874.0,117263553936.0,-0.16467463794379736,20411,True,passed,20411,0,0,3,2025,00105271,-0.5804661884497063,-0.5804661884497063,0.0,-0.5804661884497063,294.0,294.0,-0.31246433983484945,-0.3350905563318021,315.0,1.0,-0.3350905563318021,-0.037093195998693096,-0.43062202705659175,320.0,1.0,-0.10765550676414794,0.7774297919538363,0.3934860724393038,168.0,1.0,-0.1377201253537563,0
241710,2025,3,202503,코스메카코리아,00763473,CFS,CFS,624490113479.0,317806576399.0,306683537080.0,0.9650006005381234,0.6754925509385434,590814495503.0,0.13898148495715734,-0.0024996296031190024,1,1,1,,75830851902.0,0.22177112885716843,-0.41685418811253516,1,1,1,,58626920377.0,0.3459757610286962,-0.23794874387183507,1,1,1,,55636062217.0,0.03981569513782923,-0.029176918045167755,1,1,1,,68332418194.0,0.7097884219507182,-0.7758027542641581,1,1,1,,624490113479.0,0.08909038112237608,0.10942113689090106,0.12834968078675882,0.12142842659197678,37,20164,20254,0,0,55636062217.0,0.08909038112237608,2025-11-30,161733978593.0,182371114252.0,0.1275992579823495,23016587256.0,27193065325.0,0.18145514026677734,20423,True,passed,20423,0,0,3,2025,00763473,-0.5911878797756297,-0.5911878797756297,0.0,-0.5911878797756297,295.0,295.0,-0.41685418811253516,-0.47933119710528627,328.0,1.0,-0.47933119710528627,-0.0024996296031190024,-0.203357311767987,294.0,1.0,-0.05083932794199675,0.6754925509385434,0.17433529922384783,200.0,1.0,-0.06101735472834673,0
050890,2025,3,202503,쏠리드,00364403,CFS,CFS,505935552746.0,322731474303.0,183204078443.0,0.5676672188191872,0.4495886665077015,272076847910.0,-0.19698463993515192,-0.2240575383827258,1,1,1,,19220017059.0,-0.45336036178661265,-0.28549972576667737,1,1,1,,24027532746.0,-0.48616976143139157,-0.7068887686385446,1,1,1,,53970697395.0,-0.11023491933567353,-0.16050584167680904,1,1,1,,15658804551.0,0.9681598058571572,0.26130424208231307,1,1,1,,505935552746.0,0.10667504408826446,0.03095019605957866,0.07064186904046231,0.037989061955978454,41,20154,20254,0,0,53970697395.0,0.10667504408826446,2025-11-30,56222016651.0,70006352623.0,0.24517683272670054,4142342138.0,2790865304.0,-0.3262591039021509,2642,True,passed,2642,0,0,3,2025,00364403,-0.6035921289001269,-0.6035921289001269,0.0,-0.6035921289001269,296.0,296.0,-0.28549972576667737,-0.29783220913067643,312.0,1.0,-0.29783220913067643,-0.2240575383827258,-1.6588966014429039,397.0,1.0,-0.41472415036072596,0.4495886665077015,-0.31132637311792993,277.0,1.0,0.10896423059127547,0
259960,2025,3,202503,크래프톤,00760971,CFS,CFS,8441268591250.0,7279704341948.0,1161564249302.0,0.15956200894158473,0.14804235531892979,3024423637497.0,0.15138906301091182,-0.26878263449919904,1,1,1,,1267405025614.0,0.12025158585725682,-0.40686642255586203,1,1,1,,1247646174656.0,0.5631471014834328,-0.2432825657639739,1,1,1,,964764474890.0,-0.03539662206745586,-0.9605805479187369,1,1,1,,78789346155.0,2.1687988719343725,2.5469904493054574,1,1,1,,8441268591250.0,0.11429140827126977,0.009333827647265126,0.41905671212876083,0.15014390454626206,19,20212,20254,0,0,964764474890.0,0.11429140827126977,2025-11-30,662048249145.0,870623522832.0,0.31504542751432973,246063427020.0,348608416956.0,0.4167421025460446,5821,True,passed,5821,0,0,3,2025,00760971,-0.6178478430274311,-0.6178478430274311,0.0,-0.6178478430274311,297.0,297.0,-0.40686642255586203,-0.4655306051170918,327.0,1.0,-0.4655306051170918,-0.26878263449919904,-1.9527210692337185,403.0,1.0,-0.4881802673084296,0.14804235531892979,-0.9596086554231152,419.0,1.0,0.3358630293980903,0
009450,2025,3,202503,경동나비엔,00101488,CFS,CFS,1473958181690.0,755151156310.0,718807025380.0,0.9518717138597875,0.668788765472508,1463847017433.0,0.10159046766380486,-0.03785036695037203,1,1,1,,132361770581.0,-0.010018835202457832,-0.39781388156829733,1,1,1,,119706441101.0,0.22119983221105044,-0.6107816208184942,1,1,1,,73617266396.0,0.5373066792838344,1.3182556489339763,1,1,1,,134266036778.0,0.3068476844953292,-0.5763114643640774,1,1,1,,1473958181690.0,0.049945288347049616,0.09109216153205531,0.09042049408490063,0.08980022108173899,41,20154,20254,0,0,73617266396.0,0.049945288347049616,2025-11-30,392276892421.0,306025954838.0,-0.21987259318459584,51190374152.0,7992618786.0,-0.8438648101639685,28520,True,passed,28520,0,0,3,2025,00101488,-0.6178944224737352,-0.6178944224737352,0.0,-0.6178944224737352,298.0,298.0,-0.39781388156829733,-0.4530222593898217,324.0,1.0,-0.4530222593898217,-0.03785036695037203,-0.43559631154609524,321.0,1.0,-0.10889907788652381,0.668788765472508,0.1599231005639704,204.0,1.0,-0.05597308519738964,0
003490,2025,3,202503,대한항공,00113526,CFS,CFS,48751966168524.0,11269535868922.0,37482430299602.0,3.3259959181608623,1.4646423839707505,23231222124114.0,0.3078907460708231,0.16913568763207198,1,1,1,,1422754165615.0,-0.2629824186030111,-0.21756113096805818,1,1,1,,928266096661.0,-0.21389566681375183,-0.053915995332108224,1,1,1,,5311493372853.0,0.3936459754076047,0.5387887830667518,1,1,1,,4111542131529.0,0.3701479383846953,4.009086853796594,1,1,1,,48751966168524.0,0.10894931610537359,0.08433592436695522,0.06124319065152331,0.02918352381310891,41,20154,20254,0,0,5311493372853.0,0.10894931610537359,2025-11-30,6210705839436.0,6026889432501.0,-0.029596701516247072,370083817468.0,157543951103.0,-0.5743019725075595,511,True,passed,511,0,0,3,2025,00113526,-0.6277188927263319,-0.6277188927263319,0.0,-0.6277188927263319,299.0,299.0,-0.21756113096805818,-0.2039580766486038,298.0,1.0,-0.2039580766486038,0.16913568763207198,0.9242122212164914,102.0,1.0,0.23105305530412285,1.4646423839707505,1.870896775376717,51.0,1.0,-0.6548138713818509,0
001120,2025,3,202503,LX인터내셔널,00120076,CFS,CFS,9289808208299.0,3458189048680.0,5831619159619.0,1.6863216780600658,0.9881728519355059,16613885727830.0,0.03034389436958196,-0.050990419082199034,1,1,1,,330901047636.0,-0.30116059761784075,-0.2251115608344053,1,1,1,,151471022021.0,-0.3886498722474494,-0.0861699459356301,1,1,1,,,,,0,0,0,missing_ttm_yoy,604861478441.0,4.556127477346474,5.047127431316117,1,1,1,,9289808208299.0,,0.06511022239411253,0.019917137571357317,0.03561979324184447,41,20154,20254,1,0,0.0,,2025-11-30,3830161397654.0,4507745768995.0,0.17690752451215896,55038466491.0,64790829323.0,0.17719176157632818,4610,True,passed,4610,0,1,3,2025,00120076,-0.6411650027849127,-0.6411650027849127,0.0,-0.6411650027849127,300.0,300.0,-0.2251115608344053,-0.2143908807958052,300.0,1.0,-0.2143908807958052,-0.050990419082199034,-0.5219207503873924,334.0,1.0,-0.1304801875968481,0.9881728519355059,0.8465540982635985,102.0,1.0,-0.2962939343922595,0
004990,2025,3,202503,롯데지주,00120562,CFS,CFS,23234286467003.0,9073355312331.0,14160931154672.0,1.560716038026948,0.9402869217363367,15551075147503.0,-0.017426759758731092,-0.0732230316108794,1,1,1,,272233114825.0,-0.3638549973525812,-0.226228456371818,1,1,1,,-935038739139.0,2.1697212782025073,5.070605540897311,1,1,1,,1201610804079.0,0.1592372461636291,0.1522186091956268,1,1,1,,1412979234054.0,0.10325653979382765,-7.7654319184734835,1,1,1,,23234286467003.0,0.05171713819511998,0.06081440185652754,0.017505742351757066,0.011716870032209578,35,20154,20254,0,0,1201610804079.0,0.05171713819511998,2025-11-30,4043186553890.0,4154307233412.0,0.027483441102931404,142199157410.0,185067817225.0,0.3014691549219075,64992,True,passed,64992,0,0,3,2025,00120562,-0.6431911141583779,-0.6431911141583779,0.0,-0.6431911141583779,301.0,301.0,-0.226228456371818,-0.21593415086134743,301.0,1.0,-0.21593415086134743,-0.0732230316108794,-0.6679793642543584,349.0,1.0,-0.1669948410635896,0.9402869217363367,0.743606063524117,115.0,1.0,-0.2602621222334409,0
229640,2025,3,202503,LS에코에너지,01093007,CFS,CFS,460788705652.0,214268494588.0,246520211064.0,1.150520105804702,0.7657097225607492,944463784269.0,0.13013832278426207,-0.021792089098624734,1,1,1,,61486028810.0,0.39125922163564764,-0.3929287863228039,1,1,1,,48162181007.0,0.6141103005919195,3.5257145737435245,1,1,1,,68795321498.0,2.4043608852727045,2.853114404446411,1,1,1,,2424875756.0,1.2264696915769124,2.115503051376913,1,1,1,,460788705652.0,0.14929906192179127,0.005262446162973732,0.06510152092024281,0.13343649281290307,38,20163,20254,0,0,68795321498.0,0.14929906192179127,2025-11-30,250235674686.0,232779532453.0,-0.06975880739188872,23593793137.0,14766721444.0,-0.3741268579301607,64992,True,passed,64992,0,0,3,2025,01093007,-0.6576987280182187,-0.6576987280182187,0.0,-0.6576987280182187,302.0,302.0,-0.3929287863228039,-0.44627228053579465,323.0,1.0,-0.44627228053579465,-0.021792089098624734,-0.3301003964308046,311.0,1.0,-0.08252509910770114,0.7657097225607492,0.36828956678492264,171.0,1.0,-0.12890134837472292,0
023530,2025,3,202503,롯데쇼핑,00120526,CFS,CFS,38249312124528.0,16784845661512.0,21464466463016.0,1.2788003474011362,0.8236491410732476,13693639393853.0,-0.03172967447667541,0.007055776759096077,1,1,1,,466586432897.0,-0.11678048255488793,-0.44041839918288805,1,1,1,,-1057068749767.0,22.54332085516661,23.10329374799459,1,1,1,,1484324009863.0,-0.08376351638485402,-0.2869108438877561,1,1,1,,710348903802.0,-1.919629704839195,0.05927378490145241,1,1,1,,38249312124528.0,0.038806554351369704,0.01857154715591544,0.034073223302962696,0.012198557489816759,41,20154,20254,0,0,1484324009863.0,0.038806554351369704,2025-11-30,3349696312762.0,3410062599971.0,0.018021420920759482,40639191033.0,130510430154.0,2.211442620696421,47111,True,passed,47111,0,0,3,2025,00120526,-0.7195345654717702,-0.7195345654717702,0.0,-0.7195345654717702,303.0,303.0,-0.44041839918288805,-0.5118910385092887,331.0,1.0,-0.5118910385092887,0.007055776759096077,-0.14058243965611458,283.0,1.0,-0.035145609914028646,0.8236491410732476,0.4928511915670081,151.0,1.0,-0.17249791704845283,0
000810,2025,3,202503,삼성화재해상보험,00139214,CFS,CFS,90536301714478.0,18730707401295.0,71805594313183.0,3.8335762112336726,1.5755866100959701,5854286965286.0,0.5240182647893101,,1,1,0,missing_prev_yoy,-128905552064.0,-1.0271147556629703,,1,1,0,missing_prev_yoy,1993780171571.0,-0.024787090978039217,,1,1,0,missing_prev_yoy,2229186367203.0,-0.24378173768047884,,1,1,0,missing_prev_yoy,57068396550.0,-0.25242689352163794,,1,1,0,missing_prev_yoy,90536301714478.0,0.0246220170803213,0.0006303371738109552,-0.022019001259823374,-0.0014237996209578575,10,20233,20254,0,0,2229186367203.0,0.0246220170803213,2025-11-30,2078279145325.0,870507900057.0,-0.5811400494417844,811464956337.0,664063596558.0,-0.18164846014346486,65121,True,passed,65121,0,0,3,2025,00139214,-0.7382939562256192,-0.7382939562256192,0.0,-0.7382939562256192,304.0,304.0,,0.0,195.0,1.0,0.0,,0.0,194.0,1.0,0.0,1.5755866100959701,2.109411303501769,46.0,1.0,-0.7382939562256192,0
108490,2025,3,202503,로보티즈,00946030,CFS,CFS,107704354368.0,102054283886.0,5650070482.0,0.05536338374890196,0.05388514719475698,34113627207.0,0.06483254824689877,-0.11732246464530305,1,1,1,,557585380.0,-1.2007418484956585,-0.7272489423958651,1,1,1,,3800054502.0,-1.7697986916949597,-11.552567211219138,1,1,1,,8070902928.0,1.9239223302246802,2.6637069213463618,1,1,1,,1113483605.0,-0.7682542372674181,-1.5075407343545988,1,1,1,,107704354368.0,0.0749357161589183,0.01033833415124047,0.016344945573116464,0.005176999419121572,29,20184,20254,0,0,8070902928.0,0.0749357161589183,2025-11-30,7877483576.0,9240449140.0,0.17302042598381165,240743602.0,224268003.0,-0.06843629015736002,29299,True,passed,29299,0,0,3,2025,00946030,-0.7409307206013902,-0.7409307206013902,0.0,-0.7409307206013902,305.0,305.0,-0.7272489423958651,-0.9082190534364847,360.0,1.0,-0.9082190534364847,-0.11732246464530305,-0.9576934971758899,369.0,1.0,-0.23942337429397248,0.05388514719475698,-1.1620334489401911,454.0,1.0,0.40671170712906685,0
253590,2025,3,202503,네오셈,01170865,CFS,CFS,125383398292.0,113454907603.0,11928490689.0,0.10513860476392987,0.09997076127900988,75009576896.0,-0.22246854463226662,-0.11091121431343098,1,1,1,,6501307721.0,-0.5223642117662641,-0.7113607557602781,1,1,1,,8651996607.0,-0.30294741420082216,-0.4996406918985081,1,1,1,,16240377829.0,0.09867890836360771,-2.7137654760304413,1,1,1,,16515125784.0,2.8090600910741244,2.801213697849197,1,1,1,,125383398292.0,0.12952574304277895,0.13171700567198405,0.08667303549804041,0.05185142378945085,29,20184,20254,0,0,16240377829.0,0.12952574304277895,2025-11-30,16326681894.0,10174598533.0,-0.3768116143220056,494518119.0,-481380577.0,-1.9734336488487694,292,True,passed,292,0,0,3,2025,01170865,-0.743124603303733,-0.743124603303733,0.0,-0.743124603303733,306.0,306.0,-0.7113607557602781,-0.8862655564359948,357.0,1.0,-0.8862655564359948,-0.11091121431343098,-0.9155743654085653,366.0,1.0,-0.22889359135214132,0.09997076127900988,-1.0629558413840092,436.0,1.0,0.3720345444844032,0
066570,2025,3,202503,LG전자,00401731,CFS,CFS,67170135000000.0,26919591000000.0,40250544000000.0,1.4952138017252936,0.9143744176063919,88110203000000.0,0.00044736733012418206,-0.06088733752709907,1,1,1,,2722712000000.0,-0.2431556437290494,-0.3315659720686899,1,1,1,,1232581000000.0,0.0031708696696062244,-0.20770934761543458,1,1,1,,5379186000000.0,0.4656895014593718,0.7090413334810012,1,1,1,,3796760000000.0,0.05616646035300499,0.20840465669339825,1,1,1,,67170135000000.0,0.08008300117306598,0.056524525371282934,0.030901211293316393,0.04053456197460374,41,20154,20254,0,0,5379186000000.0,0.08008300117306598,2025-11-30,20735142000000.0,21873774000000.0,0.05491315178839865,639404000000.0,688918000000.0,0.07743773889434535,264,True,passed,264,0,0,3,2025,00401731,-0.7489832676625896,-0.7489832676625896,0.0,-0.7489832676625896,307.0,307.0,-0.3315659720686899,-0.3614842308000266,319.0,1.0,-0.3614842308000266,-0.06088733752709907,-0.586939208643333,340.0,1.0,-0.14673480216083326,0.9143744176063919,0.6878978134335133,123.0,1.0,-0.24076423470172964,0
083450,2025,3,202503,GST,00540863,CFS,CFS,366370284437.0,296153533440.0,70216750997.0,0.23709577320044284,0.2127665141808223,341939311004.0,0.01801063590497165,-0.15713927870478006,1,1,1,,55261610256.0,-0.10758841684389375,-0.6044262880466761,1,1,1,,42703616189.0,-0.12089217186359469,-0.6323036862897695,1,1,1,,36598384086.0,-0.3115158299969487,-0.5048332163907012,1,1,1,,11407875539.0,-0.5398829902886524,-1.1213662635448614,1,1,1,,366370284437.0,0.09989452103693566,0.03113755679320566,0.1616123343459435,0.15083540506272317,41,20154,20254,0,0,36598384086.0,0.09989452103693566,2025-11-30,99435779004.0,80772758423.0,-0.18768918761373854,17341274299.0,16675761000.0,-0.03837741607249574,29271,True,passed,29271,0,0,3,2025,00540863,-0.7561657825159986,-0.7561657825159986,0.0,-0.7561657825159986,308.0,308.0,-0.6044262880466761,-0.7385088885390217,347.0,1.0,-0.7385088885390217,-0.15713927870478006,-1.2192726823761786,382.0,1.0,-0.30481817059404465,0.2127665141808223,-0.8204607903344793,395.0,1.0,0.28716127661706775,0
001040,2025,3,202503,CJ,00148540,CFS,CFS,48131453842000.0,17467040192000.0,30664413650000.0,1.7555586586469567,1.0136202019559626,44830695536000.0,0.051627691327408076,0.019246776257355824,1,1,1,,2445537658000.0,-0.01813604402807878,-0.40649186112334734,1,1,1,,785071083000.0,1.7505504833437557,1.9199134693523499,1,1,1,,4808406860000.0,0.006730547309466317,0.1237095539878239,1,1,1,,3499193665000.0,0.4168628092429647,0.6996345514719251,1,1,1,,48131453842000.0,0.09990155036214873,0.07270076811904999,0.054550517870867773,0.0508095530633234,41,20154,20254,0,0,4808406860000.0,0.09990155036214873,2025-11-30,11119028491000.0,11428499980000.0,0.02783260149486022,614777628000.0,665665472000.0,0.08277439139343568,64992,True,passed,64992,0,0,3,2025,00148540,-0.7955780874261043,-0.7955780874261043,0.0,-0.7955780874261043,309.0,309.0,-0.40649186112334734,-0.465013054972836,326.0,1.0,-0.465013054972836,0.019246776257355824,-0.06049286466479499,272.0,1.0,-0.015123216166198748,1.0136202019559626,0.9012623322487697,95.0,1.0,-0.3154418162870694,0
376900,2025,3,202503,로킷헬스케어,01335143,CFS,CFS,52274639770.0,9993611813.0,42281027957.0,4.230805513378009,1.6545652840716032,20328015800.0,0.5461808447759078,,1,1,0,missing_prev_yoy,-2131392324.0,-0.6104779902452062,,1,1,0,missing_prev_yoy,-7365636970.0,-1.603991066323892,,1,1,0,missing_prev_yoy,-11735045870.0,1.2479808263535985,,1,1,0,missing_prev_yoy,364990392.0,0.5961463517214713,,1,1,0,missing_prev_yoy,52274639770.0,-0.22448831635439886,0.0069821694344695436,-0.10484999347550684,-0.04077297009367799,10,20233,20254,0,0,-11735045870.0,-0.22448831635439886,2025-11-30,6012600153.0,6954615621.0,0.15667355952981163,21533779.0,77538648.0,2.600791482071029,21309,True,passed,21309,0,0,3,2025,01335143,-0.7977215319959224,-0.7977215319959224,0.0,-0.7977215319959224,310.0,310.0,,0.0,195.0,1.0,0.0,,0.0,194.0,1.0,0.0,1.6545652840716032,2.279204377131207,44.0,1.0,-0.7977215319959224,0
034730,2025,3,202503,SK,00181712,CFS,CFS,215316724000000.0,85911105000000.0,129405619000000.0,1.5062734788476997,0.9187969801476447,122643789000000.0,-0.03516504705431156,0.009939026469679368,1,1,1,,1018414000000.0,-0.6805792401315429,-0.4506376046920697,1,1,1,,5449066000000.0,6.277424231699483,8.01678770387768,1,1,1,,6356159000000.0,-0.4090663100079964,-0.5914558426663338,1,1,1,,10382523000000.0,-0.45703800861489063,-0.47389284192536674,1,1,1,,215316724000000.0,0.029520043227111332,0.04821977042526432,0.008303836731593477,0.0047298416076588645,41,20154,20254,0,0,6356159000000.0,0.029520043227111332,2025-11-30,30141963000000.0,31041366000000.0,0.029838899344412306,199554000000.0,827400000000.0,3.146246128867374,64992,True,passed,64992,0,0,3,2025,00181712,-0.8005136036738738,-0.8005136036738738,0.0,-0.8005136036738738,311.0,311.0,-0.4506376046920697,-0.5260114225807289,333.0,1.0,-0.5260114225807289,0.009939026469679368,-0.1216407405815289,278.0,1.0,-0.030410185145382226,0.9187969801476447,0.6974057027078938,121.0,1.0,-0.24409199594776282,0
067160,2025,3,202503,SOOP,00399694,CFS,CFS,866303233277.0,473590958694.0,392712274583.0,0.8292224912104837,0.6038910083802743,452116528862.0,0.10752402032478359,-0.24757517893904235,1,1,1,,122015998684.0,0.08843876692370478,-0.32400610766872506,1,1,1,,101311206683.0,0.09507746360547364,-0.4048627680960619,1,1,1,,137219699379.0,-0.026219492925852017,-0.3619720335826505,1,1,1,,19078276168.0,0.48621022039325656,0.41989286827056227,1,1,1,,866303233277.0,0.15839684547861324,0.022022630685368492,0.2698773234217302,0.1408467543431013,41,20154,20254,0,0,137219699379.0,0.15839684547861324,2025-11-30,116883434076.0,125861860386.0,0.07681521663850194,30013805163.0,36257141492.0,0.20801548804270154,582,True,passed,582,0,0,3,2025,00399694,-0.8115284216731564,-0.8115284216731564,0.0,-0.8115284216731564,312.0,312.0,-0.32400610766872506,-0.3510383904888987,317.0,1.0,-0.3510383904888987,-0.24757517893904235,-1.8133972916630032,402.0,1.0,-0.4533493229157508,0.6038910083802743,0.020402023624305488,223.0,1.0,-0.00714070826850692,0
006650,2025,3,202503,대한유화,00260383,CFS,CFS,2705295409988.0,2048795056009.0,656500353979.0,0.3204324180954662,0.2779592724188281,3210443683338.0,0.16324635977759394,-0.0959114440061577,1,1,1,,19050470760.0,-1.3151257396621152,-0.6888894309483009,1,1,1,,73318501132.0,-3.3019124485117506,-2.5924839100428203,1,1,1,,247964962932.0,1.5408179142554266,0.18278235745270166,1,1,1,,58783280834.0,0.13089132273735737,0.924452388054682,1,1,1,,2705295409988.0,0.09165910754755612,0.021728969271515065,0.005933905914273077,0.0070419188565009625,41,20154,20254,0,1,247964962932.0,0.09165910754755612,2025-11-30,846772033313.0,909918544910.0,0.07457321346565846,-4595218151.0,42849309628.0,10.324760701224868,20111,True,passed,20111,1,0,3,2025,00260383,-0.8213669808277796,-0.8213669808277796,0.0,-0.8213669808277796,313.0,313.0,-0.6888894309483009,-0.8552158102836044,354.0,1.0,-0.8552158102836044,-0.0959114440061577,-0.8170323853971299,360.0,1.0,-0.20425809634928246,0.2779592724188281,-0.6803055023003065,355.0,1.0,0.23810692580510726,0
128940,2025,3,202503,한미약품,00828497,CFS,CFS,2040480209304.0,1345693781851.0,694786427453.0,0.5163035133426285,0.4162754738718832,1466177699682.0,-0.06389007897116272,-0.16710638475295836,1,1,1,,204982671565.0,-0.19875560112311985,-0.5492310191230959,1,1,1,,128302975898.0,-0.29355893467178895,-0.4921723665098158,1,1,1,,173320658037.0,-0.22238253240075168,-0.8973684935451561,1,1,1,,70353613780.0,0.2376404708060833,-0.22804988067613485,1,1,1,,2040480209304.0,0.0849411120219191,0.03447894934692719,0.13980752238249075,0.10045805425131706,41,20154,20254,0,0,173320658037.0,0.0849411120219191,2025-11-30,361277145258.0,362345363924.0,0.0029567845074648983,60438495646.0,55068868499.0,-0.0888444871038973,21212,True,passed,21212,0,0,3,2025,00828497,-0.8494001303616707,-0.8494001303616707,0.0,-0.8494001303616707,314.0,314.0,-0.5492310191230959,-0.6622428426681245,342.0,1.0,-0.6622428426681245,-0.16710638475295836,-1.2847522427195255,384.0,1.0,-0.32118806067988137,0.4162754738718832,-0.38294506567524333,286.0,1.0,0.13403077298633514,0
001440,2025,3,202503,대한전선,00113207,CFS,CFS,2981749702681.0,1549087223565.0,1432662479116.0,0.9248430025902187,0.6548444073177964,3460775654898.0,0.0771349142203348,-0.09449979767838013,1,1,1,,107001806597.0,-0.06233079214955228,-0.5120466926038877,1,1,1,,49040532599.0,-0.5546454286516169,-1.9236889246700615,1,1,1,,-137757116495.0,-11.081340800653486,-11.9713853761489,1,1,1,,183845083496.0,0.18623014004071314,-1.4941247468660823,1,1,1,,2981749702681.0,-0.046200093982113104,0.0616567793502916,0.030918446402488253,0.035885576344919484,41,20154,20254,0,0,-137757116495.0,-0.046200093982113104,2025-11-30,916356132633.0,854974427732.0,-0.06698455187354907,28563173202.0,29531525414.0,0.03390212302925068,28302,True,passed,28302,0,0,3,2025,00113207,-0.8582836714688263,-0.8582836714688263,0.0,-0.8582836714688263,315.0,315.0,-0.5120466926038877,-0.6108634109288071,339.0,1.0,-0.6108634109288071,-0.09449979767838013,-0.8077584817729109,358.0,1.0,-0.20193962044322772,0.6548444073177964,0.12994468599083278,207.0,1.0,-0.04548064009679147,0
372320,2025,3,202503,큐로셀,01492651,CFS,CFS,113052838574.0,19881225464.0,93171613110.0,4.6864119758971015,1.738079465035541,0.0,,,1,0,0,missing_ttm_yoy,-37626630911.0,-0.34799059346944405,,1,1,0,missing_prev_yoy,-39257770032.0,-0.3152558863357542,,1,1,0,missing_prev_yoy,-30997268478.0,-0.32918109426700204,,1,1,0,missing_prev_yoy,1704349124.0,-1.0831438785896377,,1,1,0,missing_prev_yoy,113052838574.0,-0.2741839025803,0.015075686249880397,,-0.33282340705112917,9,20234,20254,0,0,-30997268478.0,-0.2741839025803,2025-11-30,0.0,0.0,,-12149612729.0,-9189281243.0,0.243656448319045,70113,True,passed,70113,0,0,3,2025,01492651,-0.8605618541651759,-0.8605618541651759,0.0,-0.8605618541651759,316.0,316.0,,0.0,195.0,1.0,0.0,,0.0,194.0,1.0,0.0,1.738079465035541,2.4587481547576457,41.0,1.0,-0.8605618541651759,0
475150,2025,3,202503,SK이터닉스,01817081,CFS,CFS,1441272687960.0,251913983863.0,1189358704097.0,4.721288933066203,1.7441941179555613,290733824154.0,,,1,0,0,missing_ttm_yoy,36973620927.0,,,1,0,0,missing_ttm_yoy,29999306031.0,,,1,0,0,missing_ttm_yoy,109961724953.0,,,1,0,0,missing_ttm_yoy,18955350804.0,,,1,0,0,missing_ttm_yoy,1441272687960.0,0.0762948787357107,0.013151814339054534,0.12717344132416905,0.02565345283780618,8,20241,20254,0,0,109961724953.0,0.0762948787357107,2025-11-30,65324077464.0,46427564049.0,-0.2892733299664865,9593792372.0,1170297105.0,-0.8780151727678019,411,True,passed,411,0,0,3,2025,01817081,-0.8651628303708,-0.8651628303708,0.0,-0.8651628303708,317.0,317.0,,0.0,195.0,1.0,0.0,,0.0,194.0,1.0,0.0,1.7441941179555613,2.4718938010594287,40.0,1.0,-0.8651628303708,0
035720,2025,3,202503,카카오,00258801,CFS,CFS,26891357685700.0,14653351777305.0,12238005908395.0,0.8351676868461679,0.6071358598088851,7935669684961.0,-0.4062520184282107,-7.905174613547903,1,1,1,,574802657753.0,0.10380224477161315,-0.1533122499514079,1,1,1,,169804605883.0,-1.0968828907750388,-5.503776710986134,1,1,1,,1207131882906.0,-0.18256431286013242,-0.5908633768523972,1,1,1,,528867896325.0,-0.1633969607658493,-0.0994934455115637,1,1,1,,26891357685700.0,0.044889212996036855,0.019666835066726132,0.07243278520555319,0.02137499580613077,41,20154,20254,0,0,1207131882906.0,0.044889212996036855,2025-11-30,2028312877031.0,2086580139318.0,0.028726959704703126,185925958096.0,208047735089.0,0.11898164849890278,63120,True,passed,63120,0,0,3,2025,00258801,-0.8747645047569068,-0.8747645047569068,0.0,-0.8747645047569068,318.0,318.0,-0.1533122499514079,-0.11518220505073362,284.0,1.0,-0.11518220505073362,-7.905174613547903,-3.0,421.0,1.0,-0.75,0.6071358598088851,0.027377999160494857,221.0,1.0,-0.009582299706173199,0
017670,2025,3,202503,SK텔레콤,00159023,CFS,CFS,28895347000000.0,11808944000000.0,17086403000000.0,1.4469035503936678,0.8948233682336509,17282062000000.0,-0.037553061226876516,-0.06505974322685126,1,1,1,,1208231000000.0,-0.35261142947465995,-0.44360900349623067,1,1,1,,672896000000.0,-0.42961960852125736,-0.4275083406439951,1,1,1,,4093675000000.0,-0.18619357447426899,-0.17191860429911365,1,1,1,,2466366000000.0,-0.05344225703250205,0.06843791081218464,1,1,1,,28895347000000.0,0.14167246373611642,0.08535512655376659,0.06991243290297187,0.0418140332420995,41,20154,20254,0,0,4093675000000.0,0.14167246373611642,2025-11-30,4338760000000.0,3978064000000.0,-0.0831334298278771,338260000000.0,48438000000.0,-0.8568024596464259,61220,True,passed,61220,0,0,3,2025,00159023,-0.8959402104299495,-0.8959402104299495,0.0,-0.8959402104299495,319.0,319.0,-0.44360900349623067,-0.5162996550386181,332.0,1.0,-0.5162996550386181,-0.06505974322685126,-0.6143501029865094,342.0,1.0,-0.15358752574662735,0.8948233682336509,0.6458657989848688,129.0,1.0,-0.22605302964470408,0
007390,2025,3,202503,네이처셀,00117276,CFS,CFS,71322699211.0,62718214125.0,8604485086.0,0.137192762996263,0.12856273689498485,22122017014.0,-0.22651306509149127,-0.5735947100950642,1,1,1,,-3189662489.0,-0.3661848145750528,-0.4325871187022883,1,1,1,,-2866639039.0,-0.44627616870606146,6.548084774068805,1,1,1,,969493044.0,-1.307563594058525,0.21196430767942465,1,1,1,,1847504412.0,-0.34477016923054427,0.9510754526337699,1,1,1,,71322699211.0,0.013593050385430119,0.025903456156845254,-0.1441849758537574,-0.044721561638655184,40,20154,20253,0,0,969493044.0,0.013593050385430119,2025-11-30,6404076401.0,3900319283.0,-0.39096303061110216,-286822536.0,-1392854479.0,-3.8561542563029287,211,True,passed,211,0,0,3,2025,00117276,-0.9005496829400742,-0.9005496829400742,0.0,-0.9005496829400742,320.0,320.0,-0.4325871187022883,-0.5010701691121632,330.0,1.0,-0.5010701691121632,-0.5735947100950642,-3.0,421.0,1.0,-0.75,0.12856273689498485,-1.001487103348826,428.0,1.0,0.3505204861720891,0
003230,2025,3,202503,삼양식품,00126955,CFS,CFS,2081029529851.0,1096752897373.0,984276632478.0,0.8974461201202121,0.6405088346909328,2192959729472.0,0.3915539024888166,-0.03308941045710134,1,1,1,,472643789292.0,0.6127196282664393,-0.632202886363906,1,1,1,,368743065536.0,0.6248894759275503,-0.7056657097453982,1,1,1,,332887273712.0,0.020910097927787197,-2.204961840754531,1,1,1,,518029867428.0,2.4699967815224015,0.4358824860546533,1,1,1,,2081029529851.0,0.15996278233295155,0.24892960911760367,0.2155278015095146,0.22712017417928754,41,20154,20254,0,0,332887273712.0,0.15996278233295155,2025-11-30,553077609232.0,632015696590.0,0.14272515473481726,120087954818.0,130899734461.0,0.09003217399601697,108,True,passed,108,0,0,3,2025,00126955,-0.9126627435240495,-0.9126627435240495,0.0,-0.9126627435240495,321.0,321.0,-0.632202886363906,-0.7768891947267198,349.0,1.0,-0.7768891947267198,-0.03308941045710134,-0.4043188939600603,318.0,1.0,-0.10107972349001508,0.6405088346909328,0.09912521516375633,210.0,1.0,-0.03469382530731471,0
001720,2025,3,202503,신영증권,00136721,CFS,CFS,12763104317740.0,1996481013177.0,10766623304563.0,5.392800248788779,1.8551723959951436,2757160838770.0,0.019458929854274,,1,1,0,missing_prev_yoy,204227627755.0,0.3623542653031817,,1,1,0,missing_prev_yoy,183656381703.0,0.6708525196561128,,1,1,0,missing_prev_yoy,-1241860807334.0,0.03428692078189499,,1,1,0,missing_prev_yoy,9819846056.0,-0.053894883493962875,,1,1,0,missing_prev_yoy,12763104317740.0,-0.09730084283710531,0.0007693932300115234,0.0740717135116819,0.01600140707704904,10,20232,20254,0,0,-1241860807334.0,-0.09730084283710531,2025-11-30,458458957592.0,705100951053.0,0.5379805310304266,36034611208.0,37021360854.0,0.027383385387572404,66121,True,passed,66121,0,0,3,2025,00136721,-0.948668537608805,-0.948668537608805,0.0,-0.948668537608805,322.0,322.0,,0.0,195.0,1.0,0.0,,0.0,194.0,1.0,0.0,1.8551723959951436,2.7104815360251573,37.0,1.0,-0.948668537608805,0
200710,2025,3,202503,에이디테크놀로지,00657002,CFS,CFS,286394179764.0,129456769326.0,156937410438.0,1.2122765866557186,0.794022115018622,124811402500.0,0.0010400902205183193,-0.5355027565951274,1,1,1,,-6971376499.0,-0.42452098501418645,-0.11649900946035507,1,1,1,,-10787673272.0,-0.10075634621914364,0.21337822249884764,1,1,1,,3962823963.0,-0.7579077250881314,1.0836793420521416,1,1,1,,20665067391.0,1.3301698673386944,1.971696922625082,1,1,1,,286394179764.0,0.013836957043839096,0.0721560312714065,-0.05585528532939929,-0.024341893067605938,41,20154,20254,0,0,3962823963.0,0.013836957043839096,2025-11-30,34026867815.0,36805859459.0,0.0816705098779307,-1019789581.0,2668304819.0,3.6165248877944753,2611,True,passed,2611,0,0,3,2025,00657002,-0.9645205553997087,-0.9645205553997087,0.0,-0.9645205553997087,323.0,323.0,-0.11649900946035507,-0.06431552131676667,274.0,1.0,-0.06431552131676667,-0.5355027565951274,-3.0,421.0,1.0,-0.75,0.794022115018622,0.42915724023697743,161.0,1.0,-0.15020503408294208,0
280360,2025,3,202503,롯데웰푸드,01258507,CFS,CFS,4502253709123.0,2235518524127.0,2266735184996.0,1.013963946409789,0.7001048926514245,4166719704112.0,0.027965847073801786,0.0425129410170908,1,1,1,,100415414932.0,-0.5122626034681113,-0.7432249540906333,1,1,1,,63394196335.0,-0.30304432959177696,-0.6758806246270906,1,1,1,,159961738116.0,-0.5344755093320639,-0.6444206190101998,1,1,1,,350506877333.0,-0.05710721402737173,-0.6483392246210863,1,1,1,,4502253709123.0,0.03552925900019063,0.07785142730245553,0.02409939282282494,0.0223033665847232,33,20174,20254,0,0,159961738116.0,0.03552925900019063,2025-11-30,1064280630826.0,1156782114191.0,0.08691456058277465,34333734683.0,69262715787.0,1.0173370717312245,108,True,passed,108,0,0,3,2025,01258507,-0.9867419018584342,-0.9867419018584342,0.0,-0.9867419018584342,324.0,324.0,-0.7432249540906333,-0.9302939026855053,362.0,1.0,-0.9302939026855053,0.0425129410170908,0.09235573872914218,177.0,1.0,0.023088934682285546,0.7001048926514245,0.2272483824434703,194.0,1.0,-0.0795369338552146,0
181710,2025,3,202503,NHN,00983271,CFS,CFS,3454031703208.0,1755571743719.0,1698459959489.0,0.9674682709867416,0.6767475746161042,2474560361274.0,0.026584973832783687,-0.053399724271233406,1,1,1,,102210246019.0,-2.563246728957785,-0.6723389880218307,1,1,1,,-53117012058.0,-0.7090251876246868,32.77603304710608,1,1,1,,635995539414.0,6.6030801131622425,6.81019844156374,1,1,1,,58182282033.0,-0.5410692463757187,0.03763406148849535,1,1,1,,3454031703208.0,0.184131355489096,0.01684474464405236,0.041304406074935344,0.02959157726435175,41,20154,20254,0,0,635995539414.0,0.184131355489096,2025-11-30,604887356986.0,625602175655.0,0.0342457458066518,21921852320.0,27637443705.0,0.26072574988498964,5821,True,passed,5821,0,0,3,2025,00983271,-1.0287461492237107,-1.0287461492237107,0.0,-1.0287461492237107,325.0,325.0,-0.6723389880218307,-0.832347240856731,352.0,1.0,-0.832347240856731,-0.053399724271233406,-0.5377488396791431,335.0,1.0,-0.13443720991978578,0.6767475746161042,0.1770334241348398,199.0,1.0,-0.06196169844719392,0
005830,2025,3,202503,DB손해보험,00159102,CFS,CFS,72110333000000.0,10101539000000.0,62008794000000.0,6.138549185426102,1.9655095603860542,6711408313947.0,0.57013347442576,,1,1,0,missing_prev_yoy,,,,0,0,0,missing_ttm_yoy,1598515471373.0,-0.2004921957347755,,1,1,0,missing_prev_yoy,-585292205422.0,-1.142286929166023,,1,1,0,missing_prev_yoy,118947003975.0,1.0069016011187046,,1,1,0,missing_prev_yoy,72110333000000.0,-0.008116620476873958,0.0016495140020362962,,,10,20233,20254,0,0,-585292205422.0,-0.008116620476873958,2025-11-30,2250029994513.0,887592000000.0,-0.6055199254389887,798485734232.0,441307000000.0,-0.44732011972078856,65121,True,passed,65121,0,0,3,2025,00159102,-1.0316918382930411,-1.0316918382930411,0.0,-1.0316918382930411,326.0,326.0,,0.0,195.0,1.0,0.0,,0.0,194.0,1.0,0.0,1.9655095603860542,2.9476909665515465,34.0,1.0,-1.0316918382930411,0
117730,2025,3,202503,티로보틱스,00867098,CFS,CFS,101688665371.0,23253164576.0,78435500795.0,3.3731108098703544,1.4754746116639055,46523004059.0,-0.4747125983526673,-1.7738441880490057,1,1,1,,-3463431688.0,-0.2993421464162326,0.2014577974582924,1,1,1,,-12318832067.0,-0.007201418410094473,0.722809286535358,1,1,1,,3211122028.0,-1.4900470859056476,-1.25468744912527,1,1,1,,2076156241.0,-1.5556255680293591,15.420436968449629,1,1,1,,101688665371.0,0.03157797396872672,0.020416791128346216,-0.07444557285268405,-0.03405917144613952,29,20184,20254,0,0,3211122028.0,0.03157797396872672,2025-11-30,10951300018.0,13119415238.0,0.19797788540505676,-1025910435.0,-127845448.0,0.8753834217506521,29271,True,passed,29271,0,0,3,2025,00867098,-1.0379433921392536,-1.0379433921392536,0.0,-1.0379433921392536,327.0,327.0,0.2014577974582924,0.37502119891908575,143.0,1.0,0.37502119891908575,-1.7738441880490057,-3.0,421.0,1.0,-0.75,1.4754746116639055,1.8941845458809694,50.0,1.0,-0.6629645910583393,0
000370,2025,3,202503,한화손해보험,00135917,CFS,CFS,20722103044000.0,2648813769000.0,18073289275000.0,6.823163442639141,2.0570890050628816,1134576588087.0,-290.28051807012093,,1,1,0,missing_prev_yoy,353870862914.0,-0.19155398824728365,,1,1,0,missing_prev_yoy,239520522265.0,-0.20872939562072956,,1,1,0,missing_prev_yoy,1502933022368.0,0.08597118769948109,,1,1,0,missing_prev_yoy,58234773858.0,-0.6082142461626998,,1,1,0,missing_prev_yoy,20722103044000.0,0.07252801605979699,0.002810273346018402,0.31189684912382926,0.017076976316670805,10,20233,20254,0,0,1502933022368.0,0.07252801605979699,2025-11-30,302017331128.0,197846778000.0,-0.3449158124102844,105975846634.0,63858412000.0,-0.3974248469979909,65121,True,passed,65121,0,0,3,2025,00135917,-1.0499999999999998,-1.0499999999999998,0.0,-1.0499999999999998,328.0,328.0,,0.0,195.0,1.0,0.0,,0.0,194.0,1.0,0.0,2.0570890050628816,3.0,1.0,1.0,-1.0499999999999998,0
001270,2025,3,202503,부국증권,00123772,CFS,CFS,6347062089657.0,819712315201.0,5527349774456.0,6.743036150555637,2.0467938781984967,886541141379.0,0.1699829281470091,,1,1,0,missing_prev_yoy,55239445628.0,0.15794463351868293,,1,1,0,missing_prev_yoy,45173783955.0,0.09481161076961553,,1,1,0,missing_prev_yoy,383121357673.0,-1.2764728500116889,,1,1,0,missing_prev_yoy,5362769870.0,0.9282813420713625,,1,1,0,missing_prev_yoy,6347062089657.0,0.06036199934097449,0.0008449216021911971,0.062308947717954706,0.008703151922527543,10,20233,20254,0,0,383121357673.0,0.06036199934097449,2025-11-30,262754984431.0,208507271654.0,-0.2064574070572791,20472777051.0,13920053903.0,-0.3200700682509474,66121,True,passed,66121,0,0,3,2025,00123772,-1.0499999999999998,-1.0499999999999998,0.0,-1.0499999999999998,328.0,328.0,,0.0,195.0,1.0,0.0,,0.0,194.0,1.0,0.0,2.0467938781984967,3.0,1.0,1.0,-1.0499999999999998,0
001450,2025,3,202503,현대해상,00164973,CFS,CFS,50710735914576.0,5108494262032.0,45602241652544.0,8.926748140146652,2.295232946090672,3862991908066.0,0.7517890786034562,,1,1,0,missing_prev_yoy,-399598098459.0,-0.4583269590079657,,1,1,0,missing_prev_yoy,1051591825712.0,0.19702083219926592,,1,1,0,missing_prev_yoy,1780690926279.0,-0.09502671448996092,,1,1,0,missing_prev_yoy,27949803856.0,-0.6983782120753093,,1,1,0,missing_prev_yoy,50710735914576.0,0.03511467333620707,0.0005511614720615062,-0.10344264444992278,-0.007879950689970994,10,20233,20254,0,0,1780690926279.0,0.03511467333620707,2025-11-30,1110758995748.0,797015144471.0,-0.2824589784804945,-83016330654.0,-90816767686.0,-0.09396268144530608,65121,True,passed,65121,0,0,3,2025,00164973,-1.0499999999999998,-1.0499999999999998,0.0,-1.0499999999999998,328.0,328.0,,0.0,195.0,1.0,0.0,,0.0,194.0,1.0,0.0,2.295232946090672,3.0,1.0,1.0,-1.0499999999999998,0
001500,2025,3,202503,현대차증권,00137997,CFS,CFS,13089949000000.0,1437535000000.0,11652414000000.0,8.105829771101225,2.2089148425912706,636101000000.0,-0.604771676820365,,1,1,0,missing_prev_yoy,75756000000.0,-0.31667300296198153,,1,1,0,missing_prev_yoy,52573000000.0,0.4496564298075323,,1,1,0,missing_prev_yoy,-54842000000.0,-0.6160706223391372,,1,1,0,missing_prev_yoy,35103000000.0,1.4420331569261,,1,1,0,missing_prev_yoy,13089949000000.0,-0.004189626712831349,0.0026816758415177935,0.11909429477394314,0.005787341111871406,10,20233,20254,0,0,-54842000000.0,-0.004189626712831349,2025-11-30,-371318000000.0,-52167000000.0,0.8595085613948152,27029000000.0,14076000000.0,-0.47922601650079544,66121,True,passed,66121,0,0,3,2025,00137997,-1.0499999999999998,-1.0499999999999998,0.0,-1.0499999999999998,328.0,328.0,,0.0,195.0,1.0,0.0,,0.0,194.0,1.0,0.0,2.2089148425912706,3.0,1.0,1.0,-1.0499999999999998,0
001510,2025,3,202503,SK증권,00131850,CFS,CFS,7280576682230.0,600344478184.0,6680232204046.0,11.127331801657,2.3978952727983707,831224369798.0,0.4269872053583983,,1,1,0,missing_prev_yoy,-17994199714.0,-0.8206826709180031,,1,1,0,missing_prev_yoy,3656823561.0,-1.0508527387954147,,1,1,0,missing_prev_yoy,-233310237552.0,-2.641437941599979,,1,1,0,missing_prev_yoy,5643033466.0,-0.23778290581346495,,1,1,0,missing_prev_yoy,7280576682230.0,-0.032045571077006826,0.0007750805619248791,-0.021647825025116696,-0.002471534948312429,10,20233,20254,0,0,-233310237552.0,-0.032045571077006826,2025-11-30,227474469186.0,174543132144.0,-0.23269133116965057,4676738231.0,8260174078.0,0.7662254481653498,66121,True,passed,66121,0,0,3,2025,00131850,-1.0499999999999998,-1.0499999999999998,0.0,-1.0499999999999998,328.0,328.0,,0.0,195.0,1.0,0.0,,0.0,194.0,1.0,0.0,2.3978952727983707,3.0,1.0,1.0,-1.0499999999999998,0
003470,2025,3,202503,유안타증권,00117601,CFS,CFS,18642223886000.0,1665791295000.0,16976432591000.0,10.191212213652491,2.3978952727983707,2945164251000.0,0.07919767966135427,,1,1,0,missing_prev_yoy,101475629000.0,-0.07609151997212349,,1,1,0,missing_prev_yoy,73514288000.0,-0.07089706083024705,,1,1,0,missing_prev_yoy,-500517712000.0,-3.6375830404806346,,1,1,0,missing_prev_yoy,22201684000.0,-0.30308924012480165,,1,1,0,missing_prev_yoy,18642223886000.0,-0.026848605352062127,0.0011909353806588009,0.034454998211235585,0.005443322085419568,10,20233,20254,0,0,-500517712000.0,-0.026848605352062127,2025-11-30,773649878000.0,700788578000.0,-0.09417864860052366,26841432000.0,39100960000.0,0.45673896981353307,66121,True,passed,66121,0,0,3,2025,00117601,-1.0499999999999998,-1.0499999999999998,0.0,-1.0499999999999998,328.0,328.0,,0.0,195.0,1.0,0.0,,0.0,194.0,1.0,0.0,2.3978952727983707,3.0,1.0,1.0,-1.0499999999999998,0
003530,2025,3,202503,한화투자증권,00148610,CFS,CFS,16084944000000.0,1894165000000.0,14190779000000.0,7.49183888415212,2.1391055709987703,3080313861092.0,0.5244571221187162,,1,1,0,missing_prev_yoy,,,,0,0,0,missing_ttm_yoy,66116673022.0,0.39362096395264823,,1,1,0,missing_prev_yoy,-837495325203.0,-0.1640000685532994,,1,1,0,missing_prev_yoy,19993609541.0,0.8290889167460853,,1,1,0,missing_prev_yoy,16084944000000.0,-0.05206703394198948,0.001243001501341876,,,10,20233,20254,0,0,-837495325203.0,-0.05206703394198948,2025-11-30,889628802029.0,469392000000.0,-0.4723731977545632,37718881704.0,37656000000.0,-0.0016671147488800428,66121,True,passed,66121,0,0,3,2025,00148610,-1.0499999999999998,-1.0499999999999998,0.0,-1.0499999999999998,328.0,328.0,,0.0,195.0,1.0,0.0,,0.0,194.0,1.0,0.0,2.1391055709987703,3.0,1.0,1.0,-1.0499999999999998,0
003540,2025,3,202503,대신증권,00110893,CFS,CFS,33499320360000.0,3601678257000.0,29897642103000.0,8.30103078888093,2.2301252315312654,4360721100000.0,0.09578394754860353,,1,1,0,missing_prev_yoy,,,,0,0,0,missing_ttm_yoy,227948498000.0,1.3039995583407409,,1,1,0,missing_prev_yoy,-4129544447000.0,0.15993071812744475,,1,1,0,missing_prev_yoy,73627431000.0,-2.1311514903283406,,1,1,0,missing_prev_yoy,33499320360000.0,-0.12327248441526292,0.002197878351225153,,,10,20233,20254,0,0,-4129544447000.0,-0.12327248441526292,2025-11-30,1322101606000.0,825821482000.0,-0.3753721512384276,,73644270000.0,,66121,True,passed,66121,0,0,3,2025,00110893,-1.0499999999999998,-1.0499999999999998,0.0,-1.0499999999999998,328.0,328.0,,0.0,195.0,1.0,0.0,,0.0,194.0,1.0,0.0,2.2301252315312654,3.0,1.0,1.0,-1.0499999999999998,0
005940,2025,3,202503,NH투자증권,00120182,CFS,CFS,81669125000000.0,9126147000000.0,72542978000000.0,7.948916229379168,2.191532433265095,78116000000.0,-0.3232198088769136,,1,1,0,missing_prev_yoy,1169487000000.0,0.3453219203059017,,1,1,0,missing_prev_yoy,858146000000.0,0.2958937125115524,,1,1,0,missing_prev_yoy,-6127177000000.0,0.5244096286563813,,1,1,0,missing_prev_yoy,39072000000.0,0.04481762755374907,,1,1,0,missing_prev_yoy,81669125000000.0,-0.07502439875534359,0.0004784182516954847,14.97115827743356,0.01431981792384821,10,20233,20254,0,0,-6127177000000.0,-0.07502439875534359,2025-11-30,24087000000.0,9984000000.0,-0.5855025532444887,321926000000.0,391345000000.0,0.21563651273895243,66121,True,passed,66121,0,0,3,2025,00120182,-1.0499999999999998,-1.0499999999999998,0.0,-1.0499999999999998,328.0,328.0,,0.0,195.0,1.0,0.0,,0.0,194.0,1.0,0.0,2.191532433265095,3.0,1.0,1.0,-1.0499999999999998,0
006220,2025,3,202503,제주은행,00148832,CFS,CFS,7724004000000.0,649929000000.0,7074075000000.0,10.884381217025243,2.3978952727983707,21340000000.0,-0.27871290475224764,,1,1,0,missing_prev_yoy,,,,0,0,0,missing_ttm_yoy,13309000000.0,8.75733137829912,,1,1,0,missing_prev_yoy,-122729000000.0,-2.8407601277878602,,1,1,0,missing_prev_yoy,6723000000.0,0.004782543715438736,,1,1,0,missing_prev_yoy,7724004000000.0,-0.015889297830503454,0.0008704034850318565,,,10,20233,20254,0,0,-122729000000.0,-0.015889297830503454,2025-11-30,5839000000.0,5763000000.0,-0.01301592738482617,,,,64121,True,passed,64121,0,0,3,2025,00148832,-1.0499999999999998,-1.0499999999999998,0.0,-1.0499999999999998,328.0,328.0,,0.0,195.0,1.0,0.0,,0.0,194.0,1.0,0.0,2.3978952727983707,3.0,1.0,1.0,-1.0499999999999998,0
006800,2025,3,202503,미래에셋증권,00111722,CFS,CFS,144733928000000.0,12901768000000.0,131832160000000.0,10.218146846230686,2.3978952727983707,26209733747304.0,0.22495659253360545,,1,1,0,missing_prev_yoy,1342976016923.0,0.62953640044846,,1,1,0,missing_prev_yoy,1271526114485.0,1.338728706739471,,1,1,0,missing_prev_yoy,-8557952220296.0,-0.0393581398013404,,1,1,0,missing_prev_yoy,59211435800.0,0.8933670685120121,,1,1,0,missing_prev_yoy,144733928000000.0,-0.05912886037540555,0.00040910542965433787,0.05123959021755198,0.009278930209943586,10,20233,20254,0,0,-8557952220296.0,-0.05912886037540555,2025-11-30,7694877000000.0,6672431000000.0,-0.132873598889235,500444000000.0,222796000000.0,-0.5548033346388407,66121,True,passed,66121,0,0,3,2025,00111722,-1.0499999999999998,-1.0499999999999998,0.0,-1.0499999999999998,328.0,328.0,,0.0,195.0,1.0,0.0,,0.0,194.0,1.0,0.0,2.3978952727983707,3.0,1.0,1.0,-1.0499999999999998,0
016360,2025,3,202503,삼성증권,00104856,CFS,CFS,75765098147332.0,7835514549386.0,67929583597946.0,8.669447701206686,2.2689711931708807,20903236091.0,0.42571805427635345,,1,1,0,missing_prev_yoy,1255936004232.0,0.2652787388464719,,1,1,0,missing_prev_yoy,939944866584.0,0.2641369833987681,,1,1,0,missing_prev_yoy,-1401535624098.0,0.8380157574029978,,1,1,0,missing_prev_yoy,51389375867.0,0.2951021267825251,,1,1,0,missing_prev_yoy,75765098147332.0,-0.01849843342606894,0.000678272412015738,60.083328665686835,0.016576709262485483,10,20233,20254,0,1,-1401535624098.0,-0.01849843342606894,2025-11-30,5463341729.0,11239499266.0,1.0572572289116642,308652383738.0,401812408978.0,0.3018283031278288,66121,True,passed,66121,1,0,3,2025,00104856,-1.0499999999999998,-1.0499999999999998,0.0,-1.0499999999999998,328.0,328.0,,0.0,195.0,1.0,0.0,,0.0,194.0,1.0,0.0,2.2689711931708807,3.0,1.0,1.0,-1.0499999999999998,0
016610,2025,3,202503,DB증권,00115694,CFS,CFS,12765429512622.0,1253288651777.0,11512140860845.0,9.185546238308536,2.3209696798860575,1693789119378.0,0.35181532411674077,,1,1,0,missing_prev_yoy,110380658965.0,1.7475864039529636,,1,1,0,missing_prev_yoy,91110204128.0,2.153602605326005,,1,1,0,missing_prev_yoy,-832751799074.0,2.384033760870733,,1,1,0,missing_prev_yoy,8790776824.0,0.22478775314683008,,1,1,0,missing_prev_yoy,12765429512622.0,-0.06523492204086082,0.0006886393297858089,0.06516788760901618,0.008646842541087987,10,20233,20254,0,0,-832751799074.0,-0.06523492204086082,2025-11-30,506064687898.0,388884496666.0,-0.23155180362163164,32557025008.0,44189820453.0,0.3573052341895968,66121,True,passed,66121,0,0,3,2025,00115694,-1.0499999999999998,-1.0499999999999998,0.0,-1.0499999999999998,328.0,328.0,,0.0,195.0,1.0,0.0,,0.0,194.0,1.0,0.0,2.3209696798860575,3.0,1.0,1.0,-1.0499999999999998,0
024110,2025,3,202503,기업은행,00149646,CFS,CFS,490109378000000.0,35726226000000.0,454383152000000.0,12.718476113317987,2.3978952727983707,353793000000.0,51.62427487728692,,1,1,0,missing_prev_yoy,7640826000000.0,-0.02043279369801254,,1,1,0,missing_prev_yoy,2716349000000.0,-0.012580708247817651,,1,1,0,missing_prev_yoy,-7052680000000.0,0.9207691050710822,,1,1,0,missing_prev_yoy,483567000000.0,0.3166956199728801,,1,1,0,missing_prev_yoy,490109378000000.0,-0.014390012345366712,0.0009866511878905528,21.59688292306518,0.015590042433344338,10,20233,20254,0,0,-7052680000000.0,-0.014390012345366712,2025-11-30,147617000000.0,155490000000.0,0.053333965600168,2039206000000.0,1913574000000.0,-0.061608292639390036,64121,True,passed,64121,0,0,3,2025,00149646,-1.0499999999999998,-1.0499999999999998,0.0,-1.0499999999999998,328.0,328.0,,0.0,195.0,1.0,0.0,,0.0,194.0,1.0,0.0,2.3978952727983707,3.0,1.0,1.0,-1.0499999999999998,0
030610,2025,3,202503,교보증권,00113359,CFS,CFS,18389402705000.0,2124037677000.0,16265365028000.0,7.657757300695942,2.15845571682924,4254444406755.0,0.3334273136647947,,1,1,0,missing_prev_yoy,136661430297.0,-0.15782746419821758,,1,1,0,missing_prev_yoy,121581831016.0,-0.13494101120646496,,1,1,0,missing_prev_yoy,193947903547.0,-1.394414958388352,,1,1,0,missing_prev_yoy,11912230000.0,0.10640138053771753,,1,1,0,missing_prev_yoy,18389402705000.0,0.010546721209942636,0.0006477768849317285,0.032122039267927824,0.007431531762575537,10,20233,20254,0,0,193947903547.0,0.010546721209942636,2025-11-30,1257802255355.0,830434267000.0,-0.3397735904316536,70518419545.0,40632797000.0,-0.4237988136692294,66121,True,passed,66121,0,0,3,2025,00113359,-1.0499999999999998,-1.0499999999999998,0.0,-1.0499999999999998,328.0,328.0,,0.0,195.0,1.0,0.0,,0.0,194.0,1.0,0.0,2.15845571682924,3.0,1.0,1.0,-1.0499999999999998,0
032830,2025,3,202503,삼성생명,00126256,CFS,CFS,318858553000000.0,40923920000000.0,287368034000000.0,7.022006542872726,2.0821885829636746,28128630000000.0,0.5605882833336366,,1,1,0,missing_prev_yoy,144499000000.0,-0.13156439689885213,,1,1,0,missing_prev_yoy,2326328000000.0,-0.12350308200081384,,1,1,0,missing_prev_yoy,3042214000000.0,-0.5791316555674253,,1,1,0,missing_prev_yoy,150051000000.0,0.225446319193767,,1,1,0,missing_prev_yoy,318858553000000.0,0.009540951532825906,0.0004705879725923488,0.005137079196533923,0.0004531758632173182,10,20233,20254,0,0,3042214000000.0,0.009540951532825906,2025-11-30,8475872000000.0,4974734000000.0,-0.4130711270769544,34690000000.0,37961000000.0,0.09429230325742288,65110,True,passed,65110,0,0,3,2025,00126256,-1.0499999999999998,-1.0499999999999998,0.0,-1.0499999999999998,328.0,328.0,,0.0,195.0,1.0,0.0,,0.0,194.0,1.0,0.0,2.0821885829636746,3.0,1.0,1.0,-1.0499999999999998,0
039490,2025,3,202503,키움증권,00296290,CFS,CFS,72326096583908.0,6432023635784.0,65894072948124.0,10.244687625450892,2.3978952727983707,15177067250054.0,0.5511877236157334,,1,1,0,missing_prev_yoy,,,,0,0,0,missing_ttm_yoy,1014381891409.0,1.0311109415359407,,1,1,0,missing_prev_yoy,-1369091744599.0,-0.7547231959450074,,1,1,0,missing_prev_yoy,53067502661.0,0.4554788079926495,,1,1,0,missing_prev_yoy,72326096583908.0,-0.018929429476546814,0.0007337255177242223,,,10,20233,20254,0,0,-1369091744599.0,-0.018929429476546814,2025-11-30,4505662862144.0,3369852573025.0,-0.2520850591512144,,408881346062.0,,66121,True,passed,66121,0,0,3,2025,00296290,-1.0499999999999998,-1.0499999999999998,0.0,-1.0499999999999998,328.0,328.0,,0.0,195.0,1.0,0.0,,0.0,194.0,1.0,0.0,2.3978952727983707,3.0,1.0,1.0,-1.0499999999999998,0
055550,2025,3,202503,신한지주,00382199,CFS,CFS,782940313000000.0,60577617000000.0,722362696000000.0,11.92458092235619,2.3978952727983707,3430331000000.0,-2.6243997285667406,,1,1,0,missing_prev_yoy,6581088000000.0,-0.01703797967486964,,1,1,0,missing_prev_yoy,4980376000000.0,0.05958322802126492,,1,1,0,missing_prev_yoy,15172973000000.0,-24.775195280365413,,1,1,0,missing_prev_yoy,657560000000.0,-0.14513558277582628,,1,1,0,missing_prev_yoy,782940313000000.0,0.01937947599333795,0.0008398596790608737,1.9184994101152337,0.008405606264905663,10,20233,20254,0,0,15172973000000.0,0.01937947599333795,2025-11-30,2174042000000.0,1194707000000.0,-0.45046737827512073,2014257000000.0,1954623000000.0,-0.029605953957215984,64992,True,passed,64992,0,0,3,2025,00382199,-1.0499999999999998,-1.0499999999999998,0.0,-1.0499999999999998,328.0,328.0,,0.0,195.0,1.0,0.0,,0.0,194.0,1.0,0.0,2.3978952727983707,3.0,1.0,1.0,-1.0499999999999998,0
071050,2025,3,202503,한국금융지주,00432102,CFS,CFS,123132813000000.0,11679756000000.0,111453057000000.0,9.542413129178383,2.3554064665456655,20680703418485.0,0.09153756767316601,,1,1,0,missing_prev_yoy,2119494992921.0,0.9750419045662988,,1,1,0,missing_prev_yoy,1781841353184.0,0.9509494501093063,,1,1,0,missing_prev_yoy,-4528262881040.0,-0.4203470416024061,,1,1,0,missing_prev_yoy,54110576898.0,0.515118382336677,,1,1,0,missing_prev_yoy,123132813000000.0,-0.03677543597611142,0.0004394488810874482,0.10248660067464316,0.017213080260913068,10,20233,20254,0,0,-4528262881040.0,-0.03677543597611142,2025-11-30,6411557812004.0,4166865000000.0,-0.3501010016319883,585550629897.0,849092000000.0,0.4500744370292244,64992,True,passed,64992,0,0,3,2025,00432102,-1.0499999999999998,-1.0499999999999998,0.0,-1.0499999999999998,328.0,328.0,,0.0,195.0,1.0,0.0,,0.0,194.0,1.0,0.0,2.3554064665456655,3.0,1.0,1.0,-1.0499999999999998,0
085620,2025,3,202503,미래에셋생명,00112332,CFS,CFS,33221045823391.0,2491548236271.0,30729497587120.0,12.333494948952545,2.3978952727983707,4393350896212.0,0.15317111655320503,,1,1,0,missing_prev_yoy,204912890227.0,3.0984080168496204,,1,1,0,missing_prev_yoy,191488265355.0,-10.013993655564471,,1,1,0,missing_prev_yoy,489780971482.0,-3.129273068568781,,1,1,0,missing_prev_yoy,56510355991.0,3.5209804384744983,,1,1,0,missing_prev_yoy,33221045823391.0,0.014743093100854287,0.0017010408489672216,0.04664159432465965,0.006168164943281841,10,20233,20254,0,1,489780971482.0,0.014743093100854287,2025-11-30,1350804868307.0,972810285806.0,-0.2798291532475381,65038991669.0,61774487859.0,-0.05019302615596951,65110,True,passed,65110,1,0,3,2025,00112332,-1.0499999999999998,-1.0499999999999998,0.0,-1.0499999999999998,328.0,328.0,,0.0,195.0,1.0,0.0,,0.0,194.0,1.0,0.0,2.3978952727983707,3.0,1.0,1.0,-1.0499999999999998,0
086790,2025,3,202503,하나금융지주,00547583,CFS,CFS,659077690000000.0,44996694000000.0,614080996000000.0,13.647246973299861,2.3978952727983707,309031000000.0,-0.48555366518729626,,1,1,0,missing_prev_yoy,11660714000000.0,0.029603618049276692,,1,1,0,missing_prev_yoy,3980105000000.0,0.07363368207524146,,1,1,0,missing_prev_yoy,-8873060000000.0,-51.02147870451278,,1,1,0,missing_prev_yoy,1986694000000.0,-0.18465603970725175,,1,1,0,missing_prev_yoy,659077690000000.0,-0.013462843811326704,0.0030143548023905953,37.73315298465202,0.017692472643096143,10,20233,20254,0,0,-8873060000000.0,-0.013462843811326704,2025-11-30,9234000000.0,-2203000000.0,-1.2385748321420835,3105151000000.0,3132500000000.0,0.008807623204153356,64992,True,passed,64992,0,0,3,2025,00547583,-1.0499999999999998,-1.0499999999999998,0.0,-1.0499999999999998,328.0,328.0,,0.0,195.0,1.0,0.0,,0.0,194.0,1.0,0.0,2.3978952727983707,3.0,1.0,1.0,-1.0499999999999998,0
088350,2025,3,202503,한화생명,00113058,CFS,CFS,178482968000000.0,15831863000000.0,162651105000000.0,10.27365541250578,2.3978952727983707,15917353687946.0,0.34901221468731247,,1,1,0,missing_prev_yoy,1155232090460.0,0.3048854450763394,,1,1,0,missing_prev_yoy,907904224048.0,0.282053398820179,,1,1,0,missing_prev_yoy,6230685986194.0,0.18274836174454823,,1,1,0,missing_prev_yoy,272110113605.0,0.1524529638499421,,1,1,0,missing_prev_yoy,178482968000000.0,0.034909134781947376,0.0015245718773849615,0.07257689394279414,0.00647250605144576,10,20233,20254,0,0,6230685986194.0,0.034909134781947376,2025-11-30,4829441000000.0,2824035000000.0,-0.415245988096759,240703000000.0,354890000000.0,0.47438960046198014,65110,True,passed,65110,0,0,3,2025,00113058,-1.0499999999999998,-1.0499999999999998,0.0,-1.0499999999999998,328.0,328.0,,0.0,195.0,1.0,0.0,,0.0,194.0,1.0,0.0,2.3978952727983707,3.0,1.0,1.0,-1.0499999999999998,0
105560,2025,3,202503,KB금융,00688996,CFS,CFS,796063202000000.0,61371093000000.0,734692109000000.0,11.971305594964717,2.3978952727983707,12264570000000.0,0.09170287407867384,,1,1,0,missing_prev_yoy,10031345000000.0,0.426853886140663,,1,1,0,missing_prev_yoy,5760618000000.0,0.25574956064379917,,1,1,0,missing_prev_yoy,-4187244000000.0,-2.0992184374419183,,1,1,0,missing_prev_yoy,603075000000.0,0.07226295801092397,,1,1,0,missing_prev_yoy,796063202000000.0,-0.00525993914739448,0.0007575717587307848,0.8179124910208837,0.012601191682767921,10,20233,20254,0,1,-4187244000000.0,-0.00525993914739448,2025-11-30,3036603000000.0,3143341000000.0,0.03515046253988421,2788082000000.0,2699482000000.0,-0.031778118434106314,64992,True,passed,64992,1,0,3,2025,00688996,-1.0499999999999998,-1.0499999999999998,0.0,-1.0499999999999998,328.0,328.0,,0.0,195.0,1.0,0.0,,0.0,194.0,1.0,0.0,2.3978952727983707,3.0,1.0,1.0,-1.0499999999999998,0
138040,2025,3,202503,메리츠금융지주,00860332,CFS,CFS,132689465217132.0,11404138638484.0,121285326578648.0,10.635202747304637,2.3978952727983707,36833239414977.0,-0.26196907929084234,,1,1,0,missing_prev_yoy,2883729323117.0,0.22794631452618574,,1,1,0,missing_prev_yoy,2376731176484.0,0.012056944938380054,,1,1,0,missing_prev_yoy,-7164997656044.0,0.336813715217662,,1,1,0,missing_prev_yoy,30946749074.0,-0.6639304756021396,,1,1,0,missing_prev_yoy,132689465217132.0,-0.05399824051079906,0.00023322687316102288,0.07829149346946737,0.02173291842271041,10,20233,20254,0,0,-7164997656044.0,-0.05399824051079906,2025-11-30,9351455876300.0,7370496338764.0,-0.2118343457681786,949733159526.0,862313205452.0,-0.0920468588436253,64992,True,passed,64992,0,0,3,2025,00860332,-1.0499999999999998,-1.0499999999999998,0.0,-1.0499999999999998,328.0,328.0,,0.0,195.0,1.0,0.0,,0.0,194.0,1.0,0.0,2.3978952727983707,3.0,1.0,1.0,-1.0499999999999998,0
138930,2025,3,202503,BNK금융지주,00858364,CFS,CFS,158408955601596.0,11173229845498.0,147235725756098.0,13.17754380712246,2.3978952727983707,182140885163.0,0.7363290275633592,,1,1,0,missing_prev_yoy,870694513311.0,0.11679018888596882,,1,1,0,missing_prev_yoy,814548483596.0,0.1438137640623558,,1,1,0,missing_prev_yoy,-899975086247.0,0.021230590999718135,,1,1,0,missing_prev_yoy,177959851967.0,-0.04576878430532261,,1,1,0,missing_prev_yoy,158408955601596.0,-0.005681339687072165,0.001123420398115465,4.780335357060582,0.005496498035760218,10,20233,20254,0,0,-899975086247.0,-0.005681339687072165,2025-11-30,126328582617.0,12632261205.0,-0.9000047262202079,255856037132.0,380399128498.0,0.48677018827484747,64992,True,passed,64992,0,0,3,2025,00858364,-1.0499999999999998,-1.0499999999999998,0.0,-1.0499999999999998,328.0,328.0,,0.0,195.0,1.0,0.0,,0.0,194.0,1.0,0.0,2.3978952727983707,3.0,1.0,1.0,-1.0499999999999998,0
139130,2025,3,202503,iM금융지주,00878915,CFS,CFS,102625742103457.0,6447646511787.0,96178095591670.0,14.916775511164573,2.3978952727983707,260566701022.0,0.007967789534047975,,1,1,0,missing_prev_yoy,521162922517.0,1.002251003010696,,1,1,0,missing_prev_yoy,400578364208.0,0.9320345534373666,,1,1,0,missing_prev_yoy,-998948864512.0,-1.5887430458252236,,1,1,0,missing_prev_yoy,66116403246.0,-0.30921960171734886,,1,1,0,missing_prev_yoy,102625742103457.0,-0.009733901495250186,0.0006442477480878829,2.0001132933444072,0.005078286517934415,10,20233,20254,0,0,-998948864512.0,-0.009733901495250186,2025-11-30,69109296019.0,70074796879.0,0.013970636594743461,198553005839.0,155710563325.0,-0.21577332628617824,64992,True,passed,64992,0,0,3,2025,00878915,-1.0499999999999998,-1.0499999999999998,0.0,-1.0499999999999998,328.0,328.0,,0.0,195.0,1.0,0.0,,0.0,194.0,1.0,0.0,2.3978952727983707,3.0,1.0,1.0,-1.0499999999999998,0
175330,2025,3,202503,JB금융지주,00980122,CFS,CFS,71254396000000.0,6015104000000.0,65239292000000.0,10.84591255612538,2.3978952727983707,215530000000.0,-0.23966189948706373,,1,1,0,missing_prev_yoy,923725000000.0,0.056778725424581955,,1,1,0,missing_prev_yoy,712517000000.0,0.062224759905661786,,1,1,0,missing_prev_yoy,-790704000000.0,-0.3032247831125171,,1,1,0,missing_prev_yoy,110287000000.0,-0.29287793493453707,,1,1,0,missing_prev_yoy,71254396000000.0,-0.011096915339791808,0.001547792223233497,4.2858302788474925,0.012963761562163828,10,20233,20254,0,0,-790704000000.0,-0.011096915339791808,2025-11-30,57124000000.0,49953000000.0,-0.12553392619564457,266896000000.0,281076000000.0,0.05312930879443679,64992,True,passed,64992,0,0,3,2025,00980122,-1.0499999999999998,-1.0499999999999998,0.0,-1.0499999999999998,328.0,328.0,,0.0,195.0,1.0,0.0,,0.0,194.0,1.0,0.0,2.3978952727983707,3.0,1.0,1.0,-1.0499999999999998,0
316140,2025,3,202503,우리금융지주,01350869,CFS,CFS,586956410000000.0,37151508000000.0,549804902000000.0,14.79899286995295,2.3978952727983707,1242118000000.0,-0.5600829883748275,,1,1,0,missing_prev_yoy,3639904000000.0,-0.0200494026585899,,1,1,0,missing_prev_yoy,3339874000000.0,0.18756818107471163,,1,1,0,missing_prev_yoy,3650909000000.0,-3.3042427271906787,,1,1,0,missing_prev_yoy,327886000000.0,-0.31896288511188053,,1,1,0,missing_prev_yoy,586956410000000.0,0.006220068369301905,0.000558620698937422,2.9304011374120655,0.006201319106473341,10,20233,20254,0,0,3650909000000.0,0.006220068369301905,2025-11-30,732233000000.0,-913075000000.0,-2.2469732994825415,1108451000000.0,988030000000.0,-0.1086389926122129,64992,True,passed,64992,0,0,3,2025,01350869,-1.0499999999999998,-1.0499999999999998,0.0,-1.0499999999999998,328.0,328.0,,0.0,195.0,1.0,0.0,,0.0,194.0,1.0,0.0,2.3978952727983707,3.0,1.0,1.0,-1.0499999999999998,0
323410,2025,3,202503,카카오뱅크,01133217,CFS,OFS,73987994000000.0,6715001000000.0,67272993000000.0,10.018314665924844,2.3978952727983707,3074532000000.0,0.07425395245868649,,1,1,0,missing_prev_yoy,619256000000.0,0.041287905539244774,,1,1,0,missing_prev_yoy,459530000000.0,0.06553233720099794,,1,1,0,missing_prev_yoy,5621611000000.0,1.8191049449579562,,1,1,0,missing_prev_yoy,43729000000.0,0.17346035153629402,,1,1,0,missing_prev_yoy,73987994000000.0,0.07598004346488972,0.0005910283227843696,0.20141471937842897,0.008369682248717272,10,20233,20254,0,0,5621611000000.0,0.07598004346488972,2025-11-30,778033000000.0,764658000000.0,-0.01719078753728955,170127000000.0,151119000000.0,-0.11172829709569909,64121,True,passed,64121,0,0,3,2025,01133217,-1.0499999999999998,-1.0499999999999998,0.0,-1.0499999999999998,328.0,328.0,,0.0,195.0,1.0,0.0,,0.0,194.0,1.0,0.0,2.3978952727983707,3.0,1.0,1.0,-1.0499999999999998,0
145720,2025,3,202503,덴티움,00526599,CFS,CFS,906952888348.0,558891129828.0,348061758520.0,0.6227720211396391,0.4841358110995039,356030972532.0,-0.13855409305820554,-0.2771421206294059,1,1,1,,64800594476.0,-0.484045266253605,-0.5274758668660728,1,1,1,,42029221167.0,-0.5096969272505063,-0.6958718075538828,1,1,1,,48345697315.0,0.716871114954357,0.8548584449507732,1,1,1,,36421418367.0,0.6131311864432738,1.1861118776626656,1,1,1,,906952888348.0,0.053305632449179255,0.0401580047154831,0.18200830679183602,0.07144868857966066,37,20164,20254,0,0,48345697315.0,0.053305632449179255,2025-11-30,82252612759.0,78218785370.0,-0.04904193622175999,15541190907.0,12471432212.0,-0.19752403231964236,27191,True,passed,27191,0,0,3,2025,00526599,-1.0511232839425464,-1.0511232839425464,0.0,-1.0511232839425464,357.0,357.0,-0.5274758668660728,-0.6321826677234265,340.0,1.0,-0.6321826677234265,-0.2771421206294059,-2.0076392645309684,404.0,1.0,-0.5019098161327421,0.4841358110995039,-0.23705485689606337,266.0,1.0,0.08296919991362217,0
030520,2025,3,202503,한글과컴퓨터,00204262,CFS,CFS,721789397348.0,511567250173.0,210222147175.0,0.4109374615046366,0.344254349779732,319872432201.0,0.031271910442581374,-0.1954162381578335,1,1,1,,42802711573.0,-0.04717321041389899,-0.7275109711472264,1,1,1,,15115223198.0,-1.7426780085259366,-1.9241507564889755,1,1,1,,60480129906.0,0.3410130496611081,0.4998765416231372,1,1,1,,12095942710.0,-0.45426454597163557,-0.4537452467768891,1,1,1,,721789397348.0,0.08379193450086163,0.016758271532448295,0.13381181766268568,0.059300831697259346,41,20154,20254,0,0,60480129906.0,0.08379193450086163,2025-11-30,86412575354.0,84065726106.0,-0.02715865414710575,16404841198.0,12355521302.0,-0.24683688474190618,582,True,passed,582,0,0,3,2025,00204262,-1.088041900429574,-1.088041900429574,0.0,-1.088041900429574,358.0,358.0,-0.7275109711472264,-0.9085811115831437,361.0,1.0,-0.9085811115831437,-0.1954162381578335,-1.4707356912125442,391.0,1.0,-0.36768392280313605,0.344254349779732,-0.5377803827334453,320.0,1.0,0.18822313395670584,0
161890,2025,3,202503,한국콜마,00939331,CFS,CFS,3491328543324.0,1598518650212.0,1892809893112.0,1.1841024769157185,0.781204978446578,2657447449179.0,0.10109514601130432,-0.057634636459598765,1,1,1,,226887405051.0,0.15706746959066886,-0.6686720815092004,1,1,1,,151805620405.0,3.0852286632208488,2.3580592013665767,1,1,1,,302814686972.0,0.5472826438547225,-0.5795254374565806,1,1,1,,220394356341.0,0.07557822094996336,-0.9562327629721112,1,1,1,,3491328543324.0,0.08673336903541547,0.06312621502276851,0.08537794608924262,0.06498597947330004,41,20154,20254,0,0,302814686972.0,0.08673336903541547,2025-11-30,730849244128.0,683014538376.0,-0.06545085205509536,73477279890.0,58330238822.0,-0.20614591463750495,20423,True,passed,20423,0,0,3,2025,00939331,-1.1092338554375611,-1.1092338554375611,0.0,-1.1092338554375611,359.0,359.0,-0.6686720815092004,-0.8272804939099274,351.0,1.0,-0.8272804939099274,-0.057634636459598765,-0.5655703745204953,337.0,1.0,-0.14139259363012383,0.781204978446578,0.40160219399288555,167.0,1.0,-0.14056076789750993,0
348210,2025,3,202503,넥스틴,01080252,CFS,CFS,204266186069.0,151103862977.0,53162323092.0,0.35182636661044203,0.3014565423100284,81685872993.0,-0.19897331537488328,-0.33616084226846155,1,1,1,,15912402216.0,-0.5950825491287827,-0.6240885390440613,1,1,1,,12564924755.0,-0.5902699212866791,-0.6658723182378665,1,1,1,,10367718749.0,-0.6441923540317598,-1.3179346176213715,1,1,1,,30208803416.0,-4.5749113358143925,-3.310224267282308,1,1,1,,204266186069.0,0.05075592269343023,0.14788939861928802,0.19479992846943803,0.07790032468038972,22,20203,20254,0,0,10367718749.0,0.05075592269343023,2025-11-30,23159312598.0,10739628000.0,-0.5362717285085803,2578412351.0,-3670830432.0,-2.4236785790202724,29271,True,passed,29271,0,0,3,2025,01080252,-1.1440924762198872,-1.1440924762198872,0.0,-1.1440924762198872,360.0,360.0,-0.6240885390440613,-0.7656771978114681,348.0,1.0,-0.7656771978114681,-0.33616084226846155,-2.395366647612044,410.0,1.0,-0.598841661903011,0.3014565423100284,-0.6297896671274057,343.0,1.0,0.22042638349459198,0
031980,2025,3,202503,피에스케이홀딩스,00208444,CFS,CFS,563670604586.0,483779526029.0,79891078557.0,0.16513943699264974,0.15284076826128606,254196393018.0,0.6172566403165882,-0.1983835535099232,1,1,1,,102437149113.0,0.7282638642270356,-0.8815899225491359,1,1,1,,113775975983.0,0.5252785989297324,-0.36786407437521396,1,1,1,,76214052626.0,0.48270482998113984,-0.068019893830777,1,1,1,,-15878037642.0,-1.6751063498404708,-1.987380012349211,1,1,1,,563670604586.0,0.1352102664320717,-0.028169000676666413,0.4029842748624143,0.18173228882183268,41,20154,20254,0,0,76214052626.0,0.1352102664320717,2025-11-30,34657233583.0,90554940235.0,1.6128727215959566,8450383251.0,41238258349.0,3.8800459250318564,29271,True,passed,29271,0,0,3,2025,00208444,-1.1617846124194577,-1.1617846124194577,0.0,-1.1617846124194577,361.0,361.0,-0.8815899225491359,-1.121479655326584,369.0,1.0,-1.121479655326584,-0.1983835535099232,-1.4902296650616949,392.0,1.0,-0.3725574162654237,0.15284076826128606,-0.9492927404929997,416.0,1.0,0.33225245917254986,0
192820,2025,3,202503,코스맥스,01009789,CFS,CFS,2056508762657.0,506648656095.0,1549860106562.0,3.0590431612067492,1.400947271258405,2355753761474.0,0.15207696107568314,-0.022228896828403677,1,1,1,,194702669438.0,0.23151030551771767,-0.4230517184956828,1,1,1,,56016362925.0,-0.24688377903072178,-303.30751366740014,1,1,1,,143045217674.0,0.052081543447579426,0.2068468206639016,1,1,1,,202463349059.0,0.3862518240059054,-0.4840652675906272,1,1,1,,2056508762657.0,0.06955731007398491,0.09845002984447208,0.08264983913945834,0.09467631403935524,41,20154,20254,0,1,143045217674.0,0.06955731007398491,2025-11-30,623560619449.0,585616672949.0,-0.060850453534940355,60812964839.0,42726679740.0,-0.29740837577780904,20423,True,passed,20423,1,0,3,2025,01009789,-1.1780235665314573,-1.1780235665314573,0.0,-1.1780235665314573,362.0,362.0,-0.4230517184956828,-0.48789463280739026,329.0,1.0,-0.48789463280739026,-0.022228896828403677,-0.3329700336115716,312.0,1.0,-0.0832425084028929,1.400947271258405,1.7339612152033552,53.0,1.0,-0.6068864253211743,0
103140,2025,3,202503,풍산,00684714,CFS,CFS,4242985419142.0,2256858100380.0,1986127318762.0,0.8800408490137615,0.6312935048046132,4852086266847.0,0.09279490296474213,0.02150343406248889,1,1,1,,239758497157.0,-0.3108584826462334,-0.9408432667853429,1,1,1,,178629650839.0,-0.23175969430882137,-0.6809804144926772,1,1,1,,-18798352803.0,-1.045909372930249,-1.2007903866544212,1,1,1,,208021074596.0,0.3333774225378756,0.20744748386184075,1,1,1,,4242985419142.0,-0.004430454254731172,0.04902705384221311,0.04941348606994177,0.0565070283002488,41,20154,20254,0,0,-18798352803.0,-0.004430454254731172,2025-11-30,1293963022374.0,1174161019641.0,-0.09258533718622222,93593429513.0,42582649584.0,-0.5450252244674363,242,True,passed,242,0,0,3,2025,00684714,-1.2425295879905767,-1.2425295879905767,0.0,-1.2425295879905767,363.0,363.0,-0.9408432667853429,-1.2033529455134542,370.0,1.0,-1.2033529455134542,0.02150343406248889,-0.04566760242606296,269.0,1.0,-0.01141690060651574,0.6312935048046132,0.07931354820173354,212.0,1.0,-0.027759741870606737,0
045100,2025,3,202503,한양이엔지,00216762,CFS,CFS,862884179960.0,615094193982.0,247789985978.0,0.4028488455952671,0.338505058748445,1130431688806.0,-0.0575684625405688,-0.22495528238653617,1,1,1,,61752812150.0,-0.38674909953893644,-0.8675369230966512,1,1,1,,51511246118.0,-0.41077484473231607,-0.7920782806981286,1,1,1,,42231838934.0,-0.5240230083248087,-0.45774558433678847,1,1,1,,29917914600.0,-0.4125432062043701,-1.2827343404270706,1,1,1,,862884179960.0,0.04894265060689571,0.03467199340864829,0.05462763717746218,0.07156558618662197,41,20154,20254,0,1,42231838934.0,0.04894265060689571,2025-11-30,290044095259.0,251726072627.0,-0.13211102469706631,20122267910.0,12089559577.0,-0.3991949798565225,721,True,passed,721,1,0,3,2025,00216762,-1.3257113318454046,-1.3257113318454046,0.0,-1.3257113318454046,364.0,364.0,-0.8675369230966512,-1.102061927652301,367.0,1.0,-1.102061927652301,-0.22495528238653617,-1.6647943898667688,398.0,1.0,-0.4161985974666922,0.338505058748445,-0.5501405522102533,323.0,1.0,0.19254919327358863,0
010060,2025,3,202503,OCI홀딩스,00148896,CFS,CFS,7792750859000.0,4584362810000.0,3208388049000.0,0.6998547414269771,0.530542801192009,3423391325000.0,0.016123887824260663,0.004897370254355771,1,1,1,,-192775050000.0,-1.7023822453146424,-1.040954696247831,1,1,1,,-252790065000.0,-2.337077768969714,-1.512836404761224,1,1,1,,502622174000.0,1.0590370757431384,1.723310855520007,1,1,1,,387751076000.0,0.4214288669205166,-0.006120568355493683,1,1,1,,7792750859000.0,0.06449868385302115,0.04975792027948368,-0.056311134690393595,-0.024737740688496455,41,20154,20254,0,0,502622174000.0,0.06449868385302115,2025-11-30,776231951000.0,845110460000.0,0.08873444195548194,-80341806000.0,-53340928000.0,0.3360750690618033,64992,True,passed,64992,0,0,3,2025,00148896,-1.3323222231823586,-1.3323222231823586,0.0,-1.3323222231823586,365.0,365.0,-1.040954696247831,-1.3416818824040107,379.0,1.0,-1.3416818824040107,0.004897370254355771,-0.15476223349892682,286.0,1.0,-0.038690558374731704,0.530542801192009,-0.13728633598966808,250.0,1.0,0.048050217596383824,0
005880,2025,3,202503,대한해운,00113535,CFS,CFS,4114445536907.0,2340975849340.0,1773469687567.0,0.7575770967765434,0.5639362110387166,1385369793147.0,-0.1876222652089743,-0.3824231172239856,1,1,1,,218198643467.0,-0.31160084931835696,-0.5999732955872602,1,1,1,,135546456093.0,0.048921239349686285,-1.1024357303259995,1,1,1,,475208074861.0,-0.07171634079215017,-0.45497314655898236,1,1,1,,146700670170.0,1.6130229806317669,2.4960032055403194,1,1,1,,4114445536907.0,0.11549747605074236,0.03565502784131662,0.15750209405919044,0.05303233242723368,41,20154,20254,0,0,475208074861.0,0.11549747605074236,2025-11-30,332213686140.0,317993029421.0,-0.042805752177853366,33036046980.0,59308757574.0,0.7952740414101446,50112,True,passed,50112,0,0,3,2025,00113535,-1.3842550801736861,-1.3842550801736861,0.0,-1.3842550801736861,366.0,366.0,-0.5999732955872602,-0.7323559675768505,346.0,1.0,-0.7323559675768505,-0.3824231172239856,-2.699289713136605,416.0,1.0,-0.6748224282841513,0.5639362110387166,-0.06549518767804474,239.0,1.0,0.02292331568731566,0
018880,2025,3,202503,한온시스템,00161125,CFS,CFS,10562394021075.0,3055623365090.0,7506770655985.0,2.4567067858390645,1.2403163398239285,10716838960256.0,0.0797144614652503,0.028501204839395555,1,1,1,,43082308947.0,-0.8495858459615517,-0.7220693273405688,1,1,1,,-300490780808.0,2.159527775590944,4.287650248795507,1,1,1,,130307939127.0,-0.810287227558259,-0.9169853274289105,1,1,1,,514880059542.0,-0.30558921264425254,-0.26523291856327214,1,1,1,,10562394021075.0,0.012336970090965965,0.04874653023875713,0.0040200575101271155,0.004078839405255897,41,20154,20254,0,0,130307939127.0,0.012336970090965965,2025-11-30,2858195834535.0,2705697664534.0,-0.0533546960493034,64300533984.0,95301547871.0,0.4821268497507972,29172,True,passed,29172,0,0,3,2025,00161125,-1.3870054768399056,-1.3870054768399056,0.0,-1.3870054768399056,367.0,367.0,-0.7220693273405688,-0.9010621219257833,358.0,1.0,-0.9010621219257833,0.028501204839395555,0.0003047140758886988,193.0,1.0,7.61785189721747e-05,1.2403163398239285,1.38862723838027,60.0,1.0,-0.48601953343309445,0
003570,2025,3,202503,SNT다이내믹스,00134477,CFS,CFS,1233499409878.0,872541865409.0,360957544469.0,0.4136850720621902,0.34619982135443755,679990074574.0,0.19369113127111293,-0.015991191781576042,1,1,1,,90782546243.0,-0.03903551947004702,-1.1924278342173777,1,1,1,,81719739051.0,-0.1265656690973861,-2.6066927695903543,1,1,1,,-5419399588.0,-1.1847320182726264,-0.4028402015343815,1,1,1,,50668440878.0,1.6257771068733922,-3.2767395504107046,1,1,1,,1233499409878.0,-0.004393516157852081,0.04107698834084679,0.13350569315276173,0.07359755952536605,41,20154,20254,0,0,-5419399588.0,-0.004393516157852081,2025-11-30,186530952841.0,151718193462.0,-0.1866326143129424,29586124273.0,19901467037.0,-0.3273378137209449,303,True,passed,303,0,0,3,2025,00134477,-1.4372183369138352,-1.4372183369138352,0.0,-1.4372183369138352,368.0,368.0,-1.1924278342173777,-1.55097984423818,389.0,1.0,-1.55097984423818,-0.015991191781576042,-0.291991019036684,307.0,1.0,-0.072997754759171,0.34619982135443755,-0.5335978916671877,317.0,1.0,0.1867592620835157,0
298020,2025,3,202503,효성티앤씨,01316227,CFS,CFS,5715987495190.0,1938504672901.0,3777482822289.0,1.9486580946105962,1.0813501836781394,7829331011243.0,0.03488977103113844,0.03563296555245621,1,1,1,,249181524582.0,-0.03153535339940683,-0.8537553301405484,1,1,1,,,,,0,0,0,missing_ttm_yoy,604829070078.0,0.2025788631055454,0.5670835765381539,1,1,1,,484995705441.0,1.2157705475696479,1.6113761700559512,1,1,1,,5715987495190.0,0.10581357474748909,0.08484897943690807,0.03182666874400543,0.04359378406472829,31,20182,20254,0,0,604829070078.0,0.10581357474748909,2025-11-30,1889169023452.0,2009801485987.0,0.06385477479117951,73319138703.0,56058528477.0,-0.23541752578298833,2050,True,passed,2050,0,0,3,2025,01316227,-1.437635197486528,-1.437635197486528,0.0,-1.437635197486528,369.0,369.0,-0.8537553301405484,-1.0830192158209768,366.0,1.0,-1.0830192158209768,0.03563296555245621,0.04715728629774412,184.0,1.0,0.01178932157443603,1.0813501836781394,1.046872294971392,81.0,1.0,-0.36640530323998716,0
185750,2025,3,202503,종근당,00992871,CFS,CFS,1521905790120.0,945542004884.0,576363785236.0,0.6095591547058863,0.4759603245487995,1680987556789.0,0.0031686102313008835,-0.06971088436703532,1,1,1,,63848399600.0,-0.6916579538377937,-1.0646335732029364,1,1,1,,59600717641.0,-0.6887542215384458,-1.084258707323699,1,1,1,,11425087673.0,-0.9383231876737224,-0.8335852260244992,1,1,1,,155918162378.0,4.459063844041278,5.855092071619405,1,1,1,,1521905790120.0,0.007507092585605545,0.10244928653941587,0.03798267235360288,0.04195292508543886,41,20154,20254,0,0,11425087673.0,0.007507092585605545,2025-11-30,434849104888.0,429818748658.0,-0.011568050097046012,23642938344.0,20987243788.0,-0.1123250637192458,212,True,passed,212,0,0,3,2025,00992871,-1.4465058314241168,-1.4465058314241168,0.0,-1.4465058314241168,370.0,370.0,-1.0646335732029364,-1.3744001633590273,382.0,1.0,-1.3744001633590273,-0.06971088436703532,-0.644906081370001,346.0,1.0,-0.16122652034250026,0.4759603245487995,-0.2546310065068875,270.0,1.0,0.08912085227741062,0
002350,2025,3,202503,넥센타이어,00173874,CFS,CFS,4941737869863.0,1993401125907.0,2948336743956.0,1.4790483990594232,0.9078747764846657,3054130678288.0,0.07977792963837715,0.041976723821871564,1,1,1,,145296424715.0,-0.3419124722729048,-0.9924524904461323,1,1,1,,161750093119.0,0.8071582909405979,0.7369534185660873,1,1,1,,387554628541.0,0.7638961747305422,-4.472544517215122,1,1,1,,216884236327.0,-0.14659492319718925,0.002188785157505979,1,1,1,,4941737869863.0,0.07842476447496075,0.043888251873831725,0.04757374193184368,0.029401888271145402,41,20154,20254,0,0,387554628541.0,0.07842476447496075,2025-11-30,804669445680.0,780696091791.0,-0.02979279754898721,42631661052.0,46485520103.0,0.09039898882427434,221,True,passed,221,0,0,3,2025,00173874,-1.4883292920871,-1.4883292920871,0.0,-1.4883292920871,371.0,371.0,-0.9924524904461323,-1.2746639744446608,376.0,1.0,-1.2746639744446608,0.041976723821871564,0.08883302451081443,178.0,1.0,0.022208256127703607,0.9078747764846657,0.6739244964861223,125.0,1.0,-0.23587357377014279,0
085660,2025,3,202503,차바이오텍,00525679,CFS,CFS,2329237419109.0,760334627326.0,1568902791783.0,2.0634372490710193,1.119537569562986,1197694357893.0,0.18607150493420233,0.11458804789100063,1,1,1,,-80851360799.0,1.118562284810499,-0.9637986648338712,1,1,1,,-140532426729.0,17.887216692532604,18.71591580718509,1,1,1,,-74203222301.0,6.491646685358164,6.588180109072501,1,1,1,,123252352033.0,0.19790386706492247,-0.19333306819638651,1,1,1,,2329237419109.0,-0.031857303034992825,0.0529153237114607,-0.06750583758383466,-0.03471151550962459,41,20154,20254,0,0,-74203222301.0,-0.031857303034992825,2025-11-30,298895196431.0,318675034705.0,0.06617650102840036,-20766895969.0,-8056237322.0,0.6120634815127869,211,True,passed,211,0,0,3,2025,00525679,-1.4887465201697478,-1.4887465201697478,0.0,-1.4887465201697478,372.0,372.0,-0.9637986648338712,-1.235071559711669,372.0,1.0,-1.235071559711669,0.11458804789100063,0.5658579054554543,132.0,1.0,0.14146447636386358,1.119537569562986,1.1289698194912638,75.0,1.0,-0.3951394368219423,0
090460,2025,3,202503,비에이치,00447609,CFS,CFS,1426615634421.0,760321405499.0,666294228922.0,0.8763323301212468,0.6293189831473978,1772502438928.0,-0.006042678476862906,-0.13627388131479,1,1,1,,19863370029.0,-0.8155745193070145,-0.9465155382604098,1,1,1,,15973986340.0,-0.8274390070073636,-0.9342811471116206,1,1,1,,189296921504.0,0.5054500150441577,-0.9199488273977625,1,1,1,,106731027860.0,0.2017946857931736,0.7256701129443315,1,1,1,,1426615634421.0,0.1326895044023734,0.07481414424798266,0.011206399265105249,0.01392342096198999,41,20154,20254,0,0,189296921504.0,0.1326895044023734,2025-11-30,389731259793.0,562466135406.0,0.4432153471721657,16034672646.0,34483306068.0,1.1505463085710195,2622,True,passed,2622,0,0,3,2025,00447609,-1.508013635743719,-1.508013635743719,0.0,-1.508013635743719,373.0,373.0,-0.9465155382604098,-1.211190604880756,371.0,1.0,-1.211190604880756,-0.13627388131479,-1.0821960785072473,377.0,1.0,-0.2705490196268118,0.6293189831473978,0.07506860353186051,213.0,1.0,-0.02627401123615118,0
222800,2025,3,202503,심텍,01095722,CFS,CFS,1524905391984.0,511827826079.0,1013077565905.0,1.9793327253540778,1.0916993577775924,1318315718312.0,0.07412041798634217,-0.06989365353442833,1,1,1,,-34546853324.0,-0.12783921521424868,-0.8413036020542217,1,1,1,,-69077923574.0,-0.12293909605988262,-0.8774696705453524,1,1,1,,-160510778317.0,0.07943146021720371,5.371654332993263,1,1,1,,51623204489.0,-0.5159426286558132,-0.17028646965523542,1,1,1,,1524905391984.0,-0.10525949948158106,0.03385338182969823,-0.0262052957756087,-0.02265507978764002,41,20154,20254,0,0,-160510778317.0,-0.10525949948158106,2025-11-30,340767377716.0,372838724895.0,0.09411507461177425,5543628386.0,12388778971.0,1.2347780385653,2622,True,passed,2622,0,0,3,2025,01095722,-1.6015332920273908,-1.6015332920273908,0.0,-1.6015332920273908,374.0,374.0,-0.8413036020542217,-1.0658140443647321,365.0,1.0,-1.0658140443647321,-0.06989365353442833,-0.6461067954656838,347.0,1.0,-0.16152669886642096,1.0916993577775924,1.0691215679892505,80.0,1.0,-0.37419254879623765,0
099190,2025,3,202503,아이센스,00550994,CFS,CFS,583470312265.0,345345179374.0,238125132891.0,0.6895278901030107,0.5244491349394818,313099991055.0,0.0994954675076758,-0.013255368311334781,1,1,1,,1886479770.0,-0.8043110234508685,-1.2320688624839433,1,1,1,,-122640319.0,-0.945296218360428,0.5224831479369166,1,1,1,,9037424574.0,-0.6391587700400239,-0.6891434597792518,1,1,1,,24002568851.0,0.1318995231734017,0.6274104010694883,1,1,1,,583470312265.0,0.015489090676982707,0.04113760091378657,0.006025167115602427,0.0032332060952283727,41,20154,20254,0,0,9037424574.0,0.015489090676982707,2025-11-30,76789423184.0,78726989761.0,0.025232206424539407,1680552140.0,915954314.0,-0.4549682260974063,27112,True,passed,27112,0,0,3,2025,00550994,-1.6216228820891287,-1.6216228820891287,0.0,-1.6216228820891287,375.0,375.0,-1.2320688624839433,-1.6057538228618413,391.0,1.0,-1.6057538228618413,-0.013255368311334781,-0.27401784636825943,305.0,1.0,-0.06850446159206486,0.5244491349394818,-0.15038686389936437,252.0,1.0,0.052635402364777525,0
064260,2025,3,202503,다날,00389970,CFS,CFS,770289188953.0,251216182456.0,519073006497.0,2.0662403250551526,1.1204521612835547,226003458654.0,-0.180075831333259,-0.09503724036703143,1,1,1,,-755315652.0,-1.1277492490912082,-0.8234505177003305,1,1,1,,-48544975781.0,0.5628812479210348,0.36568206467134434,1,1,1,,1583785876.0,-1.2297967711668538,1.1693477891659598,1,1,1,,7022315559.0,-0.5253696489163673,-0.06990937089286142,1,1,1,,770289188953.0,0.0020560925671989877,0.009116466464426095,-0.00334205350881975,-0.000980561148763684,41,20154,20254,0,0,1583785876.0,0.0020560925671989877,2025-11-30,56539413260.0,56298947930.0,-0.004253056693287659,1076033845.0,2017967283.0,0.8753752889622166,582,True,passed,582,0,0,3,2025,00389970,-1.6397954844857556,-1.6397954844857556,0.0,-1.6397954844857556,376.0,376.0,-0.8234505177003305,-1.0411455505458866,364.0,1.0,-1.0411455505458866,-0.09503724036703143,-0.8112892469511409,359.0,1.0,-0.20282231173778523,1.1204521612835547,1.1309360634345254,74.0,1.0,-0.39582762220208384,0
057050,2025,3,202503,현대홈쇼핑,00412597,CFS,CFS,5063553058000.0,3721782609000.0,1341770449000.0,0.3605182220356815,0.307865672782989,3762467189124.0,0.10962446033198137,-0.6325820435556253,1,1,1,,123418163794.0,0.042190399968107695,-0.8715908268204822,1,1,1,,86935315636.0,-0.5005886092436878,-1.0884894129223628,1,1,1,,243355856846.0,0.32378890265203264,4.737487979577324,1,1,1,,115954702483.0,-0.11499302425221236,-0.5779044296157931,1,1,1,,5063553058000.0,0.048060295618215676,0.02289986915409152,0.03280245583290653,0.024373826516739937,41,20154,20254,0,0,243355856846.0,0.048060295618215676,2025-11-30,923785176557.0,873915708000.0,-0.05398383717615642,30184198946.0,24781918000.0,-0.17897711831494234,47919,True,passed,47919,0,0,3,2025,00412597,-1.6420595804929399,-1.6420595804929399,0.0,-1.6420595804929399,377.0,377.0,-0.8715908268204822,-1.1076634078767376,368.0,1.0,-1.1076634078767376,-0.6325820435556253,-3.0,421.0,1.0,-0.75,0.307865672782989,-0.6160109353822789,339.0,1.0,0.2156038273837976,0
074600,2025,3,202503,원익QnC,00468374,CFS,CFS,1529465032949.0,579106274276.0,950358758673.0,1.6410783320576878,0.9711872928742706,911648644760.0,0.03989830601987232,-0.0436864231733487,1,1,1,,33038330460.0,-0.6920286956838917,-0.9917174835879312,1,1,1,,12114232913.0,-0.8074099396469805,-2.4596951758676004,1,1,1,,98279237157.0,0.022692613240699044,-1.4775252131704393,1,1,1,,119969695308.0,-0.04266235672447005,0.3054549240383555,1,1,1,,1529465032949.0,0.06425726318666164,0.07843899188507986,0.03624020136474579,0.021601232946331546,40,20154,20253,0,0,98279237157.0,0.06425726318666164,2025-11-30,232914663342.0,230268568274.0,-0.011360792103134397,14091408134.0,8000339380.0,-0.43225408675115734,2312,True,passed,2312,0,0,3,2025,00468374,-1.6756456807433358,-1.6756456807433358,0.0,-1.6756456807433358,378.0,378.0,-0.9917174835879312,-1.2736483789442457,375.0,1.0,-1.2736483789442457,-0.0436864231733487,-0.4739366676908371,328.0,1.0,-0.11848416692270927,0.9711872928742706,0.8100375282182307,108.0,1.0,-0.28351313487638075,0
347700,2025,3,202503,스피어,01336762,CFS,CFS,120364381254.0,67495798324.0,52868582930.0,0.7832870229375614,0.5784583034563924,58365263407.0,7.4241180176020265,6.2786645902780425,1,1,1,,6721089741.0,-1.6637332104228157,-1.8548913334462995,1,1,1,,,,,0,0,0,missing_ttm_yoy,-18476278073.0,1.2550889378880128,1.391075709130524,1,1,1,,,,,0,0,0,missing_ttm_yoy,120364381254.0,-0.1535028708701644,,0.11515564821718786,0.05583952387722379,21,20204,20254,0,0,-18476278073.0,-0.1535028708701644,2025-11-30,18861302763.0,21096473744.0,0.11850565197355875,2091670188.0,-989553534.0,-1.4730925265737926,58222,True,passed,58222,0,0,3,2025,01336762,-1.704342426779726,-1.704342426779726,0.0,-1.704342426779726,379.0,379.0,-1.8548913334462995,-2.4663385806896607,406.0,1.0,-2.4663385806896607,6.2786645902780425,3.0,1.0,1.0,0.75,0.5784583034563924,-0.034274725456956145,234.0,1.0,0.011996153909934651,0
011170,2025,3,202503,롯데케미칼,00165413,CFS,CFS,33671342624086.0,19162597992289.0,14508744631797.0,0.7571387051815884,0.5636867504154798,18669123928593.0,-0.09943170329210793,-0.12334689919520869,1,1,1,,-743695186701.0,-0.20254212304345476,-1.1654062916037524,1,1,1,,-2025341756425.0,1.4117091151697698,35.675982722694556,1,1,1,,712063717999.0,-0.43516223353841965,-0.6471936641465722,1,1,1,,1661738467035.0,-0.44439627757382927,-0.3501993260668076,1,1,1,,33671342624086.0,0.021147470296882135,0.0493517138769012,-0.03983556965744823,-0.02208688839657422,41,20154,20254,0,0,712063717999.0,0.021147470296882135,2025-11-30,4085243338587.0,4786058197528.0,0.17154788610056143,-250486420551.0,-132554744240.0,0.4708106573265861,20111,True,passed,20111,0,0,3,2025,00165413,-1.7398496677644144,-1.7398496677644144,0.0,-1.7398496677644144,380.0,380.0,-1.1654062916037524,-1.5136428360368712,388.0,1.0,-1.5136428360368712,-0.12334689919520869,-0.9972714171597142,373.0,1.0,-0.24931785428992856,0.5636867504154798,-0.0660314930353867,240.0,1.0,0.023111022562385345,0
011790,2025,3,202503,SKC,00139889,CFS,CFS,7065198395721.0,2502143901661.0,4563054494060.0,1.8236579003433433,1.0380331721878922,1783139424008.0,0.6338656183157543,1.2130242666735298,1,1,1,,-273420914010.0,-0.13326973459485414,-1.6375158467662891,1,1,1,,-482970183449.0,0.43343171498811994,0.6052046208345963,1,1,1,,-518223224089.0,3.703605988423922,4.3240082911117526,1,1,1,,337315139637.0,-0.6338043337876202,,1,1,0,missing_prev_yoy,7065198395721.0,-0.07334871507682773,0.04774319428047387,-0.15333681165291385,-0.03869967956959226,41,20154,20254,0,0,-518223224089.0,-0.07334871507682773,2025-11-30,467295042292.0,506018201707.0,0.08286661725549176,-70169650923.0,-52771389159.0,0.24794567929505332,204,True,passed,204,0,0,3,2025,00139889,-1.7497914469398719,-1.7497914469398719,0.0,-1.7497914469398719,381.0,381.0,-1.6375158467662891,-2.165980068779888,404.0,1.0,-2.165980068779888,1.2130242666735298,3.0,1.0,1.0,0.75,1.0380331721878922,0.9537467947428119,89.0,1.0,-0.33381137815998413,0
131970,2025,3,202503,두산테스나,00563545,CFS,OFS,692952951000.0,420654602000.0,272298349000.0,0.647320504055724,0.49915003096170435,301240011900.0,-0.19889419722832646,-0.2842457911972178,1,1,1,,-17113081116.0,-1.326320408746414,-1.0522880484919148,1,1,1,,-13933200622.0,-1.29218376417201,-1.0512620713073284,1,1,1,,147879541341.0,-0.34709944520183467,-0.4297489664159574,1,1,1,,39254804199.0,-0.7971431200070856,-0.588681057034638,1,1,1,,692952951000.0,0.21340487998152705,0.05664858507688208,-0.05680879179383674,-0.024695877391537367,41,20154,20254,0,0,147879541341.0,0.21340487998152705,2025-11-30,75900772000.0,83214080000.0,0.09635353906545245,-2118274000.0,5285496000.0,3.495189951819264,739,True,passed,739,0,0,3,2025,00563545,-1.7992468261682382,-1.7992468261682382,0.0,-1.7992468261682382,382.0,382.0,-1.0522880484919148,-1.357341738383969,380.0,1.0,-1.357341738383969,-0.2842457911972178,-2.0543072966915483,406.0,1.0,-0.5135768241728871,0.49915003096170435,-0.20477638968176573,262.0,1.0,0.071671736388618,0
093370,2025,3,202503,후성,00595191,CFS,CFS,861113992051.0,361441693109.0,499672298942.0,1.3824423370862027,0.8681261535612852,462732563214.0,0.06759310899211957,0.3020899632119953,1,1,1,,17901293836.0,-1.687282713669001,-1.5693683009519153,1,1,1,,-87304906486.0,0.525491852074363,-6.939768659611279,1,1,1,,55442206440.0,-0.33200016573418767,-4.959266783103743,1,1,1,,41546276449.0,-0.571650267145865,-0.6528732729863829,1,1,1,,861113992051.0,0.06438428239674499,0.048247127363527265,0.03868604731783526,0.020788529743155985,41,20154,20254,0,0,55442206440.0,0.06438428239674499,2025-11-30,124206380449.0,120986978116.0,-0.025919782231492598,14768093614.0,5836834993.0,-0.6047671997781257,20129,True,passed,20129,0,0,3,2025,00595191,-1.8283658790669386,-1.8283658790669386,0.0,-1.8283658790669386,383.0,383.0,-1.5693683009519153,-2.071817218296017,401.0,1.0,-2.071817218296017,0.3020899632119953,1.7976641006948613,65.0,1.0,0.4494160251737153,0.8681261535612852,0.5884705312703911,139.0,1.0,-0.20596468594463685,0
003670,2025,3,202503,포스코퓨처엠,00155276,CFS,CFS,9123820396931.0,4473525809855.0,4650294587076.0,1.0395144198858952,0.7127117500549166,3104376061363.0,-0.24697441984238244,-0.18501624452080345,1,1,1,,43312447266.0,-2.368215311410454,-1.0876924648348143,1,1,1,,-216110541292.0,2.761496168201169,4.476392939716305,1,1,1,,-101312713451.0,-1.1348821369272242,1.2966691937244266,1,1,1,,1748781476243.0,-0.12876687032218526,-0.9638694749010356,1,1,1,,9123820396931.0,-0.011104198575092379,0.1916720628160591,0.01395206199566664,0.0047471832392239005,41,20154,20254,0,0,-101312713451.0,-0.011104198575092379,2025-11-30,660936939289.0,874798315308.0,0.3235730420046736,773324990.0,66669950510.0,85.21207302508095,282,True,passed,282,0,0,3,2025,00155276,-1.845887816899547,-1.845887816899547,0.0,-1.845887816899547,384.0,384.0,-1.0876924648348143,-1.406261779784227,384.0,1.0,-1.406261779784227,-0.18501624452080345,-1.4024122473127179,389.0,1.0,-0.35060306182817946,0.7127117500549166,0.25435135796325903,187.0,1.0,-0.08902297528714065,0
180640,2025,3,202503,한진칼,00983040,CFS,CFS,4344619831000.0,3391308832000.0,953310999000.0,0.28110415365438474,0.24772232613116904,289333135000.0,-0.010836950371362342,-0.12577395347600162,1,1,1,,-11993210000.0,-1.25232367688753,-1.4148438487873782,1,1,1,,179638951000.0,-0.6159203486715712,-1.4436495919461558,1,1,1,,135379454000.0,1.5180827995614439,2.155650233880931,1,1,1,,3819848000.0,-0.3452652611588871,-0.15768964060245771,1,1,1,,4344619831000.0,0.03116025320191013,0.0008792134061407133,-0.04145121505008405,-0.002760473980813075,41,20154,20254,0,0,135379454000.0,0.03116025320191013,2025-11-30,70664384000.0,85401720000.0,0.20855394423306656,9891118000.0,-36555431000.0,-4.695783530233893,64992,True,passed,64992,0,0,3,2025,00983040,-1.8507483877706061,-1.8507483877706061,0.0,-1.8507483877706061,385.0,385.0,-1.4148438487873782,-1.8583031040107412,398.0,1.0,-1.8583031040107412,-0.12577395347600162,-1.0132161102800212,374.0,1.0,-0.2533040275700053,0.24772232613116904,-0.7453106966004011,367.0,1.0,0.26085874381014035,0
000080,2025,3,202503,하이트진로,00150244,CFS,CFS,3441320301964.0,1202012095499.0,2239308206465.0,1.8629664500467276,1.0518583075865156,2555917801167.0,-0.01426204821010435,-0.04809020806718278,1,1,1,,202921438549.0,-0.06336015265287964,-1.0852435768003694,1,1,1,,86705461727.0,-0.20605533098259177,-5.526931269192476,1,1,1,,257182794653.0,-0.2681273945474939,16.51259890002215,1,1,1,,163350514396.0,-0.43293999544020567,-1.0913945707898427,1,1,1,,3441320301964.0,0.07473375683926396,0.04746739624985621,0.07939278738007483,0.058966158550597704,41,20154,20254,0,0,257182794653.0,0.07473375683926396,2025-11-30,646554290798.0,669532545814.0,0.035539560007620444,64459394712.0,54393842629.0,-0.15615337574875116,11122,True,passed,11122,0,0,3,2025,00150244,-1.8728090492098195,-1.8728090492098195,0.0,-1.8728090492098195,386.0,386.0,-1.0852435768003694,-1.402878029495298,383.0,1.0,-1.402878029495298,-0.04809020806718278,-0.5028676229050271,331.0,1.0,-0.12571690572625677,1.0518583075865156,0.9834688971093274,85.0,1.0,-0.34421411398826457,0
007810,2025,3,202503,코리아써키트,00152686,CFS,CFS,1250486727828.0,681994307776.0,568492420052.0,0.8335735556296174,0.6062668253300176,1396881992705.0,0.00921041466580097,0.0019733878496135393,1,1,1,,7894736543.0,-1.245209953882025,-1.3941780919154343,1,1,1,,-99066486499.0,2.2749327316323567,0.9801065919578393,1,1,1,,45573002999.0,-0.27792405914263785,-0.16419277328132642,1,1,1,,55830188875.0,-0.008788897330003431,0.4943832258457683,1,1,1,,1250486727828.0,0.036444211669608706,0.04464676644107433,0.005651684669305668,0.0063133309353171265,41,20154,20254,0,0,45573002999.0,0.036444211669608706,2025-11-30,331347811712.0,375651814658.0,0.13370845190463498,6155917919.0,13264646929.0,1.1547796938713535,2622,True,passed,2622,0,0,3,2025,00152686,-1.8821694768922954,-1.8821694768922954,0.0,-1.8821694768922954,387.0,387.0,-1.3941780919154343,-1.8297482008045507,396.0,1.0,-1.8297482008045507,0.0019733878496135393,-0.17397152869341279,290.0,1.0,-0.043492882173353196,0.6062668253300176,0.02550969689826159,222.0,1.0,-0.008928393914391555,0
122870,2025,3,202503,와이지엔터테인먼트,00613318,CFS,CFS,855798301977.0,646538789640.0,209259512337.0,0.3236611873720957,0.2804015239902631,477704366447.0,0.2901586548182533,0.6569816612343967,1,1,1,,49999375112.0,-3.3635689704379934,-2.1565881936170883,1,1,1,,66748540562.0,22.156105316558275,23.124158519508565,1,1,1,,72656305288.0,17.9378543292004,18.90683743764984,1,1,1,,51273340177.0,-1.790008300458278,,1,1,0,missing_prev_yoy,855798301977.0,0.08489886591286164,0.059912879072735056,0.10466593697662442,0.05842425136448069,41,20154,20254,0,0,72656305288.0,0.08489886591286164,2025-11-30,100410739470.0,173070883008.0,0.7236292046201779,8359636043.0,31120582900.0,2.7227198337251823,59201,True,passed,59201,0,0,3,2025,00613318,-1.8969388731370378,-1.8969388731370378,0.0,-1.8969388731370378,388.0,388.0,-2.1565881936170883,-2.883208124504152,414.0,1.0,-2.883208124504152,0.6569816612343967,3.0,1.0,1.0,0.75,0.2804015239902631,-0.6750550039060411,353.0,1.0,0.23626925136711438,0
319660,2025,3,202503,피에스케이,01365825,CFS,CFS,608692803376.0,517612191036.0,91080612340.0,0.17596303548744147,0.16208741657378845,419717455519.0,0.04525861899617101,-0.1566632221378772,1,1,1,,77270656193.0,-0.13356914904401607,-1.466555352291962,1,1,1,,74568931199.0,-0.0985764652199923,-1.5564636599514534,1,1,1,,33684858250.0,-0.5593176883883129,-1.0496839643123497,1,1,1,,18507103050.0,-0.4403669200942617,-0.6346831497589636,1,1,1,,608692803376.0,0.05533966898109075,0.030404668738243393,0.18410160258274527,0.12694524358499534,27,20192,20254,0,0,33684858250.0,0.05533966898109075,2025-11-30,108451042678.0,104135755017.0,-0.03979019061912057,20563963939.0,23398597601.0,0.13784471079644603,29271,True,passed,29271,0,0,3,2025,01365825,-1.908496947270413,-1.908496947270413,0.0,-1.908496947270413,389.0,389.0,-1.466555352291962,-1.9297554580846752,399.0,1.0,-1.9297554580846752,-0.1566632221378772,-1.2161451973721378,380.0,1.0,-0.30403629934303444,0.16208741657378845,-0.9294137433065615,413.0,1.0,0.3252948101572965,0
377300,2025,3,202503,카카오페이,01244601,CFS,CFS,5114543041534.0,1940643344833.0,3173899696701.0,1.6354884091152393,0.9690685193202393,906725215892.0,-0.21886244830682378,-8.468336002705291,1,1,1,,-3484324379.0,-0.924142671962883,-0.724800152409799,1,1,1,,52835603183.0,-2.6084753933595564,0.3727716988705576,1,1,1,,-11034031009.0,-1.0624961582100612,-0.8660664669041995,1,1,1,,18113137905.0,-0.06247002198190543,0.12760407854983613,1,1,1,,5114543041534.0,-0.002157383547150788,0.0035414968175861406,-0.0038427566785735204,-0.0006812581985730929,17,20214,20254,0,0,-11034031009.0,-0.002157383547150788,2025-11-30,238288944366.0,238350040629.0,0.00025639570968160057,9328415077.0,15800792143.0,0.6938345916830175,66199,True,passed,66199,0,0,3,2025,01244601,-1.9367543003955523,-1.9367543003955523,0.0,-1.9367543003955523,390.0,390.0,-0.724800152409799,-0.9048354386258732,359.0,1.0,-0.9048354386258732,-8.468336002705291,-3.0,421.0,1.0,-0.75,0.9690685193202393,0.8054824621990829,109.0,1.0,-0.281918861769679,0
112040,2025,3,202503,위메이드,00444329,CFS,CFS,1746925484510.0,858433953651.0,888491530859.0,1.035014431896784,0.7105029107105828,587123554225.0,-0.11521422262963965,-0.2139754342019532,1,1,1,,3461545137.0,-1.0439979403632165,-1.1596369666476458,1,1,1,,212697352806.0,-2.0164454815413224,-3.230245265643359,1,1,1,,76897543776.0,-1.5403290470046396,2.311339561016284,1,1,1,,6755744788.0,-8.025712892510864,-6.975003504556936,1,1,1,,1746925484510.0,0.0440187886992611,0.0038672197800668855,0.005895769488535035,0.0019815070348984795,41,20154,20254,0,0,76897543776.0,0.0440187886992611,2025-11-30,116820341975.0,163648297290.0,0.4008544618455351,-28548447095.0,26308155889.0,1.9215266876497683,5821,True,passed,5821,0,0,3,2025,00444329,-1.9911973934671083,-1.9911973934671083,0.0,-1.9911973934671083,391.0,391.0,-1.1596369666476458,-1.5056710730519722,386.0,1.0,-1.5056710730519722,-0.2139754342019532,-1.5926615532853226,394.0,1.0,-0.39816538832133064,0.7105029107105828,0.24960266312515908,189.0,1.0,-0.08736093209380567,0
298380,2025,3,202503,에이비엘바이오,01256864,CFS,CFS,234992005702.0,182218553393.0,52773452309.0,0.28961624009373416,0.25434468581572794,88436540886.0,1.7361914869019208,2.2569806010317137,1,1,1,,-29840496029.0,-0.4084230062433526,-13.00372832459075,1,1,1,,-28673323490.0,-0.4153213728593196,-5.583459489111093,1,1,1,,-33185089295.0,-0.5338484822006179,17.599355956465192,1,1,1,,,,,0,0,0,missing_ttm_yoy,234992005702.0,-0.14121794992925396,,-0.33742269575498424,-0.1269851539836703,29,20184,20254,0,0,-33185089295.0,-0.14121794992925396,2025-11-30,75742027513.0,1443128347.0,-0.9809467954003172,40728058802.0,-22408717311.0,-1.5502034216739933,211,True,passed,211,0,0,3,2025,01256864,-1.9941242568167599,-1.9941242568167599,0.0,-1.9941242568167599,392.0,392.0,-13.00372832459075,-3.0,419.0,1.0,-3.0,2.2569806010317137,3.0,1.0,1.0,0.75,0.25434468581572794,-0.7310735519521148,365.0,1.0,0.25587574318324013,0
240810,2025,3,202503,원익IPS,01135941,CFS,CFS,1206305719572.0,934572323633.0,271733395939.0,0.29075694739459007,0.25522882721100754,929659960183.0,0.3696857198914303,0.5048488238039426,1,1,1,,82588879906.0,-26.116532462485715,-26.033719106807485,1,1,1,,78958102182.0,-8.345860861662342,-8.129172683879418,1,1,1,,180777889712.0,3.509009409175575,-2.536003809069654,1,1,1,,27456629670.0,-0.29844391621226485,0.16667773189590807,1,1,1,,1206305719572.0,0.14986075816347816,0.022760921402032043,0.08883772932389461,0.0684643026771876,39,20162,20254,0,0,180777889712.0,0.14986075816347816,2025-11-30,242168631002.0,268438240597.0,0.10847651690603581,36451478993.0,27539079405.0,-0.24450035593100358,292,True,passed,292,0,0,3,2025,01135941,-1.9947895298216707,-1.9947895298216707,0.0,-1.9947895298216707,393.0,393.0,-26.033719106807485,-3.0,419.0,1.0,-3.0,0.5048488238039426,3.0,1.0,1.0,0.75,0.25522882721100754,-0.7291727719380839,364.0,1.0,0.2552104701783294,0
322000,2025,3,202503,HD현대에너지솔루션,01199550,CFS,CFS,499766516500.0,398214864482.0,101551652018.0,0.2550172308361691,0.2271493022394306,451392083654.0,0.06380372625767916,0.4654402960582078,1,1,1,,33116531791.0,-5.252223536836616,-4.098796287845339,1,1,1,,30718387964.0,-2.195633495410301,-0.532766849489182,1,1,1,,58586592267.0,-0.39686330489314836,-1.9828561488610794,1,1,1,,22262385234.0,0.37606831193037293,-0.42430140860977406,1,1,1,,499766516500.0,0.11722792610697039,0.0445455717800174,0.07336533579172028,0.06626400668641033,25,20194,20254,0,0,58586592267.0,0.11722792610697039,2025-11-30,133712996227.0,121048903311.0,-0.0947110099492543,15061308978.0,14675004746.0,-0.02564878209219884,2612,True,passed,2612,0,0,3,2025,01199550,-2.0059598448465894,-2.0059598448465894,0.0,-2.0059598448465894,394.0,394.0,-4.098796287845339,-3.0,419.0,1.0,-3.0,0.4654402960582078,2.870804882483203,40.0,1.0,0.7177012206208008,0.2271493022394306,-0.7895398129503142,381.0,1.0,0.27633893453260994,0
089970,2025,3,202503,브이엠,00544577,CFS,CFS,212747119166.0,161360340639.0,51386778527.0,0.31845977966769407,0.27646422173287954,126541464296.0,2.088206755311981,1.9908344884491527,1,1,1,,13887337738.0,-2.2196317547736486,-2.2495813808397633,1,1,1,,16605146826.0,-2.683224511382856,-2.9258980290918095,1,1,1,,31365457279.0,2.9235242308610956,4.22368630635785,1,1,1,,5993843803.0,0.14946103717686943,-1.907491770364789,1,1,1,,212747119166.0,0.14743070271389436,0.028173560358874656,0.1097453535507964,0.0652762669240383,30,20183,20254,0,0,31365457279.0,0.14743070271389436,2025-11-30,39209331210.0,36449756504.0,-0.0703805604645507,4423926410.0,9042315781.0,1.04395709670044,29271,True,passed,29271,0,0,3,2025,00544577,-2.0107681219331335,-2.0107681219331335,0.0,-2.0107681219331335,395.0,395.0,-2.2495813808397633,-3.0,419.0,1.0,-3.0,1.9908344884491527,3.0,1.0,1.0,0.75,0.27646422173287954,-0.6835196516196193,357.0,1.0,0.23923187806686672,0
011070,2025,3,202503,LG이노텍,00105961,CFS,CFS,11745316000000.0,5485997000000.0,6259319000000.0,1.1409628915218146,0.7612556771461834,20913696000000.0,-0.05507039755040055,-0.18460637274649883,1,1,1,,588147000000.0,-0.37553592041791173,-1.1968696322573447,1,1,1,,312247000000.0,-0.54949589809996,-1.206190997344417,1,1,1,,1950044000000.0,0.6764820176961301,1.0363712394537723,1,1,1,,721922000000.0,-0.4113797552656393,-0.08288274617030766,1,1,1,,11745316000000.0,0.16602737636007409,0.06146467238514485,0.028122575751316266,0.050075025652779374,41,20154,20254,0,0,1950044000000.0,0.16602737636007409,2025-11-30,3934575000000.0,5369432000000.0,0.3646790314074582,11391000000.0,203749000000.0,16.886840488104642,262,True,passed,262,0,0,3,2025,00105961,-2.032597087043319,-2.032597087043319,0.0,-2.032597087043319,396.0,396.0,-1.1968696322573447,-1.5571172973147183,390.0,1.0,-1.5571172973147183,-0.18460637274649883,-1.399719567667404,388.0,1.0,-0.349929891916851,0.7612556771461834,0.35871399374785734,174.0,1.0,-0.12554989781175005,0
094170,2025,3,202503,동운아나텍,00695969,CFS,OFS,110358602470.0,66600700430.0,43757902040.0,0.6570186463127562,0.5050199914364857,121795138088.0,-0.1281064045035164,-0.6000673489438074,1,1,1,,3040093867.0,-0.8666641339452976,-1.0600960742327556,1,1,1,,5758050621.0,-0.7107304888776207,-0.6204277567771772,1,1,1,,11059774399.0,-0.47973439635355697,-0.297176901914868,1,1,1,,1389203222.0,-0.42451561132147453,29.479918648469177,1,1,1,,110358602470.0,0.10021669495141079,0.012588082767518214,0.024960716123195795,0.02754741179172165,41,20154,20254,0,0,11059774399.0,0.10021669495141079,2025-11-30,30122164874.0,30662736156.0,0.017945963852903382,3108336716.0,70533145.0,-0.9773083962760745,2611,True,passed,2611,0,0,3,2025,00695969,-2.05087559631343,-2.05087559631343,0.0,-2.05087559631343,397.0,397.0,-1.0600960742327556,-1.36813047555158,381.0,1.0,-1.36813047555158,-0.6000673489438074,-3.0,421.0,1.0,-0.75,0.5050199914364857,-0.19215679782328582,259.0,1.0,0.06725487923815003,0
079370,2025,3,202503,제우스,00442570,CFS,CFS,577330443529.0,363561828185.0,213768615344.0,0.5879842127849102,0.462465421204311,431270575751.0,-0.04886586079415234,-0.07413781359622806,1,1,1,,13542030500.0,-0.628804207786993,-1.5781686672342756,1,1,1,,4504960334.0,-0.8606688314371753,-2.299420397501562,1,1,1,,44122868964.0,-0.14855587786267077,4.18154943890503,1,1,1,,12278808866.0,0.377392948974862,-0.8232291984938838,1,1,1,,577330443529.0,0.0764256752065486,0.021268251143910483,0.03140031168696906,0.023456290330408962,41,20154,20254,0,0,44122868964.0,0.0764256752065486,2025-11-30,116164319554.0,86788489926.0,-0.2528816915623079,671559384.0,-2509151338.0,-4.736305973501221,29271,True,passed,29271,0,0,3,2025,00442570,-2.1531992882139446,-2.1531992882139446,0.0,-2.1531992882139446,398.0,398.0,-1.5781686672342756,-2.083977121701877,402.0,1.0,-2.083977121701877,-0.07413781359622806,-0.673989084821302,350.0,1.0,-0.1684972712053255,0.462465421204311,-0.283643156266452,275.0,1.0,0.09927510469325819,0
267260,2025,3,202503,HD현대일렉트릭,01205851,CFS,CFS,4438583917764.0,1784104834587.0,2654479083177.0,1.4878492741663814,0.9114185919189856,3732031828306.0,0.1295690012392554,-0.14954081048230083,1,1,1,,840715664438.0,0.3402301736626723,-1.2539097922287126,1,1,1,,613637540833.0,0.2027579755602651,-1.8606147330032021,1,1,1,,1095575491068.0,0.538296031244818,103.1011414522432,1,1,1,,138244071110.0,0.15354367672879854,-0.2720682181382954,1,1,1,,4438583917764.0,0.24682996004273178,0.031145985672755384,0.2252702289571865,0.18941078506442263,35,20172,20254,0,0,1095575491068.0,0.24682996004273178,2025-11-30,906219054679.0,995431807616.0,0.09844501997213119,209142369028.0,247075954483.0,0.18137685649874918,281,True,passed,281,0,0,3,2025,01205851,-2.1668111528723135,-2.1668111528723135,0.0,-2.1668111528723135,399.0,399.0,-1.2539097922287126,-1.6359325208238689,393.0,1.0,-1.6359325208238689,-0.14954081048230083,-1.1693540443998354,379.0,1.0,-0.29233851109995884,0.9114185919189856,0.6815432027099599,124.0,1.0,-0.23854012094848595,0
073240,2025,3,202503,금호타이어,00481454,CFS,CFS,5337844849237.0,2040103307698.0,3297741541539.0,1.616458112241427,0.961821537621691,4781950125376.0,0.09871472777476065,-0.008936217241213518,1,1,1,,581463075948.0,-0.04599550201719482,-1.4146941609566395,1,1,1,,287714244642.0,-0.18785384136733818,-4.000332590379577,1,1,1,,837695565639.0,0.5128985979654122,-0.16035427781097078,1,1,1,,299802149873.0,0.33618332540067075,1.0618771503110422,1,1,1,,5337844849237.0,0.15693516565187193,0.056165392277344704,0.12159538696616584,0.10893218000352993,41,20154,20254,0,0,837695565639.0,0.15693516565187193,2025-11-30,1221253035004.0,1113745691721.0,-0.08803035914882937,175174609519.0,108507089060.0,-0.38057753142454714,221,True,passed,221,0,0,3,2025,00481454,-2.195972861291073,-2.195972861291073,0.0,-2.195972861291073,400.0,400.0,-1.4146941609566395,-1.8580962728966244,397.0,1.0,-1.8580962728966244,-0.008936217241213518,-0.24564289863910116,302.0,1.0,-0.06141072465977529,0.961821537621691,0.7899024678133524,112.0,1.0,-0.2764658637346733,0
033100,2025,3,202503,제룡전기,00185356,CFS,OFS,263397552226.0,230463506626.0,32934045600.0,0.14290351683941838,0.13357196903578,231077231655.0,-0.1680138593553061,-0.9422345382748573,1,1,1,,71707970349.0,-0.34800354001564315,-1.3678058883872142,1,1,1,,60347247891.0,-0.3169705165048118,-1.3740117282632722,1,1,1,,63189135523.0,-0.35152386884403464,-2.47765847513146,1,1,1,,3216621510.0,1.6575086635578682,2.1369464575094175,1,1,1,,263397552226.0,0.2399002382101962,0.012212040251763916,0.310320362743745,0.2722423566315955,41,20154,20254,0,0,63189135523.0,0.2399002382101962,2025-11-30,60357879475.0,69750099557.0,0.15560884782061007,20407513412.0,22530216218.0,0.10401574964796108,2811,True,passed,2811,0,0,3,2025,00185356,-2.196557131837868,-2.196557131837868,0.0,-2.196557131837868,401.0,401.0,-1.3678058883872142,-1.7933084166849262,394.0,1.0,-1.7933084166849262,-0.9422345382748573,-3.0,421.0,1.0,-0.75,0.13357196903578,-0.9907179567058804,425.0,1.0,0.3467512848470581,0
196170,2025,3,202503,알테오젠,00989619,CFS,CFS,639477245177.0,377922334541.0,261554910636.0,0.6920864069959445,0.5259623278446136,202182080211.0,1.71841016872385,1.8402787022169271,1,1,1,,110292404137.0,-20.351674383190783,-20.64125348594258,1,1,1,,123160920009.0,-25.29353107567873,-23.51630775148754,1,1,1,,82161080349.0,2.794394802919767,7.474300641550801,1,1,1,,20155064352.0,-0.38759200190413357,-0.17584534867114254,1,1,1,,639477245177.0,0.12848163240938895,0.031518032117657774,0.5455102846993034,0.17247275797354183,40,20154,20253,0,0,82161080349.0,0.12848163240938895,2025-11-30,18643000115.0,49012996870.0,1.629029478499255,-426290507.0,26670839372.0,63.56493854318928,70113,True,passed,70113,0,0,3,2025,00989619,-2.198503201026469,-2.198503201026469,0.0,-2.198503201026469,402.0,402.0,-20.64125348594258,-3.0,419.0,1.0,-3.0,1.8402787022169271,3.0,1.0,1.0,0.75,0.5259623278446136,-0.14713371135294576,251.0,1.0,0.05149679897353101,0
034220,2025,3,202503,LG디스플레이,00105873,CFS,CFS,28713256000000.0,7915229000000.0,20798027000000.0,2.6275963715010646,1.2885702723429708,26442104000000.0,0.010074114593798367,-0.22263034359906553,1,1,1,,431576000000.0,-1.842987733416673,-0.9885280799548449,1,1,1,,-184132000000.0,-0.8788320677948702,-0.20071742892812205,1,1,1,,2222607000000.0,0.4255449199809125,0.7363090690434474,1,1,1,,2088948000000.0,-0.3786615340273818,-0.08374089604417778,1,1,1,,28713256000000.0,0.07740699974952335,0.072752041774712,0.016321545365678918,0.015030548956203364,41,20154,20254,0,0,2222607000000.0,0.07740699974952335,2025-11-30,5586956000000.0,6956978000000.0,0.2452179684250243,-116033000000.0,431037000000.0,4.714779416200564,2621,True,passed,2621,0,0,3,2025,00105873,-2.2039498085331344,-2.2039498085331344,0.0,-2.2039498085331344,403.0,403.0,-0.9885280799548449,-1.2692414214544918,374.0,1.0,-1.2692414214544918,-0.22263034359906553,-1.6495205512126094,396.0,1.0,-0.41238013780315236,1.2885702723429708,1.4923664265014012,58.0,1.0,-0.5223282492754904,0
009520,2025,3,202503,포스코엠텍,00128111,CFS,OFS,140903056705.0,105819869548.0,35083187157.0,0.33153685887966655,0.2863338081115105,354257963347.0,0.027431478099415596,-0.018313298574848424,1,1,1,,-1294126897.0,-2.5343511865984505,-1.792671315850434,1,1,1,,-3578802030.0,-3.001438380624978,-2.5900080049694285,1,1,1,,2112530584.0,-1.126505759146819,1.127193148510222,1,1,1,,1049304216.0,-0.7470634535678828,-0.38086467102321053,1,1,1,,140903056705.0,0.014992794573810236,0.007446993986772503,-0.0036530636736382604,-0.009184519678018295,41,20154,20254,0,0,2112530584.0,0.014992794573810236,2025-11-30,89345921880.0,82877558086.0,-0.07239685547917478,-3244441828.0,1736623220.0,1.535261013161861,24199,True,passed,24199,0,0,3,2025,00128111,-2.225372154947826,-2.225372154947826,0.0,-2.225372154947826,404.0,404.0,-1.792671315850434,-2.380366090499889,405.0,1.0,-2.380366090499889,-0.018313298574848424,-0.30724625271823647,308.0,1.0,-0.07681156317955912,0.2863338081115105,-0.6623014249474924,350.0,1.0,0.23180549873162234,0
119850,2025,3,202503,지엔씨에너지,00626464,CFS,CFS,310114540757.0,211941211676.0,98173329081.0,0.46321019071590525,0.38063278274762025,271699204961.0,0.2574436863291514,-0.32996039105110087,1,1,1,,53085239875.0,1.0961054532909444,-1.376729388583231,1,1,1,,40472481214.0,0.003991055561447077,-0.27287971955616785,1,1,1,,42080988388.0,1.4440161022344489,1.6483515308333838,1,1,1,,1153060078.0,-0.24216754353566294,0.3640444333624724,1,1,1,,310114540757.0,0.1356949863920566,0.003718174824003227,0.19538238944283962,0.17117946080637544,41,20154,20254,0,0,42080988388.0,0.1356949863920566,2025-11-30,60825133664.0,69496977824.0,0.14257007979470374,12206200776.0,12765282529.0,0.04580309330150248,28111,True,passed,28111,0,0,3,2025,00626464,-2.233446405311124,-2.233446405311124,0.0,-2.233446405311124,405.0,405.0,-1.376729388583231,-1.8056384603381357,395.0,1.0,-1.8056384603381357,-0.32996039105110087,-2.354632374526091,409.0,1.0,-0.5886580936315228,0.38063278274762025,-0.4595718533100985,302.0,1.0,0.16085014865853445,0
009540,2025,3,202503,HD한국조선해양,00164830,CFS,CFS,38427512653000.0,15952279966000.0,22475232687000.0,1.4089041024168796,0.8791719147942458,28943270595000.0,0.1878613717059603,-0.015481825438602215,1,1,1,,3365626043000.0,2.070473179336939,-1.5282656551585214,1,1,1,,2662466204000.0,3.1666936296247084,-25.969893945298452,1,1,1,,6857620077000.0,2.0722599403318656,2.0989397403170704,1,1,1,,1004182562000.0,0.06105573958895949,-0.042565641706238555,1,1,1,,38427512653000.0,0.1784559968511163,0.026131864715464595,0.11628354273070361,0.08758375993241001,41,20154,20254,0,0,6857620077000.0,0.1784559968511163,2025-11-30,7428417053000.0,7581435732000.0,0.020599096403479757,953641034000.0,1053775225000.0,0.10500197393980847,64992,True,passed,64992,0,0,3,2025,00164830,-2.3014609050487933,-2.3014609050487933,0.0,-2.3014609050487933,406.0,406.0,-1.5282656551585214,-2.015023650103889,400.0,1.0,-2.015023650103889,-0.015481825438602215,-0.288644703262536,306.0,1.0,-0.072161175815634,0.8791719147942458,0.6122173689407718,132.0,1.0,-0.21427607912927013,0
112610,2025,3,202503,씨에스윈드,00670340,CFS,CFS,3385140410652.0,1331340595698.0,2053799814954.0,1.5426554418835448,0.9332089844890856,2821437150079.0,0.017221444805517683,-0.7600477076873862,1,1,1,,276478379145.0,0.22342737142132751,-1.009262513803443,1,1,1,,194316731033.0,0.7111795952926594,-1.317550070214024,1,1,1,,657061387768.0,-42.3419289665155,-40.75080286497139,1,1,1,,123670972564.0,-0.42413752520597203,-0.8062045911923883,1,1,1,,3385140410652.0,0.1941016643505921,0.03653348386224847,0.09799203896399344,0.08167412443956748,41,20154,20254,0,0,657061387768.0,0.1941016643505921,2025-11-30,650003261036.0,597021110917.0,-0.08151059124619625,59265110656.0,65689835736.0,0.10840653141258517,2511,True,passed,2511,0,0,3,2025,00670340,-2.3028275409031376,-2.3028275409031376,0.0,-2.3028275409031376,407.0,407.0,-1.009262513803443,-1.2978912190520662,377.0,1.0,-1.2978912190520662,-0.7600477076873862,-3.0,421.0,1.0,-0.75,0.9332089844890856,0.7283894910030612,116.0,1.0,-0.2549363218510714,0
003160,2025,3,202503,디아이,00118275,CFS,CFS,382204259180.0,188572871161.0,193631388019.0,1.026825262970521,0.7064706590034137,417201713552.0,1.215961944579198,1.3222959971960038,1,1,1,,37913837048.0,-7.796261730731086,-5.559318086581323,1,1,1,,31339457242.0,-5.19766990685525,-2.854499517267662,1,1,1,,37953147970.0,2.6334360814783926,4.30294835083353,1,1,1,,35814658699.0,4.837714128278248,4.866821911053609,1,1,1,,382204259180.0,0.09930069343399409,0.09370554576194035,0.09087651324633024,0.09919784025783028,41,20154,20254,0,0,37953147970.0,0.09930069343399409,2025-11-30,119269899032.0,109063765753.0,-0.08557174410168407,12249705307.0,10005315935.0,-0.18321986658058304,27212,True,passed,27212,0,0,3,2025,00118275,-2.3343268605933565,-2.3343268605933565,0.0,-2.3343268605933565,408.0,408.0,-5.559318086581323,-3.0,419.0,1.0,-3.0,1.3222959971960038,3.0,1.0,1.0,0.75,0.7064706590034137,0.24093388740959024,191.0,1.0,-0.08432686059335658,0
293490,2025,3,202503,카카오게임즈,01137383,CFS,CFS,3075951660859.0,1419016234628.0,1656935426231.0,1.1676648834573562,0.773650497578565,414666134782.0,-0.74081392081946,-6.4193087090078835,1,1,1,,-20105325034.0,-1.7477649096908254,-1.1355247726165074,1,1,1,,,,,0,0,0,missing_ttm_yoy,-42619022386.0,-1.701455928520169,-1.2876570293644694,1,1,1,,13885184285.0,-0.43041757250745083,-0.11038470852044657,1,1,1,,3075951660859.0,-0.013855556616288981,0.004514110043303599,-0.04848557272363188,-0.0065362942109387125,22,20203,20254,0,0,-42619022386.0,-0.013855556616288981,2025-11-30,115808058731.0,127467707653.0,0.10068080796590449,-8614530274.0,-5446586386.0,0.3677442399339347,5821,True,passed,5821,0,0,3,2025,01137383,-2.3572304481903474,-2.3572304481903474,0.0,-2.3572304481903474,409.0,409.0,-1.1355247726165074,-1.472354056360327,385.0,1.0,-1.472354056360327,-6.4193087090078835,-3.0,421.0,1.0,-0.75,0.773650497578565,0.3853611195143439,169.0,1.0,-0.13487639183002034,0
361610,2025,3,202503,SK아이이테크놀로지,01386916,CFS,CFS,4440150699000.0,2655937523000.0,1784213176000.0,0.6717828113609584,0.5138906087137091,279300059000.0,-0.15646172366448763,0.33761527400815616,1,1,1,,-262489989000.0,0.524323238258509,-31.908161881751184,1,1,1,,-180801012000.0,1.477220074807791,6.505026865322391,1,1,1,,-57575841000.0,1.5967029863023718,2.8218016700834383,1,1,1,,152060023000.0,-0.552672779590583,-0.08136758999333416,1,1,1,,4440150699000.0,-0.01296709163789578,0.03424659055699317,-0.9398135823523045,-0.05911736037678121,19,20212,20254,0,0,-57575841000.0,-0.01296709163789578,2025-11-30,82724538000.0,79086711000.0,-0.043975186661060595,-53715706000.0,-47223939000.0,0.12085416879748355,282,True,passed,282,0,0,3,2025,01386916,-2.4316573318153205,-2.4316573318153205,0.0,-2.4316573318153205,410.0,410.0,-31.908161881751184,-3.0,419.0,1.0,-3.0,0.33761527400815616,2.0310499722556967,58.0,1.0,0.5077624930639242,0.5138906087137091,-0.17308621463072874,255.0,1.0,0.06058017512075505,0
348340,2025,3,202503,뉴로메카,01336461,CFS,CFS,92496359944.0,14173516200.0,78322843744.0,5.5259995218406,1.875794124901221,19139849241.0,-0.19680775149430485,-0.6082745816627791,1,1,1,,-15109822944.0,-0.29407834298440017,-0.5937815021458631,1,1,1,,-20271110403.0,-0.06518524576320561,-0.34873439204763157,1,1,1,,-13474255665.0,-0.380397917997481,-0.5420899975095295,1,1,1,,8903126928.0,-0.03255239367615648,0.6854347004694363,1,1,1,,92496359944.0,-0.14567336134262698,0.09625380861895769,-0.7894431535872722,-0.1633558656053917,13,20224,20254,0,0,-13474255665.0,-0.14567336134262698,2025-11-30,3439506785.0,4473538562.0,0.30063373664779675,-4163623006.0,-3163951570.0,0.24009653000750086,29280,True,passed,29280,0,0,3,2025,01336461,-2.4379858353562938,-2.4379858353562938,0.0,-2.4379858353562938,411.0,411.0,-0.5937815021458631,-0.7238004588922471,345.0,1.0,-0.7238004588922471,-0.6082745816627791,-3.0,421.0,1.0,-0.75,1.875794124901221,2.754815361325848,36.0,1.0,-0.9641853764640468,0
000240,2025,3,202503,한국앤컴퍼니,00160047,CFS,CFS,5043112181606.0,4590698020641.0,452414160965.0,0.09855018973821095,0.09399130113718228,1414556850079.0,0.0017631158516062673,-0.40403744426962107,1,1,1,,368524870328.0,-0.21301770564045175,-1.5960251885689654,1,1,1,,309193393365.0,-0.1655944306544972,-2.5681422186178366,1,1,1,,277864153130.0,1.5631783013080254,-0.7829536738818081,1,1,1,,31398735374.0,0.5498218545663678,1.0950101427505434,1,1,1,,5043112181606.0,0.05509775375282511,0.006226063240972947,0.2605231951670367,0.0730748904757938,41,20154,20254,0,0,277864153130.0,0.05509775375282511,2025-11-30,343752270221.0,384716322238.0,0.11916736430762774,73867315730.0,137074794956.0,0.8556894020223523,64992,True,passed,64992,0,0,3,2025,00160047,-2.4424381847473198,-2.4424381847473198,0.0,-2.4424381847473198,412.0,412.0,-1.5960251885689654,-2.108650364567885,403.0,1.0,-2.108650364567885,-0.40403744426962107,-2.8412864597573755,419.0,1.0,-0.7103216149393439,0.09399130113718228,-1.0758108421711694,442.0,1.0,0.3765337947599093,0
096530,2025,3,202503,씨젠,00788773,CFS,CFS,1217861083637.0,1003401491230.0,214459592407.0,0.21373258290069802,0.19370039069609024,458941731831.0,0.14901536512509805,0.12403828410749607,1,1,1,,21372504001.0,-4.155139870398585,-3.542866689634916,1,1,1,,-632759816.0,-1.0212464534672265,12.82584381126206,1,1,1,,109428543230.0,0.02496643255226716,-0.07789476690983888,1,1,1,,42501061908.0,0.1211560484190779,0.08360419235843719,1,1,1,,1217861083637.0,0.08985305853045605,0.03489811972731367,0.0465691013012305,0.017549213361160627,41,20154,20254,0,0,109428543230.0,0.08985305853045605,2025-11-30,114059888071.0,113543623471.0,-0.004526259044534881,3144788257.0,9609582784.0,2.055716950929838,2130,True,passed,2130,0,0,3,2025,00788773,-2.5415069374155026,-2.5415069374155026,0.0,-2.5415069374155026,413.0,413.0,-3.542866689634916,-3.0,419.0,1.0,-3.0,0.12403828410749607,0.6279418553608528,126.0,1.0,0.1569854638402132,0.19370039069609024,-0.8614502821265274,400.0,1.0,0.30150759874428457,0
095340,2025,3,202503,ISC,00572905,CFS,CFS,592754182266.0,514269172748.0,78485009518.0,0.15261464944246014,0.14203296984982713,187120927771.0,0.16827014304925259,0.09104710563479745,1,1,1,,45625602281.0,0.1478430067987333,-2.9116581620258932,1,1,1,,46464269455.0,0.03300515342699728,-9.803923037967897,1,1,1,,48236240960.0,0.48916984017359155,0.28333111577435455,1,1,1,,6489022612.0,-0.5618810206335052,-0.3940941983516113,1,1,1,,592754182266.0,0.08137646667561405,0.010947240536023809,0.24382950012324092,0.07697221486752057,41,20154,20254,0,0,48236240960.0,0.08137646667561405,2025-11-30,51659253551.0,64521775618.0,0.24898776468579098,13712859846.0,17420765513.0,0.2703962345302891,465,True,passed,465,0,0,3,2025,00572905,-2.5568141696910103,-2.5568141696910103,0.0,-2.5568141696910103,414.0,414.0,-2.9116581620258932,-3.0,419.0,1.0,-3.0,0.09104710563479745,0.4112041331816022,151.0,1.0,0.10280103329540055,0.14203296984982713,-0.9725279914673974,422.0,1.0,0.3403847970135891,0
137400,2025,3,202503,피엔티,00612294,CFS,CFS,1783111266815.0,646690846593.0,1136420420222.0,1.7572854575089032,1.0142466658580926,761987634944.0,-0.1287038392522748,-1.2826798690632322,1,1,1,,118467376344.0,-0.10640612243390868,-1.1603791506071839,1,1,1,,99074460415.0,-0.018718148433636506,-1.330313489751185,1,1,1,,2548955653.0,-0.8991658442739988,1.3029534461770393,1,1,1,,120596379976.0,0.6308817823763218,1.0407818593235172,1,1,1,,1783111266815.0,0.0014294989328136286,0.06763256013261007,0.15547152067986825,0.06643857764165602,41,20154,20254,0,0,2548955653.0,0.0014294989328136286,2025-11-30,113428632186.0,107537959313.0,-0.051932856453214465,22811633595.0,13466900144.0,-0.4096477094498063,292,True,passed,292,0,0,3,2025,00612294,-2.572609785135552,-2.572609785135552,0.0,-2.572609785135552,415.0,415.0,-1.1603791506071839,-1.506696585509954,387.0,1.0,-1.506696585509954,-1.2826798690632322,-3.0,421.0,1.0,-0.75,1.0142466658580926,0.9026091417874228,94.0,1.0,-0.31591319962559794,0
263750,2025,3,202503,펄어비스,01152470,CFS,CFS,1129003181080.0,809238211076.0,319764970004.0,0.3951431922360981,0.33299705676973834,365794731099.0,0.10478686379497626,0.16414090833430317,1,1,1,,-4212744887.0,-0.7889034152339309,-2.477760506142748,1,1,1,,53014607569.0,4.565059651902906,5.680711563711825,1,1,1,,4882046996.0,-0.7494752222505117,-0.8489640059681047,1,1,1,,5543378819.0,1.2318954475232076,2.0229921409837663,1,1,1,,1129003181080.0,0.004324210133163533,0.004909976262154749,-0.011516690998646035,-0.00373138442618922,33,20174,20254,0,0,4882046996.0,0.004324210133163533,2025-11-30,79561794975.0,106818121269.0,0.3425805853495954,-11778547886.0,10618276764.0,1.9014928552118806,58211,True,passed,58211,0,0,3,2025,01152470,-2.580456633253828,-2.580456633253828,0.0,-2.580456633253828,416.0,416.0,-2.477760506142748,-3.0,419.0,1.0,-3.0,0.16414090833430317,0.891398689299699,104.0,1.0,0.22284967232492475,0.33299705676973834,-0.5619819840607067,326.0,1.0,0.19669369442124732,0
082270,2025,3,202503,젬백스,00492894,CFS,CFS,157666284549.0,,107365871892.0,,,73640427120.0,0.17389979554503987,0.2616074474327734,1,1,1,,-11884957178.0,-0.6948776635878435,-10.586352433584128,1,1,1,,-59715435851.0,0.11978628039370132,-0.686376593021226,1,1,1,,-16238088175.0,-0.24720590570667722,3.2403181938364707,1,1,1,,2317365916.0,-0.2827016075233888,0.42767938425150576,1,1,1,,157666284549.0,-0.1029902380299542,0.014697916695562151,-0.16139174693586433,-0.07538046077508953,41,20154,20254,0,0,-16238088175.0,-0.1029902380299542,2025-11-30,25016538373.0,17977932809.0,-0.28135809435555914,-1502761438.0,734784785.0,1.4889563748574177,29271,True,passed,29271,0,0,3,2025,00492894,-2.617072113961228,-2.617072113961228,0.0,-2.617072113961228,417.0,417.0,-10.586352433584128,-3.0,419.0,1.0,-3.0,0.2616074474327734,1.5317115441550881,76.0,1.0,0.38292788603877204,,0.0,228.0,1.0,-0.0,0
036570,2025,3,202503,엔씨소프트,00261443,CFS,CFS,4358828517394.0,3426951431330.0,931877086064.0,0.271925968236538,0.2405322621522782,1512113758821.0,-0.058709063775174375,0.0913625175672903,1,1,1,,-116659135117.0,-5.834916118082484,-4.968324169459479,1,1,1,,341325772605.0,1.6898336467446904,1.8744526404201722,1,1,1,,151402082348.0,0.2948861593985268,0.7099443180734532,1,1,1,,113012527470.0,0.5967870852486385,1.280316343371475,1,1,1,,4358828517394.0,0.034734581033373235,0.025927270829540792,-0.0771497081065908,-0.026763873515892902,41,20154,20254,0,0,151402082348.0,0.034734581033373235,2025-11-30,382393317848.0,360036113547.0,-0.058466514077233196,15078651780.0,-7467009881.0,-1.4952040799101205,582,True,passed,582,0,0,3,2025,00261443,-2.630412022778254,-2.630412022778254,0.0,-2.630412022778254,418.0,418.0,-4.968324169459479,-3.0,419.0,1.0,-3.0,0.0913625175672903,0.4132762526681258,149.0,1.0,0.10331906316703145,0.2405322621522782,-0.7607683258706119,372.0,1.0,0.26626891405471415,0
090360,2025,3,202503,로보스타,00536523,CFS,CFS,105850062575.0,87880061399.0,17970001176.0,0.2044832569518947,0.18605064256264037,74728290750.0,-0.18880276619157,0.03153623290883989,1,1,1,,-3239182773.0,-3.5808396120805335,-3.9059603420497666,1,1,1,,-1669229554.0,-2.9973909835387467,-0.8559758065638112,1,1,1,,3414847394.0,-0.7834161879619178,10.892331308526193,1,1,1,,,,,0,0,0,missing_ttm_yoy,105850062575.0,0.03226117501423688,,-0.04334613759381349,-0.0306016141530845,41,20154,20254,0,0,3414847394.0,0.03226117501423688,2025-11-30,19651450559.0,17344957139.0,-0.1173701357604703,-815687336.0,-1104306956.0,-0.353836092902146,29280,True,passed,29280,0,0,3,2025,00536523,-2.6876754584753018,-2.6876754584753018,0.0,-2.6876754584753018,419.0,420.0,-3.9059603420497666,-3.0,419.0,1.0,-3.0,0.03153623290883989,0.02024353108619376,191.0,1.0,0.00506088277154844,0.18605064256264037,-0.8778961678661417,403.0,1.0,0.30726365875314954,0
059090,2025,3,202503,미코,00366942,CFS,CFS,1657585942266.0,535586575206.0,1121999367060.0,2.0948982274778842,1.129755022713154,845957853318.0,0.6883450864437535,0.40892283661998863,1,1,1,,97396926415.0,0.14859988498026433,-2.229879348572055,1,1,1,,81995187503.0,0.16779361844104246,2.4144314780188667,1,1,1,,9255534048.0,-0.8987877502382849,-1.3865023197762114,1,1,1,,279355631925.0,1.1923785574951173,-0.634409548130694,1,1,1,,1657585942266.0,0.005583743088064102,0.16853161263126265,0.11513212630273673,0.05875829658753844,40,20154,20253,0,0,9255534048.0,0.005583743088064102,2025-11-30,248593861112.0,245401380370.0,-0.012842154378710417,30202679869.0,22388639568.0,-0.2587200981797752,261,True,passed,261,0,0,3,2025,00366942,-2.7624282975796,-2.7624282975796,0.0,-2.7624282975796,420.0,421.0,-2.229879348572055,-2.9844781553371496,418.0,1.0,-2.9844781553371496,0.40892283661998863,2.4995097063459006,48.0,1.0,0.6248774265864752,1.129755022713154,1.1509359109397868,72.0,1.0,-0.40282756882892534,0
383800,2025,3,202503,LX홀딩스,01562589,CFS,CFS,2035587000000.0,1992529000000.0,43058000000.0,0.02160972312071744,0.02137954323271522,41192000000.0,0.012884823448411575,-0.21828495131545367,1,1,1,,145044000000.0,-0.05224158547821145,-2.105815151861547,1,1,1,,148540000000.0,-0.06003999291264839,-1.4724234023192766,1,1,1,,83831000000.0,1.1265569112909364,1.607046098307449,1,1,1,,,,,0,0,0,missing_ttm_yoy,2035587000000.0,0.04118271535434251,,3.521169159060012,0.07125413946935208,18,20212,20253,0,0,83831000000.0,0.04118271535434251,2025-11-30,10136000000.0,11142000000.0,0.09925019731649566,42462000000.0,37306000000.0,-0.12142621638170599,64992,True,passed,64992,0,0,3,2025,01562589,-2.7871252135040185,-2.7871252135040185,0.0,-2.7871252135040185,421.0,422.0,-2.105815151861547,-2.813052489663522,412.0,1.0,-2.813052489663522,-0.21828495131545367,-1.6209732101012664,395.0,1.0,-0.4052433025253166,0.02137954323271522,-1.2319159390994858,456.0,1.0,0.43117057868482,0
252990,2025,3,202503,샘씨엔에스,01199727,CFS,OFS,226954481445.0,153892398555.0,73062082890.0,0.4747608301386514,0.38849582758566187,68442532802.0,0.41703093861597273,0.017589599554482582,1,1,1,,8777079206.0,0.7394693226324947,-2.225079868809263,1,1,1,,7650166558.0,1.315644625499952,1.3615855118133053,1,1,1,,14007983757.0,-0.6520793282860928,1.5365044291688028,1,1,1,,11738132082.0,-0.8366243752495313,-2.4034286248633485,1,1,1,,226954481445.0,0.0617215560927123,0.0517202040129999,0.12824012856729813,0.038673302021255886,19,20212,20254,0,0,14007983757.0,0.0617215560927123,2025-11-30,18715609877.0,20829504316.0,0.11294819954533293,3454013725.0,5427371253.0,0.571323012910147,2629,True,passed,2629,0,0,3,2025,01199727,-2.8407578313708135,-2.8407578313708135,0.0,-2.8407578313708135,422.0,423.0,-2.225079868809263,-2.977846475650031,417.0,1.0,-2.977846475650031,0.017589599554482582,-0.0713797962767256,273.0,1.0,-0.0178449490691814,0.38849582758566187,-0.44266740956685346,298.0,1.0,0.1549335933483987,0
005930,2025,3,202503,삼성전자,00126380,CFS,CFS,523659586000000.0,413501494000000.0,110158092000000.0,0.2664031293681372,0.23618070065563088,315556836000000.0,0.07749117220755686,-0.04192792937526435,1,1,1,,30020094000000.0,0.03311032513449397,-2.57729809195265,1,1,1,,33319454000000.0,0.008405707754576275,0.00664948133206833,1,1,1,,78537767000000.0,0.10763875152898761,-0.5488363487032324,1,1,1,,55137428000000.0,0.0232330007256496,0.15568577881164958,1,1,1,,523659586000000.0,0.14997866763008136,0.10529250198811409,0.0951337146757296,0.05732749824997952,41,20154,20254,0,0,78537767000000.0,0.14997866763008136,2025-11-30,74566317000000.0,86061747000000.0,0.15416384317331913,4676057000000.0,12166062000000.0,1.6017779509531214,264,True,passed,264,0,0,3,2025,00126380,-2.846052781185924,-2.846052781185924,0.2,-2.646052781185924,423.0,419.0,-2.57729809195265,-3.0,419.0,1.0,-3.0,-0.04192792937526435,-0.4623841267417909,325.0,1.0,-0.11559603168544773,0.23618070065563088,-0.7701235728557819,374.0,1.0,0.26954325049952366,0
108320,2025,3,202503,LX세미콘,00525934,CFS,CFS,1460985769914.0,1103832781266.0,357152988648.0,0.32355714987769857,0.2803229226199214,1751805001940.0,-0.06610376778194815,-0.08271061417962311,1,1,1,,114455588020.0,-0.4381768391645219,-2.1698510444968755,1,1,1,,84538094773.0,-0.4603149291208968,-1.8115982542685611,1,1,1,,80935514174.0,-0.6882981053493175,2.734336443591373,1,1,1,,29656797548.0,-0.3987754755252525,-0.31506477997254656,1,1,1,,1460985769914.0,0.055397879870359185,0.020299169340811395,0.06533580386701061,0.07834134347984605,41,20154,20254,0,1,80935514174.0,0.055397879870359185,2025-11-30,378615032141.0,394391131472.0,0.041667915935056754,10229040970.0,14030929280.0,0.37167592945910355,2612,True,passed,2612,1,0,3,2025,00525934,-2.8477828354613446,-2.8477828354613446,0.0,-2.8477828354613446,424.0,424.0,-2.1698510444968755,-2.9015340646309626,416.0,1.0,-2.9015340646309626,-0.08271061417962311,-0.7303086634832039,354.0,1.0,-0.18257716587080097,0.2803229226199214,-0.6752239858297678,354.0,1.0,0.23632839504041872,0
099320,2025,3,202503,쎄트렉아이,00449254,CFS,CFS,371733168623.0,229178107590.0,142555061033.0,0.6220273940302851,0.48367684459516824,183376341504.0,0.14211744676737115,-0.22954056417772906,1,1,1,,7428429442.0,-2.409432133741187,-1.9069376691475164,1,1,1,,11626688909.0,-0.7174657805598146,3.281358973304016,1,1,1,,-53444429243.0,-2.461798199303515,-2.417062462155544,1,1,1,,20195795172.0,-0.25370145152436574,0.2343103464754196,1,1,1,,371733168623.0,-0.1437709458130212,0.054328741357169384,0.04050920299245889,0.019983230093555838,41,20154,20254,0,0,-53444429243.0,-0.1437709458130212,2025-11-30,44484212137.0,50438282568.0,0.13384682216384963,2026061507.0,2455306362.0,0.21186170978371982,3131,True,passed,3131,0,0,3,2025,00449254,-2.87866846459573,-2.87866846459573,0.0,-2.87866846459573,425.0,425.0,-1.9069376691475164,-2.538253589048382,409.0,1.0,-2.538253589048382,-0.22954056417772906,-1.6949177009147673,399.0,1.0,-0.42372942522869184,0.48367684459516824,-0.2380415705181248,267.0,1.0,0.08331454968134368,0
272210,2025,3,202503,한화시스템,00339391,CFS,CFS,9572070983309.0,4859766658974.0,4712304324334.0,0.9696564989663243,0.6778591615394356,3198859465881.0,0.20578915457716063,0.12717442667289247,1,1,1,,157381753456.0,-0.20240610619610444,-2.307745836612491,1,1,1,,599650547990.0,3.693929669940199,4.189576707491352,1,1,1,,-32800561227.0,-1.134981366161258,-3.7478359753562485,1,1,1,,321144927520.0,0.5224685656995112,0.057273907309935757,1,1,1,,9572070983309.0,-0.0034266943155974246,0.033550203302920176,0.049199333429502626,0.016441766231197984,25,20194,20254,0,0,-32800561227.0,-0.0034266943155974246,2025-11-30,768190548880.0,807736584417.0,0.051479461176210765,33451471776.0,22520994537.0,-0.3267562429597537,26299,True,passed,26299,0,0,3,2025,00339391,-2.900661875368812,-2.900661875368812,0.0,-2.900661875368812,426.0,426.0,-2.307745836612491,-3.0,419.0,1.0,-3.0,0.12717442667289247,0.6485449507190831,124.0,1.0,0.16213623767977078,0.6778591615394356,0.17942318013880806,198.0,1.0,-0.06279811304858282,0
004020,2025,3,202503,현대제철,00145880,CFS,CFS,33405374718317.0,19522634854474.0,13882739863843.0,0.7111099483921093,0.5371422525720283,22856088583839.0,-0.036326094287543076,0.04404748745913334,1,1,1,,130161288569.0,-6.480052191377443,-5.448440642268977,1,1,1,,-7739451292.0,-0.9570267418817957,0.5430883704079219,1,1,1,,2377784646620.0,0.20229578631520417,0.2872190812861912,1,1,1,,1531203218369.0,-0.06480160105882571,18.960027933081495,1,1,1,,33405374718317.0,0.07117970286728145,0.045837031653753704,0.005694819045330178,0.003896417557550382,41,20154,20254,0,0,2377784646620.0,0.07117970286728145,2025-11-30,5945554952398.0,5734389046538.0,-0.035516601486431675,101768116766.0,93239855179.0,-0.08380091779244982,2411,True,passed,2411,0,0,3,2025,00145880,-2.93130628496643,-2.93130628496643,0.0,-2.93130628496643,427.0,427.0,-5.448440642268977,-3.0,419.0,1.0,-3.0,0.04404748745913334,0.10243704275718127,175.0,1.0,0.025609260689295317,0.5371422525720283,-0.1230984409836412,248.0,1.0,0.043084454344274416,0
319400,2025,3,202503,현대무벡스,01358463,CFS,CFS,255481344456.0,159312501345.0,96168843111.0,0.6036490689625233,0.4722817005713245,404002301605.0,0.30040820343813945,-0.022915796069439942,1,1,1,,24627888540.0,0.12220506137252607,-3.4323640359969927,1,1,1,,26269149426.0,0.6523633944017233,-5.419124721167886,1,1,1,,-28190287808.0,-1.3987913352127923,2.7484591914635117,1,1,1,,-4447753256.0,0.15002641489349533,-2.8858129642248054,1,1,1,,255481344456.0,-0.11034186417026251,-0.017409307381995594,0.06095977285812374,0.09639799176899005,21,20204,20254,0,0,-28190287808.0,-0.11034186417026251,2025-11-30,98851089054.0,103477170516.0,0.04679848756621064,4451307546.0,6721716783.0,0.5100544533347775,291,True,passed,291,0,0,3,2025,01358463,-2.9924818295983338,-2.9924818295983338,0.0,-2.9924818295983338,428.0,428.0,-3.4323640359969927,-3.0,419.0,1.0,-3.0,-0.022915796069439942,-0.3374826634647931,314.0,1.0,-0.08437066586619828,0.4722817005713245,-0.2625395321938993,271.0,1.0,0.09188883626786475,0
211050,2025,3,202503,인카금융서비스,01013694,CFS,CFS,896064198000.0,199881620000.0,696182578000.0,3.4829744625844037,1.5002867686557173,940393831584.0,0.18157910550245115,-0.3992376108984932,1,1,1,,89217018908.0,0.053535341410962944,-1.2415279437922708,1,1,1,,67943106678.0,0.1677507341232949,-1.1691178318858206,1,1,1,,111046859547.0,0.7965699740359893,-5.087790555480881,1,1,1,,1795660814.0,0.297464453463423,0.864465299367991,1,1,1,,896064198000.0,0.12392734783384349,0.002003942148350402,0.09487197375351006,0.09956543192678702,17,20214,20254,0,0,111046859547.0,0.12392734783384349,2025-11-30,238768323000.0,270810321000.0,0.13419702244170806,23748559000.0,25967830000.0,0.0934486593481314,66202,True,passed,66202,0,0,3,2025,01013694,-3.0028968364174813,-3.0028968364174813,0.0,-3.0028968364174813,429.0,429.0,-1.2415279437922708,-1.6188239055523754,392.0,1.0,-1.6188239055523754,-0.3992376108984932,-2.809753637958994,418.0,1.0,-0.7024384094897484,1.5002867686557173,1.9475272039295926,49.0,1.0,-0.6816345213753574,0
178920,2025,3,202503,PI첨단소재,00767460,CFS,OFS,489353919940.0,351423919394.0,137930000546.0,0.39248893696208353,0.33109274805674327,260105326787.0,0.042217448519394685,-0.10736157643072564,1,1,1,,39096315241.0,0.17272346260985327,-3.713450131786643,1,1,1,,27950239214.0,0.3146064124044934,-2.300104393452055,1,1,1,,62853152584.0,0.0013734544183539033,-0.04032373771936126,1,1,1,,4493861212.0,-0.8552926378506331,-0.5079101833685374,1,1,1,,489353919940.0,0.12844109349672006,0.00918325373290357,0.15030955237997082,0.07989374080377985,41,20154,20254,0,0,62853152584.0,0.12844109349672006,2025-11-30,72468633994.0,68417644848.0,-0.05589989658609267,15897701064.0,11607945096.0,-0.26983498750734847,2221,True,passed,2221,0,0,3,2025,00767460,-3.024937103063748,-3.024937103063748,0.0,-3.024937103063748,430.0,430.0,-3.713450131786643,-3.0,419.0,1.0,-3.0,-0.10736157643072564,-0.8922547853003437,364.0,1.0,-0.22306369632508594,0.33109274805674327,-0.5660759807466792,327.0,1.0,0.19812659326133772,0
161580,2025,3,202503,필옵틱스,00938721,CFS,CFS,385823248075.0,234787438005.0,151035810070.0,0.6432874405605277,0.49669877235993753,226235544683.0,-0.3254294352751661,-0.3673988208196213,1,1,1,,-9119601077.0,-2.13943679726825,-1.8651385070555642,1,1,1,,-11171914313.0,-1.835631036908207,-0.30758646764745956,1,1,1,,,,,0,0,0,missing_ttm_yoy,7889213317.0,-0.6921885553382179,-0.840383691530993,1,1,1,,385823248075.0,,0.020447739622643006,-0.04031020452501544,-0.023636732940538734,34,20172,20253,1,0,0.0,,2025-11-30,33807602044.0,10517940549.0,-0.6888882998767234,-8448169581.0,-9563864266.0,-0.13206348124322767,2927,True,passed,2927,0,1,3,2025,00938721,-3.0571280733282515,-3.0571280733282515,0.0,-3.0571280733282515,431.0,431.0,-1.8651385070555642,-2.480497609674795,408.0,1.0,-2.480497609674795,-0.3673988208196213,-2.600586607313254,415.0,1.0,-0.6501466518283135,0.49669877235993753,-0.21004625192816145,263.0,1.0,0.0735161881748565,0
042520,2025,3,202503,한스바이오메드,00349060,CFS,CFS,129842373137.0,62228929274.0,67613443863.0,1.086527514643414,0.7355012079471448,85575126330.0,0.061217994564482625,0.03476984861747945,1,1,1,,-314528.0,-0.9998650162043428,-2.4459617198149264,1,1,1,,-10439401396.0,-0.006838445533824733,0.030227466864705455,1,1,1,,-1636032822.0,-2.049165532761761,-0.6607845249267144,1,1,1,,2004149270.0,-0.20603688783714302,-0.21409575388843316,1,1,1,,129842373137.0,-0.012600145718792278,0.01543524830592376,-3.67546053963272e-06,-2.4223833283463903e-06,40,20154,20254,0,0,-1636032822.0,-0.012600145718792278,2025-11-30,13765458335.0,22033892083.0,0.600665342684356,-1044591373.0,40796559.0,1.0390550410950024,213,True,passed,213,0,0,3,2025,00349060,-3.095799178137534,-3.095799178137534,0.0,-3.095799178137534,432.0,432.0,-2.4459617198149264,-3.0,419.0,1.0,-3.0,0.03476984861747945,0.0414869826856435,186.0,1.0,0.010371745671410875,0.7355012079471448,0.30334549659698584,179.0,1.0,-0.10617092380894504,0
257720,2025,3,202503,실리콘투,00982023,CFS,CFS,668116410713.0,418524147865.0,249592262848.0,0.5963628720618266,0.46772783663172535,983898504714.0,0.5776721940145864,-0.6198703692759522,1,1,1,,189572836808.0,0.5061292176519809,-1.8588097303047757,1,1,1,,164789254740.0,0.669288930578797,-1.6079718054198913,1,1,1,,21218771119.0,-0.4735338797981953,3.641549144700853,1,1,1,,6837108528.0,-0.9069429256098155,3.50516661686168,1,1,1,,668116410713.0,0.031759092844846855,0.010233409056220576,0.19267519556105547,0.2837422248103318,18,20213,20254,0,0,21218771119.0,0.031759092844846855,2025-11-30,265286436523.0,299375144222.0,0.12849774057726676,52181838032.0,63073092892.0,0.20871734823371008,46800,True,passed,46800,0,0,3,2025,00982023,-3.1264374289728654,-3.1264374289728654,0.0,-3.1264374289728654,433.0,433.0,-1.8588097303047757,-2.471752824344542,407.0,1.0,-2.471752824344542,-0.6198703692759522,-3.0,421.0,1.0,-0.75,0.46772783663172535,-0.27232970106193277,272.0,1.0,0.09531539537167646,0
018290,2025,3,202503,브이티,00150165,CFS,CFS,339728376202.0,246577775307.0,93150600895.0,0.37777370965012347,0.32046894259711517,434593549604.0,0.06489951402182559,-0.39867431212635673,1,1,1,,99285859054.0,-0.013613402686074139,-1.986015020168499,1,1,1,,89713533208.0,0.11025836028428992,-3.1605450825292594,1,1,1,,34135654472.0,-0.6375770936451581,-1.3308068862805915,1,1,1,,2177970152.0,-0.7611552900781838,-1.2132478692577342,1,1,1,,339728376202.0,0.10047925596801838,0.00641091620414126,0.2284568170523214,0.2922507097109997,41,20154,20254,0,0,34135654472.0,0.10047925596801838,2025-11-30,111520825859.0,110219156432.0,-0.011671985182801192,29066880443.0,12123907082.0,-0.5828961726465652,204,True,passed,204,0,0,3,2025,00150165,-3.1429114614643106,-3.1429114614643106,0.0,-3.1429114614643106,434.0,434.0,-1.986015020168499,-2.64751869451721,410.0,1.0,-2.64751869451721,-0.39867431212635673,-2.8060530095355425,417.0,1.0,-0.7015132523838856,0.32046894259711517,-0.5889156726765283,332.0,1.0,0.2061204854367849,0
006400,2025,3,202503,삼성SDI,00126362,CFS,CFS,42174547789943.0,23472876599810.0,18701671190133.0,0.7967353771324466,0.585971338823458,13162502638207.0,-0.2847459427576544,-0.08106782354634512,1,1,1,,-1679849296193.0,-2.802902552696624,-2.317001962208698,1,1,1,,-619759478828.0,-1.4725249621711487,-1.0681947083986352,1,1,1,,835931424043.0,-10.537755774723427,-9.500323213701481,1,1,1,,4730724638521.0,-0.1695191223732967,-0.9123463532074231,1,1,1,,42174547789943.0,0.019820756068482076,0.11217013308792596,-0.12762385257320866,-0.039830878674971336,41,20154,20254,0,0,835931424043.0,0.019820756068482076,2025-11-30,3179406065745.0,3051820635180.0,-0.04012869948875314,-397836794835.0,-591288808607.0,-0.48625973334676814,28202,True,passed,28202,0,0,3,2025,00126362,-3.1735360969783004,-3.1735360969783004,0.0,-3.1735360969783004,435.0,435.0,-2.317001962208698,-3.0,419.0,1.0,-3.0,-0.08106782354634512,-0.719516242103994,353.0,1.0,-0.1798790605259985,0.585971338823458,-0.01812275299342358,233.0,1.0,0.006342963547698252,0
048410,2025,3,202503,현대바이오,00313649,CFS,CFS,116623161279.0,110283698109.0,6339463170.0,0.05748322987622639,0.055891773539480265,1960295793.0,-0.876073305685702,-1.4483127157924276,1,1,1,,-16523538540.0,-210.73260250319882,-209.7280140706776,1,1,1,,-21964845309.0,1.1039476201902416,1.5093942133677691,1,1,1,,-15490081489.0,-4.0610319952097225,-2.563345867490828,1,1,1,,-1247217271.0,-1.6031763648711101,-4.198420745057807,1,1,1,,116623161279.0,-0.13282165668569693,-0.010694421736830271,-8.429104729502422,-0.1416831644656793,41,20154,20254,0,0,-15490081489.0,-0.13282165668569693,2025-11-30,332908407.0,553056709.0,0.6612879019303348,-4818579603.0,-4619778899.0,0.04125711732067862,204,True,passed,204,0,0,3,2025,00313649,-3.34479818070699,-3.34479818070699,0.0,-3.34479818070699,436.0,436.0,-209.7280140706776,-3.0,419.0,1.0,-3.0,-1.4483127157924276,-3.0,421.0,1.0,-0.75,0.055891773539480265,-1.1577194836943137,452.0,1.0,0.40520181929300975,0
078600,2025,3,202503,대주전자재료,00177816,CFS,CFS,645606014841.0,246595613918.0,399010400923.0,1.6180758229369083,0.9624396292290877,240021516239.0,0.1525792533493826,-0.043475699185532735,1,1,1,,24019738640.0,-0.006202493721122915,-6.276820817940208,1,1,1,,37869420069.0,1.2115478995100353,4.315568609401641,1,1,1,,18273973410.0,-0.031071567734069938,-8.834765707673323,1,1,1,,38912801140.0,-0.6589026009958919,-1.0427297927519144,1,1,1,,645606014841.0,0.02830514739628087,0.06027329399894679,0.10007327266478264,0.03720494866503929,41,20154,20254,0,0,18273973410.0,0.02830514739628087,2025-11-30,63419925122.0,63582823964.0,0.0025685751234589735,5348572754.0,5988217078.0,0.11959159077001125,2629,True,passed,2629,0,0,3,2025,00177816,-3.395069022972151,-3.395069022972151,0.0,-3.395069022972151,437.0,437.0,-6.276820817940208,-3.0,419.0,1.0,-3.0,-0.043475699185532735,-0.47255230255924424,327.0,1.0,-0.11813807563981106,0.9624396292290877,0.791231278092401,111.0,1.0,-0.27693094733234036,0
042700,2025,3,202503,한미반도체,00161383,CFS,CFS,784062204264.0,656635407893.0,127426796371.0,0.19406019663162064,0.17735942963895035,643266636322.0,0.3937515535236922,-1.3583899522198721,1,1,1,,295704943311.0,0.4648549760123537,-5.116834781846051,1,1,1,,241583420400.0,0.3307378571590003,0.3160064874215265,1,1,1,,225284281166.0,2.0871127247024526,2.319863730126362,1,1,1,,60530628149.0,0.5130346306553508,0.09167551831632514,1,1,1,,784062204264.0,0.28732960209129654,0.07720130854390585,0.4596926478291328,0.37714474910645457,41,20154,20254,0,0,225284281166.0,0.28732960209129654,2025-11-30,180047311088.0,166231357101.0,-0.07673513091371473,86308097687.0,67822011689.0,-0.2141871561697557,29271,True,passed,29271,0,0,3,2025,00161383,-3.436196630100044,-3.436196630100044,0.0,-3.436196630100044,438.0,438.0,-5.116834781846051,-3.0,419.0,1.0,-3.0,-1.3583899522198721,-3.0,421.0,1.0,-0.75,0.17735942963895035,-0.8965810568570168,406.0,1.0,0.3138033698999559,0
008770,2025,3,202503,호텔신라,00165680,CFS,CFS,3591191556877.0,1124828835735.0,2466362721142.0,2.1926560226653486,1.1608531793561727,3970737171614.0,0.008476491852592138,0.006796826317184701,1,1,1,,-10318530282.0,-3.2913129297140107,-2.335104377810133,1,1,1,,-220209625207.0,5.50952378744628,,1,1,0,missing_prev_yoy,163261356543.0,0.8571482683624023,1.3900512378143195,1,1,1,,68792050236.0,0.09823026167333238,0.013104173875987613,1,1,1,,3591191556877.0,0.04546161182361896,0.019155772992467013,-0.002598643485085111,-0.0028732887451354116,41,20154,20254,0,0,163261356543.0,0.04546161182361896,2025-11-30,1025447046840.0,1025691115117.0,0.00023801158504685015,8660336755.0,11440279602.0,0.320997084252528,47859,True,passed,47859,0,0,3,2025,00165680,-3.461798313271219,-3.461798313271219,0.0,-3.461798313271219,439.0,439.0,-2.335104377810133,-3.0,419.0,1.0,-3.0,0.006796826317184701,-0.14228363165759542,284.0,1.0,-0.035570907914398854,1.1608531793561727,1.2177925867337733,70.0,1.0,-0.42622740535682063,0
000210,2025,3,202503,DL,00109693,CFS,CFS,12053546008175.0,4897241571664.0,7156304436511.0,1.4612929200630405,0.9006867891383158,5393103360413.0,-0.031012922289910927,-0.12171288200916353,1,1,1,,262737356930.0,-0.48813661911494166,-4.589244880004859,1,1,1,,-47399397403.0,-1.443525780110878,0.5810403625117602,1,1,1,,535311094476.0,0.542854477272422,-0.09221600902414862,1,1,1,,328469419429.0,-0.6216858934317492,-34.99812224620969,1,1,1,,12053546008175.0,0.044411088165502446,0.027250853749280442,0.04871728564643711,0.021797515581871534,41,20154,20254,0,0,535311094476.0,0.044411088165502446,2025-11-30,1321718752729.0,1387989962698.0,0.05014017530746799,72031012101.0,109383312230.0,0.5185585908001068,20111,True,passed,20111,0,0,3,2025,00109693,-3.4770991244697718,-3.4770991244697718,0.0,-3.4770991244697718,440.0,440.0,-4.589244880004859,-3.0,419.0,1.0,-3.0,-0.12171288200916353,-0.9865366335205589,371.0,1.0,-0.24663415838013972,0.9006867891383158,0.658471331684662,126.0,1.0,-0.23046496608963168,0
222080,2025,3,202503,씨아이에스,01090471,CFS,CFS,694375858016.0,496547932151.0,197827925865.0,0.39840650429864366,0.33533337715162626,455631782517.0,-0.23979995052276182,-2.7919716196321134,1,1,1,,50008755022.0,-0.236842487453801,-6.354374619494486,1,1,1,,46554313988.0,-0.08335865377666452,-6.656583044151742,1,1,1,,94759938641.0,-9.723990707776876,-19.276935827187856,1,1,1,,7496823483.0,-0.7928047440921749,-2.088916232844339,1,1,1,,694375858016.0,0.13646778981019314,0.010796492125201819,0.10975695054840502,0.07201972022023796,38,20154,20254,0,0,94759938641.0,0.13646778981019314,2025-11-30,129612546705.0,87653287405.0,-0.32372837635464313,1368147222.0,7548648551.0,4.5174241701599565,292,True,passed,292,0,0,3,2025,01090471,-3.5550642719958794,-3.5550642719958794,0.0,-3.5550642719958794,441.0,441.0,-6.354374619494486,-3.0,419.0,1.0,-3.0,-2.7919716196321134,-3.0,421.0,1.0,-0.75,0.33533337715162626,-0.5569592228689165,324.0,1.0,0.19493572800412076,0
329180,2025,3,202503,HD현대중공업,01390344,CFS,CFS,20793612798000.0,6464998152000.0,14328614646000.0,2.2163370056907636,1.1682431361533272,16393089089000.0,0.17986696873072838,-0.05790029858725587,1,1,1,,1744659990000.0,2.106003420264061,-5.9315662909522615,1,1,1,,1292509889000.0,,,1,0,0,missing_ttm_yoy,5254388870000.0,2.2195213460492367,17.985194901588635,1,1,1,,535527462000.0,-0.5802472978028177,,1,1,0,missing_prev_yoy,20793612798000.0,0.25269244556219617,0.025754421187043977,0.10642655453941821,0.08390364901705813,21,20204,20254,0,0,5254388870000.0,0.25269244556219617,2025-11-30,4147124837000.0,4417898203000.0,0.06529182907256668,471455985000.0,557285392000.0,0.1820517921731336,31113,True,passed,31113,0,0,3,2025,01390344,-3.573616899982088,-3.573616899982088,0.0,-3.573616899982088,442.0,442.0,-5.9315662909522615,-3.0,419.0,1.0,-3.0,-0.05790029858725587,-0.5673156593840034,338.0,1.0,-0.14182891484600085,1.1682431361533272,1.2336799575316768,69.0,1.0,-0.43178798513608685,0
089010,2025,3,202503,켐트로닉스,00371485,CFS,CFS,736342270919.0,244897018023.0,491445252896.0,2.0067424947160646,1.100857265060488,592722010629.0,-0.0064795968676041316,-0.09822421210234245,1,1,1,,23430928688.0,-0.495664150885867,-4.137904637944438,1,1,1,,14586813700.0,-0.3796964573260474,3.702882642128892,1,1,1,,95941292249.0,4.985847331373521,5.7240940296509955,1,1,1,,141890334877.0,1.1518619296606238,1.2839820918190212,1,1,1,,736342270919.0,0.1302944242617763,0.1926961692690985,0.03953105885697574,0.031820702971128864,41,20154,20254,0,0,95941292249.0,0.1302944242617763,2025-11-30,147729461755.0,178908145821.0,0.2110525801394165,6102310674.0,8061488778.0,0.3210551229958568,204,True,passed,204,0,0,3,2025,00371485,-3.589139991515369,-3.589139991515369,0.0,-3.589139991515369,443.0,443.0,-4.137904637944438,-3.0,419.0,1.0,-3.0,-0.09822421210234245,-0.832226267892438,361.0,1.0,-0.2080565669731095,1.100857265060488,1.088809784406457,78.0,1.0,-0.38108342454225996,0
036930,2025,3,202503,주성엔지니어링,00252135,CFS,CFS,871607743968.0,593412624170.0,278195119798.0,0.4688055300257702,0.38444950587275994,366696880033.0,-0.08191071043909293,-0.44386731495738474,1,1,1,,45770438524.0,-0.6025609791151458,-2.7103022501813974,1,1,1,,62445388208.0,-0.44114539879723524,-3.3689601233830793,1,1,1,,16085746043.0,-0.9203797235191173,13.965046481377513,1,1,1,,,,,0,0,0,missing_ttm_yoy,871607743968.0,0.01845525829058096,,0.12481818367224995,0.052512657030362966,41,20154,20254,0,0,16085746043.0,0.01845525829058096,2025-11-30,78792213478.0,58773454725.0,-0.25407026747115746,6575447323.0,3355821494.0,-0.4896436197942301,29229,True,passed,29229,0,0,3,2025,00252135,-3.592021748162416,-3.592021748162416,0.0,-3.592021748162416,444.0,444.0,-2.7103022501813974,-3.0,419.0,1.0,-3.0,-0.44386731495738474,-3.0,421.0,1.0,-0.75,0.38444950587275994,-0.45136643382166836,299.0,1.0,0.1579782518375839,0
225570,2025,3,202503,넥슨게임즈,01096341,CFS,CFS,426326053059.0,278089237996.0,148236815063.0,0.5330548428671383,0.42726237411418044,188375710134.0,-0.24326693350524597,-0.5212238549514063,1,1,1,,-39296910554.0,-2.291466803088884,-2.4197085081428247,1,1,1,,-31764210930.0,-2.3706555387404147,-2.509572065580051,1,1,1,,-3274370585.0,-1.0660689449481442,-1.0408913659543002,1,1,1,,4942627519.0,-0.20420833673360794,-0.71035645480667,1,1,1,,426326053059.0,-0.007680437452756035,0.011593538521831743,-0.20860922316389074,-0.0921757191990367,35,20172,20254,0,0,-3274370585.0,-0.007680437452756035,2025-11-30,38572109458.0,50150094484.0,0.30016468346401737,-21795674502.0,-10478084857.0,0.5192585181964193,582,True,passed,582,0,0,3,2025,01096341,-3.6242363301918132,-3.6242363301918132,0.0,-3.6242363301918132,445.0,445.0,-2.4197085081428247,-3.0,419.0,1.0,-3.0,-0.5212238549514063,-3.0,421.0,1.0,-0.75,0.42726237411418044,-0.35932477088053427,284.0,1.0,0.12576366980818698,0
056190,2025,3,202503,에스에프에이,00358271,CFS,CFS,2329036287983.0,1510211754128.0,818824533855.0,0.5421918691977016,0.43320469619280144,1712502833200.0,-0.24745773895310252,-0.644071433539031,1,1,1,,66584916736.0,-33.79670945722757,-32.76837274082936,1,1,1,,29181476131.0,0.8407108379797903,1.4829872426672774,1,1,1,,260577321179.0,0.44565541000708997,-1.6165150077025539,1,1,1,,91590269474.0,0.011065382708499438,-0.6931809983603798,1,1,1,,2329036287983.0,0.11188203572588647,0.03932539391789353,0.038881638876812105,0.028589042205806117,41,20154,20254,0,0,260577321179.0,0.11188203572588647,2025-11-30,444992026297.0,394017361754.0,-0.11455186055171716,21121709711.0,26703216163.0,0.2642544816858836,292,True,passed,292,0,0,3,2025,00358271,-3.62870763589755,-3.62870763589755,0.0,-3.62870763589755,446.0,446.0,-32.76837274082936,-3.0,419.0,1.0,-3.0,-0.644071433539031,-3.0,421.0,1.0,-0.75,0.43320469619280144,-0.3465496117212855,280.0,1.0,0.12129236410244992,0
089030,2025,3,202503,테크윙,00535676,CFS,CFS,551448912205.0,196973092147.0,354475820058.0,1.7996154509949842,1.029482068818941,172923114353.0,-0.03390175322422018,-0.2819509672508381,1,1,1,,19741431287.0,-0.10075148333545147,-2.1390347171954645,1,1,1,,-12987488314.0,-1.9889798645539383,-13.591099823628518,1,1,1,,-2282514970.0,-1.0639688718732314,-1.5497463589660623,1,1,1,,48850844721.0,0.06360840923135047,0.05154864960950767,1,1,1,,551448912205.0,-0.004139123170763423,0.08858634705736766,0.11416305657496106,0.035799202519164935,41,20154,20254,0,0,-2282514970.0,-0.004139123170763423,2025-11-30,48893652605.0,41765843683.0,-0.14578188665068337,6361081674.0,7111094930.0,0.11790655967609574,29271,True,passed,29271,0,0,3,2025,00535676,-3.69613853129783,-3.69613853129783,0.0,-3.69613853129783,447.0,447.0,-2.1390347171954645,-2.858953613853633,413.0,1.0,-2.858953613853633,-0.2819509672508381,-2.0392312994714934,405.0,1.0,-0.5098078248678733,1.029482068818941,0.935363121646639,91.0,1.0,-0.32737709257632364,0
079160,2025,3,202503,CJ CGV,00303873,CFS,CFS,4037245483356.0,504079906968.0,3533165576388.0,7.009137891727734,2.080583126290066,2196284842404.0,0.2822203745080307,0.1680333736405102,1,1,1,,45238643169.0,-0.4033062131730879,-3.429540099202929,1,1,1,,-240714776122.0,1.9687704542754272,1.8591126738191577,1,1,1,,143376961609.0,-0.3022636811486076,-0.813524452524249,1,1,1,,88416039451.0,-0.030076655441411027,-0.1472633830083424,1,1,1,,4037245483356.0,0.03551356047089227,0.021900090003321597,0.0205978032974461,0.011205323866359232,41,20154,20254,0,0,143376961609.0,0.03551356047089227,2025-11-30,491616609098.0,583079484314.0,0.1860451285073804,1716783656.0,23344089982.0,12.597572355966092,59141,True,passed,59141,0,0,3,2025,00303873,-3.820757375807448,-3.820757375807448,0.0,-3.820757375807448,448.0,448.0,-3.429540099202929,-3.0,419.0,1.0,-3.0,0.1680333736405102,0.9169704967702085,103.0,1.0,0.22924262419255212,2.080583126290066,3.0,1.0,1.0,-1.0499999999999998,0
183300,2025,3,202503,코미코,00997812,CFS,CFS,926260316596.0,343090236632.0,583170079964.0,1.6997571417035415,0.993161821447556,567885723307.0,0.21006901147086054,-0.41443001888303765,1,1,1,,106093499449.0,0.0421274322284364,-2.157684192325342,1,1,1,,84225051792.0,0.004684415773556383,-2.0726832045778574,1,1,1,,48737483330.0,-0.6010499826842062,-1.5170931863799115,1,1,1,,196800590265.0,0.8174263175323371,-2.01216944161016,1,1,1,,926260316596.0,0.05261747961859135,0.21246790641775604,0.1868219169715694,0.1145396143482567,36,20164,20253,0,0,48737483330.0,0.05261747961859135,2025-11-30,146003399733.0,159055801053.0,0.0893979273350432,30164038414.0,25847209984.0,-0.14311175349771585,29271,True,passed,29271,0,0,3,2025,00997812,-3.912160700439212,-3.912160700439212,0.0,-3.912160700439212,449.0,449.0,-2.157684192325342,-2.884722520382427,415.0,1.0,-2.884722520382427,-0.41443001888303765,-2.909561163892416,420.0,1.0,-0.727390290973104,0.993161821447556,0.8572796830962321,100.0,1.0,-0.30004788908368124,0
000720,2025,3,202503,현대건설,00164478,CFS,CFS,26860826000000.0,9914180000000.0,16946646000000.0,1.7093341052916127,0.9967028870935217,30249636000000.0,-0.11087456987488631,-0.3646044506769379,1,1,1,,-1241691000000.0,-2.8899262562689785,-2.8085073179840134,1,1,1,,-767655000000.0,-2.521220456135275,-2.8768006657725733,1,1,1,,-1807156000000.0,-22.26090895187002,-21.207961751439463,1,1,1,,110558000000.0,-0.5468823003844356,-1.9000606158916833,1,1,1,,26860826000000.0,-0.06727849694570077,0.004115956821283158,-0.04104813029816293,-0.04622683606230128,41,20154,20254,0,0,-1807156000000.0,-0.06727849694570077,2025-11-30,7720720000000.0,7826469000000.0,0.013696779574961921,217001000000.0,103538000000.0,-0.5228685582094091,41221,True,passed,41221,0,0,3,2025,00164478,-3.9482695692862695,-3.9482695692862695,0.0,-3.9482695692862695,450.0,450.0,-2.8085073179840134,-3.0,419.0,1.0,-3.0,-0.3646044506769379,-2.5822288084200715,414.0,1.0,-0.6455572021050179,0.9967028870935217,0.8648924776607194,99.0,1.0,-0.3027123671812518,0
082740,2025,3,202503,한화엔진,00361008,CFS,OFS,1494308013305.0,461556599364.0,1032751413941.0,2.237540131295004,1.1748138227156257,1329495805567.0,0.15178533435336772,-0.2906413230143692,1,1,1,,100913693892.0,0.88858623114046,-2.6908613229494254,1,1,1,,110661219752.0,2.104920713802227,14.846592310343066,1,1,1,,322392583678.0,2.263769193019618,7.407672436411509,1,1,1,,31123838445.0,-0.3902585316103405,-1.2641561546354332,1,1,1,,1494308013305.0,0.21574707544059535,0.0208282617558629,0.07590373242957513,0.06753205697452332,41,20154,20254,0,0,322392583678.0,0.21574707544059535,2025-11-30,387700400107.0,297345308786.0,-0.23305390269409892,33775391862.0,26631116574.0,-0.2115230910477719,29111,True,passed,29111,0,0,3,2025,00361008,-3.960812895434695,-3.960812895434695,0.0,-3.960812895434695,451.0,451.0,-2.6908613229494254,-3.0,419.0,1.0,-3.0,-0.2906413230143692,-2.096323164640048,407.0,1.0,-0.524080791160012,1.1748138227156257,1.2478060122133814,67.0,1.0,-0.43673210427468345,0
399720,2025,3,202503,가온칩스,01364747,CFS,CFS,141635140576.0,54020201071.0,87614939505.0,1.6218921397542683,0.9638962478646598,61782310398.0,-0.3210698985454593,-1.0076143160660767,1,1,1,,-16601353172.0,-5.09334380190541,-5.187671223849205,1,1,1,,-10924091094.0,-2.7363257945939536,-3.047893140111004,1,1,1,,-13237249101.0,-2.3918052357926465,18.839870858529068,1,1,1,,7522476623.0,-0.3990207986515327,-0.5955176293730285,1,1,1,,141635140576.0,-0.09346020378252828,0.05311165429996883,-0.2687072248521385,-0.11721210643408003,15,20222,20254,0,0,-13237249101.0,-0.09346020378252828,2025-11-30,9138899064.0,11063148053.0,0.21055588594692023,-4729705401.0,-7277192133.0,-0.5386142509978287,26112,True,passed,26112,0,0,3,2025,01364747,-4.028026981362497,-4.028026981362497,0.0,-4.028026981362497,452.0,452.0,-5.187671223849205,-3.0,419.0,1.0,-3.0,-1.0076143160660767,-3.0,421.0,1.0,-0.75,0.9638962478646598,0.794362803892847,110.0,1.0,-0.27802698136249643,0
043260,2025,3,202503,성호전자,00317210,CFS,CFS,430630902287.0,162567131261.0,268063771026.0,1.6489420028924922,0.9741603160874373,195845532877.0,-0.1951812196320144,-0.4799209160115625,1,1,1,,-11587879482.0,-1.3226233876113014,-2.6513297527646316,1,1,1,,-3922023653.0,-1.1458969450391774,-3.524741531099825,1,1,1,,44102054004.0,2.68718766736168,2.5973368367430494,1,1,1,,34936623926.0,6.5822914614052275,7.105514460572073,1,1,1,,430630902287.0,0.10241265494367045,0.08112892906769612,-0.05916846461480294,-0.026909075545807196,41,20154,20254,0,1,44102054004.0,0.10241265494367045,2025-11-30,56551289696.0,55603044857.0,-0.016767872918503422,1322860055.0,539736800.0,-0.5919925180596673,26291,True,passed,26291,1,0,3,2025,00317210,-4.035750188923678,-4.035750188923678,0.0,-4.035750188923678,453.0,453.0,-2.6513297527646316,-3.0,419.0,1.0,-3.0,-0.4799209160115625,-3.0,421.0,1.0,-0.75,0.9741603160874373,0.8164291112105075,106.0,1.0,-0.2857501889236776,0
178320,2025,3,202503,서진시스템,00838005,CFS,CFS,2139989167892.0,706078707543.0,1433910460349.0,2.0308082442235027,1.1088293312190334,1019738835800.0,-0.14499639702285283,-0.6929741724721946,1,1,1,,-21361812487.0,-1.131678404380502,-7.883965166416683,1,1,1,,-120136313319.0,-2.070545629810537,3.089664040150118,1,1,1,,-113843097606.0,-8.545900504307298,-8.048818626979774,1,1,1,,245122730941.0,0.23536353482558492,-0.5953542101326557,1,1,1,,2139989167892.0,-0.05319797843562981,0.11454391200608673,-0.02094831709556432,-0.009982205895015108,36,20171,20254,0,0,-113843097606.0,-0.05319797843562981,2025-11-30,258576171797.0,215500668423.0,-0.1665872886687224,-5972202220.0,-37258836642.0,-5.238709820847292,289,True,passed,289,0,0,3,2025,00838005,-4.137082013045139,-4.137082013045139,0.0,-4.137082013045139,454.0,454.0,-7.883965166416683,-3.0,419.0,1.0,-3.0,-0.6929741724721946,-3.0,421.0,1.0,-0.75,1.1088293312190334,1.1059486087003958,76.0,1.0,-0.3870820130451385,0
047810,2025,3,202503,한국항공우주,00309503,CFS,CFS,10073342411065.0,1844599147271.0,8228743263794.0,4.460992663890173,1.6976305798052933,3324510502874.0,-0.17892491022333812,-0.45294396322234864,1,1,1,,234351745929.0,-0.3359822888096573,-2.037120807517355,1,1,1,,137578970859.0,-0.5214156438259594,-3.6705241677548517,1,1,1,,-951170616366.0,2.452179447414018,3.8260879722866,1,1,1,,223831104110.0,-0.0724266372208825,-0.5462744383077408,1,1,1,,10073342411065.0,-0.09442452937181929,0.022220142528276823,0.07049210574802085,0.02326454679745402,41,20154,20254,0,0,-951170616366.0,-0.09442452937181929,2025-11-30,828336336027.0,702116311024.0,-0.15237774743577806,85215939637.0,60191688727.0,-0.2936569263520119,31311,True,passed,31311,0,0,3,2025,00309503,-4.298260153802851,-4.298260153802851,0.0,-4.298260153802851,455.0,455.0,-2.037120807517355,-2.7181341004791335,411.0,1.0,-2.7181341004791335,-0.45294396322234864,-3.0,421.0,1.0,-0.75,1.6976305798052933,2.3717887237820507,42.0,1.0,-0.8301260533237177,0
039130,2025,3,202503,하나투어,00269940,CFS,CFS,740109397957.0,177110542826.0,562998855131.0,3.1787992185429133,1.4300239369760566,553885110765.0,-0.06742746699748814,-0.8234567304244105,1,1,1,,43810646052.0,-0.09627187238504586,-6.105728291046393,1,1,1,,83345352141.0,0.2998231418464543,0.15783946680533245,1,1,1,,118891829478.0,-0.13621137848038745,-0.3328947146060385,1,1,1,,6389258326.0,0.4060848619040738,0.7639158051197059,1,1,1,,740109397957.0,0.16064088607196358,0.00863285663394753,0.07909699177775478,0.05919482467448059,41,20154,20254,0,0,118891829478.0,0.16064088607196358,2025-11-30,119937210957.0,123286607356.0,0.027926248845329817,9650066328.0,8280688000.0,-0.1419035145931279,75210,True,passed,75210,0,0,3,2025,00269940,-4.378765189145655,-4.378765189145655,0.0,-4.378765189145655,456.0,456.0,-6.105728291046393,-3.0,419.0,1.0,-3.0,-0.8234567304244105,-3.0,421.0,1.0,-0.75,1.4300239369760566,1.7964719689875852,52.0,1.0,-0.6287651891456548,0
