ticker,year,quarter,quarter_key,name,corp_code,fs_div,fs_div_used,Assets,Equity,Liabilities,Debt_to_Equity,Debt_to_Equity_log,Revenue_ttm,Revenue_ttm_yoy,Revenue_acc2,Revenue_ttm_ready,Revenue_ttm_yoy_ready,Revenue_acc2_ready,Revenue_acc2_missing_reason,OpIncome_ttm,OpIncome_ttm_yoy,OpIncome_acc2,OpIncome_ttm_ready,OpIncome_ttm_yoy_ready,OpIncome_acc2_ready,OpIncome_acc2_missing_reason,NetIncome_ttm,NetIncome_ttm_yoy,NetIncome_acc2,NetIncome_ttm_ready,NetIncome_ttm_yoy_ready,NetIncome_acc2_ready,NetIncome_acc2_missing_reason,CFO_ttm,CFO_ttm_yoy,CFO_acc2,CFO_ttm_ready,CFO_ttm_yoy_ready,CFO_acc2_ready,CFO_acc2_missing_reason,CAPEX_ttm,CAPEX_ttm_yoy,CAPEX_acc2,CAPEX_ttm_ready,CAPEX_ttm_yoy_ready,CAPEX_acc2_ready,CAPEX_acc2_missing_reason,Revenue_acc2_log1p,OpIncome_acc2_log1p,Assets_ttm,CFO_to_Assets_ttm,CAPEX_to_Assets_ttm,OpMargin_ttm,OpIncome_to_Assets_ttm,history_quarters,first_quarter_key,latest_quarter_key,revenue_prev_q,revenue_cur_q,revenue_qoq,op_prev_q,op_cur_q,op_qoq,CFO_isnull,CFO_warn,CFO_safe,Quality_CFO_to_Assets,op_growth_streak2,rev_growth_streak2,rebalance_month,industry4,passed_filters,filter_status,industry4_scored,CFO_warn_scored,CFO_isnull_scored,quarter_scored,year_scored,corp_code_scored,score_total,score,hold_bonus_applied,score_adj,score_rank,score_adj_rank,OpIncome_acc2_log1p__raw,OpIncome_acc2_log1p__z,OpIncome_acc2_log1p__rank,OpIncome_acc2_log1p__mult,OpIncome_acc2_log1p__contrib,Revenue_acc2__raw,Revenue_acc2__z,Revenue_acc2__rank,Revenue_acc2__mult,Revenue_acc2__contrib,Debt_to_Equity_log__raw,Debt_to_Equity_log__z,Debt_to_Equity_log__rank,Debt_to_Equity_log__mult,Debt_to_Equity_log__contrib,op_growth_streak2__raw,op_growth_streak2__z,op_growth_streak2__rank,op_growth_streak2__mult,op_growth_streak2__contrib,rev_growth_streak2__raw,rev_growth_streak2__z,rev_growth_streak2__rank,rev_growth_streak2__mult,rev_growth_streak2__contrib,selected_topk
060280,2025,4,202504,큐렉소,00356802,CFS,CFS,101137762292.0,96248964468.0,4888797824.0,0.05079325113804611,0.049545356214452746,74531816400.0,0.34215967069335185,0.580228132847816,1,1,1,,2361804478.0,-1.40570345625545,4.721379518579405,1,1,1,,2771488547.0,-1.31645482261864,-2.1199748228564648,1,1,1,,-11258378658.0,-3.9244084514532718,-3.6822028469824177,1,1,1,,2513503318.0,-0.25740097555384256,-0.7391715161320945,1,1,1,,0.4575692244943136,1.7442099508906124,101137762292.0,-0.11131726076255632,0.02485227338472386,0.03168854043922107,0.023352350541246045,40,20161,20254,17227825501.0,20799882849.0,0.20734232232574318,341181360.0,1383167831.0,3.0540545093084805,0,0,-11258378658.0,-0.11131726076255632,1,1,2026-03-31,47812,True,passed,47812,0.0,0.0,4.0,2025.0,00356802,3.7529661596752564,3.7529661596752564,0.0,3.7529661596752564,1.0,1.0,1.7442099508906124,2.5,1.0,1.0,2.5,0.580228132847816,2.5,1.0,1.0,0.625,0.049545356214452746,-1.2227604562150196,318.0,1.0,0.42796615967525686,1.0,1.0,1.0,1.0,0.15,1.0,1.0,1.0,1.0,0.05,1
041920,2025,4,202504,메디아나,00273439,CFS,CFS,146835881738.0,135432248814.0,11403632924.0,0.084201754189739,0.08084400580049247,64944817855.0,0.13860428568030692,0.4112630857650592,1,1,1,,5950379397.0,3.5449599170978843,4.40571443774348,1,1,1,,5274496431.0,-0.1509236885373968,0.15057796065048001,1,1,1,,5504109274.0,0.07810073877417634,0.7276005406869679,1,1,1,,608496892.0,-0.23632125946726923,-1.1890472990992946,1,1,1,,0.34448510890291517,1.6874566232521577,146835881738.0,0.03748477013146562,0.004144061279829027,0.09162208153828688,0.040524014474999315,40,20161,20254,15003243410.0,19229755285.0,0.2817065456781788,1579805028.0,1873913860.0,0.1861678034866971,0,0,5504109274.0,0.03748477013146562,1,0,2026-03-31,27112,True,passed,27112,0.0,0.0,4.0,2025.0,00273439,3.6795168920199393,3.6795168920199393,0.0,3.6795168920199393,2.0,2.0,1.6874566232521577,2.5,1.0,1.0,2.5,0.4112630857650592,2.5,1.0,1.0,0.625,0.08084400580049247,-1.1557625486283982,315.0,1.0,0.40451689201993934,1.0,1.0,1.0,1.0,0.15,0.0,0.0,111.0,1.0,0.0,1
425420,2025,4,202504,티에프이,01035368,CFS,CFS,143636036990.0,109192118924.0,34443918066.0,0.3154432609735661,0.27417368941909315,111742413458.0,0.5176889696562146,0.6010818700044805,1,1,1,,19055611474.0,3.339972968928418,3.863937580103367,1,1,1,,18106528316.0,11.467133485797442,12.336418292250574,1,1,1,,12808751016.0,1.8691744017646128,2.592924846245879,1,1,1,,15452193730.0,-0.15524923997049478,-0.8416338465543962,1,1,1,,0.4706795694994416,1.5818483115435626,143636036990.0,0.08917505164036063,0.1075788085901854,0.1705315903272693,0.13266595120085817,13,20224,20254,27219872546.0,37449464085.0,0.37581335187049775,4826605353.0,7333413860.0,0.5193730010351646,0,0,12808751016.0,0.08917505164036063,1,1,2026-03-31,262,True,passed,262,0.0,0.0,4.0,2025.0,01035368,3.584672320230091,3.584672320230091,0.0,3.584672320230091,3.0,3.0,1.5818483115435626,2.5,1.0,1.0,2.5,0.6010818700044805,2.5,1.0,1.0,0.625,0.27417368941909315,-0.7419209149431188,257.0,1.0,0.25967232023009157,1.0,1.0,1.0,1.0,0.15,1.0,1.0,1.0,1.0,0.05,1
098460,2025,4,202504,고영,00579999,CFS,CFS,410335212878.0,335165611050.0,75169601828.0,0.2242759977448468,0.20234964702508956,232647218656.0,0.14865888144698314,0.251005614690228,1,1,1,,17342338477.0,4.219896846906669,5.056814388302362,1,1,1,,14756087568.0,-0.2972953868270891,-0.25501814175194415,1,1,1,,18090229309.0,-0.5029556867687968,-0.7350259247440354,1,1,1,,13483943478.0,0.5591724237004345,0.7139624721818135,1,1,1,,0.22394771963635537,1.8011839833658807,410335212878.0,0.04408646575106034,0.032860800279426707,0.07454350229152305,0.042263831942096056,40,20161,20254,60286386588.0,69145594228.0,0.14695204243280066,4696263718.0,6945453122.0,0.4789316654810568,0,0,18090229309.0,0.04408646575106034,1,1,2026-03-31,29271,True,passed,29271,0.0,0.0,4.0,2025.0,00579999,3.5211620881648735,3.5211620881648735,0.0,3.5211620881648735,4.0,4.0,1.8011839833658807,2.5,1.0,1.0,2.5,0.251005614690228,2.030713849793824,40.0,1.0,0.507678462448456,0.20234964702508956,-0.895667502046908,288.0,1.0,0.3134836257164178,1.0,1.0,1.0,1.0,0.15,1.0,1.0,1.0,1.0,0.05,1
322000,2025,4,202504,HD현대에너지솔루션,01199550,CFS,CFS,530430417283.0,417784216586.0,112646200697.0,0.26962770785720197,0.23872371407604293,492659873672.0,0.16641441128788959,0.39301045903645404,1,1,1,,41222890455.0,10.768805002114053,11.569138282747275,1,1,1,,41676678809.0,363.853757306991,364.89364324637677,1,1,1,,17722056369.0,-0.7876293785256281,-0.8887725428110138,1,1,1,,18588334690.0,0.11751228346056086,-0.38857744529190796,1,1,1,,0.33146720305121463,2.531244466771533,530430417283.0,0.033410709098804885,0.03504387019359522,0.08367413840252214,0.07771592486372514,25,20194,20254,121048903311.0,152645481443.0,0.26102324984160963,14675004746.0,14520929057.0,-0.010499191766326124,0,0,17722056369.0,0.033410709098804885,0,0,2026-03-31,2612,True,passed,2612,0.0,0.0,4.0,2025.0,01199550,3.4112318035045512,3.4112318035045512,0.0,3.4112318035045512,5.0,5.0,2.531244466771533,2.5,1.0,1.0,2.5,0.39301045903645404,2.5,1.0,1.0,0.625,0.23872371407604293,-0.817805152870146,276.0,1.0,0.2862318035045511,0.0,0.0,78.0,1.0,0.0,0.0,0.0,111.0,1.0,0.0,1
353200,2025,4,202504,대덕전자,01478712,CFS,CFS,1178006544303.0,897305160164.0,280701384139.0,0.3128271145656806,0.272182914576249,1065294559811.0,0.19409448194020396,0.21334974991408218,1,1,1,,49061483387.0,3.3573454462455556,3.8829029955421572,1,1,1,,47605327690.0,1.0033612912183827,1.0670032265513698,1,1,1,,71551720318.0,-0.2685551898031079,0.1902391415216914,1,1,1,,67139083088.0,0.07762958969678913,0.5636772186047403,1,1,1,,0.19338492303797677,1.5857399191320751,1178006544303.0,0.060739662834670874,0.05699381163262101,0.046054382738708696,0.04164788695297833,23,20202,20254,286173331095.0,317887737499.0,0.11082236867652728,24447836803.0,28949052994.0,0.1841151111761207,0,0,71551720318.0,0.060739662834670874,1,1,2026-03-31,2622,True,passed,2622,0.0,0.0,4.0,2025.0,01478712,3.388654581290051,3.388654581290051,0.0,3.388654581290051,6.0,6.0,1.5857399191320751,2.5,1.0,1.0,2.5,0.21334974991408218,1.7099630089317674,49.0,1.0,0.42749075223294186,0.272182914576249,-0.7461823687345991,259.0,1.0,0.26116382905710966,1.0,1.0,1.0,1.0,0.15,1.0,1.0,1.0,1.0,0.05,1
053610,2025,4,202504,프로텍,00325112,CFS,CFS,442823095798.0,354099701627.0,88723394171.0,0.25056048836906125,0.22359184151239114,230542705719.0,0.35382808009527866,0.2627267104070239,1,1,1,,46306851990.0,2.444594080480511,2.673449116080559,1,1,1,,35376620336.0,1.7750494214154986,2.029159956613965,1,1,1,,29622029288.0,0.5536539100972668,0.8181873426940913,1,1,1,,36407760524.0,5.0091911305031696,5.274040358019935,1,1,1,,0.23327343864577138,1.3011310343640652,442823095798.0,0.06689359604114349,0.08221739306164806,0.20086019137140568,0.10457189886754129,40,20161,20254,51043854828.0,84640759640.0,0.6581968569029486,15552015645.0,18008273289.0,0.1579382184321356,0,0,29622029288.0,0.06689359604114349,1,0,2026-03-31,29271,True,passed,29271,0.0,0.0,4.0,2025.0,00325112,3.381660090872631,3.381660090872631,0.0,3.381660090872631,7.0,7.0,1.3011310343640652,2.401452939515257,30.0,1.0,2.401452939515257,0.2627267104070239,2.1305535780628864,36.0,1.0,0.5326383945157216,0.22359184151239114,-0.8501964481190076,283.0,1.0,0.2975687568416526,1.0,1.0,1.0,1.0,0.15,0.0,0.0,111.0,1.0,0.0,1
218410,2025,4,202504,RFHIC,01078178,CFS,CFS,546184500788.0,396459689603.0,149724811185.0,0.37765456391021457,0.3203824618557173,185803786324.0,0.617429629657611,0.5865324602488591,1,1,1,,30889493523.0,19.19200580218858,15.143604168997992,1,1,1,,35505822915.0,0.8024376801992708,0.6884427409996445,1,1,1,,29499225878.0,-0.0901476531883112,-1.1217200077942457,1,1,1,,5208727390.0,-0.7910035598629418,-0.35949328016976545,1,1,1,,0.4615507921210316,2.781523944541956,546184500788.0,0.05400963563674987,0.009536571218123513,0.16624792279063502,0.05655505324379329,34,20173,20254,40496598375.0,68794455517.0,0.6987712123364238,7362813800.0,11485832303.0,0.5599786460714244,0,0,29499225878.0,0.05400963563674987,0,0,2026-03-31,264,True,passed,264,0.0,0.0,4.0,2025.0,01078178,3.350052236385536,3.350052236385536,0.0,3.350052236385536,8.0,8.0,2.781523944541956,2.5,1.0,1.0,2.5,0.5865324602488591,2.5,1.0,1.0,0.625,0.3203824618557173,-0.6430063896729602,241.0,1.0,0.22505223638553606,0.0,0.0,78.0,1.0,0.0,0.0,0.0,111.0,1.0,0.0,1
100840,2025,4,202504,SNT에너지,00648721,CFS,CFS,589839322838.0,364744033303.0,225095289535.0,0.6171322050058292,0.48065433668749946,606119987434.0,1.0597812013768264,1.1457911592997267,1,1,1,,111313927765.0,4.005239795070402,3.934856679672202,1,1,1,,84373067879.0,1.4359562902533782,0.911964421423717,1,1,1,,102991073815.0,8.029673623586032,5.552315174753366,1,1,1,,6618117739.0,0.361433395596354,-0.904067588155572,1,1,1,,0.7635083232100301,1.596323630857286,589839322838.0,0.17460869397357323,0.011220204355242137,0.18364998692131218,0.18871906882948272,40,20161,20254,148299040553.0,201884235798.0,0.36133204264291513,24317080233.0,46752685574.0,0.9226274341338602,0,0,102991073815.0,0.17460869397357323,0,1,2026-03-31,29176,True,passed,29176,0.0,0.0,4.0,2025.0,00648721,3.2799749122754784,3.2799749122754784,0.0,3.2799749122754784,9.0,9.0,1.596323630857286,2.5,1.0,1.0,2.5,1.1457911592997267,2.5,1.0,1.0,0.625,0.48065433668749946,-0.29992832078708187,198.0,1.0,0.10497491227547864,0.0,0.0,78.0,1.0,0.0,1.0,1.0,1.0,1.0,0.05,1
356860,2025,4,202504,티엘비,00920379,CFS,CFS,246296090246.0,126043259710.0,120252830536.0,0.9540599855373258,0.6699092519914207,258497722389.0,0.43608796774828007,0.38533325849943245,1,1,1,,25962618716.0,6.73164568373387,6.628851238171372,1,1,1,,18952806811.0,4.268419371733121,3.834889041264428,1,1,1,,8185200713.0,0.7421196891268436,4.861395666457904,1,1,1,,36883713496.0,1.0743531786305054,1.3628649266761483,1,1,1,,0.3259407305501733,2.031937275399213,246296090246.0,0.03323317355474315,0.14975354849994016,0.10043654727808465,0.10541222432751,21,20204,20254,68887950289.0,72566838514.0,0.05340394378938929,8652412088.0,8579643355.0,-0.008410225063242504,0,0,8185200713.0,0.03323317355474315,0,1,2026-03-31,2622,True,passed,2622,0.0,0.0,4.0,2025.0,00920379,3.1381831984877517,3.1381831984877517,0.0,3.1381831984877517,10.0,10.0,2.031937275399213,2.5,1.0,1.0,2.5,0.38533325849943245,2.5,1.0,1.0,0.625,0.6699092519914207,0.10519086146356582,146.0,1.0,-0.03681680151224803,0.0,0.0,78.0,1.0,0.0,1.0,1.0,1.0,1.0,0.05,1
240810,2025,4,202504,원익IPS,01135941,CFS,CFS,1164636219440.0,970015555952.0,194620663488.0,0.20063664164333314,0.18285195081295302,909795691103.0,0.2160174855452346,0.132233983308379,1,1,1,,73814129967.0,5.936351561228063,7.525100737745645,1,1,1,,84028556164.0,3.0498916265273337,5.58592998934052,1,1,1,,156607028356.0,1.0005878788636169,8.357010208585585,1,1,1,,32003350977.0,0.00778582012454887,0.5159528549028556,1,1,1,,0.12419265745735925,2.1430148398441204,1164636219440.0,0.13446862268400206,0.027479268154985245,0.08113264405276606,0.06337955898580293,39,20162,20254,268438240597.0,274990617731.0,0.024409253761415197,27539079405.0,17204845769.0,-0.37525704777639424,0,0,156607028356.0,0.13446862268400206,0,1,2026-03-31,292,True,passed,292,0.0,0.0,4.0,2025.0,01135941,3.132847203528222,3.132847203528222,0.0,3.132847203528222,11.0,11.0,2.1430148398441204,2.5,1.0,1.0,2.5,0.132233983308379,1.0190228193857427,70.0,1.0,0.25475570484643567,0.18285195081295302,-0.9374042819479617,295.0,1.0,0.32809149868178655,0.0,0.0,78.0,1.0,0.0,1.0,1.0,1.0,1.0,0.05,0
003160,2025,4,202504,디아이,00118275,CFS,CFS,373777690545.0,185897332896.0,187880357649.0,1.0106673114783706,0.69846666273297,432293560547.0,1.0204655475165585,1.0231901071200675,1,1,1,,36508298757.0,10.847974177287428,11.34608785634547,1,1,1,,13517288709.0,3.878076452427176,3.4647658245348403,1,1,1,,49033956684.0,-4.285114189876539,-2.2822899439639412,1,1,1,,36164325149.0,4.044120432120724,2.9676780723276006,1,1,1,,0.7046755266424404,2.5133392401253465,373777690545.0,0.1311848136589005,0.09675356786615409,0.08445256207565166,0.09767383040910699,40,20161,20254,109063765753.0,93914996678.0,-0.1388982763469572,10005315935.0,4328085256.0,-0.5674214303558621,0,0,49033956684.0,0.1311848136589005,0,0,2026-03-31,27212,True,passed,27212,0.0,0.0,4.0,2025.0,00118275,3.066787694947557,3.066787694947557,0.0,3.066787694947557,12.0,12.0,2.5133392401253465,2.5,1.0,1.0,2.5,1.0231901071200675,2.5,1.0,1.0,0.625,0.69846666273297,0.166320871578408,143.0,1.0,-0.05821230505244279,0.0,0.0,78.0,1.0,0.0,0.0,0.0,111.0,1.0,0.0,0
025980,2025,4,202504,아난티,00161781,CFS,CFS,1610359434308.0,726361921905.0,883997512403.0,1.217020724440752,0.7961642785565411,258070776397.0,-0.09499402205852658,0.5872078473453344,1,1,1,,8316490610.0,9.39192712903815,10.388930347312247,1,1,1,,-38044863875.0,0.17533938168801022,1.3291794677371673,1,1,1,,36085973977.0,7.304321723702467,8.25466758141755,1,1,1,,20240145345.0,-0.6407081587673344,0.012239122938356495,1,1,1,,0.4619764016802349,2.432641861487425,1610359434308.0,0.02240864567760724,0.01256871286856375,0.03222561936732592,0.005164369166796445,40,20161,20254,73376166810.0,65586688990.0,-0.10615814587548635,9185861253.0,4860023770.0,-0.47092345114479384,0,0,36085973977.0,0.02240864567760724,0,0,2026-03-31,551,True,passed,551,0.0,0.0,4.0,2025.0,00161781,2.9935916442222523,2.9935916442222523,0.0,2.9935916442222523,13.0,13.0,2.432641861487425,2.5,1.0,1.0,2.5,0.5872078473453344,2.5,1.0,1.0,0.625,0.7961642785565411,0.3754524450792789,118.0,1.0,-0.1314083557777476,0.0,0.0,78.0,1.0,0.0,0.0,0.0,111.0,1.0,0.0,0
171090,2025,4,202504,선익시스템,00327819,CFS,CFS,365622084365.0,143805770416.0,221816313949.0,1.5424715802942526,0.9331366710194042,515761033577.0,3.567286380767893,2.7579613134265983,1,1,1,,111525548096.0,13.105403877008483,16.054092699958822,1,1,1,,96523950618.0,-4.438681927901502,-6.479627030939371,1,1,1,,97303264538.0,-3.861970438962211,3.236228083110089,1,1,1,,25590215795.0,0.679777530987157,-6.972329370352765,1,1,1,,1.323876606480222,2.836390215977585,365622084365.0,0.2661307089996847,0.06999089193270208,0.21623492438451133,0.3050295725152756,34,20173,20254,88763491261.0,221048965214.0,1.4903140026796382,19797084035.0,53561228179.0,1.7055109774907817,0,1,97303264538.0,0.2661307089996847,0,0,2026-03-31,292,True,passed,292,1.0,0.0,4.0,2025.0,00327819,2.890970530061356,2.890970530061356,0.0,2.890970530061356,14.0,14.0,2.836390215977585,2.5,1.0,1.0,2.5,2.7579613134265983,2.5,1.0,1.0,0.625,0.9331366710194042,0.6686556283961254,89.0,1.0,-0.23402946993864385,0.0,0.0,78.0,1.0,0.0,0.0,0.0,111.0,1.0,0.0,0
000250,2025,4,202504,삼천당제약,00128546,CFS,CFS,561231384431.0,363593225648.0,197638158783.0,0.5435694200043661,0.43409753965609643,231805277738.0,0.09900007855121928,0.00425035343657254,1,1,1,,8466512950.0,2.2046196085930645,2.928257413473851,1,1,1,,12029846621.0,-3.3689908799259682,-3.5815853577994785,1,1,1,,9793496690.0,-0.5501525319571853,-0.4794099095622565,1,1,1,,59588372440.0,0.44278570963780806,-0.43679899031160563,1,1,1,,0.004241346198016634,1.3681959213068033,561231384431.0,0.017450016092612246,0.10617434108823619,0.03652424583520204,0.015085601384505086,40,20161,20254,58024413361.0,66262693897.0,0.1419795575483957,3433627849.0,5424798258.0,0.5799028015164494,0,0,9793496690.0,0.017450016092612246,1,1,2026-03-31,212,True,passed,212,0.0,0.0,4.0,2025.0,00128546,2.8220718471801165,2.8220718471801165,0.0,2.8220718471801165,15.0,15.0,1.3681959213068033,2.5,1.0,1.0,2.5,0.00425035343657254,-0.07113557007089895,192.0,1.0,-0.017783892517724737,0.43409753965609643,-0.39958782770811874,206.0,1.0,0.13985573969784154,1.0,1.0,1.0,1.0,0.15,1.0,1.0,1.0,1.0,0.05,0
251270,2025,4,202504,넷마블,00904672,CFS,CFS,8093652130179.0,5492482877191.0,2601169252988.0,0.4735871392134965,0.38769965901983855,2835074411896.0,0.0643037481131723,-0.00033413209772392705,1,1,1,,352478352483.0,0.6346654209473646,4.783970713093927,1,1,1,,230818642770.0,70.7677680227037,71.77835158430142,1,1,1,,337793565982.0,0.17408291247717345,4.106450264131319,1,1,1,,63329653652.0,0.32623743980013264,0.39891720049218304,1,1,1,,-0.00033407628802609054,1.7550904214089844,8093652130179.0,0.041735617067412724,0.007824607807872192,0.12432772522795077,0.04354997556278769,35,20172,20254,695955265610.0,797601277662.0,0.1460525080773805,90869530867.0,110757439224.0,0.21886223211726136,0,0,337793565982.0,0.041735617067412724,0,0,2026-03-31,5821,True,passed,5821,0.0,0.0,4.0,2025.0,00904672,2.647071006124129,2.647071006124129,0.0,2.647071006124129,16.0,16.0,1.7550904214089844,2.5,1.0,1.0,2.5,-0.00033413209772392705,-0.11018599684471306,195.0,1.0,-0.027546499211178264,0.38769965901983855,-0.49890715810087866,222.0,1.0,0.1746175053353075,0.0,0.0,78.0,1.0,0.0,0.0,0.0,111.0,1.0,0.0,0
126340,2025,4,202504,비나텍,00563518,CFS,CFS,202256288790.0,78228674176.0,124027614614.0,1.5854495288385033,0.9498993918121267,82228905359.0,0.3798715530501424,0.2956781230679921,1,1,1,,1773717709.0,-1.2198465575268778,2.437410266098409,1,1,1,,-6997340810.0,-0.2762017536844976,5.6139333886881895,1,1,1,,-6057690907.0,0.7688035554335735,2.0310973916120227,1,1,1,,19460319510.0,-0.5693212556073803,-3.153485108044456,1,1,1,,0.25903420525292303,1.234718358244228,202256288790.0,-0.029950568871011073,0.09621614055326304,0.021570489127347547,0.008769654182875012,22,20203,20254,23010633345.0,22788943119.0,-0.009634251377447256,2565680047.0,660346442.0,-0.7426232305262964,0,0,-6057690907.0,-0.029950568871011073,0,0,2026-03-31,282,True,passed,282,0.0,0.0,4.0,2025.0,00563518,2.6336523894815964,2.6336523894815964,0.0,2.6336523894815964,17.0,17.0,1.234718358244228,2.277432630242845,33.0,1.0,2.277432630242845,0.2956781230679921,2.4112321225984927,33.0,1.0,0.6028080306496232,0.9498993918121267,0.7045379183167768,82.0,1.0,-0.24658827141087186,0.0,0.0,78.0,1.0,0.0,0.0,0.0,111.0,1.0,0.0,0
097230,2025,4,202504,HJ중공업,00633835,CFS,CFS,2453082000000.0,669588000000.0,1783494000000.0,2.6635692395921073,1.2984378742869975,1999705000000.0,0.06031033499084293,0.18801693879191717,1,1,1,,67074000000.0,8.249034749034749,9.31569712597317,1,1,1,,51444000000.0,8.845741626794258,9.891447065085355,1,1,1,,6330000000.0,-1.0732935795750593,0.4846631095739704,1,1,1,,11408000000.0,0.8576779026217229,1.1606290944491917,1,1,1,,0.17228547908115993,2.333666727949977,2453082000000.0,0.0025804273970458386,0.004650476421089878,0.03354194743724699,0.02734274679770183,40,20161,20254,452208000000.0,629654000000.0,0.392399072992959,5794000000.0,50487000000.0,7.713669313082499,0,0,6330000000.0,0.0025804273970458386,1,0,2026-03-31,41221,True,passed,41221,0.0,0.0,4.0,2025.0,00633835,2.515827977133157,2.515827977133157,0.0,2.515827977133157,18.0,18.0,2.333666727949977,2.5,1.0,1.0,2.5,0.18801693879191717,1.4941793450287295,52.0,1.0,0.3735448362571824,1.2984378742869975,1.450619597497216,41.0,1.0,-0.5077168591240255,1.0,1.0,1.0,1.0,0.15,0.0,0.0,111.0,1.0,0.0,0
042000,2025,4,202504,카페24,00260879,CFS,CFS,415599634562.0,265915892693.0,149683741869.0,0.5628988186945635,0.44654231402374134,314764225560.0,0.04062129502455436,-0.04698873396669412,1,1,1,,40226994367.0,0.2593083844394921,11.546736281844609,1,1,1,,39063119745.0,0.6627182883827882,-10.182889889836705,1,1,1,,82550637228.0,0.15925869228104617,-0.8192055127711746,1,1,1,,13644251784.0,1.1623110412127082,1.4871302319821291,1,1,1,,-0.04591817153126584,2.529460574533512,415599634562.0,0.19863019686001415,0.03283027858862211,0.1278004013811664,0.09679266058401419,33,20174,20254,76773795757.0,87319520287.0,0.13736098920234086,10043542279.0,12989119490.0,0.29328071004976947,0,0,82550637228.0,0.19863019686001415,0,0,2026-03-31,63112,True,passed,63112,0.0,0.0,4.0,2025.0,00260879,2.5036350761356974,2.5036350761356974,0.0,2.5036350761356974,19.0,19.0,2.529460574533512,2.5,1.0,1.0,2.5,-0.04698873396669412,-0.5075876464553836,231.0,1.0,-0.1268969116138459,0.44654231402374134,-0.3729485364272667,200.0,1.0,0.13053198774954333,0.0,0.0,78.0,1.0,0.0,0.0,0.0,111.0,1.0,0.0,0
033240,2025,4,202504,자화전자,00146861,CFS,CFS,777823953224.0,444654832356.0,333169120868.0,0.7492758351521924,0.5592018938086032,848919780257.0,0.24631375190528582,-0.10696161938296256,1,1,1,,41997195908.0,-0.06592428494791414,3.6830378204290097,1,1,1,,47130948352.0,1.8359361135851286,3.5163340713710225,1,1,1,,103423366114.0,-0.039024775976749915,2.796296093502712,1,1,1,,118881092189.0,0.771233623349109,1.3244900125702026,1,1,1,,-0.10161898228802026,1.5439470062800487,777823953224.0,0.1329650053657011,0.1528380447738208,0.04947133626134364,0.05399318924793452,40,20161,20254,255904592510.0,263980641470.0,0.031558827767752595,19423428405.0,26733914402.0,0.3763746463584218,0,0,103423366114.0,0.1329650053657011,1,1,2026-03-31,26292,True,passed,26292,0.0,0.0,4.0,2025.0,00146861,2.4915178326261875,2.4915178326261875,0.0,2.4915178326261875,20.0,20.0,1.5439470062800487,2.5,1.0,1.0,2.5,-0.10696161938296256,-1.018433793278646,263.0,1.0,-0.2546084483196615,0.5592018938086032,-0.13178937413099856,180.0,1.0,0.046126280945849495,1.0,1.0,1.0,1.0,0.15,1.0,1.0,1.0,1.0,0.05,0
003620,2025,4,202504,KG모빌리티,00138242,CFS,CFS,3369204394425.0,1484549777823.0,1884654616602.0,1.2695125786659232,0.8195650853823563,4303636808271.0,0.1020641071624453,0.056913207814149436,1,1,1,,36155571131.0,24.2322766621283,25.118078737177296,1,1,1,,46571489864.0,0.3760458565214664,-2.4163596046506086,1,1,1,,117292411520.0,-0.11018287489293954,-10.975197890183086,1,1,1,,284500665151.0,-0.07734845645774091,,1,1,0,missing_prev_yoy,0.05535259170420514,3.262627746464676,3369204394425.0,0.034813088726253286,0.08444149770840895,0.008401166906443859,0.010731189592067012,40,20161,20254,1217222154112.0,1183392953411.0,-0.027792133577850802,1419779402.0,21040854581.0,13.819805493276201,0,0,117292411520.0,0.034813088726253286,0,0,2026-03-31,301,True,passed,301,0.0,0.0,4.0,2025.0,00138242,2.4454205421470956,2.4454205421470956,0.0,2.4454205421470956,21.0,21.0,3.262627746464676,2.5,1.0,1.0,2.5,0.056913207814149436,0.37744408476428504,101.0,1.0,0.09436102119107126,0.8195650853823563,0.42554422583992985,114.0,1.0,-0.14894047904397545,0.0,0.0,78.0,1.0,0.0,0.0,0.0,111.0,1.0,0.0,0
039030,2025,4,202504,이오테크닉스,00246417,CFS,CFS,777751432327.0,687899216493.0,89852215834.0,0.1306182848878333,0.1227646378576529,380890608578.0,0.186776611516432,0.17235907921331384,1,1,1,,80753274993.0,1.5881559602955737,1.4869964456073768,1,1,1,,57564773290.0,0.34906044063417285,0.17658294271453379,1,1,1,,100287776582.0,0.8115203107843019,0.05866734226012449,1,1,1,,4080135163.0,-0.9362567472737511,-10.204178620035322,1,1,1,,0.15901802581089444,0.9110757356314151,777751432327.0,0.1289457947791149,0.005246065765243794,0.2120117250842195,0.10382915625290404,40,20161,20254,100513672313.0,101302152660.0,0.0078445084022467,26002275946.0,14443512992.0,-0.4445288934708854,0,0,100287776582.0,0.1289457947791149,0,1,2026-03-31,29271,True,passed,29271,0.0,0.0,4.0,2025.0,00246417,2.4363673090709326,2.4363673090709326,0.0,2.4363673090709326,22.0,22.0,0.9110757356314151,1.6730561693734052,41.0,1.0,1.6730561693734052,0.17235907921331384,1.3608064519669685,57.0,1.0,0.3402016129917421,0.1227646378576529,-1.0660272191593874,307.0,1.0,0.37310952670578557,0.0,0.0,78.0,1.0,0.0,1.0,1.0,1.0,1.0,0.05,0
095610,2025,4,202504,테스,00524421,CFS,CFS,487468886334.0,391753766498.0,95715119836.0,0.24432469582009406,0.21859296976161705,351115732341.0,0.4625079607591358,-0.17136284428512782,1,1,1,,57838170556.0,0.5033157263704593,8.066708379108364,1,1,1,,56917796576.0,0.33441773031711963,-25.903270446916466,1,1,1,,82422859490.0,1.701448096384142,1.6355178256755827,1,1,1,,33138641704.0,-1.603772745184306,2.5405911017695115,1,1,1,,-0.15816789510366527,2.204609285260211,487468886334.0,0.16908332367601853,0.06798103967869312,0.164726798683655,0.11864997372646859,40,20161,20254,67568400439.0,116986836310.0,0.7313838354899997,8416197598.0,12783412667.0,0.5189059570129166,0,0,82422859490.0,0.16908332367601853,0,0,2026-03-31,29271,True,passed,29271,0.0,0.0,4.0,2025.0,00524421,2.409563881977339,2.409563881977339,0.0,2.409563881977339,23.0,23.0,2.204609285260211,2.5,1.0,1.0,2.5,-0.17136284428512782,-1.5670003223628903,279.0,1.0,-0.3917500805907226,0.21859296976161705,-0.8608970359087479,284.0,1.0,0.30131396256806176,0.0,0.0,78.0,1.0,0.0,0.0,0.0,111.0,1.0,0.0,0
131290,2025,4,202504,티에스이,00372226,CFS,CFS,608025581215.0,464563900422.0,143461680793.0,0.3088093600529065,0.26911783847043846,428900789083.0,0.23228511982607558,-0.1646903375082116,1,1,1,,49172057097.0,0.232417826608196,17.99578020197024,1,1,1,,40043908888.0,-0.1107609503825665,22.382549403344896,1,1,1,,48569539234.0,0.633351980333295,-9.803712268181132,1,1,1,,50810077977.0,0.6786026575969211,1.0882439622507474,1,1,1,,-0.1524552469713483,2.94421685986663,608025581215.0,0.0798807496502777,0.08356569122547063,0.11464669300826193,0.08087169128433856,40,20161,20254,104399326045.0,123856058356.0,0.18636837083233107,11481525703.0,19770552249.0,0.7219446927540445,0,0,48569539234.0,0.0798807496502777,0,0,2026-03-31,27212,True,passed,27212,0.0,0.0,4.0,2025.0,00372226,2.3859191575272285,2.3859191575272285,0.0,2.3859191575272285,24.0,24.0,2.94421685986663,2.5,1.0,1.0,2.5,-0.1646903375082116,-1.5101642313030608,276.0,1.0,-0.3775410578257652,0.26911783847043846,-0.7527434724371259,261.0,1.0,0.2634602153529941,0.0,0.0,78.0,1.0,0.0,0.0,0.0,111.0,1.0,0.0,0
237690,2025,4,202504,에스티팜,00871833,CFS,CFS,782566948564.0,593003682348.0,189563266216.0,0.3196662547952883,0.27737886735324996,331681282447.0,0.21161517969560584,0.2510560176078289,1,1,1,,54932543750.0,0.9836590379485135,1.157303916211133,1,1,1,,54561944733.0,0.680699046115256,-0.17189916997399357,1,1,1,,13989325017.0,-0.8721868302820799,-84.17036476244839,1,1,1,,47285160080.0,-0.4318352572895664,-1.3475526535253057,1,1,1,,0.22398800874590977,0.7688592551226453,782566948564.0,0.01787620221205384,0.060423149951282305,0.16561846162898197,0.07019532814515166,39,20162,20254,81910210108.0,129100425576.0,0.5761212845844114,14724930873.0,26263582119.0,0.7836132709565081,0,0,13989325017.0,0.01787620221205384,1,1,2026-03-31,212,True,passed,212,0.0,0.0,4.0,2025.0,00871833,2.372535140267311,2.372535140267311,0.0,2.372535140267311,25.0,25.0,0.7688592551226453,1.4074783771985275,49.0,1.0,1.4074783771985275,0.2510560176078289,2.0311431794161425,39.0,1.0,0.5077857948540356,0.27737886735324996,-0.7350599091849951,255.0,1.0,0.25727096821474826,1.0,1.0,1.0,1.0,0.15,1.0,1.0,1.0,1.0,0.05,0
124500,2025,4,202504,아이티센글로벌,00620868,CFS,CFS,1599392088824.0,511807880241.0,1087584208583.0,2.1249852739095743,1.1394295708283255,8870844790093.0,0.7878108490055069,0.02525611586176879,1,1,1,,279925759631.0,3.779767640763173,2.8607936737921706,1,1,1,,198284338685.0,4.498232729894876,11.312449870298398,1,1,1,,238152396670.0,8.006202032274352,9.907701132912223,1,1,1,,32200079810.0,-0.5633162866363728,-10.993246053118625,1,1,1,,0.02494245051171173,1.3508727773129432,1599392088824.0,0.1489018223449564,0.02013269918927513,0.031555704812198083,0.1750200976902566,40,20161,20254,1727252178995.0,4240280524145.0,1.4549284555612505,64466896331.0,160054364121.0,1.4827372377167651,0,0,238152396670.0,0.1489018223449564,1,1,2026-03-31,62021,True,passed,62021,0.0,0.0,4.0,2025.0,00620868,2.3327030372350848,2.3327030372350848,0.0,2.3327030372350848,26.0,26.0,1.3508727773129432,2.4943416274087724,29.0,1.0,2.4943416274087724,0.02525611586176879,0.10779050162825471,122.0,1.0,0.026947625407063677,1.1394295708283255,1.110246330230718,54.0,1.0,-0.38858621558075124,1.0,1.0,1.0,1.0,0.15,1.0,1.0,1.0,1.0,0.05,0
030200,2025,4,202504,케이티,00190321,CFS,CFS,42948573000000.0,19458023000000.0,23490550000000.0,1.2072423801739776,0.7917439446128179,28244161000000.0,0.06859154051400762,0.06650894908799376,1,1,1,,2469133000000.0,2.050304458096708,2.559648768287073,1,1,1,,1836770000000.0,3.4037315329398172,3.981878183450883,1,1,1,,4941733000000.0,-0.024490326890384106,0.05500631593538785,1,1,1,,444214000000.0,0.012677446637775258,0.09630655555073475,1,1,1,,0.06439064997516386,1.2696618794031438,42948573000000.0,0.1150616342945783,0.010342928040938636,0.08742100712426898,0.057490454921517414,40,20161,20254,7126734000000.0,6844973000000.0,-0.03953578174799284,538181000000.0,227363000000.0,-0.5775343239542087,0,0,4941733000000.0,0.1150616342945783,0,0,2026-03-31,612,True,passed,612,0.0,0.0,4.0,2025.0,00190321,2.3293852741309253,2.3293852741309253,0.0,2.3293852741309253,27.0,27.0,1.2696618794031438,2.3426868340243026,31.0,1.0,2.3426868340243026,0.06650894908799376,0.45918014634665144,95.0,1.0,0.11479503658666286,0.7917439446128179,0.3659902756572579,120.0,1.0,-0.12809659648004026,0.0,0.0,78.0,1.0,0.0,0.0,0.0,111.0,1.0,0.0,0
052400,2025,4,202504,코나아이,00349732,CFS,CFS,559070392738.0,257888596774.0,301181795964.0,1.1678755855496004,0.7737476951916037,309163673263.0,0.3083071296424853,0.4650182364658152,1,1,1,,88899374736.0,1.660509792625943,1.6685067152136313,1,1,1,,74542589031.0,1.4713035595626662,1.4268049635801736,1,1,1,,152370530738.0,3.6270453433701917,2.9792077388696496,1,1,1,,24841689763.0,0.14472945441741558,0.5259130021366712,1,1,1,,0.3818676904910862,0.9815190332637312,559070392738.0,0.2725426578069681,0.044433921176437054,0.28754793148150654,0.15901284684496136,40,20161,20254,93250286743.0,90383997109.0,-0.030737595927179957,30177163796.0,28832195455.0,-0.04456907713700637,0,0,152370530738.0,0.2725426578069681,0,0,2026-03-31,58221,True,passed,58221,0.0,0.0,4.0,2025.0,00349732,2.3149897160419655,2.3149897160419655,0.0,2.3149897160419655,28.0,28.0,0.9815190332637312,1.8046033388138323,37.0,1.0,1.8046033388138323,0.4650182364658152,2.5,1.0,1.0,0.625,0.7737476951916037,0.32746749363390537,127.0,1.0,-0.11461362277186687,0.0,0.0,78.0,1.0,0.0,0.0,0.0,111.0,1.0,0.0,0
189300,2025,4,202504,인텔리안테크,00664181,CFS,CFS,496458172495.0,266272018404.0,230186154091.0,0.8644774447976397,0.6229808233780694,319628351040.0,0.23997763282287732,0.39495060998007114,1,1,1,,11953671226.0,-1.6147840002658984,1.1980546721223726,1,1,1,,7463933868.0,-3.4784134166042726,-1.9340632144503305,1,1,1,,-18239219642.0,-5.60939685700454,-4.742099488970382,1,1,1,,31599794134.0,0.05597906915387196,0.06917845762005848,1,1,1,,0.3328590096143489,0.7875727292491449,496458172495.0,-0.036738683443032036,0.06365046621187055,0.03739865749425981,0.024077902003154936,37,20164,20254,77226483698.0,124315424789.0,0.6097511997975315,2373046193.0,19856310876.0,7.367435465256449,0,0,-18239219642.0,-0.036738683443032036,1,1,2026-03-31,26429,True,passed,26429,0.0,0.0,4.0,2025.0,00664181,2.2657667349431647,2.2657667349431647,0.0,2.2657667349431647,29.0,29.0,0.7875727292491449,1.442424278859559,47.0,1.0,1.442424278859559,0.39495060998007114,2.5,1.0,1.0,0.625,0.6229808233780694,0.004735839761126159,159.0,1.0,-0.0016575439163941555,1.0,1.0,1.0,1.0,0.15,1.0,1.0,1.0,1.0,0.05,0
000660,2025,4,202504,SK하이닉스,00164779,CFS,CFS,176107659000000.0,120666751000000.0,55440908000000.0,0.4594547175634156,0.3780628848378527,97146675000000.0,0.46762850611303675,-0.5525609486033392,1,1,1,,47206319000000.0,1.0115769935202228,5.047329750232661,1,1,1,,42947902000000.0,1.169425397973885,4.335969876486553,1,1,1,,53373126000000.0,0.7912918512069704,-5.173307204795906,1,1,1,,28579343000000.0,0.7151749662718512,-0.18265287767259974,1,1,1,,-0.4399057924145463,1.799616811015261,176107659000000.0,0.30307100953513894,0.16228336213361397,0.4859283037736495,0.26805375341455195,40,20161,20254,24448929000000.0,32826653000000.0,0.34266220823006194,11383390000000.0,19169574000000.0,0.6839951894822193,0,0,53373126000000.0,0.30307100953513894,1,1,2026-03-31,2612,True,passed,2612,0.0,0.0,4.0,2025.0,00164779,2.2568374748904163,2.2568374748904163,0.0,2.2568374748904163,30.0,30.0,1.799616811015261,2.5,1.0,1.0,2.5,-0.5525609486033392,-2.5,296.0,1.0,-0.625,0.3780628848378527,-0.5195356425440479,224.0,1.0,0.18183747489041677,1.0,1.0,1.0,1.0,0.15,1.0,1.0,1.0,1.0,0.05,0
041510,2025,4,202504,에스엠,00260930,CFS,CFS,2007711293863.0,1358745854879.0,648965438984.0,0.4776209153858226,0.39043330477416793,1174934814159.0,0.18713219009050563,0.1573158031253481,1,1,1,,183033876467.0,1.0966883041724453,1.3273040611021651,1,1,1,,359364113602.0,437.86449605863015,438.8545926315102,1,1,1,,194860708063.0,0.43621954106229266,0.23549514169371388,1,1,1,,41209716761.0,-0.1926863819694803,-0.14834880032994024,1,1,1,,0.14610336094616436,0.8447105423513473,2007711293863.0,0.09705613982380511,0.020525718457113994,0.15578215426190498,0.0911654364980076,40,20161,20254,321591609871.0,319001896369.0,-0.00805280182228265,48213754151.0,54623883847.0,0.13295230394057683,0,0,194860708063.0,0.09705613982380511,1,0,2026-03-31,59201,True,passed,59201,0.0,0.0,4.0,2025.0,00260930,2.1798610983731477,2.1798610983731477,0.0,2.1798610983731477,31.0,31.0,0.8447105423513473,1.5491245304696246,43.0,1.0,1.5491245304696246,0.1573158031253481,1.2326685514508258,60.0,1.0,0.30816713786270644,0.39043330477416793,-0.4930555144023336,221.0,1.0,0.17256943004081673,1.0,1.0,1.0,1.0,0.15,0.0,0.0,111.0,1.0,0.0,0
326030,2025,4,202504,에스케이바이오팜,00878696,CFS,CFS,1198308575535.0,826269525829.0,372039049706.0,0.45026354969673066,0.3717452983279626,706740960308.0,0.290624100222036,-0.25237199165586177,1,1,1,,203938471064.0,1.1168693358268071,4.684407142719902,1,1,1,,253253847619.0,0.11578629102819948,7.531182471440214,1,1,1,,176333532013.0,0.8580984722637641,2.865516037666147,1,1,1,,29510118797.0,1.1982499188589628,-1.9331324500128826,1,1,1,,-0.2250393464831058,1.7377268372825074,1198308575535.0,0.147152023788425,0.024626477185832402,0.28856183880317754,0.17018861020246734,23,20202,20254,191726834800.0,194359961548.0,0.013733741292640376,70105599407.0,46278184229.0,-0.3398789166564183,0,0,176333532013.0,0.147152023788425,0,1,2026-03-31,7011,True,passed,7011,0.0,0.0,4.0,2025.0,00878696,2.1723125915697845,2.1723125915697845,0.0,2.1723125915697845,32.0,32.0,1.7377268372825074,2.5,1.0,1.0,2.5,-0.25237199165586177,-2.2570323344053107,291.0,1.0,-0.5642580836013277,0.3717452983279626,-0.5330590719174639,225.0,1.0,0.18657067517111237,0.0,0.0,78.0,1.0,0.0,1.0,1.0,1.0,1.0,0.05,0
018880,2025,4,202504,한온시스템,00161125,CFS,CFS,10492248416160.0,3912981016446.0,6579267399714.0,1.681395174692076,0.9863372466357356,10883728406019.0,0.08851181437008249,0.0425467623966298,1,1,1,,270371633168.0,1.8300096499530643,2.4854560016022242,1,1,1,,-197268294891.0,-0.4498867640588248,6.639694390394343,1,1,1,,112337412418.0,-0.8026584964412494,-0.9029719757861235,1,1,1,,480178397785.0,-0.3451542047201437,-0.262291249737858,1,1,1,,0.04166652970077031,1.2485988825974565,10492248416160.0,0.010706705365932781,0.045765061857040726,0.024841821026926496,0.025768702993304825,40,20161,20254,2705697664534.0,2702509229477.0,-0.0011784151270090783,95301547871.0,89694866866.0,-0.058830954273577936,0,0,112337412418.0,0.010706705365932781,0,0,2026-03-31,29172,True,passed,29172,0.0,0.0,4.0,2025.0,00161125,2.0932333532482916,2.0932333532482916,0.0,2.0932333532482916,33.0,33.0,1.2485988825974565,2.3033533885035777,32.0,1.0,2.3033533885035777,0.0425467623966298,0.25507139527057915,107.0,1.0,0.06376784881764479,0.9863372466357356,0.7825368116369463,75.0,1.0,-0.2738878840729312,0.0,0.0,78.0,1.0,0.0,0.0,0.0,111.0,1.0,0.0,0
005440,2025,4,202504,현대지에프홀딩스,00105280,CFS,CFS,10490130570000.0,7306462632000.0,3183667938000.0,0.4357331445255792,0.3616756208539548,8091605017000.0,0.09209102025804139,-1.7256673262132027,1,1,1,,274073694000.0,0.3835118743113137,19.337392423089227,1,1,1,,518661888000.0,-0.34509062063732576,-0.06446011088928016,1,1,1,,404603485000.0,0.12315386539386686,-6.894550872703068,1,1,1,,194235190000.0,0.5825600400212492,-1.7999969010432049,1,1,1,,-1.0027132884879282,3.0124611829473547,10490130570000.0,0.038569918868035596,0.018515993552595027,0.03387136339751963,0.026126814358612888,40,20161,20254,1925169178000.0,2095528447000.0,0.08849054459566047,74759094000.0,29264856000.0,-0.6085445337258902,0,0,404603485000.0,0.038569918868035596,0,0,2026-03-31,64992,True,passed,64992,0.0,0.0,4.0,2025.0,00105280,2.0691149802901436,2.0691149802901436,0.0,2.0691149802901436,34.0,34.0,3.0124611829473547,2.5,1.0,1.0,2.5,-1.7256673262132027,-2.5,296.0,1.0,-0.625,0.3616756208539548,-0.5546142294004108,227.0,1.0,0.1941149802901438,0.0,0.0,78.0,1.0,0.0,0.0,0.0,111.0,1.0,0.0,0
083650,2025,4,202504,비에이치아이,00409788,CFS,CFS,830757375864.0,177646394222.0,653110981642.0,3.6764662998215685,1.5425427605843622,774116878915.0,0.912622652685426,0.8109843554576555,1,1,1,,75496618005.0,2.4430486801997673,1.9896320258243145,1,1,1,,65196402061.0,2.3288857558090283,0.7048739222737814,1,1,1,,112298107754.0,1.8100361155865579,1.8958642963008352,1,1,1,,18482225132.0,3.1224208004623764,3.134993764982952,1,1,1,,0.5938705402431214,1.0951503115428898,830757375864.0,0.13517557714995704,0.0222474403104495,0.0975261230717716,0.09087685550366904,40,20161,20254,204694842420.0,264848195062.0,0.29386843327774353,18353914794.0,24309910318.0,0.3245081820880551,0,0,112298107754.0,0.13517557714995704,0,1,2026-03-31,29176,True,passed,29176,0.0,0.0,4.0,2025.0,00409788,2.00119784342633,2.00119784342633,0.0,2.00119784342633,35.0,35.0,1.0951503115428898,2.0168005743200723,35.0,1.0,2.0168005743200723,0.8109843554576555,2.5,1.0,1.0,0.625,1.5425427605843622,1.9731506596964064,35.0,1.0,-0.6906027308937421,0.0,0.0,78.0,1.0,0.0,1.0,1.0,1.0,1.0,0.05,0
121600,2025,4,202504,나노신소재,00439965,CFS,CFS,455376186202.0,247341171951.0,208035014251.0,0.8410852613418246,0.6103552136944779,111745369751.0,0.2732007264771552,0.21792748699051567,1,1,1,,4681087390.0,0.5668060634680387,1.3155748039242812,1,1,1,,1634979902.0,-1.8823311346475675,-0.7718625992934105,1,1,1,,16753922734.0,-0.31676932003836933,-1.9515026358527212,1,1,1,,12103474957.0,-0.7617755003575125,-1.0461411705641064,1,1,1,,0.19715063302491173,0.8396579521496432,455376186202.0,0.03679138971612393,0.026579068743026076,0.04189066088761239,0.010279605152482699,40,20161,20254,31249388627.0,28791065334.0,-0.07866788442945623,903110465.0,1638650198.0,0.8144515665644513,0,0,16753922734.0,0.03679138971612393,0,0,2026-03-31,2049,True,passed,2049,0.0,0.0,4.0,2025.0,00439965,1.9847299061696806,1.9847299061696806,0.0,1.9847299061696806,36.0,36.0,0.8396579521496432,1.5396892263070368,44.0,1.0,1.5396892263070368,0.21792748699051567,1.7489559526668323,45.0,1.0,0.4372389881667081,0.6103552136944779,-0.02229054770267394,164.0,1.0,0.007801691695935879,0.0,0.0,78.0,1.0,0.0,0.0,0.0,111.0,1.0,0.0,0
100090,2025,4,202504,SK오션플랜트,00480367,CFS,CFS,1148241651965.0,814544413186.0,333697238779.0,0.4096734731428337,0.3433580982401194,965388430763.0,0.4569355838236835,0.7412408400609501,1,1,1,,59509493978.0,0.4237646439207574,0.8709219458231864,1,1,1,,37510843066.0,1.223331291900934,1.930163264626322,1,1,1,,-39768234445.0,-1.2937801438088103,0.6857008835086169,1,1,1,,59571522446.0,-0.6071657151317691,-0.9572518498897928,1,1,1,,0.5545979855443878,0.6264313285292659,1148241651965.0,-0.034634028801292946,0.05188064929020344,0.061643056910228713,0.05182662889485038,40,20161,20254,293156089561.0,174472010538.0,-0.4048494411312721,19253603729.0,13664246597.0,-0.29030186819422515,0,0,-39768234445.0,-0.034634028801292946,0,0,2026-03-31,2413,True,passed,2413,0.0,0.0,4.0,2025.0,00480367,1.9743443816893333,1.9743443816893333,0.0,1.9743443816893333,37.0,37.0,0.6264313285292659,1.1415057265366886,56.0,1.0,1.1415057265366886,0.7412408400609501,2.5,1.0,1.0,0.625,0.3433580982401194,-0.5938247290075562,233.0,1.0,0.20783865515264466,0.0,0.0,78.0,1.0,0.0,0.0,0.0,111.0,1.0,0.0,0
004000,2025,4,202504,롯데정밀화학,00157681,CFS,CFS,2746168414774.0,2435737106786.0,310431307988.0,0.12744860975477762,0.11995721242448422,1752682647758.0,0.0491680550560305,0.10462138249003905,1,1,1,,74361152818.0,0.4762232508154449,1.150773573044683,1,1,1,,106092942018.0,1.9162033820895243,2.716345216949681,1,1,1,,300890349404.0,0.8801461507858668,1.1661241357016539,1,1,1,,271573859718.0,0.3707751018499039,-0.6108197932837132,1,1,1,,0.0995026359746152,0.7658275788426957,2746168414774.0,0.10956733308316133,0.09889191728262943,0.04242704913700232,0.027078147289855733,40,20161,20254,443363087559.0,439056065577.0,-0.009714435195119504,27571797301.0,19298449471.0,-0.3000655974538132,0,0,300890349404.0,0.10956733308316133,0,0,2026-03-31,20119,True,passed,20119,0.0,0.0,4.0,2025.0,00157681,1.972984849256091,1.972984849256091,0.0,1.972984849256091,38.0,38.0,0.7658275788426957,1.4018169665790439,50.0,1.0,1.4018169665790439,0.10462138249003905,0.7838200167540148,82.0,1.0,0.1959550041885037,0.11995721242448422,-1.0720367956815533,308.0,1.0,0.3752128784885436,0.0,0.0,78.0,1.0,0.0,0.0,0.0,111.0,1.0,0.0,0
111770,2025,4,202504,영원무역,00776820,CFS,CFS,5716939046441.0,4105477128835.0,1611461917606.0,0.39251513698318424,0.3311115631251638,4063584122639.0,0.1551370331816866,0.17914665856245549,1,1,1,,514438778298.0,0.6301344426905324,1.1348313243701322,1,1,1,,426250682029.0,0.44719600925127767,0.8946697366357457,1,1,1,,374875504121.0,-0.398977003640408,-0.5867805892687544,1,1,1,,229535833493.0,0.8476994976849457,1.1629335525474094,1,1,1,,0.1647910061537168,0.7583876385806694,5716939046441.0,0.06557276561386001,0.040150127826864675,0.12659730001206662,0.08998500318422262,40,20161,20254,1204734592039.0,1009293267234.0,-0.16222770234746703,181185099551.0,105212481520.0,-0.4193094146222285,0,0,374875504121.0,0.06557276561386001,0,0,2026-03-31,46800,True,passed,46800,0.0,0.0,4.0,2025.0,00776820,1.959593044619687,1.959593044619687,0.0,1.959593044619687,39.0,39.0,0.7583876385806694,1.3879234789773724,51.0,1.0,1.3879234789773724,0.17914665856245549,1.4186227256496344,56.0,1.0,0.3546556814124086,0.3311115631251638,-0.6200396692283023,236.0,1.0,0.2170138842299058,0.0,0.0,78.0,1.0,0.0,0.0,0.0,111.0,1.0,0.0,0
001430,2025,4,202504,세아베스틸지주,00106669,CFS,CFS,3914568488213.0,1952953862759.0,1961614625454.0,1.0044346990782285,0.6953620754075066,3651585276954.0,0.004268907925943033,0.11383667595407654,1,1,1,,98411992401.0,0.8805258651594117,1.614461888350351,1,1,1,,56136309970.0,1.769010893059908,2.608102587846337,1,1,1,,113476256502.0,-0.6431624078358356,-1.027187925187616,1,1,1,,201856396163.0,0.05741155142247578,-0.27355749619546743,1,1,1,,0.10781052030257876,0.9610582975079993,3914568488213.0,0.02898819035704288,0.05156542713987549,0.02695048449836318,0.025139933736585372,40,20161,20254,925909360482.0,861265398475.0,-0.06981672803626085,26956604639.0,8856508499.0,-0.671453114455421,0,0,113476256502.0,0.02898819035704288,0,0,2026-03-31,2411,True,passed,2411,0.0,0.0,4.0,2025.0,00106669,1.926087111176893,1.926087111176893,0.0,1.926087111176893,40.0,40.0,0.9610582975079993,1.7663945671662609,39.0,1.0,1.7663945671662609,0.11383667595407654,0.8623154422329455,78.0,1.0,0.21557886055823638,0.6953620754075066,0.15967519013601225,144.0,1.0,-0.05588631654760429,0.0,0.0,78.0,1.0,0.0,0.0,0.0,111.0,1.0,0.0,0
009970,2025,4,202504,영원무역홀딩스,00140964,CFS,CFS,6995703461755.0,5286114065986.0,1709589395769.0,0.3234113707022545,0.28021277459627997,4895010142962.0,0.13677815858012843,0.14812940136476627,1,1,1,,735474578287.0,0.42245633723798304,0.829909881083876,1,1,1,,606455450562.0,0.22359771561755282,0.5340084873877573,1,1,1,,540737658622.0,-0.30763555327480085,-0.42046853322864897,1,1,1,,259514993807.0,0.6453582397006987,0.9033935442699117,1,1,1,,0.13813401050392582,0.6042667203313822,6995703461755.0,0.07729568035268694,0.037096339950049274,0.1502498578770993,0.10513232619246739,40,20161,20254,1262446338948.0,1449001546889.0,0.14777278224471463,196582201847.0,243820385768.0,0.24029735895300175,0,0,540737658622.0,0.07729568035268694,1,1,2026-03-31,64992,True,passed,64992,0.0,0.0,4.0,2025.0,00140964,1.843867692722501,1.843867692722501,0.0,1.843867692722501,41.0,41.0,0.6042667203313822,1.100115110705409,57.0,1.0,1.100115110705409,0.14812940136476627,1.1544192241091291,62.0,1.0,0.2886048060272823,0.28021277459627997,-0.7289936456851708,254.0,1.0,0.25514777598980976,1.0,1.0,1.0,1.0,0.15,1.0,1.0,1.0,1.0,0.05,0
336570,2025,4,202504,원텍,01407909,CFS,CFS,217246511788.0,157375878761.0,59870633027.0,0.3804308099713487,0.3223956315893792,156838102870.0,0.36079691093541966,0.3640331605374828,1,1,1,,51685459840.0,0.48565840405972294,0.7299724603990023,1,1,1,,35220975207.0,0.2097852856395359,0.4600802727793778,1,1,1,,51137974854.0,2.4258418937153547,2.8507554816166283,1,1,1,,1321482838.0,-0.32728228403771564,0.0538301646751177,1,1,1,,0.31044587037024574,0.5481054895384742,217246511788.0,0.23539146581972736,0.0060828725263472536,0.3295465763370082,0.23791157526357548,15,20222,20254,33239972126.0,46374039771.0,0.39512872018104533,7612422401.0,12248732919.0,0.6090453568880985,0,0,51137974854.0,0.23539146581972736,0,0,2026-03-31,271,True,passed,271,0.0,0.0,4.0,2025.0,01407909,1.843782496768517,1.843782496768517,0.0,1.843782496768517,42.0,42.0,0.5481054895384742,0.9952385476907273,61.0,1.0,0.9952385476907273,0.3640331605374828,2.5,1.0,1.0,0.625,0.3223956315893792,-0.6386969973651137,239.0,1.0,0.22354394907778977,0.0,0.0,78.0,1.0,0.0,0.0,0.0,111.0,1.0,0.0,0
000990,2025,4,202504,DB하이텍,00160843,CFS,CFS,2992581747645.0,2243995457046.0,748586290599.0,0.3335952790138178,0.28787851241655094,1397233307039.0,0.23521321810105578,0.2551884883677207,1,1,1,,277294561174.0,0.4530312004225563,0.7340720679373948,1,1,1,,252582440798.0,0.10112458359731691,0.2327295852967679,1,1,1,,356967025481.0,-0.06708061298156942,-0.7733033923406226,1,1,1,,154293743682.0,0.15547736412666557,0.7575838973284419,1,1,1,,0.22728575124080694,0.550472439165619,2992581747645.0,0.11928396801922411,0.05155873980833467,0.1984597416745234,0.09266064707913688,40,20161,20254,374649575924.0,387796637756.0,0.03509162341789748,80579586407.0,70371114124.0,-0.12668806999626375,0,0,356967025481.0,0.11928396801922411,0,1,2026-03-31,2611,True,passed,2611,0.0,0.0,4.0,2025.0,00160843,1.8156490034916328,1.8156490034916328,0.0,1.8156490034916328,43.0,43.0,0.550472439165619,0.9996586349683585,60.0,1.0,0.9996586349683585,0.2551884883677207,2.066343366132152,38.0,1.0,0.516585841533038,0.28787851241655094,-0.7125843628292464,251.0,1.0,0.24940452699023624,0.0,0.0,78.0,1.0,0.0,1.0,1.0,1.0,1.0,0.05,0
290650,2025,4,202504,엘앤씨바이오,01181515,CFS,CFS,456637114149.0,208533437343.0,248103676806.0,1.1897548899935604,0.7837896151872631,85476414998.0,0.18563565897163747,0.1388257517646645,1,1,1,,4415713583.0,0.7370534302439609,1.4089598079636014,1,1,1,,-138246706187.0,-1.9807156704716138,-3.885327209154658,1,1,1,,12564732969.0,-2.4667139962044042,-2.1727780311694054,1,1,1,,17035524164.0,2.1843912778822085,2.970266770313496,1,1,1,,0.12999768923655547,0.8791950393771567,456637114149.0,0.027515794445258663,0.03730648174699469,0.05166002321345976,0.009670071586776801,29,20184,20254,22555957084.0,24668320984.0,0.09364993434476779,2895731265.0,1954550187.0,-0.325023626803988,0,0,12564732969.0,0.027515794445258663,0,1,2026-03-31,212,True,passed,212,0.0,0.0,4.0,2025.0,01181515,1.8101772083783516,1.8101772083783516,0.0,1.8101772083783516,44.0,44.0,0.8791950393771567,1.61352154375256,42.0,1.0,1.61352154375256,0.1388257517646645,1.0751711853226456,66.0,1.0,0.2687927963306614,0.7837896151872631,0.3489632334424855,122.0,1.0,-0.12213713170486991,0.0,0.0,78.0,1.0,0.0,1.0,1.0,1.0,1.0,0.05,0
035760,2025,4,202504,CJ ENM,00265324,CFS,CFS,8666766089199.0,3445841457803.0,5220924631396.0,1.5151377958998606,0.9223275916730169,5134511101925.0,-0.01851315340872095,-0.21606996816107216,1,1,1,,132887741945.0,0.27191782925502506,8.427776906685347,1,1,1,,17013682266.0,-1.0292911380833383,-1.4932136019053475,1,1,1,,1166374650640.0,-0.16840589316693855,-0.25060178913575726,1,1,1,,959074180844.0,-0.20937505648564125,-0.031837502748068625,1,1,1,,-0.1956243214947805,2.243660321947643,8666766089199.0,0.13458014657781062,0.11066113599618789,0.02588128437295199,0.015333025095786537,40,20161,20254,1245606653936.0,1437756579494.0,0.15426212195545383,17571069824.0,86001859036.0,3.8945146708444383,0,0,1166374650640.0,0.13458014657781062,0,0,2026-03-31,602,True,passed,602,0.0,0.0,4.0,2025.0,00265324,1.7871154405302816,1.7871154405302816,0.0,1.7871154405302816,45.0,45.0,2.243660321947643,2.5,1.0,1.0,2.5,-0.21606996816107216,-1.9478134483123246,286.0,1.0,-0.48695336207808115,0.9223275916730169,0.6455177068332497,90.0,1.0,-0.2259311973916374,0.0,0.0,78.0,1.0,0.0,0.0,0.0,111.0,1.0,0.0,0
075580,2025,4,202504,세진중공업,00415628,CFS,CFS,637763654084.0,299494086856.0,338269567228.0,1.1294699363818947,0.7558730925927669,402686260726.0,0.14277251017476278,0.22702451747232832,1,1,1,,73388632210.0,1.0397352422171662,0.9674725710901533,1,1,1,,59844468153.0,1.717552905189358,1.7487391139874369,1,1,1,,57557625878.0,0.8184987812610849,1.3602228855353888,1,1,1,,9498085969.0,-0.5316260942142526,0.002717920468276791,1,1,1,,0.20459214716918345,0.6767497602161345,637763654084.0,0.09024914717140509,0.014892799092858003,0.18224766863832947,0.11507183223761128,40,20161,20254,90367619375.0,115651440099.0,0.2797885005588043,12143566279.0,34679736767.0,1.8558115441731513,0,0,57557625878.0,0.09024914717140509,1,0,2026-03-31,31114,True,passed,31114,0.0,0.0,4.0,2025.0,00415628,1.740860550912673,1.740860550912673,0.0,1.740860550912673,46.0,46.0,0.6767497602161345,1.2354713340759422,53.0,1.0,1.2354713340759422,0.22702451747232832,1.8264440197643534,44.0,1.0,0.45661100494108836,0.7558730925927669,0.2892051088695926,134.0,1.0,-0.1012217881043574,1.0,1.0,1.0,1.0,0.15,0.0,0.0,111.0,1.0,0.0,0
006360,2025,4,202504,GS건설,00120030,CFS,CFS,18459842000000.0,5523557000000.0,12936285000000.0,2.3420207304821874,1.2065756331707758,12450347000000.0,-0.03214167662532419,0.010493351296955833,1,1,1,,437809000000.0,0.5310451537482985,2.268144588353185,1,1,1,,93423000000.0,-0.6460231401457512,0.9831155700995398,1,1,1,,591530000000.0,1.2087479903567573,1.6386902193451816,1,1,1,,295014000000.0,-0.4402098853774915,-0.483308057342129,1,1,1,,0.010438678222827888,1.1842224197011588,18459842000000.0,0.032044152923952435,0.015981393556889597,0.035164401441983906,0.023716833546029267,40,20161,20254,3207971834289.0,2983386860390.0,-0.070008399543438,148473179056.0,56897986760.0,-0.6167793596004323,0,1,591530000000.0,0.032044152923952435,0,0,2026-03-31,4111,True,passed,4111,1.0,0.0,4.0,2025.0,00120030,1.7397533084944397,1.7397533084944397,0.0,1.7397533084944397,47.0,47.0,1.1842224197011588,2.1831355429848065,34.0,1.0,2.1831355429848065,0.010493351296955833,-0.01795801525647674,184.0,1.0,-0.004489503814119185,1.2065756331707758,1.2539792305035642,48.0,1.0,-0.43889273067624746,0.0,0.0,78.0,1.0,0.0,0.0,0.0,111.0,1.0,0.0,0
015760,2025,4,202504,한국전력공사,00159193,CFS,CFS,254927457000000.0,49322944000000.0,205604513000000.0,4.168536918639731,1.6425896540094491,97429346000000.0,0.043153079668093675,-0.015557718848347113,1,1,1,,13490557000000.0,0.6127943467257084,3.454572925778951,1,1,1,,8666656000000.0,1.3928030286297393,3.1607965419745394,1,1,1,,20880154000000.0,0.3151928343179151,-9.114785052398478,1,1,1,,15937629000000.0,0.11390507110483394,0.09068557314281445,1,1,1,,-0.015437938284586233,1.4939311923048413,254927457000000.0,0.08190625774766976,0.06251829123294475,0.13846502674871697,0.05291919967647894,40,20161,20254,27572384000000.0,23682840000000.0,-0.14106665567982804,5651912000000.0,1949166000000.0,-0.6551315731738215,0,0,20880154000000.0,0.08190625774766976,0,0,2026-03-31,35120,True,passed,35120,0.0,0.0,4.0,2025.0,00159193,1.6744761719055612,1.6744761719055612,0.0,1.6744761719055612,48.0,48.0,1.4939311923048413,2.5,1.0,1.0,2.5,-0.015557718848347113,-0.23985977489301646,207.0,1.0,-0.059964943723254116,1.6425896540094491,2.187311098203385,31.0,1.0,-0.7655588843711848,0.0,0.0,78.0,1.0,0.0,0.0,0.0,111.0,1.0,0.0,0
006280,2025,4,202504,녹십자,00129679,CFS,CFS,2971095184896.0,1394272744164.0,1576822440732.0,1.1309282544122714,0.7565576849815644,1991279093821.0,0.18536141799110073,0.15262645466407565,1,1,1,,69149857151.0,1.1537081602025059,1.221335357953563,1,1,1,,-29685159445.0,-0.30377103168097486,-1.4562089920420749,1,1,1,,99462778248.0,-2.860505626517519,-11.628811405550932,1,1,1,,105278481942.0,1.4834962113343217,2.1470351105315086,1,1,1,,0.14204321192090125,0.7981085276396974,2971095184896.0,0.03347680638225045,0.03543423397446122,0.034726351200880946,0.02327419784547243,40,20161,20254,609486331400.0,497754527238.0,-0.1833212631780441,29216618161.0,4601230243.0,-0.8425132499030301,0,0,99462778248.0,0.03347680638225045,0,0,2026-03-31,212,True,passed,212,0.0,0.0,4.0,2025.0,00129679,1.6585455666218323,1.6585455666218323,0.0,1.6585455666218323,49.0,49.0,0.7981085276396974,1.4620990314997078,46.0,1.0,1.4620990314997078,0.15262645466407565,1.1927249073202266,61.0,1.0,0.29818122683005666,0.7565576849815644,0.29067054773694917,133.0,1.0,-0.1017346917079322,0.0,0.0,78.0,1.0,0.0,0.0,0.0,111.0,1.0,0.0,0
004020,2025,4,202504,현대제철,00145880,CFS,CFS,34442304939493.0,19840176064055.0,14602128875438.0,0.7359878676627817,0.5515766275402246,22733237259727.0,-0.021221942532519633,0.08252662846035563,1,1,1,,219235156230.0,0.3745839567882381,1.1748006667996345,1,1,1,,1389012026.0,-0.8424122691897273,0.13769034174774708,1,1,1,,2053257208793.0,0.1553691532710657,0.24326181244869616,1,1,1,,1519509587605.0,-0.10161355049656295,-1.140408508664878,1,1,1,,0.07929777963154595,0.7769370128923195,34442304939493.0,0.05961439608644335,0.04411753482452524,0.009643815956576735,0.0063652870101215476,40,20161,20254,5734389046538.0,5489828223869.0,-0.04264810438989097,93239855179.0,43255229380.0,-0.5360864804330779,0,0,2053257208793.0,0.05961439608644335,0,0,2026-03-31,2411,True,passed,2411,0.0,0.0,4.0,2025.0,00145880,1.6233066374987601,1.6233066374987601,0.0,1.6233066374987601,50.0,51.0,0.7769370128923195,1.4225629374866107,48.0,1.0,1.4225629374866107,0.08252662846035563,0.5956179670655772,88.0,1.0,0.1489044917663943,0.5515766275402246,-0.14811202355930098,182.0,1.0,0.05183920824575534,0.0,0.0,78.0,1.0,0.0,0.0,0.0,111.0,1.0,0.0,0
068270,2025,4,202504,셀트리온,00413046,CFS,CFS,22334900189800.0,17352529819114.0,4982370370686.0,0.28712645491021516,0.2524121793507207,4162495108881.0,0.1701264863287748,-0.46433961245791067,1,1,1,,1168471345595.0,1.374866773176897,1.61964103977382,1,1,1,,1031483789240.0,1.4624609374987174,1.6863292688270093,1,1,1,,646050776661.0,-0.28365445041061654,-0.962619081953053,1,1,1,,331734250453.0,-0.0053662162879999364,0.05176220614113869,1,1,1,,-0.3814043643595288,0.9630373006666744,22334900189800.0,0.02892561735986809,0.014852730374165624,0.28071416663096554,0.05231594212042293,40,20161,20254,1028969076475.0,1330157007697.0,0.29270843809397773,301411957351.0,475171738296.0,0.5764860242178561,0,0,646050776661.0,0.02892561735986809,1,1,2026-03-31,211,True,passed,211,0.0,0.0,4.0,2025.0,00413046,1.6210664613814842,1.6210664613814842,0.0,1.6210664613814842,51.0,52.0,0.9630373006666744,1.7700901957439603,38.0,1.0,1.7700901957439603,-0.46433961245791067,-2.5,296.0,1.0,-0.625,0.2524121793507207,-0.7885036161072118,269.0,1.0,0.2759762656375241,1.0,1.0,1.0,1.0,0.15,1.0,1.0,1.0,1.0,0.05,0
249420,2025,4,202504,일동제약,01168383,CFS,CFS,573030653651.0,239513589413.0,333517064238.0,1.3924765816227118,0.8723290560515966,566933738499.0,-0.0780679012093708,-0.1016764869693707,1,1,1,,19476874942.0,0.4846558217324157,1.7278501291485526,1,1,1,,23697717396.0,-2.910846306261953,-2.0640272108008637,1,1,1,,18950688320.0,-0.3301933910334177,1.4425082087360663,1,1,1,,17329373745.0,0.23319797573465695,0.4605957315213507,1,1,1,,-0.09683309863759892,1.00351380047667,573030653651.0,0.03307098529416853,0.03024161732812696,0.03435476426851311,0.033989237430677215,38,20163,20254,145455834994.0,147020867248.0,0.010759501356989611,6760047364.0,7925788747.0,0.17244574190530776,0,0,18950688320.0,0.03307098529416853,1,1,2026-03-31,212,True,passed,212,0.0,0.0,4.0,2025.0,01168383,1.6138511834843383,1.6138511834843383,0.0,1.6138511834843383,52.0,53.0,1.00351380047667,1.845676790321813,36.0,1.0,1.845676790321813,-0.1016764869693707,-0.9734152901635408,256.0,1.0,-0.2433538225408852,0.8723290560515966,0.5384908122759701,100.0,1.0,-0.1884717842965895,1.0,1.0,1.0,1.0,0.15,1.0,1.0,1.0,1.0,0.05,0
232140,2025,4,202504,와이씨,01109539,CFS,CFS,607188961441.0,476196299410.0,130992662031.0,0.27508122636252724,0.2430098835321896,272629978227.0,0.29060980645401835,0.4628047207714904,1,1,1,,16989848287.0,0.6028905304560992,0.36630315086324905,1,1,1,,28984367217.0,1.2423242305640723,1.2386895151104194,1,1,1,,41192786217.0,-2.7489570898890228,-0.7709221523478216,1,1,1,,16644390074.0,-0.38317707540344303,0.2951250139765704,1,1,1,,0.38035563450383075,0.3121086624880578,607188961441.0,0.06784179033696525,0.027412207946763408,0.06231834223620755,0.02798115474082262,36,20171,20254,66565956328.0,86699123752.0,0.30245441565948444,4888638584.0,9242160347.0,0.8905386823334862,0,0,41192786217.0,0.06784179033696525,1,0,2026-03-31,292,True,passed,292,0.0,0.0,4.0,2025.0,01109539,1.6125540935099614,1.6125540935099614,0.0,1.6125540935099614,53.0,54.0,0.3121086624880578,0.554533531899951,89.0,1.0,0.554533531899951,0.4628047207714904,2.5,1.0,1.0,0.625,0.2430098835321896,-0.8086301760286019,275.0,1.0,0.28302056161001066,1.0,1.0,1.0,1.0,0.15,0.0,0.0,111.0,1.0,0.0,0
035900,2025,4,202504,JYP Ent.,00258689,CFS,CFS,851090190178.0,624947719298.0,226142470880.0,0.36185822253103744,0.30885010725107864,821854634614.0,0.3656882389580973,0.3033982007488394,1,1,1,,155246094076.0,0.21038006730965275,0.45342002502424417,1,1,1,,160563476080.0,0.6431829046729161,0.7127130269417865,1,1,1,,124332829487.0,0.39241385507042303,0.8020053113567672,1,1,1,,22507968071.0,-0.7979934988930956,-8.363898987509256,1,1,1,,0.2649748544861886,0.37391941715986765,851090190178.0,0.14608654984144112,0.026446043357981373,0.18889726666676807,0.18240851071674472,40,20161,20254,232626102344.0,232637063109.0,4.7117519872260823e-05,40791993344.0,41918079270.0,0.027605562604006293,0,0,124332829487.0,0.14608654984144112,0,1,2026-03-31,59201,True,passed,59201,0.0,0.0,4.0,2025.0,00258689,1.5729003616778952,1.5729003616778952,0.0,1.5729003616778952,54.0,55.0,0.37391941715986765,0.6699601245119796,80.0,1.0,0.6699601245119796,0.3033982007488394,2.476991372117064,30.0,1.0,0.619247843029266,0.30885010725107864,-0.6676925546761415,245.0,1.0,0.23369239413664952,0.0,0.0,78.0,1.0,0.0,1.0,1.0,1.0,1.0,0.05,0
101490,2025,4,202504,에스앤에스텍,00411048,CFS,CFS,393041682256.0,304257904926.0,88783777330.0,0.29180434063526967,0.256039954755558,243733252593.0,0.38473873113117474,0.2138139482187118,1,1,1,,50389752346.0,0.7093621099060055,0.5320701280660025,1,1,1,,58092807910.0,0.9163912123062541,0.743936283849004,1,1,1,,46882046173.0,0.30053312754809114,-0.10993496424967253,1,1,1,,64473291305.0,2.247848350665943,2.3173191217373823,1,1,1,,0.19376742571848934,0.426619845770735,393041682256.0,0.11928008730245637,0.16403677832573133,0.2067413937569846,0.12820460175310266,40,20161,20254,61548431394.0,63608657821.0,0.03347325643137088,11911858494.0,13309058053.0,0.11729484191772166,0,0,46882046173.0,0.11928008730245637,0,1,2026-03-31,2629,True,passed,2629,0.0,0.0,4.0,2025.0,00411048,1.5201114751534879,1.5201114751534879,0.0,1.5201114751534879,55.0,56.0,0.426619845770735,0.7683739189405432,78.0,1.0,0.7683739189405432,0.2138139482187118,1.713917027712688,48.0,1.0,0.428479256928172,0.256039954755558,-0.7807379979564939,267.0,1.0,0.27325829928477285,0.0,0.0,78.0,1.0,0.0,1.0,1.0,1.0,1.0,0.05,0
023160,2025,4,202504,태광,00153375,CFS,CFS,740815619979.0,669616725985.0,71198893994.0,0.10632783087857772,0.10104627046161775,296965688227.0,0.11302311621607308,0.25804777011170943,1,1,1,,38734846446.0,-0.028543606372791408,0.28070560510451004,1,1,1,,65514427414.0,0.420493097548444,0.6270619278017685,1,1,1,,19365684614.0,-0.6730704440022928,-0.7632427208557913,1,1,1,,14606695094.0,0.09746163009109132,0.4411437476853811,1,1,1,,0.22956113061906253,0.24741118003476012,740815619979.0,0.02614103171116851,0.019717045240506752,0.1304354273292043,0.05228675719215804,40,20161,20254,81415375939.0,80600082201.0,-0.010014002006339123,11568803489.0,12105451559.0,0.04638751712830654,0,0,19365684614.0,0.02614103171116851,1,0,2026-03-31,2413,True,passed,2413,0.0,0.0,4.0,2025.0,00153375,1.495772005013404,1.495772005013404,0.0,1.495772005013404,56.0,57.0,0.24741118003476012,0.4337162082835074,96.0,1.0,0.4337162082835074,0.25804777011170943,2.0906985901881643,37.0,1.0,0.5226746475470411,0.10104627046161775,-1.1125175690938736,311.0,1.0,0.3893811491828557,1.0,1.0,1.0,1.0,0.15,0.0,0.0,111.0,1.0,0.0,0
042660,2025,4,202504,한화오션,00111704,CFS,CFS,20140914014349.0,6175006995811.0,13965907018538.0,2.2616827848150116,1.1822432538585768,12783512278323.0,0.18629421172882776,-0.26828876847330374,1,1,1,,1167590137928.0,3.9083904054720806,6.118967692267583,1,1,1,,1245921538208.0,1.3587487972723906,-0.9416772006724865,1,1,1,,1314671582302.0,-1.4526210630468976,-1.9504765714249872,1,1,1,,716622253084.0,0.8889096095082898,-0.9422174784854433,1,1,1,,-0.23766856547630766,1.9627627278711774,20140914014349.0,0.06527368029898682,0.03558042363784764,0.09133562924704836,0.057971060156265665,40,20161,20254,3023357863134.0,3322951443950.0,0.09909299341277535,289759206450.0,247519112985.0,-0.14577653625749015,0,0,1314671582302.0,0.06527368029898682,0,0,2026-03-31,3111,True,passed,3111,0.0,0.0,4.0,2025.0,00111704,1.4811846681965362,1.4811846681965362,0.0,1.4811846681965362,57.0,58.0,1.9627627278711774,2.5,1.0,1.0,2.5,-0.26828876847330374,-2.392610672025705,294.0,1.0,-0.5981526680064263,1.1822432538585768,1.2018933251343926,49.0,1.0,-0.4206626637970374,0.0,0.0,78.0,1.0,0.0,0.0,0.0,111.0,1.0,0.0,0
058470,2025,4,202504,리노공업,00369657,CFS,OFS,791928165325.0,731218952370.0,60709212955.0,0.08302467100754368,0.07975774800642708,372534084608.0,0.3391537709881829,0.2506735649232621,1,1,1,,176997188289.0,0.42508271465573344,0.3392016081180602,1,1,1,,151960670406.0,0.3414720126778785,0.3202317770184502,1,1,1,,179468846374.0,0.6299554355317412,0.6325319581309056,1,1,1,,60236331180.0,4.013215297928533,4.83914294065954,1,1,1,,0.2236822581242464,0.292073621557356,791928165325.0,0.22662263350659798,0.07606287264108048,0.4751167627392961,0.22350157001470203,40,20161,20254,96841827642.0,84759949290.0,-0.12475888411218013,48261344084.0,40353726844.0,-0.16384991736319252,0,0,179468846374.0,0.22662263350659798,0,0,2026-03-31,2629,True,passed,2629,0.0,0.0,4.0,2025.0,00369657,1.4294218048751437,1.4294218048751437,0.2,1.6294218048751437,58.0,50.0,0.292073621557356,0.517119710959691,93.0,1.0,0.517119710959691,0.2506735649232621,2.0278854658861514,41.0,1.0,0.5069713664715378,0.07975774800642708,-1.1580877926968995,316.0,1.0,0.4053307274439148,0.0,0.0,78.0,1.0,0.0,0.0,0.0,111.0,1.0,0.0,0
032350,2025,4,202504,롯데관광개발,00231372,CFS,CFS,2167646813807.0,368224737001.0,1799422076806.0,4.8867495743533205,1.7727039903870063,653447659142.0,0.3859853140155609,-0.11766815883357018,1,1,1,,143328051761.0,2.674454974154648,4.3180670172191675,1,1,1,,27596636822.0,-1.2367336098722856,-0.8128824464670971,1,1,1,,100093644817.0,-0.17746984446578495,10.1278750828487,1,1,1,,11459902700.0,0.31280502752544437,0.4472480404222833,1,1,1,,-0.1112445138883714,1.6711098947006506,2167646813807.0,0.046176177862300036,0.005286794244802812,0.21934128886343374,0.06612149675309673,40,20161,20254,186669838390.0,187147941431.0,0.002561222772374845,52957190931.0,44231931692.0,-0.16476061297073863,0,0,100093644817.0,0.046176177862300036,0,1,2026-03-31,75210,True,passed,75210,0.0,0.0,4.0,2025.0,00231372,1.4095502320242852,1.4095502320242852,0.0,1.4095502320242852,59.0,59.0,1.6711098947006506,2.5,1.0,1.0,2.5,-0.11766815883357018,-1.1096315801817005,266.0,1.0,-0.2774078950454251,1.7727039903870063,2.4658339226579713,27.0,1.0,-0.8630418729302899,0.0,0.0,78.0,1.0,0.0,1.0,1.0,1.0,1.0,0.05,0
096770,2025,4,202504,SK이노베이션,00631518,CFS,CFS,105608481396000.0,36391495746000.0,69216985650000.0,1.9020099127859573,1.0654035703024605,80296054243000.0,0.07466957046046563,0.10794122355669711,1,1,1,,448683859000.0,0.4221884138233978,1.2564808635952938,1,1,1,,-5436441431000.0,1.2914564748510675,6.567014998948082,1,1,1,,2283052527000.0,0.022633849468323364,0.6067312241615381,1,1,1,,5650564398000.0,-0.44657538008762365,-0.3348102370874676,1,1,1,,0.10250353958653181,0.8138064596796228,105608481396000.0,0.021618079313528243,0.05350483524909411,0.00558786933218596,0.004248558951601346,40,20161,20254,20533220238000.0,19309656113000.0,-0.05958949014415184,573474628000.0,337416601000.0,-0.41162767361348723,0,0,2283052527000.0,0.021618079313528243,0,0,2026-03-31,192,True,passed,192,0.0,0.0,4.0,2025.0,00631518,1.3613130369816553,1.3613130369816553,0.0,1.3613130369816553,60.0,60.0,0.8138064596796228,1.4914136518444123,45.0,1.0,1.4914136518444123,0.10794122355669711,0.8120982629180363,80.0,1.0,0.20302456572950908,1.0654035703024605,0.9517862302636177,64.0,1.0,-0.3331251805922662,0.0,0.0,78.0,1.0,0.0,0.0,0.0,111.0,1.0,0.0,0
376300,2025,4,202504,디어유,01456011,CFS,CFS,243035308819.0,209891312346.0,33143996473.0,0.15791028271986332,0.14661690008708417,83834878201.0,0.11983616890032955,0.13077989096241016,1,1,1,,31391662643.0,0.23523958818779933,0.3474603486655372,1,1,1,,18630172425.0,-0.23610103037022145,-0.16731975290569168,1,1,1,,35476240470.0,0.49467621533434314,-0.3624426078002907,1,1,1,,777666228.0,-0.782742543686299,-0.2692961973200456,1,1,1,,0.12290756366043967,0.298221597516888,243035308819.0,0.14597154891769595,0.0031998075990644025,0.3744463320831252,0.12916502871761268,17,20214,20254,22303836738.0,23801559457.0,0.06715090038514611,8714822328.0,9754208663.0,0.11926649745463405,0,0,35476240470.0,0.14597154891769595,1,1,2026-03-31,58222,True,passed,58222,0.0,0.0,4.0,2025.0,01456011,1.3354989607280303,1.3354989607280303,0.0,1.3354989607280303,61.0,61.0,0.298221597516888,0.5286005595634227,92.0,1.0,0.5286005595634227,0.13077989096241016,1.0066369308811707,71.0,1.0,0.25165923272029267,0.14661690008708417,-1.014969052698043,303.0,1.0,0.355239168444315,1.0,1.0,1.0,1.0,0.15,1.0,1.0,1.0,1.0,0.05,0
010130,2025,4,202504,고려아연,00102858,CFS,CFS,20395719724719.0,11184217875641.0,9211501849078.0,0.8236160947061363,0.6008213951057304,16587850779912.0,0.3762518101679668,0.13426181558537742,1,1,1,,1231926775791.0,0.7027976490016556,0.6065203746551491,1,1,1,,770249337092.0,2.9544262776895063,3.5892418996038047,1,1,1,,-628210721953.0,-2.2179050639620446,-1.8462826748495422,1,1,1,,942997574551.0,-0.1654629002192579,-1.7405870661270728,1,1,1,,0.12598205659859996,0.4740705821296105,20395719724719.0,-0.03080110584141963,0.04623507222489017,0.0742668108205357,0.0604012406729605,40,20161,20254,4159797406119.0,4769888314835.0,0.14666361102551903,273406534801.0,428529174804.0,0.5673699061944756,0,0,-628210721953.0,-0.03080110584141963,1,1,2026-03-31,24213,True,passed,24213,0.0,0.0,4.0,2025.0,00102858,1.3310028121562798,1.3310028121562798,0.0,1.3310028121562798,62.0,62.0,0.4740705821296105,0.8569843370452527,72.0,1.0,0.8569843370452527,0.13426181558537742,1.0362957969641649,68.0,1.0,0.2590739492410412,0.6008213951057304,-0.04269864534281684,168.0,1.0,0.014944525869985893,1.0,1.0,1.0,1.0,0.15,1.0,1.0,1.0,1.0,0.05,0
000500,2025,4,202504,가온전선,00104768,CFS,CFS,1377927912000.0,483788805000.0,894139107000.0,1.8482013179283883,1.0466876785263428,2545698074000.0,0.4739694573518598,0.32149639066276325,1,1,1,,79191591000.0,0.7593526520991907,0.7298069555089652,1,1,1,,51396625000.0,1.0270648677716738,0.6104423321519905,1,1,1,,41739624000.0,0.06295148787299953,-0.9629407413737037,1,1,1,,24639119000.0,1.2451396546844453,1.1704497510655312,1,1,1,,0.2787647238157704,0.5480098158724581,1377927912000.0,0.03029158756165758,0.017881283037686227,0.0311080060156419,0.057471505084077286,40,20161,20254,649418148000.0,613692967000.0,-0.05501106045468874,26126955000.0,7947527000.0,-0.6958112034104242,0,0,41739624000.0,0.03029158756165758,0,0,2026-03-31,28302,True,passed,28302,0.0,0.0,4.0,2025.0,00104768,1.3009568413576484,1.3009568413576484,0.0,1.3009568413576484,63.0,63.0,0.5480098158724581,0.9950598848458944,62.0,1.0,0.9950598848458944,0.32149639066276325,2.5,1.0,1.0,0.625,1.0466876785263428,0.9117229813949882,66.0,1.0,-0.31910304348824586,0.0,0.0,78.0,1.0,0.0,0.0,0.0,111.0,1.0,0.0,0
036570,2025,4,202504,엔씨소프트,00261443,CFS,CFS,4333140469623.0,3370430829195.0,962709640428.0,0.28563400028533903,0.25125198210867034,1506925065850.0,-0.04511566020051516,0.06821511151727877,1,1,1,,16078426029.0,-1.1472176071582407,0.6483285716834184,1,1,1,,347421554268.0,2.6914251284359074,3.2514553513833087,1,1,1,,161967521188.0,0.5131322663245532,0.7480338081550206,1,1,1,,115055136078.0,0.20588438606082704,0.6075575468939003,1,1,1,,0.0659891355350201,0.49976178763601414,4333140469623.0,0.03737878389206519,0.026552367015235542,0.010669691807091125,0.0037105711531200108,40,20161,20254,360036113547.0,404218082449.0,0.12271538115087552,-7467009881.0,3246851400.0,1.4348261823332653,0,0,161967521188.0,0.03737878389206519,0,0,2026-03-31,582,True,passed,582,0.0,0.0,4.0,2025.0,00261443,1.3002343747155831,1.3002343747155831,0.0,1.3002343747155831,64.0,64.0,0.49976178763601414,0.9049605885478413,66.0,1.0,0.9049605885478413,0.06821511151727877,0.47371315566920164,93.0,1.0,0.11842828891730041,0.25125198210867034,-0.7909871350012605,272.0,1.0,0.27684549725044116,0.0,0.0,78.0,1.0,0.0,0.0,0.0,111.0,1.0,0.0,0
043260,2025,4,202504,성호전자,00317210,CFS,CFS,581089727261.0,254010360797.0,327079366464.0,1.2876615167890544,0.8275301241072548,231577035770.0,0.11696748725243467,0.12049966902599896,1,1,1,,7551422708.0,0.19642642207207195,0.952329781818502,1,1,1,,91043267859.0,10.272243317135603,10.812908484281122,1,1,1,,20087039309.0,-0.2022708768215692,-4.745632667071856,1,1,1,,4734255162.0,-0.8699714018721318,-5.70763363648018,1,1,1,,0.11377471887816644,0.6690234193249401,581089727261.0,0.03456787887764153,0.008147201610868574,0.03260868541170895,0.012995278274138603,40,20161,20254,55603044857.0,60156842864.0,0.08189835680242809,539736800.0,4089437148.0,6.576724707301781,0,0,20087039309.0,0.03456787887764153,0,0,2026-03-31,26291,True,passed,26291,0.0,0.0,4.0,2025.0,00317210,1.2959026730961274,1.2959026730961274,0.0,1.2959026730961274,65.0,65.0,0.6690234193249401,1.221043016428556,54.0,1.0,1.221043016428556,0.12049966902599896,0.9190704960122713,74.0,1.0,0.22976762400306783,0.8275301241072548,0.44259419238713305,112.0,1.0,-0.15490796733549655,0.0,0.0,78.0,1.0,0.0,0.0,0.0,111.0,1.0,0.0,0
000100,2025,4,202504,유한양행,00145109,CFS,CFS,3220925833989.0,2362284335746.0,858641498243.0,0.3634793175614249,0.3100397545499756,2186637586358.0,0.05747491334169186,-0.054848656513225125,1,1,1,,104374493823.0,0.9018565228232251,0.934969317732844,1,1,1,,185318996567.0,2.3594523000332144,2.9478815270149994,1,1,1,,106227395422.0,0.9455002146968625,1.5666595572114699,1,1,1,,134477020893.0,0.004191333658246865,0.34791928381153303,1,1,1,,-0.053397303095619617,0.6600914698872156,3220925833989.0,0.03298039163181886,0.0417510454521876,0.04773287282454662,0.032405121757720194,40,20161,20254,570013578017.0,546073003638.0,-0.042000007196821544,22013818741.0,26079987412.0,0.18470982789673365,0,0,106227395422.0,0.03298039163181886,0,0,2026-03-31,212,True,passed,212,0.0,0.0,4.0,2025.0,00145109,1.2935298984745978,1.2935298984745978,0.0,1.2935298984745978,66.0,66.0,0.6600914698872156,1.2043633221835401,55.0,1.0,1.2043633221835401,-0.054848656513225125,-0.5745380877982553,237.0,1.0,-0.14363452194956383,0.3100397545499756,-0.6651459949732039,244.0,1.0,0.23280109824062137,0.0,0.0,78.0,1.0,0.0,0.0,0.0,111.0,1.0,0.0,0
195870,2025,4,202504,해성디에스,01032413,CFS,CFS,880631376376.0,564369713446.0,316261662930.0,0.5603802886567557,0.4449295663331736,653396882375.0,0.08358841292811481,0.18660389911048447,1,1,1,,46491092436.0,-0.1824996563642265,0.26273750688284103,1,1,1,,23820804171.0,-0.5941744291300262,-0.28942059819311616,1,1,1,,66962774761.0,0.10458965012300236,0.6809752223115049,1,1,1,,120451067293.0,-0.24380748033214072,-0.86920177741407,1,1,1,,0.17109536078887333,0.233281988737864,880631376376.0,0.07603950592422357,0.13677807823369156,0.07115291439256922,0.05279290936387198,39,20162,20254,178588544592.0,179947449012.0,0.007609135418537215,16112702890.0,21795659839.0,0.35270041207841074,0,0,66962774761.0,0.07603950592422357,1,1,2026-03-31,262,True,passed,262,0.0,0.0,4.0,2025.0,01032413,1.1096071446493427,1.1096071446493427,0.0,1.1096071446493427,67.0,67.0,0.233281988737864,0.40733108458741946,98.0,1.0,0.40733108458741946,0.18660389911048447,1.4821431411416233,53.0,1.0,0.3705357852854058,0.4449295663331736,-0.37640078507576397,201.0,1.0,0.13174027477651737,1.0,1.0,1.0,1.0,0.15,1.0,1.0,1.0,1.0,0.05,0
214450,2025,4,202504,파마리서치,00970453,CFS,CFS,1043888016418.0,723877585619.0,320010430799.0,0.4420781043045471,0.3660852012687266,536289118812.0,0.5317510351486716,0.19037006419821934,1,1,1,,214395758571.0,0.7008684713031506,0.334579925608256,1,1,1,,168255434874.0,0.8917212989317578,0.7405734869125211,1,1,1,,183162279104.0,0.3260917113725912,-0.8006516669135484,1,1,1,,35782062920.0,-0.07599925387497031,-2.010447922162773,1,1,1,,0.1742642370975346,0.2886165798698657,1043888016418.0,0.17546161678577699,0.03427768338866717,0.3997764471633033,0.2053819520858934,40,20161,20254,135426410999.0,143345290040.0,0.058473668338286496,61870558180.0,51913925410.0,-0.16092682954359602,0,0,183162279104.0,0.17546161678577699,0,0,2026-03-31,213,True,passed,213,0.0,0.0,4.0,2025.0,00970453,1.08003103088975,1.08003103088975,0.0,1.08003103088975,68.0,68.0,0.2886165798698657,0.5106639647934542,94.0,1.0,0.5106639647934542,0.19037006419821934,1.5142231538009403,51.0,1.0,0.3785557884502351,0.3660852012687266,-0.5451750789887448,226.0,1.0,0.19081127764606068,0.0,0.0,78.0,1.0,0.0,0.0,0.0,111.0,1.0,0.0,0
008930,2025,4,202504,한미사이언스,00161426,CFS,CFS,1489047152886.0,959193127357.0,529854025529.0,0.5523955608282781,0.43979926095446625,1356957532846.0,0.05728797494684734,0.02881956002814756,1,1,1,,138727168534.0,0.4031566502414834,0.6088370556875037,1,1,1,,117709205494.0,1.0762525295460144,1.5837822718859806,1,1,1,,47658093135.0,-0.42571196818458024,-1.7860788791483357,1,1,1,,1979741770.0,0.27618164981661764,0.3500814713375845,1,1,1,,0.028412086789522423,0.47551159233356294,1489047152886.0,0.03200576492331446,0.001329535982902193,0.10223397945478964,0.09316506080087902,40,20161,20254,342511980369.0,344026367327.0,0.004421413103181088,39301846394.0,37746568098.0,-0.039572652144847724,0,0,47658093135.0,0.03200576492331446,0,1,2026-03-31,64992,True,passed,64992,0.0,0.0,4.0,2025.0,00161426,1.0797951959586793,1.0797951959586793,0.0,1.0797951959586793,69.0,69.0,0.47551159233356294,0.8596753072274571,70.0,1.0,0.8596753072274571,0.02881956002814756,0.13814374725216175,118.0,1.0,0.03453593681304044,0.43979926095446625,-0.3873827197662336,203.0,1.0,0.13558395191818176,0.0,0.0,78.0,1.0,0.0,1.0,1.0,1.0,1.0,0.05,0
004690,2025,4,202504,삼천리,00128555,CFS,CFS,4459314886311.0,1882344303995.0,2576970582316.0,1.3690219036160163,0.8624771710672171,5275461012669.0,0.030257348007263873,0.12621601143020944,1,1,1,,159630890886.0,0.3965642370244564,0.7414995461019741,1,1,1,,131326078663.0,0.0794648784235581,0.24182092929339172,1,1,1,,306467453147.0,0.4555664292100592,-0.4552870880165609,1,1,1,,122453998969.0,-0.2888859531883784,-0.7911670712335287,1,1,1,,0.11886335095469393,0.5547465501876369,4459314886311.0,0.06872523267818106,0.027460271833438733,0.030259135742382894,0.035797178480494296,40,20161,20254,914848261078.0,1446329243039.0,0.5809498739547649,22777405890.0,10739461895.0,-0.528503730983915,0,0,306467453147.0,0.06872523267818106,0,0,2026-03-31,35200,True,passed,35200,0.0,0.0,4.0,2025.0,00128555,1.0684900468583347,1.0684900468583347,0.0,1.0684900468583347,70.0,70.0,0.5547465501876369,1.0076401921316143,59.0,1.0,1.0076401921316143,0.12621601143020944,0.967762025039841,73.0,1.0,0.24194050625996025,0.8624771710672171,0.5174018615235424,101.0,1.0,-0.18109065153323983,0.0,0.0,78.0,1.0,0.0,0.0,0.0,111.0,1.0,0.0,0
112040,2025,4,202504,위메이드,00444329,CFS,CFS,1745649917765.0,812655850470.0,932994067295.0,1.1480801704133456,0.7645744992338023,614039504365.0,-0.13742888402549525,-0.3135847005118474,1,1,1,,10678082423.0,0.5120010550134608,1.5759468103543222,1,1,1,,-27040443605.0,-1.1488807224069804,0.7298822572973342,1,1,1,,64255777601.0,-1.801126784325989,-8.595804529237345,1,1,1,,8908468584.0,0.606947206948689,1.1335502095420038,1,1,1,,-0.27275981265661003,0.946217159874553,1745649917765.0,0.03680908580070184,0.005103238910242518,0.01738989486359283,0.006116966703536652,40,20161,20254,163648297290.0,191737440388.0,0.17164335690107074,26308155889.0,24254942460.0,-0.07804474922769072,0,0,64255777601.0,0.03680908580070184,0,1,2026-03-31,5821,True,passed,5821,0.0,0.0,4.0,2025.0,00444329,1.0559389704294349,1.0559389704294349,0.0,1.0559389704294349,71.0,71.0,0.946217159874553,1.7386799411823115,40.0,1.0,1.7386799411823115,-0.3135847005118474,-2.5,296.0,1.0,-0.625,0.7645744992338023,0.3078313450082191,130.0,1.0,-0.10774097075287668,0.0,0.0,78.0,1.0,0.0,1.0,1.0,1.0,1.0,0.05,0
009520,2025,4,202504,포스코엠텍,00128111,CFS,OFS,155201620131.0,114252106916.0,40949513215.0,0.3584136373529352,0.30631757580085944,357432185147.0,0.0311685313248391,0.015884703699039937,1,1,1,,1034456160.0,-0.2729175021060386,0.4100444312030178,1,1,1,,1411497670.0,1.487204895581495,2.370634119369649,1,1,1,,1556128510.0,-1.202428636289215,0.24569522464254345,1,1,1,,681406671.0,-0.7616797662836285,-0.15495097774066124,1,1,1,,0.015759862105697256,0.34362121538510226,155201620131.0,0.010026496557745524,0.004390461068801019,0.0028941326578482644,0.006665240730907664,40,20161,20254,82877558086.0,98901022102.0,0.19333899774620344,1736623220.0,3337988089.0,0.922114164176614,0,0,1556128510.0,0.010026496557745524,1,0,2026-03-31,24199,True,passed,24199,0.0,0.0,4.0,2025.0,00128111,1.0059617882241045,1.0059617882241045,0.0,1.0059617882241045,72.0,72.0,0.34362121538510226,0.6133806795318673,82.0,1.0,0.6133806795318673,0.015884703699039937,0.027965264599988278,132.0,1.0,0.0069913161499970695,0.30631757580085944,-0.6731136929778297,247.0,1.0,0.23558979254224038,1.0,1.0,1.0,1.0,0.15,0.0,0.0,111.0,1.0,0.0,0
035720,2025,4,202504,카카오,00258801,CFS,CFS,27783524545811.0,15224922016050.0,12558602529761.0,0.8248713863047583,0.6015095112934314,8099147815086.0,0.028895389888627054,-0.012746845050934485,1,1,1,,732036535379.0,0.5906501317854325,0.5920511801869349,1,1,1,,517959587282.0,-4.1998379713764,-3.288940920889834,1,1,1,,1404762595727.0,0.12339755930713969,0.19098345143610607,1,1,1,,614373324796.0,0.21435098193477486,0.5138438956611042,1,1,1,,-0.01266628786592606,0.4650232352640713,27783524545811.0,0.05056099320339111,0.0221128649024708,0.09038439007317055,0.026347864331322614,40,20161,20254,2086580139318.0,2120524018370.0,0.01626770925898613,208047735089.0,232661977453.0,0.11831055191958885,0,0,1404762595727.0,0.05056099320339111,1,1,2026-03-31,63120,True,passed,63120,0.0,0.0,4.0,2025.0,00258801,1.0005389077753422,1.0005389077753422,0.0,1.0005389077753422,73.0,73.0,0.4650232352640713,0.8400891474231046,74.0,1.0,0.8400891474231046,-0.012746845050934485,-0.21591688739230602,203.0,1.0,-0.053979221848076506,0.6015095112934314,-0.041225663429468866,167.0,1.0,0.014428982200314102,1.0,1.0,1.0,1.0,0.15,1.0,1.0,1.0,1.0,0.05,0
064960,2025,4,202504,SNT모티브,00398792,CFS,CFS,1279363819077.0,1019390057900.0,259973761177.0,0.2550287391585517,0.22715847204948206,1006373968570.0,0.0386789086340511,0.18598599614291533,1,1,1,,102552954912.0,0.04509240993649399,0.20372023096008585,1,1,1,,69508148662.0,-0.33386852803892164,-0.5335226882784448,1,1,1,,73771249147.0,-0.43284899115398867,-0.7801320182400723,1,1,1,,85152978588.0,0.7134304339164663,-0.050641278423119385,1,1,1,,0.17057449286915805,0.18541695357317384,1279363819077.0,0.057662447575094346,0.06655884535599406,0.10190342567954326,0.08015933652554523,40,20161,20254,231085379342.0,291564438607.0,0.2617173766562386,22001726629.0,30887567525.0,0.40387016191210034,0,0,73771249147.0,0.057662447575094346,0,0,2026-03-31,303,True,passed,303,0.0,0.0,4.0,2025.0,00398792,0.9820635661316075,0.9820635661316075,0.0,0.9820635661316075,74.0,74.0,0.18541695357317384,0.31794699692095935,109.0,1.0,0.31794699692095935,0.18598599614291533,1.476879873451526,54.0,1.0,0.3692199683628815,0.22715847204948206,-0.8425617167079048,282.0,1.0,0.29489660084776664,0.0,0.0,78.0,1.0,0.0,0.0,0.0,111.0,1.0,0.0,0
071320,2025,4,202504,지역난방공사,00159698,CFS,CFS,8228997000000.0,2301416000000.0,5927581000000.0,2.575623442263372,1.2741395503861992,3998187000000.0,0.1198431562011939,0.21681258569955153,1,1,1,,529624000000.0,0.6149927542505602,0.5729791337364265,1,1,1,,338886000000.0,0.614741704904805,0.5621589734334509,1,1,1,,677348000000.0,0.6254297621456189,4.564108541656064,1,1,1,,333877000000.0,-0.48633906182834363,-0.5008453364886947,1,1,1,,0.19623480518653522,0.4529713587220575,8228997000000.0,0.08231234013088108,0.04057323146429632,0.13246604023273548,0.06436069912287001,40,20161,20254,758200183497.0,1040072000000.0,0.37176437389257805,89373756956.0,126029000000.0,0.41013429772283055,0,0,677348000000.0,0.08231234013088108,1,1,2026-03-31,35300,True,passed,35300,0.0,0.0,4.0,2025.0,00159698,0.9629357536688881,0.9629357536688881,0.0,0.9629357536688881,75.0,75.0,0.4529713587220575,0.8175832412711459,77.0,1.0,0.8175832412711459,0.21681258569955153,1.7394592772171829,46.0,1.0,0.4348648193042957,1.2741395503861992,1.3986065911615817,44.0,1.0,-0.48951230690655356,1.0,1.0,1.0,1.0,0.15,1.0,1.0,1.0,1.0,0.05,0
298040,2025,4,202504,효성중공업,01316245,CFS,CFS,7227883006296.0,2489720957283.0,4738162049013.0,1.903089595302959,1.0657755475710486,5968511616609.0,0.21931286530979555,0.08109679134854186,1,1,1,,746968417289.0,1.0607191408183723,0.6548714122223402,1,1,1,,502837667965.0,1.255591089761685,,1,1,0,missing_prev_yoy,493009624019.0,0.1963582485117119,0.28999016130101407,1,1,1,,178510692354.0,0.8099800516228892,-0.9816327038499002,1,1,1,,0.07797607336152464,0.5037233092681009,7227883006296.0,0.06820940842423066,0.02469750716752118,0.12515153949107816,0.10334539403008286,31,20182,20254,1624136435057.0,1742955363416.0,0.0731582186042332,219809120666.0,260510805484.0,0.1851683164678422,0,0,493009624019.0,0.06820940842423066,1,1,2026-03-31,281,True,passed,281,0.0,0.0,4.0,2025.0,01316245,0.9248142113809669,0.9248142113809669,0.0,0.9248142113809669,76.0,76.0,0.5037233092681009,0.9123584102696196,65.0,1.0,0.9123584102696196,0.08109679134854186,0.5834386834762499,89.0,1.0,0.14585967086906249,1.0657755475710486,0.9525824850220439,63.0,1.0,-0.33340386975771535,1.0,1.0,1.0,1.0,0.15,1.0,1.0,1.0,1.0,0.05,0
058610,2025,4,202504,에스피지,00220686,CFS,CFS,428472044456.0,257984198541.0,170487845915.0,0.660846078477575,0.5073271583526123,341670161923.0,-0.12048752841778965,-0.107005670410114,1,1,1,,17939051891.0,0.45429443457741625,0.6818885927683496,1,1,1,,9133325305.0,-0.3035304667106369,-0.49620556172626595,1,1,1,,28370862455.0,1.5100707000198539,2.186452711559731,1,1,1,,5037590836.0,-0.2951322825396204,-0.6512187398647334,1,1,1,,-0.10165877603507364,0.5199173243799233,428472044456.0,0.06621403384909379,0.01175710504613169,0.052504005003055576,0.041867496661948896,40,20161,20254,84082160608.0,83825530736.0,-0.0030521322257218847,4932927705.0,4996455998.0,0.012878415577752725,0,0,28370862455.0,0.06621403384909379,1,0,2026-03-31,28111,True,passed,28111,0.0,0.0,4.0,2025.0,00220686,0.9228885333396781,0.9228885333396781,0.0,0.9228885333396781,77.0,77.0,0.5199173243799233,0.9425994256882172,64.0,1.0,0.9425994256882172,-0.107005670410114,-1.018809017804325,264.0,1.0,-0.25470225445108124,0.5073271583526123,-0.24283246315012041,195.0,1.0,0.08499136210254214,1.0,1.0,1.0,1.0,0.15,0.0,0.0,111.0,1.0,0.0,0
086520,2025,4,202504,에코프로,00536541,CFS,CFS,9778714530496.0,4487316128905.0,5291398401591.0,1.1791900212927973,0.7789532578935549,3413021590101.0,0.09117065845334649,0.6603487790031388,1,1,1,,213763514884.0,-1.7294719648932049,0.2533110247927748,1,1,1,,-105539603168.0,-0.6426831997864855,2.5408752450026735,1,1,1,,339076295162.0,-0.30635034580507114,-5.34876130039817,1,1,1,,812065411584.0,-0.4889674603038714,-0.9628269751136029,1,1,1,,0.5070276881321085,0.2257888692078159,9778714530496.0,0.03467493545338226,0.08304418837992299,0.06263174997310057,0.021860083369583488,40,20161,20254,959384246723.0,715105107801.0,-0.2546207525883317,149387016037.0,46775125034.0,-0.6868862751605214,0,0,339076295162.0,0.03467493545338226,0,0,2026-03-31,64992,True,passed,64992,0.0,0.0,4.0,2025.0,00536541,0.899824605529325,0.899824605529325,0.0,0.899824605529325,78.0,78.0,0.2257888692078159,0.39333828899738993,100.0,1.0,0.39333828899738993,0.6603487790031388,2.5,1.0,1.0,0.625,0.7789532578935549,0.33861052419447135,123.0,1.0,-0.11851368346806497,0.0,0.0,78.0,1.0,0.0,0.0,0.0,111.0,1.0,0.0,0
003030,2025,4,202504,세아제강지주,00124197,CFS,CFS,6046779971967.0,2733117514567.0,3313662457400.0,1.212411262866966,0.7940829899168608,3759574982771.0,0.022989420861923016,0.0838723132368191,1,1,1,,205826153302.0,-0.027338459918861857,0.6145727706119822,1,1,1,,97853853614.0,-0.16395322755087327,0.5503324597000654,1,1,1,,17431961261.0,-0.9379062118602318,-0.4430975357657517,1,1,1,,626911772004.0,-0.31006893301420335,-1.1465804272212754,1,1,1,,0.08054010386244989,0.4790703833574322,6046779971967.0,0.002882850267715204,0.10367696111159597,0.05474718664882049,0.0340389685512313,40,20161,20254,923121767071.0,868554388322.0,-0.05911178860199389,39786648116.0,15977941611.0,-0.5984094572527071,0,0,17431961261.0,0.002882850267715204,0,0,2026-03-31,64992,True,passed,64992,0.0,0.0,4.0,2025.0,00124197,0.8882421402515661,0.8882421402515661,0.0,0.8882421402515661,79.0,79.0,0.4790703833574322,0.8663210620622681,69.0,1.0,0.8663210620622681,0.0838723132368191,0.6070804451191779,87.0,1.0,0.15177011127979448,0.7940829899168608,0.37099723740141827,119.0,1.0,-0.1298490330904964,0.0,0.0,78.0,1.0,0.0,0.0,0.0,111.0,1.0,0.0,0
012630,2025,4,202504,HDC,00164636,CFS,CFS,12685578705605.0,5428726196750.0,7256852508855.0,1.3367505093919525,0.8487612930721667,6584797969627.0,0.06201960860698308,0.012601606390935993,1,1,1,,648868134224.0,0.8824213013956224,0.7798909572649484,1,1,1,,416483422703.0,0.6000031936266905,0.37757912968335683,1,1,1,,467347129186.0,-0.0817539427980769,-1.165189214176484,1,1,1,,183068276187.0,-0.45566991222751607,-0.40922073063764297,1,1,1,,0.012522866954680835,0.5765521024640134,12685578705605.0,0.03684082059098393,0.01443121204286195,0.09854032533981533,0.05115006175771105,40,20161,20254,1822061044983.0,1378236957559.0,-0.24358354438566077,196157870210.0,131451903908.0,-0.32986678654661156,0,0,467347129186.0,0.03684082059098393,0,0,2026-03-31,649,True,passed,649,0.0,0.0,4.0,2025.0,00164636,0.8775457242498826,0.8775457242498826,0.0,0.8775457242498826,80.0,80.0,0.5765521024640134,1.0483603000262607,58.0,1.0,1.0483603000262607,0.012601606390935993,0.0,138.0,1.0,0.0,0.8487612930721667,0.48804164507536585,107.0,1.0,-0.17081457577637804,0.0,0.0,78.0,1.0,0.0,0.0,0.0,111.0,1.0,0.0,0
071970,2025,4,202504,HD현대마린엔진,00406046,CFS,CFS,814697175815.0,488912211304.0,325784964511.0,0.6663465484776584,0.5106335344046056,402396221904.0,0.2742364841836995,-0.014609199690681862,1,1,1,,75911594792.0,1.2869308392582712,0.43512296443895093,1,1,1,,165101642055.0,1.1788379069530484,-0.2159626134335837,1,1,1,,180601821406.0,0.7804408986863369,-1.008265720879527,1,1,1,,13799276668.0,0.6725842414895806,0.1750493832736595,1,1,1,,-0.014503513417330052,0.361250535044944,814697175815.0,0.22167969494349976,0.016937921325424498,0.18864887556054213,0.09317768251259763,40,20161,20254,109168868171.0,110975645737.0,0.01655030043152869,20288215799.0,27888898788.0,0.3746353579980471,0,0,180601821406.0,0.22167969494349976,1,1,2026-03-31,29119,True,passed,29119,0.0,0.0,4.0,2025.0,00406046,0.8708711180971603,0.8708711180971603,0.0,0.8708711180971603,81.0,81.0,0.361250535044944,0.6463020102809939,81.0,1.0,0.6463020102809939,-0.014609199690681862,-0.2317803344339136,206.0,1.0,-0.0579450836084784,0.5106335344046056,-0.23575483264184227,192.0,1.0,0.08251419142464479,1.0,1.0,1.0,1.0,0.15,1.0,1.0,1.0,1.0,0.05,0
014620,2025,4,202504,성광벤드,00132318,CFS,CFS,590271819146.0,549501000618.0,40770818528.0,0.07419607695372132,0.07157254641936314,245669879092.0,0.07899907978744669,0.18504751820607923,1,1,1,,41955658561.0,-0.0007723838212239098,0.06269251367898743,1,1,1,,34432123396.0,-0.16034617431126752,-0.20728109520052285,1,1,1,,37880016780.0,0.3288733034190927,0.5269562478536101,1,1,1,,5455187888.0,0.853077605352077,0.7519233826450642,1,1,1,,0.16978287353508656,0.06080579474855735,590271819146.0,0.06417385270874776,0.009241823361807306,0.17078063748013725,0.0710785390732376,40,20161,20254,64561382389.0,59301063464.0,-0.08147779261145832,11730562117.0,8709644587.0,-0.25752538538814507,0,0,37880016780.0,0.06417385270874776,0,0,2026-03-31,24133,True,passed,24133,0.0,0.0,4.0,2025.0,00132318,0.8639303761189046,0.8639303761189046,0.0,0.8639303761189046,82.0,82.0,0.06080579474855735,0.08524572121364828,132.0,1.0,0.08524572121364828,0.18504751820607923,1.468885963627382,55.0,1.0,0.3672214909068455,0.07157254641936314,-1.1756090399954595,317.0,1.0,0.4114631639984108,0.0,0.0,78.0,1.0,0.0,0.0,0.0,111.0,1.0,0.0,0
185750,2025,4,202504,종근당,00992871,CFS,CFS,1800298497462.0,1006355957106.0,793942540356.0,0.7889281468946218,0.5816166398824429,1692403987134.0,0.0667997569108687,0.11650229825560354,1,1,1,,80567677778.0,-0.18996153865489307,0.4067057894030287,1,1,1,,77826740534.0,-0.30163733078161126,0.17663708869311467,1,1,1,,67358554736.0,0.047745086377769086,0.8456798155734988,1,1,1,,179131767332.0,1.709917454272992,3.6706221912964097,1,1,1,,0.1102008507425342,0.34125065136487526,1800298497462.0,0.03741521466076865,0.0995011480510226,0.047605464410679664,0.04475239961127646,40,20161,20254,429818748658.0,426780287100.0,-0.00706916942894377,20987243788.0,23484239940.0,0.11897684980567683,0,0,67358554736.0,0.03741521466076865,0,0,2026-03-31,212,True,passed,212,0.0,0.0,4.0,2025.0,00992871,0.8595420382477398,0.8595420382477398,0.0,0.8595420382477398,83.0,83.0,0.34125065136487526,0.6089538426670479,83.0,1.0,0.6089538426670479,0.11650229825560354,0.885021084493937,76.0,1.0,0.22125527112348425,0.5816166398824429,-0.08380835559202203,173.0,1.0,0.02933292445720771,0.0,0.0,78.0,1.0,0.0,0.0,0.0,111.0,1.0,0.0,0
383220,2025,4,202504,F&F,01568413,CFS,CFS,2651445897849.0,1878678882040.0,772767015809.0,0.41133533952852863,0.3445363055328274,1933995926896.0,0.020034886431284926,0.06172613329518617,1,1,1,,468574150329.0,0.039572239241902674,0.22277505765786,1,1,1,,400686468976.0,0.12565084077003585,0.28813332607934816,1,1,1,,355205411881.0,-0.10940618147303194,0.05449029846046516,1,1,1,,26537132255.0,-0.9468129248650914,-6.691579989118666,1,1,1,,0.0598960113103125,0.20112291309822652,2651445897849.0,0.13396668292163244,0.010008551287630795,0.2422829044325063,0.17672400960892068,19,20212,20254,474257191766.0,575251747519.0,0.21295313493702597,128019678069.0,132908182321.0,0.03818556901357927,0,0,355205411881.0,0.13396668292163244,1,1,2026-03-31,14111,True,passed,14111,0.0,0.0,4.0,2025.0,01568413,0.858842626169814,0.858842626169814,0.0,0.858842626169814,84.0,84.0,0.20112291309822652,0.34727660794585224,105.0,1.0,0.34727660794585224,0.06172613329518617,0.4184403519918773,99.0,1.0,0.10461008799796932,0.3445363055328274,-0.5913026577885494,232.0,1.0,0.2069559302259923,1.0,1.0,1.0,1.0,0.15,1.0,1.0,1.0,1.0,0.05,0
004370,2025,4,202504,농심,00108241,CFS,CFS,3822122467403.0,2831185859403.0,990936608000.0,0.3500076141977322,0.3001102325809008,3514315500097.0,0.02198038905057098,0.01372030977752181,1,1,1,,183933032197.0,0.12791192326161505,0.35893010538294357,1,1,1,,170054449646.0,0.07881818611996105,0.15952602557632867,1,1,1,,268700833743.0,-0.0141020825996645,0.15299961981755583,1,1,1,,67855207819.0,-0.45850290471287714,-0.6163659986009878,1,1,1,,0.013627038499507171,0.3066977029287637,3822122467403.0,0.07030147150820443,0.017753279335684203,0.052338224098525926,0.048123270189711145,40,20161,20254,871156324854.0,882397670012.0,0.012903935651140425,54375550192.0,33353485977.0,-0.3866087633278398,0,0,268700833743.0,0.07030147150820443,0,1,2026-03-31,108,True,passed,108,0.0,0.0,4.0,2025.0,00108241,0.8370516647077629,0.8370516647077629,0.0,0.8370516647077629,85.0,85.0,0.3066977029287637,0.5444290019033994,91.0,1.0,0.5444290019033994,0.01372030977752181,0.009529061516864695,137.0,1.0,0.002382265379216174,0.3001102325809008,-0.686401135500421,250.0,1.0,0.24024039742514736,0.0,0.0,78.0,1.0,0.0,1.0,1.0,1.0,1.0,0.05,0
007660,2025,4,202504,이수페타시스,00107613,CFS,CFS,1289510030680.0,756197181444.0,533312849236.0,0.7052563303893964,0.5337154398398322,1088025119176.0,0.3001171864944332,0.06092516713737872,1,1,1,,204724531402.0,1.0094902861231647,0.37075168094973865,1,1,1,,160482561697.0,1.1676840288981674,0.6163559080670582,1,1,1,,168752524669.0,0.9876409356270845,0.3696544874699701,1,1,1,,155107543067.0,1.4921007423858668,-164.13272554785243,1,1,1,,0.059141326642453945,0.31535926160054933,1289510030680.0,0.13086561612864026,0.12028409192381917,0.1881615854209737,0.15876148810881463,40,20161,20254,296132768434.0,297983018366.0,0.00624804185563264,58429667779.0,56540428466.0,-0.0323335624660013,0,0,168752524669.0,0.13086561612864026,0,1,2026-03-31,2622,True,passed,2622,0.0,0.0,4.0,2025.0,00107613,0.7787291957819027,0.7787291957819027,0.0,0.7787291957819027,86.0,86.0,0.31535926160054933,0.5606037632293495,88.0,1.0,0.5606037632293495,0.06092516713737872,0.4116177608723783,100.0,1.0,0.10290444021809457,0.5337154398398322,-0.18634569238416765,188.0,1.0,0.06522099233445867,0.0,0.0,78.0,1.0,0.0,1.0,1.0,1.0,1.0,0.05,0
018670,2025,4,202504,SK가스,00144164,CFS,CFS,8031885593897.0,3144548995496.0,4887336598401.0,1.5542249796079595,0.937748842848959,7676318981997.0,0.08179607282432966,0.06697329619191628,1,1,1,,442831411929.0,0.5420178741383037,0.5960993584229127,1,1,1,,233818515354.0,0.3153011604316993,0.7532609358818214,1,1,1,,672579940927.0,0.8015631584427791,1.1967070520661944,1,1,1,,299802978662.0,-0.1615442477550767,0.21802959298176305,1,1,1,,0.06482594500729448,0.4675627517408245,8031885593897.0,0.08373873520285915,0.03732659973267102,0.05768798990343638,0.05513417823897839,40,20161,20254,1950225726095.0,2018713526855.0,0.03511788396778835,173452991929.0,35795255124.0,-0.7936313768594307,0,0,672579940927.0,0.08373873520285915,0,1,2026-03-31,46713,True,passed,46713,0.0,0.0,4.0,2025.0,00144164,0.7731303913663347,0.7731303913663347,0.0,0.7731303913663347,87.0,87.0,0.4675627517408245,0.8448314893561567,73.0,1.0,0.8448314893561567,0.06697329619191628,0.46313543259277573,94.0,1.0,0.11578385814819393,0.937748842848959,0.6785284461086172,87.0,1.0,-0.23748495613801598,0.0,0.0,78.0,1.0,0.0,1.0,1.0,1.0,1.0,0.05,0
014680,2025,4,202504,한솔케미칼,00140955,CFS,CFS,1600348080121.0,1177266387675.0,423081692446.0,0.3593763458086576,0.30702602531458373,883968714104.0,0.13861115655086542,0.1325173239206363,1,1,1,,156233146521.0,0.21275133227998366,0.1750450283566991,1,1,1,,148134823618.0,0.18608542413407836,0.037003177943976784,1,1,1,,200397744222.0,0.23430086503226244,0.10770033206338137,1,1,1,,83860226658.0,-0.2455236572070193,0.056532609681005264,1,1,1,,0.12444287531821771,0.16130646886755434,1600348080121.0,0.1252213482249738,0.05240124176714071,0.17674058372004667,0.09762447836297429,40,20161,20254,230042814744.0,222437528373.0,-0.03306030827115135,48806980313.0,16875619175.0,-0.6542375892387449,0,0,200397744222.0,0.1252213482249738,0,0,2026-03-31,20129,True,passed,20129,0.0,0.0,4.0,2025.0,00140955,0.7633407040600164,0.7633407040600164,0.0,0.7633407040600164,88.0,88.0,0.16130646886755434,0.2729226138573542,112.0,1.0,0.2729226138573542,0.1325173239206363,1.0214363010617624,69.0,1.0,0.2553590752654406,0.30702602531458373,-0.671597185534919,246.0,1.0,0.23505901493722162,0.0,0.0,78.0,1.0,0.0,0.0,0.0,111.0,1.0,0.0,0
000720,2025,4,202504,현대건설,00164478,CFS,CFS,27791708000000.0,10112865000000.0,17678843000000.0,1.7481537625588792,1.010929327146565,31062912000000.0,-0.04919935153271471,-0.15101293800701998,1,1,1,,653006000000.0,-1.5168558357474158,1.0917152654328293,1,1,1,,559068000000.0,-1.7296432752430435,0.4414452937357287,1,1,1,,-748259000000.0,5.298476430976431,6.132256561825608,1,1,1,,115862000000.0,-0.4187836102415924,-0.2597555980917443,1,1,1,,-0.1406423703429642,0.7379844305497003,27791708000000.0,-0.026923822026339656,0.004168941325952331,0.02102204712809926,0.023496432820897514,40,20161,20254,7826469000000.0,8060144000000.0,0.02985701470228784,103538000000.0,118770000000.0,0.14711506886360562,0,0,-748259000000.0,-0.026923822026339656,0,1,2026-03-31,41221,True,passed,41221,0.0,0.0,4.0,2025.0,00164478,0.7590944135428499,0.7590944135428499,0.0,0.7590944135428499,89.0,89.0,0.7379844305497003,1.3498221357099487,52.0,1.0,1.3498221357099487,-0.15101293800701998,-1.393660801707345,271.0,1.0,-0.34841520042683627,1.010929327146565,0.8351786335436076,71.0,1.0,-0.2923125217402626,0.0,0.0,78.0,1.0,0.0,1.0,1.0,1.0,1.0,0.05,0
007070,2025,4,202504,GS리테일,00140177,CFS,CFS,7483097413933.0,3276094767814.0,4207002646119.0,1.2841516940995439,0.825994705568856,11957421688837.0,0.0284255336847119,0.02718787643041254,1,1,1,,292119604403.0,0.22172164856884025,0.6147876820389943,1,1,1,,50239032621.0,4.130772878451961,4.688659913991578,1,1,1,,938584394003.0,0.4217025034108832,0.6832872446157051,1,1,1,,234204359354.0,-0.4742980835672922,-0.599763912528206,1,1,1,,0.026824851343422912,0.4792034818024527,7483097413933.0,0.12542725853807837,0.03129778304341301,0.024429982650499973,0.03903725800216016,40,20161,20254,3196330594985.0,3025971692834.0,-0.053298273469675146,113885591073.0,53320020685.0,-0.5318106515263886,0,0,938584394003.0,0.12542725853807837,0,0,2026-03-31,47122,True,passed,47122,0.0,0.0,4.0,2025.0,00140177,0.7438732828176738,0.7438732828176738,0.0,0.7438732828176738,90.0,90.0,0.4792034818024527,0.8665696126595267,68.0,1.0,0.8665696126595267,0.02718787643041254,0.12424514502630409,119.0,1.0,0.03106128625657602,0.825994705568856,0.4393074745669396,113.0,1.0,-0.15375761609842883,0.0,0.0,78.0,1.0,0.0,0.0,0.0,111.0,1.0,0.0,0
006730,2025,4,202504,서부T&D,00130383,CFS,CFS,3255148135822.0,1386945844103.0,1868202291719.0,1.346990078713023,0.8531336896392542,248329962530.0,0.32457402107354194,0.21629181035114375,1,1,1,,70337173396.0,0.465779987817162,0.17665062495457406,1,1,1,,116197439307.0,0.7972117452899996,1.3587216233711392,1,1,1,,106128379142.0,0.6876302588817371,0.41306955607060947,1,1,1,,465749600.0,71.56972620583488,,1,1,0,missing_prev_yoy,0.19580673037214938,0.16267194900108148,3255148135822.0,0.03260324099357774,0.00014308092306907793,0.28324078447643136,0.021607979256599404,40,20161,20254,66902257740.0,80683341921.0,0.20598832754728497,21316991469.0,24887129386.0,0.1674785075648144,0,0,106128379142.0,0.03260324099357774,1,1,2026-03-31,551,True,passed,551,0.0,0.0,4.0,2025.0,00130383,0.7351379523065934,0.7351379523065934,0.0,0.7351379523065934,91.0,91.0,0.16267194900108148,0.27547253773272695,110.0,1.0,0.27547253773272695,0.21629181035114375,1.7350233379048068,47.0,1.0,0.4337558344762017,0.8531336896392542,0.49740119972095814,104.0,1.0,-0.17409041990233534,1.0,1.0,1.0,1.0,0.15,1.0,1.0,1.0,1.0,0.05,0
192650,2025,4,202504,드림텍,00415646,CFS,CFS,863145953162.0,484177875244.0,378968077918.0,0.7827042442346631,0.57813144976303,1230621374284.0,0.04940861267780061,-0.08869573761713823,1,1,1,,31373220604.0,0.3319544619486301,0.6401088469748301,1,1,1,,13246702211.0,0.0397413430617235,0.5670587733224259,1,1,1,,95857225063.0,1.1620298737501793,1.770305377483222,1,1,1,,33810277516.0,-1.4919975379676715,0.886236111628891,1,1,1,,-0.08498040878494066,0.49476260974031266,863145953162.0,0.11105563863427972,0.03917098538450113,0.025493804398004676,0.03634752672948199,29,20184,20254,322527326934.0,275513802683.0,-0.14576601833375985,10554892907.0,2053337248.0,-0.805461100733838,0,0,95857225063.0,0.11105563863427972,0,0,2026-03-31,2629,True,passed,2629,0.0,0.0,4.0,2025.0,00415646,0.7118576187741396,0.7118576187741396,0.0,0.7118576187741396,92.0,92.0,0.49476260974031266,0.895625027553221,67.0,1.0,0.895625027553221,-0.08869573761713823,-0.8628458929527852,254.0,1.0,-0.2157114732381963,0.57813144976303,-0.09126875559747097,175.0,1.0,0.03194406445911484,0.0,0.0,78.0,1.0,0.0,0.0,0.0,111.0,1.0,0.0,0
000880,2025,4,202504,한화,00160588,CFS,CFS,289329420000000.0,48435327000000.0,240894093000000.0,4.973520525627916,1.787336456383395,74785440000000.0,0.34392994792209985,0.29665367351420846,1,1,1,,4146883000000.0,0.7163476482228244,0.7146108576161707,1,1,1,,1991600000000.0,0.17815898165796473,0.1445799560910943,1,1,1,,8320196000000.0,0.20916332374309188,-0.6047714600977259,1,1,1,,6096895000000.0,0.029197330421753653,-0.2646788780143985,1,1,1,,0.2597868484859801,0.5391861496909527,289329420000000.0,0.028756826734039006,0.021072502754818367,0.055450405854401606,0.01433273878612137,40,20161,20254,17786617000000.0,21113996000000.0,0.1870720553548772,1344206000000.0,395273000000.0,-0.7059431366918464,0,0,8320196000000.0,0.028756826734039006,0,0,2026-03-31,20494,True,passed,20494,0.0,0.0,4.0,2025.0,00160588,0.7094631886336455,0.7094631886336455,0.0,0.7094631886336455,93.0,93.0,0.5391861496909527,0.9785824008370855,63.0,1.0,0.9785824008370855,0.29665367351420846,2.419541814270358,32.0,1.0,0.6048854535675895,1.787336456383395,2.497156187917227,26.0,1.0,-0.8740046657710294,0.0,0.0,78.0,1.0,0.0,0.0,0.0,111.0,1.0,0.0,0
267270,2025,4,202504,HD건설기계,01205842,CFS,CFS,3602695392000.0,1930295930000.0,1672399462000.0,0.8663953728587098,0.6240089625421502,3776524012000.0,0.09844548477295167,0.19959788335387996,1,1,1,,170883006000.0,-0.10260709165084592,0.15711078316561533,1,1,1,,87034895000.0,0.012425330124805178,0.3379208592815288,1,1,1,,166035785000.0,-0.3629058051352585,-0.1820042258750041,1,1,1,,154525913000.0,-0.17723046896308303,-0.6303589921460042,1,1,1,,0.1819864034312403,0.14592619398698456,3602695392000.0,0.04608654547056417,0.042891750810555344,0.045248754001567304,0.047431988388320565,35,20172,20254,954714428000.0,947262169000.0,-0.0078057467043956726,55813781000.0,33375023000.0,-0.40202898993709096,0,0,166035785000.0,0.04608654547056417,0,0,2026-03-31,291,True,passed,291,0.0,0.0,4.0,2025.0,01205842,0.6399796744638667,0.6399796744638667,0.0,0.6399796744638667,94.0,94.0,0.14592619398698456,0.24420119260426273,115.0,1.0,0.24420119260426273,0.19959788335387996,1.5928252725172825,50.0,1.0,0.3982063181293206,0.6240089625421502,0.0069366750563332365,158.0,1.0,-0.0024278362697166328,0.0,0.0,78.0,1.0,0.0,0.0,0.0,111.0,1.0,0.0,0
267250,2025,4,202504,HD현대,01205709,CFS,CFS,78685890494000.0,30335091114000.0,48350799380000.0,1.5938900331070882,0.9531586922073287,71259438270000.0,0.05155729215078697,-0.05335362626808049,1,1,1,,6099636253000.0,1.0446877046010123,0.5762804162004451,1,1,1,,3675482625000.0,0.9042180590873248,-0.552005376733528,1,1,1,,7384884225000.0,-0.016854903849144787,-0.9258093918801722,1,1,1,,2288918348000.0,0.2248220206574143,0.38614736478565903,1,1,1,,-0.051979004189514975,0.4550679046693855,78685890494000.0,0.0938527120762917,0.029089311103043764,0.08559759101508281,0.07751880565506357,35,20172,20254,18224352745000.0,18737127628000.0,0.028136795318598296,1702387190000.0,1971965252000.0,0.15835296669496204,0,0,7384884225000.0,0.0938527120762917,1,1,2026-03-31,64992,True,passed,64992,0.0,0.0,4.0,2025.0,01205709,0.632017325927261,0.632017325927261,0.0,0.632017325927261,95.0,95.0,0.4550679046693855,0.8214983715140872,76.0,1.0,0.8214983715140872,-0.05335362626808049,-0.5618034922420242,236.0,1.0,-0.14045087306050605,0.9531586922073287,0.711514778646629,80.0,1.0,-0.24903017252632015,1.0,1.0,1.0,1.0,0.15,1.0,1.0,1.0,1.0,0.05,0
069960,2025,4,202504,현대백화점,00428251,CFS,CFS,11249807365000.0,6310743780000.0,4939063585000.0,0.7826436561491964,0.5780974625689801,4230320613000.0,0.010198204578557801,0.014913273646490866,1,1,1,,377947571000.0,0.3306022360619436,0.39461940142283003,1,1,1,,141528509000.0,-188.8159336685471,-187.83487838640178,1,1,1,,986166052000.0,0.34371680753987177,0.37521280658607015,1,1,1,,583004625000.0,0.21943690239045588,-0.07435454585801171,1,1,1,,0.014803164159885524,0.3326215475270426,11249807365000.0,0.08766070564622508,0.051823520713236676,0.08934253584433932,0.03359591491102835,40,20161,20254,1010252835000.0,1041686106000.0,0.031114261609570242,72695325000.0,105916500000.0,0.4569919042249278,0,0,986166052000.0,0.08766070564622508,0,0,2026-03-31,47111,True,passed,47111,0.0,0.0,4.0,2025.0,00428251,0.6297318836949084,0.6297318836949084,0.0,0.6297318836949084,96.0,96.0,0.3326215475270426,0.5928396881225044,85.0,1.0,0.5928396881225044,0.014913273646490866,0.019690670242745664,134.0,1.0,0.004922667560686416,0.5780974625689801,-0.0913415086049074,176.0,1.0,0.03196952801171759,0.0,0.0,78.0,1.0,0.0,0.0,0.0,111.0,1.0,0.0,0
103590,2025,4,202504,일진전기,00683469,CFS,CFS,1525996520000.0,588671403000.0,937325117000.0,1.592272212006874,0.9525347930401877,2044552052000.0,0.29627862413472994,0.031172877795910825,1,1,1,,151226606000.0,0.896448383982295,0.5839635800456755,1,1,1,,103889478000.0,,,1,0,0,missing_ttm_yoy,86862549000.0,-0.17803980415172915,-1.3249341525170855,1,1,1,,27140068000.0,-0.6153791004130837,-2.5536915181276845,1,1,1,,0.030696870702601988,0.4599303007324981,1525996520000.0,0.056921852613399146,0.017785144097183132,0.07396564242620711,0.09910022992712984,40,20161,20254,450153532000.0,614150029000.0,0.36431236309837506,35336328000.0,44240495000.0,0.2519833696359169,0,0,86862549000.0,0.056921852613399146,0,0,2026-03-31,2830,True,passed,2830,0.0,0.0,4.0,2025.0,00683469,0.6215630612163845,0.6215630612163845,0.0,0.6215630612163845,97.0,97.0,0.4599303007324981,0.8305785034826295,75.0,1.0,0.8305785034826295,0.031172877795910825,0.15818919455002473,116.0,1.0,0.03954729863750618,0.9525347930401877,0.7101792597250035,81.0,1.0,-0.24856274090375122,0.0,0.0,78.0,1.0,0.0,0.0,0.0,111.0,1.0,0.0,0
241560,2025,4,202504,두산밥캣,01032486,CFS,CFS,8558454000.0,5011583000.0,3546871000.0,0.7077346618822835,0.5351677331122714,6181806000.0,-0.013956730450983001,0.14742336736492334,1,1,1,,482437000.0,-0.24485534547879295,0.15511345861318226,1,1,1,,282899000.0,-0.31506262272140695,0.09982124814801974,1,1,1,,822394000.0,0.5425363504043936,1.005441088262009,1,1,1,,241596000.0,-0.10551141454456592,2.2342364227438747,1,1,1,,0.13751887846973912,0.1441985717147801,8558454000.0,0.09609142024949834,0.02822893013154011,0.07804143319929484,0.056369643395875,37,20164,20254,1529458000.0,1641331000.0,0.07314551952390978,97607000.0,101742000.0,0.0423637648939113,0,0,822394000.0,0.09609142024949834,0,0,2026-03-31,29241,True,passed,29241,0.0,0.0,4.0,2025.0,01032486,0.5922092320595034,0.5922092320595034,0.0,0.5922092320595034,98.0,98.0,0.1441985717147801,0.24097499753092935,117.0,1.0,0.24097499753092935,0.14742336736492334,1.1484052605347146,63.0,1.0,0.28710131513367865,0.5351677331122714,-0.1832369125568439,187.0,1.0,0.06413291939489536,0.0,0.0,78.0,1.0,0.0,0.0,0.0,111.0,1.0,0.0,0
026960,2025,4,202504,동서,00144395,CFS,CFS,1798366336076.0,1737278347482.0,61087988594.0,0.03516304032830463,0.03455894119852598,532878500925.0,0.09004228825093064,0.09174773368203293,1,1,1,,45337393517.0,0.01934543688606527,0.0027868280314560234,1,1,1,,146463695390.0,-0.0791126361221447,-0.16621968771342688,1,1,1,,106243502438.0,-0.06179039905252426,-0.020718524277761996,1,1,1,,2135889694.0,0.6917431250357069,1.2752846382167304,1,1,1,,0.08777983752338274,0.002782952025721967,1798366336076.0,0.05907778649250143,0.0011876833163261215,0.08508017012940255,0.025210321505419915,40,20161,20254,137322183792.0,129875349074.0,-0.054228927274267764,13458776085.0,8372198305.0,-0.37793761838931733,0,0,106243502438.0,0.05907778649250143,0,0,2026-03-31,4632,True,passed,4632,0.0,0.0,4.0,2025.0,00144395,0.5846276071978926,0.5846276071978926,0.0,0.5846276071978926,99.0,99.0,0.002782952025721967,-0.023107251739374234,187.0,1.0,-0.023107251739374234,0.09174773368203293,0.6741628968159126,85.0,1.0,0.16854072420397814,0.03455894119852598,-1.2548403849522538,319.0,1.0,0.4391941347332888,0.0,0.0,78.0,1.0,0.0,0.0,0.0,111.0,1.0,0.0,0
128940,2025,4,202504,한미약품,00828497,CFS,CFS,2137597680857.0,1422853222734.0,714744458123.0,0.5023318264336674,0.4070184520004048,1547531098763.0,0.0347906843061927,0.03169580829826879,1,1,1,,257799090185.0,0.19248640518072824,0.2128989987471771,1,1,1,,187135533539.0,0.3325793506216925,0.48336662805928254,1,1,1,,173072329954.0,-0.10550798771777947,0.0009441424509203378,1,1,1,,76547028930.0,0.22368692147750902,-0.20657682540704214,1,1,1,,0.03120386420837802,0.193013360829164,2137597680857.0,0.08096581106160833,0.03580983906162874,0.166587340565284,0.12060225013045667,40,20161,20254,362345363924.0,432960488776.0,0.19488347825753097,55068868499.0,83272065418.0,0.5121441149551156,0,0,173072329954.0,0.08096581106160833,0,1,2026-03-31,21212,True,passed,21212,0.0,0.0,4.0,2025.0,00828497,0.5829372153344378,0.5829372153344378,0.0,0.5829372153344378,100.0,100.0,0.193013360829164,0.3321326739978343,106.0,1.0,0.3321326739978343,0.03169580829826879,0.16264349135985362,115.0,1.0,0.040660872839963405,0.4070184520004048,-0.45755333856182856,214.0,1.0,0.16014366849664,0.0,0.0,78.0,1.0,0.0,1.0,1.0,1.0,1.0,0.05,0
402340,2025,4,202504,SK스퀘어,01596425,CFS,CFS,30504546000000.0,27983163000000.0,2521383000000.0,0.09010357406702023,0.08627271380657554,1411521000000.0,-0.259670168691988,,1,1,0,missing_prev_yoy,8797421000000.0,1.2484944089365007,,1,1,0,missing_prev_yoy,8818695000000.0,1.4157399709356078,,1,1,0,missing_prev_yoy,387202000000.0,1.0383987702285817,,1,1,0,missing_prev_yoy,38634000000.0,-0.36260146505642443,,1,1,0,missing_prev_yoy,,,30504546000000.0,0.01269325562163751,0.0012664997538399687,6.232582441210581,0.2883970474433548,10,20233,20254,407889000000.0,194230000000.0,-0.5238165285163365,2645508000000.0,3098486000000.0,0.17122533743991702,0,0,387202000000.0,0.01269325562163751,1,0,2026-03-31,64992,True,passed,64992,0.0,0.0,4.0,2025.0,01596425,0.5504496485848108,0.5504496485848108,0.0,0.5504496485848108,101.0,102.0,,0.0,138.0,1.0,0.0,,0.0,138.0,1.0,0.0,0.08627271380657554,-1.1441418530994596,314.0,1.0,0.40044964858481086,1.0,1.0,1.0,1.0,0.15,0.0,0.0,111.0,1.0,0.0,0
000150,2025,4,202504,두산,00117212,CFS,CFS,32927788000000.0,12234321000000.0,20693467000000.0,1.6914275013709383,0.9900717225130247,19784138000000.0,0.09106465968935762,0.14319477527453195,1,1,1,,1062715000000.0,0.05873521432933604,0.3598663052336748,1,1,1,,249511000000.0,-0.1744251837195221,-0.28525310380845315,1,1,1,,981908000000.0,2.189773576324595,3.028496966704478,1,1,1,,898363000000.0,-0.033597426836417976,-0.16274393380803687,1,1,1,,0.13382677735937148,0.30738638994047074,32927788000000.0,0.029820041358380952,0.027282822642079693,0.053715506836840704,0.0322741084217379,40,20161,20254,4452365000000.0,5686658000000.0,0.27722188095540234,231269000000.0,275208000000.0,0.1899908764252883,0,0,981908000000.0,0.029820041358380952,0,0,2026-03-31,64992,True,passed,64992,0.0,0.0,4.0,2025.0,00117212,0.5471258570118624,0.5471258570118624,0.0,0.5471258570118624,102.0,103.0,0.30738638994047074,0.5457150692805018,90.0,1.0,0.5457150692805018,0.14319477527453195,1.1123863169592934,64.0,1.0,0.27809657923982334,0.9900717225130247,0.7905308328813223,74.0,1.0,-0.2766857915084628,0.0,0.0,78.0,1.0,0.0,0.0,0.0,111.0,1.0,0.0,0
068760,2025,4,202504,셀트리온제약,00541349,CFS,OFS,759440541950.0,435963146742.0,323477395208.0,0.7419833479627389,0.5550243192357925,536400308882.0,0.12256315127761441,-0.10645503173624316,1,1,1,,56091784420.0,0.5069140113612343,0.4749702670377389,1,1,1,,38751698960.0,0.764157863797134,0.7311868299122957,1,1,1,,86430331164.0,0.5273596429115925,-4.934921388724531,1,1,1,,17922600521.0,1.995582996736991,2.128261980009099,1,1,1,,-0.101161239589366,0.3886378316480931,759440541950.0,0.11380789724772213,0.02359974156104506,0.1045707533929466,0.07385934951006733,40,20161,20254,138174746689.0,154403894807.0,0.11745379316329148,16108051192.0,13724462173.0,-0.1479750089311735,0,0,86430331164.0,0.11380789724772213,0,1,2026-03-31,212,True,passed,212,0.0,0.0,4.0,2025.0,00541349,0.5431720613474733,0.5431720613474733,0.0,0.5431720613474733,103.0,104.0,0.3886378316480931,0.6974455749331535,79.0,1.0,0.6974455749331535,-0.10645503173624316,-1.0141187041252955,262.0,1.0,-0.25352967603132387,0.5550243192357925,-0.140731892701839,181.0,1.0,0.049256162445643646,0.0,0.0,78.0,1.0,0.0,1.0,1.0,1.0,1.0,0.05,0
033780,2025,4,202504,케이티앤지,00244455,CFS,CFS,14189127000000.0,9336169000000.0,4852958000000.0,0.5198018587709798,0.41857997028937005,6579707000000.0,0.11354520517899425,0.10566748249994085,1,1,1,,1343666000000.0,0.13025755080273282,0.11185839237705242,1,1,1,,1102316000000.0,-0.05380519639931025,-0.31686705612668375,1,1,1,,582875000000.0,-0.29114347389863493,0.05934661569901689,1,1,1,,674481000000.0,-0.15393010224625658,-0.7067562628829754,1,1,1,,0.1004492091620211,0.10603284273466454,14189127000000.0,0.04107898956715237,0.04753505976794767,0.20421365267480757,0.09469687599526032,40,20161,20254,1826896000000.0,1713800000000.0,-0.061906096460882284,465289000000.0,242935000000.0,-0.47788363791106175,0,0,582875000000.0,0.04107898956715237,0,0,2026-03-31,12000,True,passed,12000,0.0,0.0,4.0,2025.0,00244455,0.519367903431436,0.519367903431436,0.0,0.519367903431436,104.0,105.0,0.10603284273466454,0.1697035808637253,125.0,1.0,0.1697035808637253,0.10566748249994085,0.792730646208324,81.0,1.0,0.198182661552081,0.41857997028937005,-0.4328047457589422,208.0,1.0,0.15148166101562976,0.0,0.0,78.0,1.0,0.0,0.0,0.0,111.0,1.0,0.0,0
166090,2025,4,202504,하나머티리얼즈,00660750,CFS,CFS,685606173112.0,463680286012.0,221925887100.0,0.4786183363729563,0.3911080952359938,273481969679.0,0.08677174181366687,0.009411826307921922,1,1,1,,50081056398.0,0.15362942474446495,0.1020601174687672,1,1,1,,38375641020.0,0.2084306036752317,0.27970654828555663,1,1,1,,68543052519.0,-0.09435097593459929,-0.806825403624224,1,1,1,,20320689502.0,-0.5326851714976368,0.11050305858558884,1,1,1,,0.009367811031259858,0.09718126229971638,685606173112.0,0.09997438063878528,0.029639011868524162,0.1831237959006319,0.07304639071535723,36,20171,20254,69836435716.0,80920853813.0,0.15871969958599255,11998187219.0,20866809840.0,0.7391635468861406,0,0,68543052519.0,0.09997438063878528,1,1,2026-03-31,2612,True,passed,2612,0.0,0.0,4.0,2025.0,00660750,0.5184452411380553,0.5184452411380553,0.0,0.5184452411380553,105.0,106.0,0.09718126229971638,0.15317396924092247,127.0,1.0,0.15317396924092247,0.009411826307921922,-0.027170392975277867,186.0,1.0,-0.006792598243819467,0.3911080952359938,-0.491611057545578,220.0,1.0,0.17206387014095229,1.0,1.0,1.0,1.0,0.15,1.0,1.0,1.0,1.0,0.05,0
375500,2025,4,202504,DL이앤씨,01524093,CFS,CFS,9669288095980.0,5244091831162.0,4425196264818.0,0.8438441597307904,0.6118526094864775,7402425126660.0,-0.11011884923751636,-0.1510869648828045,1,1,1,,386953267819.0,0.4281624256429828,0.6087546980962242,1,1,1,,370189019489.0,0.6149680270940527,0.481148272300971,1,1,1,,232139885997.0,0.2356436272826259,0.4235135037294453,1,1,1,,14897180294.0,1.6303869672900615,1.8640567223593962,1,1,1,,-0.14070668282194662,0.4754604002634685,9669288095980.0,0.024007960430252565,0.0015406698141710654,0.05227385096073166,0.040018796004214166,20,20211,20254,1906994631344.0,1695819307050.0,-0.11073724111387201,116756387904.0,63020084342.0,-0.4602429428202534,0,0,232139885997.0,0.024007960430252565,0,0,2026-03-31,412,True,passed,412,0.0,0.0,4.0,2025.0,01524093,0.5176866978925632,0.5176866978925632,0.0,0.5176866978925632,106.0,107.0,0.4754604002634685,0.8595797101707453,71.0,1.0,0.8595797101707453,-0.1510869648828045,-1.394291359066615,272.0,1.0,-0.34857283976665376,0.6118526094864775,-0.019085221395633154,163.0,1.0,0.006679827488471604,0.0,0.0,78.0,1.0,0.0,0.0,0.0,111.0,1.0,0.0,0
015750,2025,4,202504,성우하이텍,00132992,CFS,CFS,4867042087907.0,2073091920916.0,2793950166991.0,1.3477213136581456,0.8534452039752469,4382670411366.0,0.032408645283380944,0.050200136913023274,1,1,1,,242683147425.0,0.17874508304566628,0.37679862778329554,1,1,1,,177848204213.0,0.3167902097044166,0.5481057422259554,1,1,1,,453327741638.0,0.09066421771205713,-0.016466261524793913,1,1,1,,390011955235.0,-0.19438845459311482,-0.5520969711415326,1,1,1,,0.04898075259013677,0.3197609692436439,4867042087907.0,0.09314235082625862,0.08013326126849232,0.055373351095630303,0.04986255369107817,40,20161,20254,1185106352095.0,994710908836.0,-0.1606568414070382,63430613435.0,55618875345.0,-0.12315406815362134,0,0,453327741638.0,0.09314235082625862,0,0,2026-03-31,303,True,passed,303,0.0,0.0,4.0,2025.0,00132992,0.4745654047687584,0.4745654047687584,0.0,0.4745654047687584,107.0,108.0,0.3197609692436439,0.5688235967779673,87.0,1.0,0.5688235967779673,0.050200136913023274,0.3202624704499368,102.0,1.0,0.0800656176124842,0.8534452039752469,0.49806802749055173,103.0,1.0,-0.1743238096216931,0.0,0.0,78.0,1.0,0.0,0.0,0.0,111.0,1.0,0.0,0
241710,2025,4,202504,코스메카코리아,00763473,CFS,CFS,631824856424.0,336235391317.0,295589465107.0,0.879114670080404,0.630800745754133,640929072776.0,0.22238042737922936,0.10849184264348355,1,1,1,,83536907225.0,0.38392136895289597,0.1558956998515053,1,1,1,,57838465093.0,0.07730923982914417,-0.5070154887416205,1,1,1,,54666400409.0,-0.21316790415500197,-0.8686106172896425,1,1,1,,61448204263.0,0.25286301128938726,-1.3667544352990624,1,1,1,,0.10300039113283872,0.14487554113771137,631824856424.0,0.08652144633625321,0.09725512321687425,0.13033721011153995,0.1322152909554744,37,20164,20254,182371114252.0,178457968968.0,-0.02145704543205688,27193065325.0,21037230681.0,-0.22637516478661274,0,0,54666400409.0,0.08652144633625321,0,0,2026-03-31,20423,True,passed,20423,0.0,0.0,4.0,2025.0,00763473,0.4389199761375573,0.4389199761375573,0.0,0.4389199761375573,108.0,109.0,0.14487554113771137,0.24223918325728686,116.0,1.0,0.24223918325728686,0.10849184264348355,0.8167884097552252,79.0,1.0,0.2041971024388063,0.630800745754133,0.021475170167245407,156.0,1.0,-0.007516309558535892,0.0,0.0,78.0,1.0,0.0,0.0,0.0,111.0,1.0,0.0,0
458870,2025,4,202504,씨어스테크놀로지,01514227,CFS,CFS,54204850237.0,39620897715.0,14583952522.0,0.36808738224219206,0.31341369306841493,48170737719.0,,,1,0,0,missing_ttm_yoy,16327166470.0,,,1,0,0,missing_ttm_yoy,16045578543.0,,,1,0,0,missing_ttm_yoy,2086101326.0,,,1,0,0,missing_ttm_yoy,1631654350.0,,,1,0,0,missing_ttm_yoy,,,54204850237.0,0.03848551037183821,0.030101630073063827,0.3389436666974704,0.3012122789494425,7,20242,20254,15737059302.0,20411666730.0,0.29704453279946086,6726422650.0,8703289755.0,0.2938957612186323,0,0,2086101326.0,0.03848551037183821,1,1,2026-03-31,27199,True,passed,27199,0.0,0.0,4.0,2025.0,01514227,0.4302733090734249,0.4302733090734249,0.0,0.4302733090734249,109.0,110.0,,0.0,138.0,1.0,0.0,,0.0,138.0,1.0,0.0,0.31341369306841493,-0.6579237402097855,243.0,1.0,0.23027330907342491,1.0,1.0,1.0,1.0,0.15,1.0,1.0,1.0,1.0,0.05,0
023530,2025,4,202504,롯데쇼핑,00120526,CFS,CFS,37910298847681.0,16866196238190.0,21044102609491.0,1.2477088676248766,0.8099114163603447,13738354725833.0,-0.017747267375491926,0.021363129294324823,1,1,1,,547037221095.0,0.15624830763423914,0.22566301734034255,1,1,1,,73555557525.0,-1.0739939515987165,5.801834795309757,1,1,1,,1723750652721.0,0.08555457903635566,0.11721326611093907,1,1,1,,697782152532.0,-0.247500818962907,1.8266537424564113,1,1,1,,0.02113813637574335,0.20348193622506094,37910298847681.0,0.045469191884949835,0.018406136953327757,0.03981824840105309,0.014429778654421308,40,20161,20254,3410062599971.0,3521825017741.0,0.032774300909006904,130510430154.0,227651884127.0,0.7443194682476704,0,0,1723750652721.0,0.045469191884949835,1,1,2026-03-31,47111,True,passed,47111,0.0,0.0,4.0,2025.0,00120526,0.42863159885160435,0.42863159885160435,0.0,0.42863159885160435,110.0,111.0,0.20348193622506094,0.3516818931242851,103.0,1.0,0.3516818931242851,0.021363129294324823,0.07463022971854259,125.0,1.0,0.018657557429635648,0.8099114163603447,0.4048795762923325,117.0,1.0,-0.14170785170231637,1.0,1.0,1.0,1.0,0.15,1.0,1.0,1.0,1.0,0.05,0
012510,2025,4,202504,더존비즈온,00172291,CFS,CFS,1129961431954.0,631787001460.0,498174430494.0,0.7885164293389482,0.5813864657742391,446299245964.0,0.10927992793512109,-0.028658191995571514,1,1,1,,127727153412.0,0.4503893373968648,0.1753967143681534,1,1,1,,92289152067.0,0.18278677917175767,-1.09014719063627,1,1,1,,129596057115.0,0.25150557525348916,0.22784981425924244,1,1,1,,20058179718.0,0.15291612475199057,0.6759432726084087,1,1,1,,-0.028255226738182183,0.16160571986168543,1129961431954.0,0.11469069071755342,0.017751207387064656,0.2861917302506554,0.11303673718414108,40,20161,20254,114667525985.0,127141177819.0,0.10878103217847149,34824861511.0,46093749150.0,0.32358743581623545,0,0,129596057115.0,0.11469069071755342,1,1,2026-03-31,62022,True,passed,62022,0.0,0.0,4.0,2025.0,00172291,0.4151245707652594,0.4151245707652594,0.0,0.4151245707652594,111.0,112.0,0.16160571986168543,0.2734814409218629,111.0,1.0,0.2734814409218629,-0.028658191995571514,-0.3514489736179093,219.0,1.0,-0.08786224340447732,0.5813864657742391,-0.08430106642249664,174.0,1.0,0.029505373247873824,1.0,1.0,1.0,1.0,0.15,1.0,1.0,1.0,1.0,0.05,0
005490,2025,4,202504,POSCO홀딩스,00155319,CFS,CFS,105192437963565.0,62377691037383.0,42814746926182.0,0.6863791559793884,0.5225837192193716,69094886192787.0,-0.04943388028786333,0.008121095322418337,1,1,1,,1827063210829.0,-0.15941954494685406,0.22508534821140525,1,1,1,,504403472266.0,-0.46769317541999356,0.018949529999979675,1,1,1,,4571910292218.0,-0.31390348733416407,-0.3943160048465547,1,1,1,,6241180232671.0,-0.23538229178539316,-0.36667703128733065,1,1,1,,0.008088296682066825,0.203010513579019,105192437963565.0,0.043462347491190864,0.0593310731597715,0.026442813810144634,0.01736876952563673,40,20161,20254,17261041337141.0,16841481487748.0,-0.02430675190437224,638766533961.0,12683525138.0,-0.9801437231544532,0,0,4571910292218.0,0.043462347491190864,0,0,2026-03-31,2411,True,passed,2411,0.0,0.0,4.0,2025.0,00155319,0.4148213460988478,0.4148213460988478,0.0,0.4148213460988478,112.0,113.0,0.203010513579019,0.35080154940413977,104.0,1.0,0.35080154940413977,0.008121095322418337,-0.038164777286675985,187.0,1.0,-0.009541194321668996,0.5225837192193716,-0.21017426004679154,190.0,1.0,0.07356099101637703,0.0,0.0,78.0,1.0,0.0,0.0,0.0,111.0,1.0,0.0,0
062040,2025,4,202504,산일전기,00366438,CFS,CFS,681958856706.0,585470613825.0,96488242881.0,0.1648045872885446,0.15255333671535973,501946220880.0,,,1,0,0,missing_ttm_yoy,178634181593.0,,,1,0,0,missing_ttm_yoy,148921775330.0,,,1,0,0,missing_ttm_yoy,115453741409.0,,,1,0,0,missing_ttm_yoy,16460563586.0,,,1,0,0,missing_ttm_yoy,,,681958856706.0,0.16929722412678244,0.02413717986669734,0.35588310891119546,0.26194275481051665,6,20243,20254,132734594216.0,142127158006.0,0.07076198820267918,42561373003.0,52361293747.0,0.23025386759278743,0,0,115453741409.0,0.16929722412678244,0,1,2026-03-31,28112,True,passed,28112,0.0,0.0,4.0,2025.0,00366438,0.4007915295443494,0.4007915295443494,0.0,0.4007915295443494,113.0,114.0,,0.0,138.0,1.0,0.0,,0.0,138.0,1.0,0.0,0.15255333671535973,-1.0022615129838555,301.0,1.0,0.3507915295443494,0.0,0.0,78.0,1.0,0.0,1.0,1.0,1.0,1.0,0.05,0
004170,2025,4,202504,신세계,00136378,CFS,CFS,15833341277876.0,6572365891815.0,9260975386061.0,1.409077878271248,0.8792440511596953,6929498818333.0,0.05465198372539537,0.021095083385460844,1,1,1,,479961762138.0,0.006157873530159064,0.260551806916987,1,1,1,,64603501354.0,-0.6538026116140812,-0.2519692710865743,1,1,1,,990582722093.0,0.2767913053235851,0.2964966142736015,1,1,1,,500793788161.0,-0.4489149948682336,-0.9224415077840007,1,1,1,,0.020875662550096603,0.2315495670923876,15833341277876.0,0.06256308789839235,0.0316290654873183,0.06926356071642456,0.03031335924077205,40,20161,20254,1636131871623.0,1933702356905.0,0.18187438949332235,99753401154.0,172535344877.0,0.7296186684465898,0,0,990582722093.0,0.06256308789839235,1,0,2026-03-31,47111,True,passed,47111,0.0,0.0,4.0,2025.0,00136378,0.37853011477397863,0.37853011477397863,0.0,0.37853011477397863,114.0,115.0,0.2315495670923876,0.40409592707209047,99.0,1.0,0.40409592707209047,0.021095083385460844,0.07234702758870547,126.0,1.0,0.018086756897176367,0.8792440511596953,0.5532930548436806,98.0,1.0,-0.1936525691952882,1.0,1.0,1.0,1.0,0.15,0.0,0.0,111.0,1.0,0.0,0
420770,2025,4,202504,기가비스,00765569,CFS,CFS,239277069528.0,211003350241.0,28273719287.0,0.1339965420203368,0.12574815593612865,52434995936.0,1.0064409494673558,,1,1,0,missing_prev_yoy,12100818200.0,-7.771853003658079,,1,1,0,missing_prev_yoy,15452197332.0,3.5287714479185786,,1,1,0,missing_prev_yoy,25653570139.0,7.589258110689103,,1,1,0,missing_prev_yoy,4632671533.0,-0.8582357267995258,,1,1,0,missing_prev_yoy,,,239277069528.0,0.10721282314934921,0.01936111781266148,0.2307775176481326,0.050572410569346145,11,20232,20254,7225894009.0,31706777464.0,3.387938353995859,866413774.0,11129062447.0,11.844974053932804,0,0,25653570139.0,0.10721282314934921,0,0,2026-03-31,292,True,passed,292,0.0,0.0,4.0,2025.0,00765569,0.3708742445162351,0.3708742445162351,0.0,0.3708742445162351,115.0,116.0,,0.0,138.0,1.0,0.0,,0.0,138.0,1.0,0.0,0.12574815593612865,-1.0596406986178146,305.0,1.0,0.3708742445162351,0.0,0.0,78.0,1.0,0.0,0.0,0.0,111.0,1.0,0.0,0
271560,2025,4,202504,오리온,01238169,CFS,CFS,4598663246300.0,3912207101349.0,686456144951.0,0.17546518555070806,0.16166397184371498,3332442536373.0,0.07347908568930572,0.007559812969123225,1,1,1,,558258027192.0,0.02698781970130293,-0.07698770623691065,1,1,1,,390597563174.0,-0.2674870299295049,-0.6525637722332212,1,1,1,,537328134910.0,-0.17535655212944656,-0.6665353640172892,1,1,1,,146315122556.0,0.1880286514217766,0.45844028490557176,1,1,1,,0.007531380787796729,-0.07416798328729196,4598663246300.0,0.11684441893898719,0.03181688128038566,0.1675221766313195,0.12139571812334034,35,20172,20254,828921933912.0,924581828189.0,0.11540277843239632,137871938192.0,167559517176.0,0.21532720416722637,0,0,537328134910.0,0.11684441893898719,1,1,2026-03-31,108,True,passed,108,0.0,0.0,4.0,2025.0,01238169,0.36642240140659027,0.36642240140659027,0.0,0.36642240140659027,116.0,117.0,-0.07416798328729196,-0.16680690900210512,198.0,1.0,-0.16680690900210512,0.007559812969123225,-0.04294575331393449,188.0,1.0,-0.010736438328483623,0.16166397184371498,-0.982759282106226,300.0,1.0,0.34396574873717906,1.0,1.0,1.0,1.0,0.15,1.0,1.0,1.0,1.0,0.05,0
214150,2025,4,202504,클래시스,01061327,CFS,CFS,704649920208.0,551674456160.0,152975464048.0,0.2772929983251447,0.24474299343029438,336819637856.0,0.38643727792893356,0.03769648525914526,1,1,1,,170600874067.0,0.3933131280084834,0.02710759449645228,1,1,1,,131970250448.0,0.3529338917716234,0.038774420312518876,1,1,1,,163935787746.0,0.594699794554429,0.0041494238463097854,1,1,1,,19253389901.0,0.785442521571764,0.02127069465376974,1,1,1,,0.03700333857425608,0.026746691278196358,704649920208.0,0.23264855787908,0.027323340780790475,0.5065051288367477,0.24210727791843314,33,20174,20254,82997291548.0,93425243822.0,0.1256420791510911,37618140937.0,51190151685.0,0.36078366474115164,0,0,163935787746.0,0.23264855787908,0,0,2026-03-31,271,True,passed,271,0.0,0.0,4.0,2025.0,01061327,0.3568044361388303,0.3568044361388303,0.2,0.5568044361388302,117.0,101.0,0.026746691278196358,0.02164309604141022,136.0,1.0,0.02164309604141022,0.03769648525914526,0.21375696843400044,110.0,1.0,0.05343924210850011,0.24474299343029438,-0.8049202799683428,273.0,1.0,0.28172209798891995,0.0,0.0,78.0,1.0,0.0,0.0,0.0,111.0,1.0,0.0,0
034230,2025,4,202504,파라다이스,00171265,CFS,CFS,4080365472520.0,2212696135949.0,1867669336571.0,0.8440695069817972,0.6119748180150129,1149867026461.0,0.07252813275556313,-0.005836301892259366,1,1,1,,155816230766.0,0.14524320647691957,0.2118887592719101,1,1,1,,144781456677.0,0.3079502732764192,-0.07254133650987149,1,1,1,,223864661526.0,0.14257376976863734,0.4614124806455311,1,1,1,,90876674818.0,0.809582635129038,1.0049464481590924,1,1,1,,-0.005819336659844553,0.19218010065587363,4080365472520.0,0.05486387507042183,0.022271699785234023,0.1355080432609351,0.03818683199222573,40,20161,20254,288247272465.0,293853689766.0,0.019450027238959392,39511532076.0,16177305562.0,-0.5905674948042224,0,0,223864661526.0,0.05486387507042183,0,1,2026-03-31,91249,True,passed,91249,0.0,0.0,4.0,2025.0,00171265,0.3479015920518363,0.3479015920518363,0.0,0.3479015920518363,118.0,118.0,0.19218010065587363,0.3305766279169719,107.0,1.0,0.3305766279169719,-0.005836301892259366,-0.1570532139078313,202.0,1.0,-0.03926330347695783,0.6119748180150129,-0.01882362174806359,162.0,1.0,0.006588267611822256,0.0,0.0,78.0,1.0,0.0,1.0,1.0,1.0,1.0,0.05,0
041190,2025,4,202504,우리기술투자,00231664,CFS,CFS,940958568820.0,776446471366.0,164512097454.0,0.21187822151419447,0.1921714053004214,162866987251.0,-0.15284270751545403,,1,1,0,missing_prev_yoy,,,,0,0,0,missing_ttm_yoy,110544592503.0,-0.25175118685241715,,1,1,0,missing_prev_yoy,-1302839238.0,-1.4551914488806061,,1,1,0,missing_prev_yoy,10134700.0,0.2860984316368007,,1,1,0,missing_prev_yoy,,,940958568820.0,-0.0013845872508858844,1.0770612368947681e-05,,,10,20233,20254,1816604040.0,-33137187037.0,-19.241282253781623,,,,0,0,-1302839238.0,-0.0013845872508858844,0,0,2026-03-31,6491,True,passed,6491,0.0,0.0,4.0,2025.0,00231664,0.3211092682798823,0.3211092682798823,0.0,0.3211092682798823,119.0,119.0,,0.0,138.0,1.0,0.0,,0.0,138.0,1.0,0.0,0.1921714053004214,-0.9174550522282351,293.0,1.0,0.3211092682798823,0.0,0.0,78.0,1.0,0.0,0.0,0.0,111.0,1.0,0.0,0
012750,2025,4,202504,에스원,00158501,CFS,CFS,2431985312121.0,1756330800795.0,675654511326.0,0.38469661354237267,0.32548106405004246,2889412422255.0,0.030189241007677392,-0.03999092734385745,1,1,1,,234566491629.0,0.12100249376430128,0.13681669605883418,1,1,1,,178563436607.0,0.01043804688436345,0.07778907076109953,1,1,1,,368598850300.0,-0.021281940565068713,-0.04370497192734224,1,1,1,,194115420396.0,0.22407612287940415,0.2193200080123907,1,1,1,,-0.039211989407400165,0.12823198458491003,2431985312121.0,0.15156294261437583,0.07981767793930741,0.08118138131556034,0.09645062018258171,40,20161,20254,698739622181.0,783896436793.0,0.12187202773215737,62125428956.0,55832893685.0,-0.10128759473768228,0,0,368598850300.0,0.15156294261437583,0,0,2026-03-31,75320,True,passed,75320,0.0,0.0,4.0,2025.0,00158501,0.3203958303475453,0.3203958303475453,0.0,0.3203958303475453,120.0,120.0,0.12823198458491003,0.21115868550190803,121.0,1.0,0.21115868550190803,-0.03999092734385745,-0.44798066698994826,226.0,1.0,-0.11199516674748707,0.32548106405004246,-0.6320923188374982,238.0,1.0,0.22123231159312434,0.0,0.0,78.0,1.0,0.0,0.0,0.0,111.0,1.0,0.0,0
294870,2025,4,202504,HDC현대산업개발,01310269,CFS,CFS,7599100705541.0,3212755613173.0,4386345092368.0,1.3652906166852614,0.860900896713832,4147006988796.0,-0.02566264765315107,-0.04127905466907433,1,1,1,,248613789437.0,0.34650049107635206,0.4011623531557844,1,1,1,,158148718419.0,0.015615146468578534,0.11494434698714728,1,1,1,,2808096213.0,-0.9910683633629063,-0.4821901281281893,1,1,1,,122503440258.0,2.2519061034350654,2.683010477955567,1,1,1,,-0.04044981775338484,0.3373021444065927,7599100705541.0,0.00036953006965053563,0.016120781261482,0.05995017372979639,0.03271621196646591,31,20182,20254,1053003177434.0,1025045323896.0,-0.026550588010692246,72987400816.0,41349204206.0,-0.4334747676487255,0,0,2808096213.0,0.00036953006965053563,0,0,2026-03-31,411,True,passed,411,0.0,0.0,4.0,2025.0,01310269,0.3069324157327463,0.3069324157327463,0.0,0.3069324157327463,121.0,121.0,0.3373021444065927,0.6015803247975547,84.0,1.0,0.6015803247975547,-0.04127905466907433,-0.4589528734485406,227.0,1.0,-0.11473821836213514,0.860900896713832,0.5140276877219238,102.0,1.0,-0.1799096907026733,0.0,0.0,78.0,1.0,0.0,0.0,0.0,111.0,1.0,0.0,0
082920,2025,4,202504,비츠로셀,00154718,CFS,CFS,370836626050.0,330489870731.0,40346755319.0,0.12208166994576354,0.11518559406444923,243082541135.0,0.153255892902584,-0.04285570932973548,1,1,1,,69267801066.0,0.334366239292762,-0.04292722248748482,1,1,1,,56924763449.0,0.11050286547138177,-0.31124060992741254,1,1,1,,63585597685.0,0.06383134548307123,-0.4764850275508621,1,1,1,,11427448872.0,1.7952276707787358,2.3969128101391677,1,1,1,,-0.04196282448276521,-0.0420313964867705,370836626050.0,0.17146525779367525,0.03081531884733315,0.28495588676412165,0.18678791737432268,37,20162,20254,55346055769.0,77281683141.0,0.3963358737532009,16733041947.0,21329270417.0,0.2746797913109899,0,0,63585597685.0,0.17146525779367525,1,0,2026-03-31,28201,True,passed,28201,0.0,0.0,4.0,2025.0,00154718,0.30389770974388614,0.30389770974388614,0.0,0.30389770974388614,122.0,122.0,-0.0420313964867705,-0.10679442845142445,192.0,1.0,-0.10679442845142445,-0.04285570932973548,-0.4723827418412193,229.0,1.0,-0.11809568546030483,0.11518559406444923,-1.0822509247303298,309.0,1.0,0.3787878236556154,1.0,1.0,1.0,1.0,0.15,0.0,0.0,111.0,1.0,0.0,0
034730,2025,4,202504,SK,00181712,CFS,CFS,213519668000000.0,85691335000000.0,127828333000000.0,1.491729974798502,0.9129772382317511,122703338000000.0,-0.01593627399130415,0.03395358326469322,1,1,1,,1818476000000.0,-0.22791843042682647,0.30627580900701334,1,1,1,,3555246000000.0,5.72310659783287,8.024353931039887,1,1,1,,6098798000000.0,-0.2480209806506024,0.03765681659971254,1,1,1,,10080877000000.0,-0.3670755078526037,-0.1856956612442755,1,1,1,,0.033389884618952814,0.26718019462728904,213519668000000.0,0.02856316730503721,0.04721287314852887,0.014820102123057158,0.00851666742007111,40,20161,20254,31041366000000.0,30290076000000.0,-0.024202865299162414,827400000000.0,391741000000.0,-0.5265397631133671,0,0,6098798000000.0,0.02856316730503721,0,0,2026-03-31,64992,True,passed,64992,0.0,0.0,4.0,2025.0,00181712,0.29717620676330114,0.29717620676330114,0.0,0.29717620676330114,123.0,123.0,0.26718019462728904,0.4706332465210907,95.0,1.0,0.4706332465210907,0.03395358326469322,0.1818751096818074,113.0,1.0,0.04546877742045185,0.9129772382317511,0.6255023347949752,91.0,1.0,-0.2189258171782413,0.0,0.0,78.0,1.0,0.0,0.0,0.0,111.0,1.0,0.0,0
195940,2025,4,202504,HK이노엔,01012066,CFS,OFS,2096931315991.0,1328398567183.0,768532748808.0,0.5785407842148982,0.4565008660054752,1063151055391.0,0.18504222955636007,0.10272469469563039,1,1,1,,110876599063.0,0.25675606708927146,-0.08139837230310398,1,1,1,,75699812628.0,0.22928833090529288,-0.07540444396557966,1,1,1,,162009691839.0,0.5300803955367961,0.2546807729581768,1,1,1,,86332480222.0,-0.31391048346985617,-2.5327451002407524,1,1,1,,0.09778411228609483,-0.07825499278903263,2096931315991.0,0.07726037119267064,0.0411708669538371,0.10429054131185751,0.0528756465304636,18,20213,20254,260822095962.0,291879423770.0,0.11907475742593848,25873761631.0,40100569390.0,0.5498546350506107,0,0,162009691839.0,0.07726037119267064,1,0,2026-03-31,212,True,passed,212,0.0,0.0,4.0,2025.0,01012066,0.29054790018606624,0.29054790018606624,0.0,0.29054790018606624,124.0,124.0,-0.07825499278903263,-0.17443906918626254,199.0,1.0,-0.17443906918626254,0.10272469469563039,0.7676641215561235,83.0,1.0,0.19191603038903088,0.4565008660054752,-0.35163125423799413,199.0,1.0,0.12307093898329793,1.0,1.0,1.0,1.0,0.15,0.0,0.0,111.0,1.0,0.0,0
027360,2025,4,202504,아주IB투자,00156895,CFS,CFS,338305070078.0,266869482953.0,71435587125.0,0.2676798648333311,0.23718835160956114,132865217.0,-0.1156295928245884,,1,1,0,missing_prev_yoy,11886131746.0,0.41746364578884454,,1,1,0,missing_prev_yoy,8318264516.0,-4.064564867423126e-05,,1,1,0,missing_prev_yoy,-1138168995.0,-1.0472760990679288,,1,1,0,missing_prev_yoy,854214590.0,10.077870444819089,,1,1,0,missing_prev_yoy,,,338305070078.0,-0.0033643273354950977,0.0025249831159877426,89.46007099811533,0.03513435888873767,10,20233,20254,111223913.0,0.0,-1.0,2329345663.0,5691439613.0,1.4433641186898416,0,0,-1138168995.0,-0.0033643273354950977,0,0,2026-03-31,649,True,passed,649,0.0,0.0,4.0,2025.0,00156895,0.28738211273196634,0.28738211273196634,0.0,0.28738211273196634,125.0,125.0,,0.0,138.0,1.0,0.0,,0.0,138.0,1.0,0.0,0.23718835160956114,-0.821091750662761,278.0,1.0,0.28738211273196634,0.0,0.0,78.0,1.0,0.0,0.0,0.0,111.0,1.0,0.0,0
483650,2025,4,202504,달바글로벌,01649204,CFS,CFS,255334642397.0,198554792679.0,56779849718.0,0.28596564682170617,0.2515099122562179,519735447906.0,,,1,0,0,missing_ttm_yoy,101469415203.0,,,1,0,0,missing_ttm_yoy,79053534113.0,,,1,0,0,missing_ttm_yoy,68482449044.0,,,1,0,0,missing_ttm_yoy,-379852188.0,,,1,0,0,missing_ttm_yoy,,,255334642397.0,0.26820664991286985,-0.0014876641274919418,0.195232816256458,0.3973977610340593,6,20243,20254,114165748515.0,163437123886.0,0.43157756167583256,16652191024.0,25535813946.0,0.5334807238997237,0,0,68482449044.0,0.26820664991286985,0,0,2026-03-31,20423,True,passed,20423,0.0,0.0,4.0,2025.0,01649204,0.27665225335186366,0.27665225335186366,0.0,0.27665225335186366,126.0,126.0,,0.0,138.0,1.0,0.0,,0.0,138.0,1.0,0.0,0.2515099122562179,-0.7904350095767534,271.0,1.0,0.27665225335186366,0.0,0.0,78.0,1.0,0.0,0.0,0.0,111.0,1.0,0.0,0
001740,2025,4,202504,SK네트웍스,00131780,CFS,CFS,5040792000000.0,2025631000000.0,3015161000000.0,1.488504569687174,0.9116819556367364,6745127000000.0,-0.11912244045895659,0.04253811360866888,1,1,1,,86293000000.0,-0.24247904139051046,0.277440211147598,1,1,1,,49981000000.0,0.0796897952129958,-7.400251585992352,1,1,1,,222288000000.0,-0.19573641307297374,-1.3640047763613028,1,1,1,,80236000000.0,-0.396336004213219,-0.40065051790481065,1,1,1,,0.04165823383899461,0.24485824055047925,5040792000000.0,0.04409783224540906,0.01591733997355971,0.012793384023755223,0.017118936865476695,40,20161,20254,1972605000000.0,1619504000000.0,-0.1790023851708781,22350000000.0,4437000000.0,-0.8014765100671141,0,0,222288000000.0,0.04409783224540906,0,0,2026-03-31,467,True,passed,467,0.0,0.0,4.0,2025.0,00131780,0.27474285305542256,0.27474285305542256,0.0,0.27474285305542256,127.0,127.0,0.24485824055047925,0.42894879996791785,97.0,1.0,0.42894879996791785,0.04253811360866888,0.25499772531166587,108.0,1.0,0.06374943132791647,0.9116819556367364,0.6227296521154623,92.0,1.0,-0.21795537824041178,0.0,0.0,78.0,1.0,0.0,0.0,0.0,111.0,1.0,0.0,0
213420,2025,4,202504,덕산네오룩스,01061558,CFS,CFS,714152331754.0,470459612961.0,243692718793.0,0.5179886053538916,0.41738617259078026,344309797191.0,0.6221728618587481,0.3255971452182256,1,1,1,,60742428308.0,0.1576259955359136,-0.43630191742665625,1,1,1,,53957306202.0,0.17911612253965625,-0.09897399533004103,1,1,1,,60554543363.0,0.029356500084651405,-0.14826280920333668,1,1,1,,14062370495.0,-0.302448257148368,-0.5632325031170407,1,1,1,,0.28186303355081926,-0.3620716974311858,714152331754.0,0.08479219442478678,0.019690995701802154,0.17641794919446968,0.08505528247567719,40,20161,20254,98331385115.0,127106780153.0,0.2926369338166726,17501012372.0,23063427798.0,0.3178339234191589,0,0,60554543363.0,0.08479219442478678,1,1,2026-03-31,262,True,passed,262,0.0,0.0,4.0,2025.0,01061558,0.2729322219105985,0.2729322219105985,0.0,0.2729322219105985,128.0,128.0,-0.3620716974311858,-0.7044438445228618,242.0,1.0,-0.7044438445228618,0.3255971452182256,2.5,1.0,1.0,0.625,0.41738617259078026,-0.43536018980988667,210.0,1.0,0.15237606643346033,1.0,1.0,1.0,1.0,0.15,1.0,1.0,1.0,1.0,0.05,0
460930,2025,4,202504,현대힘스,00667373,CFS,CFS,333357623673.0,252899032674.0,80458590999.0,0.3181451117004283,0.27622552994421606,248203831277.0,0.11220471115796293,,1,1,0,missing_prev_yoy,28763604615.0,0.33482035158070667,,1,1,0,missing_prev_yoy,21398257973.0,0.2922843805848012,,1,1,0,missing_prev_yoy,37017783442.0,0.17974510073251038,,1,1,0,missing_prev_yoy,11460893242.0,0.028248174330625986,,1,1,0,missing_prev_yoy,,,333357623673.0,0.1110452583448693,0.03438017440765752,0.11588702908819845,0.08628452620365161,9,20234,20254,60592240860.0,66941625334.0,0.10478873835794295,6788015045.0,6477124188.0,-0.045799965813128216,0,0,37017783442.0,0.1110452583448693,0,0,2026-03-31,31114,True,passed,31114,0.0,0.0,4.0,2025.0,00667373,0.2581350603707686,0.2581350603707686,0.0,0.2581350603707686,129.0,129.0,,0.0,138.0,1.0,0.0,,0.0,138.0,1.0,0.0,0.27622552994421606,-0.7375287439164817,256.0,1.0,0.2581350603707686,0.0,0.0,78.0,1.0,0.0,0.0,0.0,111.0,1.0,0.0,0
192080,2025,4,202504,더블유게임즈,01010110,CFS,CFS,1847861880558.0,1652363475394.0,195498405164.0,0.11831440725678358,0.11182255814596853,719897452508.0,0.136427358767655,0.04860714218751827,1,1,1,,232134020348.0,-0.06673808086347477,-0.23290479117541696,1,1,1,,179810727076.0,-0.2610135524257172,-0.5224313341282919,1,1,1,,236934156311.0,-0.1376178727674673,-2.0031489327006846,1,1,1,,941275500.0,-0.6280230346224689,-3.303077213691455,1,1,1,,0.04746275229800342,-0.20937300398703096,1847861880558.0,0.1282207067551244,0.0005093862857952146,0.32245428781458335,0.12562303643489975,40,20161,20254,186153548331.0,199818245797.0,0.07340551705038023,59152283808.0,63910431580.0,0.0804389529142151,0,0,236934156311.0,0.1282207067551244,1,1,2026-03-31,5821,True,passed,5821,0.0,0.0,4.0,2025.0,01010110,0.23868943280894123,0.23868943280894123,0.0,0.23868943280894123,130.0,130.0,-0.20937300398703096,-0.41929136621788526,219.0,1.0,-0.41929136621788526,0.04860714218751827,0.3066934181726344,104.0,1.0,0.0766733545431586,0.11182255814596853,-1.0894498413819083,310.0,1.0,0.3813074444836679,1.0,1.0,1.0,1.0,0.15,1.0,1.0,1.0,1.0,0.05,0
011070,2025,4,202504,LG이노텍,00105961,CFS,CFS,11930883000000.0,5763054000000.0,6167829000000.0,1.070236197682687,0.7276627059284975,21896603000000.0,0.03282184997656934,0.003923203075700599,1,1,1,,665007000000.0,-0.05812110593830688,0.09206834453495816,1,1,1,,341262000000.0,-0.24041453545052682,-0.03530697194656984,1,1,1,,1331402000000.0,0.19939750950174728,0.6718189757689331,1,1,1,,754528000000.0,-0.20454840161804344,0.2916832392154515,1,1,1,,0.003915527383497178,0.08807346193473012,11930883000000.0,0.11159291395280635,0.0632415890760139,0.030370327306020937,0.05573828860780883,40,20161,20254,5369432000000.0,7609756000000.0,0.4172366835076783,203749000000.0,324750000000.0,0.5938728533636974,0,0,1331402000000.0,0.11159291395280635,1,1,2026-03-31,262,True,passed,262,0.0,0.0,4.0,2025.0,00105961,0.2375990537782216,0.2375990537782216,0.0,0.2375990537782216,131.0,131.0,0.08807346193473012,0.13616588759068476,129.0,1.0,0.13616588759068476,0.003923203075700599,-0.07392222107365254,193.0,1.0,-0.018480555268413135,0.7276627059284975,0.22881793869728573,141.0,1.0,-0.08008627854405,1.0,1.0,1.0,1.0,0.15,1.0,1.0,1.0,1.0,0.05,0
207940,2025,4,202504,삼성바이오로직스,00877059,CFS,CFS,11060741976837.0,7451110647985.0,3609631328852.0,0.48444205157900194,0.39503897881072786,4556971695180.0,0.0021220222330045058,-0.22868401955272932,1,1,1,,2069221266630.0,0.5675296660739466,0.38222296341452444,1,1,1,,1784352060593.0,0.6471207370590148,0.38406037020312445,1,1,1,,2247807426551.0,0.35470851741293785,0.35889348885548955,1,1,1,,1475073515293.0,0.07081391883381083,-0.17544935568436104,1,1,1,,-0.2059436938270992,0.3236930462070432,11060741976837.0,0.2032239275862574,0.13336117218736726,0.45407814773540434,0.18707798002731527,36,20171,20254,1660220823312.0,308572500609.0,-0.8141376759788954,728848136440.0,378084729628.0,-0.48125719100452885,0,0,2247807426551.0,0.2032239275862574,0,0,2026-03-31,211,True,passed,211,0.0,0.0,4.0,2025.0,00877059,0.231470412520001,0.231470412520001,0.0,0.231470412520001,132.0,132.0,0.3236930462070432,0.5761664329588759,86.0,1.0,0.5761664329588759,-0.22868401955272932,-2.0552593299725506,289.0,1.0,-0.5138148324931376,0.39503897881072786,-0.48319660586932206,218.0,1.0,0.1691188120542627,0.0,0.0,78.0,1.0,0.0,0.0,0.0,111.0,1.0,0.0,0
078930,2025,4,202504,GS,00500254,CFS,CFS,35707911000000.0,19194117000000.0,16513794000000.0,0.8603570562792756,0.6207684350435907,25184127000000.0,-0.004480290457538727,0.02173473955921279,1,1,1,,2936061000000.0,-0.04055404891830927,0.13721978214524544,1,1,1,,1038137000000.0,0.20221952781473895,0.6552435455101879,1,1,1,,2193338000000.0,-0.09597509183114938,0.10085458961751481,1,1,1,,1910961000000.0,0.472729668825584,0.288032913410714,1,1,1,,0.021501907759044158,0.12858649612814718,35707911000000.0,0.061424427768961336,0.05351646026002473,0.11658379105219728,0.0822243843948194,40,20161,20254,6526780000000.0,6487342000000.0,-0.006042489558403991,873305000000.0,776202000000.0,-0.11119024853859763,0,0,2193338000000.0,0.061424427768961336,0,0,2026-03-31,64992,True,passed,64992,0.0,0.0,4.0,2025.0,00500254,0.23126960418921802,0.23126960418921802,0.0,0.23126960418921802,133.0,133.0,0.12858649612814718,0.21182070717911883,120.0,1.0,0.21182070717911883,0.02173473955921279,0.07779558804039673,124.0,1.0,0.01944889701009918,0.6207684350435907,0.0,160.0,1.0,-0.0,0.0,0.0,78.0,1.0,0.0,0.0,0.0,111.0,1.0,0.0,0
069620,2025,4,202504,대웅제약,00427483,CFS,CFS,2362799296077.0,1134655756699.0,1228143539378.0,1.08239308012765,0.733517751665253,1570891005329.0,0.10417477264695019,0.06974333094299956,1,1,1,,196782415375.0,0.3301303982374111,0.1233448031274702,1,1,1,,192908919078.0,7.2628594772601645,8.06830994815711,1,1,1,,149205466388.0,1.8976270965714543,2.5190318148583697,1,1,1,,241367169084.0,0.053991767309517824,-0.4123573208113045,1,1,1,,0.06741874207521104,0.1163106661432655,2362799296077.0,0.06314775302148119,0.10215305611642361,0.12526802604855886,0.08328359319461519,40,20161,20254,411832052696.0,397122036740.0,-0.03571848247289877,56892822788.0,43337323206.0,-0.23826379001287953,0,0,149205466388.0,0.06314775302148119,0,0,2026-03-31,212,True,passed,212,0.0,0.0,4.0,2025.0,00427483,0.22610626126758815,0.22610626126758815,0.0,0.22610626126758815,134.0,134.0,0.1163106661432655,0.18889658605872592,122.0,1.0,0.18889658605872592,0.06974333094299956,0.48673045506560775,92.0,1.0,0.12168261376640194,0.733517751665253,0.241351253021542,139.0,1.0,-0.08447293855753969,0.0,0.0,78.0,1.0,0.0,0.0,0.0,111.0,1.0,0.0,0
011780,2025,4,202504,금호석유화학,00106368,CFS,CFS,8474479180387.0,6246537410457.0,2227941769930.0,0.3566682825272638,0.30503190183772183,6915145099921.0,-0.0335232088290327,-0.16519136016107772,1,1,1,,271828509546.0,-0.0035769158142241464,0.2364418123626042,1,1,1,,290934780649.0,-0.16542426760599183,0.05478140535659892,1,1,1,,715308386329.0,1.2191472972985626,1.7080756909417145,1,1,1,,195621228038.0,-0.5519172411950923,-0.29159611334711943,1,1,1,,-0.15288533117784708,0.2122377485320669,8474479180387.0,0.08440735661779446,0.023083569370344083,0.039309154850431904,0.03207613161350484,40,20161,20254,1643813977906.0,1589735553170.0,-0.03289814143379454,84433916233.0,1556726355.0,-0.9815627839563413,0,0,715308386329.0,0.08440735661779446,0,0,2026-03-31,201,True,passed,201,0.0,0.0,4.0,2025.0,00106368,0.2259777185704922,0.2259777185704922,0.0,0.2259777185704922,135.0,135.0,0.2122377485320669,0.3680326655022365,102.0,1.0,0.3680326655022365,-0.16519136016107772,-1.5144319181070443,277.0,1.0,-0.37860797952676106,0.30503190183772183,-0.6758658074143337,248.0,1.0,0.23655303259501675,0.0,0.0,78.0,1.0,0.0,0.0,0.0,111.0,1.0,0.0,0
086450,2025,4,202504,동국제약,00114808,CFS,CFS,1062896288305.0,763738526426.0,299157761879.0,0.3917018083125154,0.3305273207979428,926883701823.0,0.1412489792071736,0.030204948135950982,1,1,1,,96553506173.0,0.2006216383763435,-0.00194486167007768,1,1,1,,73932783976.0,0.1860346101391699,-0.08947883193082062,1,1,1,,68760259149.0,-0.0963391441430066,-0.9169997702197037,1,1,1,,45996274360.0,0.49327337072719524,0.7104954876803069,1,1,1,,0.029757761220661975,-0.0019429728751865056,1062896288305.0,0.06469140959994502,0.043274470770191725,0.10417003339588131,0.0908400069088338,40,20161,20254,226809457795.0,242877616954.0,0.07084430832475727,24797346099.0,24297655627.0,-0.020150965752748475,0,0,68760259149.0,0.06469140959994502,0,0,2026-03-31,212,True,passed,212,0.0,0.0,4.0,2025.0,00114808,0.22300517380166546,0.22300517380166546,0.0,0.22300517380166546,136.0,136.0,-0.0019429728751865056,-0.031932534833692926,188.0,1.0,-0.031932534833692926,0.030204948135950982,0.14994441636811143,117.0,1.0,0.03748610409202786,0.3305273207979428,-0.6212902986952301,237.0,1.0,0.21745160454333054,0.0,0.0,78.0,1.0,0.0,0.0,0.0,111.0,1.0,0.0,0
005850,2025,4,202504,에스엘,00125521,CFS,CFS,3997077723045.0,2651661893348.0,1345415829697.0,0.5073858899854958,0.4103769518855428,5239939345004.0,0.05361968322992827,0.025838833251217608,1,1,1,,407099444958.0,0.030203026402152444,0.006953762004890507,1,1,1,,320790309572.0,-0.16015470604538506,-0.2537722855695167,1,1,1,,508540930109.0,0.055162297541502925,-0.059530570422129836,1,1,1,,200664384067.0,-0.17766178565996427,-0.6429829293112852,1,1,1,,0.025510651808661418,0.006929696103170756,3997077723045.0,0.12722818152297277,0.05020277261812476,0.07769163308085758,0.10184926918255394,40,20161,20254,1302607983892.0,1408901607627.0,0.08160062355629848,68355360325.0,113540583274.0,0.6610340832696064,0,0,508540930109.0,0.12722818152297277,0,1,2026-03-31,303,True,passed,303,0.0,0.0,4.0,2025.0,00125521,0.22045241911693947,0.22045241911693947,0.0,0.22045241911693947,137.0,137.0,0.006929696103170756,-0.015363542059150581,186.0,1.0,-0.015363542059150581,0.025838833251217608,0.11275406026013754,121.0,1.0,0.028188515065034385,0.4103769518855428,-0.4503641317458733,211.0,1.0,0.15762744611105564,0.0,0.0,78.0,1.0,0.0,1.0,1.0,1.0,1.0,0.05,0
009150,2025,4,202504,삼성전기,00126371,CFS,CFS,14595895255468.0,9797343882863.0,4798551372605.0,0.489780845704352,0.3986290257196428,11314459238100.0,0.09912046382290662,-0.05629370070364481,1,1,1,,913331178557.0,0.2426175517717175,0.09313589457596305,1,1,1,,730989517218.0,0.03949553831204322,-0.5215334077575529,1,1,1,,1490090883051.0,0.042153500581352255,-0.16918784171105927,1,1,1,,1246323544411.0,0.5076959696653558,0.8499883588512459,1,1,1,,-0.05476627228062678,0.0890505331913454,14595895255468.0,0.10208972159434848,0.08538863307778911,0.08072247726002438,0.06257452267032695,40,20161,20254,2889035756675.0,2902145249470.0,0.004537670662161605,260277272715.0,239495911486.0,-0.07984316499180204,0,0,1490090883051.0,0.10208972159434848,0,1,2026-03-31,2622,True,passed,2622,0.0,0.0,4.0,2025.0,00126371,0.20770787539384605,0.20770787539384605,0.0,0.20770787539384605,138.0,138.0,0.0890505331913454,0.1379904892557036,128.0,1.0,0.1379904892557036,-0.05629370070364481,-0.5868469045500502,238.0,1.0,-0.14671172613751254,0.3986290257196428,-0.4755117493590143,217.0,1.0,0.166429112275655,0.0,0.0,78.0,1.0,0.0,1.0,1.0,1.0,1.0,0.05,0
032640,2025,4,202504,LG유플러스,00231363,CFS,CFS,19681792000000.0,9067527000000.0,10614265000000.0,1.1705799166630548,0.7749943745512666,15451745000000.0,0.05651526905823778,0.03894214080735314,1,1,1,,892131000000.0,0.03359980535956342,0.16876694946630955,1,1,1,,509226000000.0,0.6186356094366852,1.1194583105938616,1,1,1,,2963757000000.0,-0.1113974420899343,-0.2325107903700966,1,1,1,,1983828000000.0,-0.1751691070722492,0.006841634012245912,1,1,1,,0.038203023181844695,0.1559493037327668,19681792000000.0,0.1505836968503681,0.10079509020316849,0.057736585738374535,0.04532773235282641,40,20161,20254,4010838000000.0,3848432000000.0,-0.04049178750176397,161670000000.0,170528000000.0,0.05479062287375518,0,0,2963757000000.0,0.1505836968503681,0,0,2026-03-31,61220,True,passed,61220,0.0,0.0,4.0,2025.0,00231363,0.20346274352028915,0.20346274352028915,0.0,0.20346274352028915,139.0,139.0,0.1559493037327668,0.26291854060421693,113.0,1.0,0.26291854060421693,0.03894214080735314,0.22436740234349514,109.0,1.0,0.056091850585873786,0.7749943745512666,0.33013613619943316,126.0,1.0,-0.11554764766980159,0.0,0.0,78.0,1.0,0.0,0.0,0.0,111.0,1.0,0.0,0
028260,2025,4,202504,삼성물산,00149655,CFS,CFS,86532745699428.0,57496949405446.0,29035796293982.0,0.5049971623578309,0.4087910127225372,40742240967149.0,-0.03232523492144135,-0.0372793687504922,1,1,1,,3292747495925.0,0.10369080368492622,0.06424271263197978,1,1,1,,3906652564846.0,0.40932017446349644,0.3898630540602539,1,1,1,,3023741373868.0,-0.08562085206194547,-0.2672174048406697,1,1,1,,1905529722700.0,0.06224219606938641,-0.1955908368000916,1,1,1,,-0.036601293882058246,0.062263478281473356,86532745699428.0,0.03494331942697142,0.02202090904775943,0.08081900793282297,0.038052039945229266,40,20161,20254,10150950935084.0,10832433157325.0,0.06713481590041404,993429496019.0,822282617591.0,-0.17227883721375503,0,0,3023741373868.0,0.03494331942697142,0,1,2026-03-31,467,True,passed,467,0.0,0.0,4.0,2025.0,00149655,0.1905625400044048,0.1905625400044048,0.0,0.1905625400044048,140.0,140.0,0.062263478281473356,0.08796782749118083,131.0,1.0,0.08796782749118083,-0.0372793687504922,-0.4248837416095597,225.0,1.0,-0.10622093540238993,0.4087910127225372,-0.4537589940446111,213.0,1.0,0.1588156479156139,0.0,0.0,78.0,1.0,0.0,1.0,1.0,1.0,1.0,0.05,0
443060,2025,4,202504,HD현대마린솔루션,01194689,CFS,CFS,1272320058801.0,824724855468.0,447595203333.0,0.5427206423638181,0.4335475086189648,1982700659426.0,,,1,0,0,missing_ttm_yoy,350141338776.0,,,1,0,0,missing_ttm_yoy,269571288127.0,,,1,0,0,missing_ttm_yoy,324127754474.0,,,1,0,0,missing_ttm_yoy,18015744304.0,,,1,0,0,missing_ttm_yoy,,,1272320058801.0,0.2547533163781519,0.014159758135840089,0.17659818546555955,0.27519910289393984,7,20242,20254,513176029365.0,516205232223.0,0.005902853377131258,93596312581.0,90528263684.0,-0.032779591550092885,0,0,324127754474.0,0.2547533163781519,0,1,2026-03-31,7212,True,passed,7212,0.0,0.0,4.0,2025.0,01194689,0.19026782856362395,0.19026782856362395,0.0,0.19026782856362395,141.0,141.0,,0.0,138.0,1.0,0.0,,0.0,138.0,1.0,0.0,0.4335475086189648,-0.400765224467497,207.0,1.0,0.14026782856362394,0.0,0.0,78.0,1.0,0.0,1.0,1.0,1.0,1.0,0.05,0
060250,2025,4,202504,NHN KCP,00357740,CFS,CFS,659744795088.0,300669127443.0,359075667645.0,1.194255195731968,0.7858426703724263,1234882750705.0,0.11721184165258425,-0.01993534405377373,1,1,1,,54687939493.0,0.24910123170349685,0.20565620927413208,1,1,1,,45777927208.0,0.011505418853221983,-0.2736422940160108,1,1,1,,200325990515.0,-4.273841592837266,-2.309400470393615,1,1,1,,5155932893.0,1.3572923405003583,0.44527123499684906,1,1,1,,-0.019739237104489188,0.18702399072881876,659744795088.0,0.3036416384130466,0.007815041409022828,0.044285936832285024,0.08289256679274817,40,20161,20254,317512161420.0,335637637302.0,0.05708592641282773,15762976617.0,15647454186.0,-0.007328719302635504,0,0,200325990515.0,0.3036416384130466,0,1,2026-03-31,661,True,passed,661,0.0,0.0,4.0,2025.0,00357740,0.17798566358804624,0.17798566358804624,0.0,0.17798566358804624,142.0,142.0,0.18702399072881876,0.3209480090273787,108.0,1.0,0.3209480090273787,-0.01993534405377373,-0.27714817535776975,211.0,1.0,-0.06928704383944244,0.7858426703724263,0.35335800457111427,121.0,1.0,-0.12367530159988999,0.0,0.0,78.0,1.0,0.0,1.0,1.0,1.0,1.0,0.05,0
079900,2025,4,202504,전진건설로봇,00372129,CFS,CFS,230189468832.0,156587716209.0,73601752623.0,0.470035290154961,0.3852864074106205,190660739993.0,,,1,0,0,missing_ttm_yoy,28718922607.0,,,1,0,0,missing_ttm_yoy,29246401890.0,,,1,0,0,missing_ttm_yoy,32339255145.0,,,1,0,0,missing_ttm_yoy,14871047783.0,,,1,0,0,missing_ttm_yoy,,,230189468832.0,0.1404897248735661,0.06460351057090882,0.1506284020929238,0.12476210468151362,6,20243,20254,44907008845.0,45409104665.0,0.011180789656532734,4956491820.0,5650597454.0,0.1400397013063163,0,0,32339255145.0,0.1404897248735661,0,0,2026-03-31,292,True,passed,292,0.0,0.0,4.0,2025.0,00372129,0.17642553806683534,0.17642553806683534,0.0,0.17642553806683534,143.0,143.0,,0.0,138.0,1.0,0.0,,0.0,138.0,1.0,0.0,0.3852864074106205,-0.5040729659052439,223.0,1.0,0.17642553806683534,0.0,0.0,78.0,1.0,0.0,0.0,0.0,111.0,1.0,0.0,0
161390,2025,4,202504,한국타이어앤테크놀로지,00937324,CFS,CFS,26647188444916.0,14201979362795.0,12445209082121.0,0.8763010256671531,0.629302299154518,21202299462815.0,1.2527004640560215,1.1998652905776934,1,1,1,,1841075890332.0,0.04472415497481985,-0.2823337144345148,1,1,1,,971594538868.0,-0.1410163442793252,-0.6930316524274173,1,1,1,,1608024241978.0,-0.14743939409493267,-0.10331697854149557,1,1,1,,2307950765389.0,1.213184718214627,-0.2178730694460973,1,1,1,,0.788396126933948,-0.24868163229554321,26647188444916.0,0.0603449870631584,0.0866114175669941,0.08683378392805527,0.06909081211842662,40,20161,20254,5412726880899.0,5456245734092.0,0.008040097745661971,585951861726.0,546840023523.0,-0.06674923446405788,0,0,1608024241978.0,0.0603449870631584,0,1,2026-03-31,221,True,passed,221,0.0,0.0,4.0,2025.0,00937324,0.1759092868425664,0.1759092868425664,0.0,0.1759092868425664,144.0,144.0,-0.24868163229554321,-0.4926970550821504,222.0,1.0,-0.4926970550821504,1.1998652905776934,2.5,1.0,1.0,0.625,0.629302299154518,0.018267594500809115,157.0,1.0,-0.006393658075283189,0.0,0.0,78.0,1.0,0.0,1.0,1.0,1.0,1.0,0.05,0
499790,2025,4,202504,GS피앤엘,01882845,CFS,CFS,2458495051224.0,1258600788881.0,1199894262343.0,0.953355720847597,0.6695487760399094,481682588524.0,,,1,0,0,missing_ttm_yoy,78022623652.0,,,1,0,0,missing_ttm_yoy,29943929968.0,,,1,0,0,missing_ttm_yoy,119618149534.0,,,1,0,0,missing_ttm_yoy,225598356644.0,,,1,0,0,missing_ttm_yoy,,,2458495051224.0,0.04865502961840262,0.09176278655988442,0.16197933143292867,0.03173592869880101,5,20244,20254,121961937049.0,153099606381.0,0.25530645122084267,19929295893.0,31313880400.0,0.5712487068345822,0,0,119618149534.0,0.04865502961840262,1,1,2026-03-31,64992,True,passed,64992,0.0,0.0,4.0,2025.0,01882845,0.1634532707490825,0.1634532707490825,0.0,0.1634532707490825,145.0,145.0,,0.0,138.0,1.0,0.0,,0.0,138.0,1.0,0.0,0.6695487760399094,0.1044192264311928,148.0,1.0,-0.036546729250917474,1.0,1.0,1.0,1.0,0.15,1.0,1.0,1.0,1.0,0.05,0
034020,2025,4,202504,두산에너빌리티,00159616,CFS,CFS,27513223000000.0,12009370000000.0,15503853000000.0,1.2909797100097673,0.8289795470418162,17057876000000.0,0.05081119974028292,0.1279482873623049,1,1,1,,762712000000.0,-0.2504795597484277,0.056010399818884116,1,1,1,,205163000000.0,-0.48019073245010624,-0.24284251139900348,1,1,1,,751801000000.0,2.1039991081897904,2.9870281307386652,1,1,1,,698111000000.0,0.06802285021907806,-0.015623133772014741,1,1,1,,0.12040030748801052,0.05449803354891264,27513223000000.0,0.027325079290056276,0.02537365396994747,0.044713187034540525,0.027721652239724878,40,20161,20254,3880350000000.0,4859931000000.0,0.25244655765588153,137059000000.0,212072000000.0,0.5473044455307569,0,0,751801000000.0,0.027325079290056276,0,0,2026-03-31,29119,True,passed,29119,0.0,0.0,4.0,2025.0,00159616,0.16310196376948966,0.16310196376948966,0.0,0.16310196376948966,146.0,146.0,0.05449803354891264,0.07346648657800632,133.0,1.0,0.07346648657800632,0.1279482873623049,0.9825174679204598,72.0,1.0,0.24562936698011495,0.8289795470418162,0.4456968279675189,111.0,1.0,-0.1559938897886316,0.0,0.0,78.0,1.0,0.0,0.0,0.0,111.0,1.0,0.0,0
036620,2025,4,202504,감성코퍼레이션,00261009,CFS,OFS,184823626775.0,133957581675.0,50866045100.0,0.3797175528549642,0.32187880637674426,250195090117.0,0.1352036572019759,-0.10333708361943073,1,1,1,,44631054064.0,0.23791444712297394,0.11974825633218233,1,1,1,,35417260132.0,0.21044943115333115,1.8850250735891194e-06,1,1,1,,39000370860.0,5.705878423819277,6.488068638909657,1,1,1,,2425193542.0,-0.6124503344340795,-1.6390983468049711,1,1,1,,-0.09833929976592864,0.11310388891020628,184823626775.0,0.2110139896100954,0.013121664065992897,0.17838501164482864,0.2414791595791636,40,20161,20254,45908563227.0,103985614189.0,1.2650592150930875,6200546893.0,22841792693.0,2.6838351660217015,0,0,39000370860.0,0.2110139896100954,0,0,2026-03-31,467,True,passed,467,0.0,0.0,4.0,2025.0,00261009,0.15994930525737652,0.15994930525737652,0.0,0.15994930525737652,147.0,147.0,0.11310388891020628,0.18290818855018248,124.0,1.0,0.18290818855018248,-0.10333708361943073,-0.9875601723752723,258.0,1.0,-0.24689004309381807,0.32187880637674426,-0.6398033137171775,240.0,1.0,0.2239311598010121,0.0,0.0,78.0,1.0,0.0,0.0,0.0,111.0,1.0,0.0,0
011210,2025,4,202504,현대위아,00106623,CFS,CFS,7025106000000.0,4065428000000.0,2959678000000.0,0.7280114172480733,0.5469712775637825,8481561000000.0,0.03675335409881031,0.08441516304739849,1,1,1,,204413000000.0,-0.06579681001782367,-0.020398583017963268,1,1,1,,116932000000.0,-0.09685491843796346,-1.5607355608981903,1,1,1,,404129000000.0,-0.31733582437481844,-0.5818837606847415,1,1,1,,253381000000.0,-0.0871883364615268,-0.9011954726903043,1,1,1,,0.0810408214359808,-0.020193318631049874,7025106000000.0,0.057526391772593895,0.03606792552311666,0.02410087011105621,0.029097496891861845,40,20161,20254,2151875000000.0,2089337000000.0,-0.029062097008422886,51848000000.0,47686000000.0,-0.08027310600216016,0,0,404129000000.0,0.057526391772593895,0,0,2026-03-31,303,True,passed,303,0.0,0.0,4.0,2025.0,00106623,0.14220210518813883,0.14220210518813883,0.0,0.14220210518813883,148.0,148.0,-0.020193318631049874,-0.06601358166406683,189.0,1.0,-0.06601358166406683,0.08441516304739849,0.6117044136361737,86.0,1.0,0.15292610340904342,0.5469712775637825,-0.157970238409035,185.0,1.0,0.05528958344316225,0.0,0.0,78.0,1.0,0.0,0.0,0.0,111.0,1.0,0.0,0
017960,2025,4,202504,한국카본,00159795,CFS,CFS,1043222615767.0,580170310439.0,463052305328.0,0.7981316813292638,0.5867481710369048,908810220281.0,0.22523954791312617,-0.022605597086955864,1,1,1,,130950531954.0,1.881434275228706,0.12137948059399495,1,1,1,,101743537476.0,4.006730786298834,6.517676200074901,1,1,1,,131542994323.0,-0.12615869389133927,-1.7895440385675658,1,1,1,,244000823.0,-0.9700254635064447,3.3418272605262898,1,1,1,,-0.02235387703716139,0.1145596065143375,1043222615767.0,0.1260929281391074,0.0002338914238554973,0.14409007406795082,0.12552501256668244,40,20161,20254,221132122841.0,231843003020.0,0.04843656381258282,29862508460.0,38337085184.0,0.2837864988921296,0,0,131542994323.0,0.1260929281391074,0,0,2026-03-31,2512,True,passed,2512,0.0,0.0,4.0,2025.0,00159795,0.13614163707437366,0.13614163707437366,0.0,0.13614163707437366,149.0,149.0,0.1145596065143375,0.18562662361447468,123.0,1.0,0.18562662361447468,-0.022605597086955864,-0.29989326196776295,213.0,1.0,-0.07497331549194074,0.5867481710369048,-0.07282379700525629,170.0,1.0,0.025488328951839702,0.0,0.0,78.0,1.0,0.0,0.0,0.0,111.0,1.0,0.0,0
069260,2025,4,202504,티케이지휴켐스,00426086,CFS,CFS,1168210236084.0,908316322259.0,259893913825.0,0.2861270985185413,0.2516354533723691,1127691137096.0,-0.05095572187583186,-0.17972060123820444,1,1,1,,65614572005.0,-0.18796299598789812,0.14551650456273124,1,1,1,,59207938448.0,-0.23554305659980734,0.18978884338277102,1,1,1,,102429389657.0,0.292371193412162,0.934658086305918,1,1,1,,11992895341.0,-0.6329656384564096,0.08104250562382298,1,1,1,,-0.16527763182940106,0.1358556309811051,1168210236084.0,0.08768061303790427,0.010266041993607092,0.05818487868404188,0.05616674976667641,40,20161,20254,291739676916.0,276480611015.0,-0.05230370466679275,26396950237.0,4607921224.0,-0.8254373636867648,0,0,102429389657.0,0.08768061303790427,0,0,2026-03-31,2049,True,passed,2049,0.0,0.0,4.0,2025.0,00426086,0.09240560284457028,0.09240560284457028,0.0,0.09240560284457028,150.0,150.0,0.1358556309811051,0.2253952294733263,119.0,1.0,0.2253952294733263,-0.17972060123820444,-1.6381912931812852,280.0,1.0,-0.4095478232953213,0.2516354533723691,-0.7901662761901866,270.0,1.0,0.2765581966665653,0.0,0.0,78.0,1.0,0.0,0.0,0.0,111.0,1.0,0.0,0
214430,2025,4,202504,아이쓰리시스템,00612489,CFS,OFS,189547523513.0,139728568887.0,49818954626.0,0.35654093520623636,0.3049380297394785,124275749815.0,0.02960946361839434,0.03649919258969714,1,1,1,,16458043794.0,0.11504902637399672,-0.09433615849691845,1,1,1,,18783320910.0,0.2549505361859943,0.06340000694718761,1,1,1,,18805171604.0,1.3061250163808649,1.931522818453309,1,1,1,,14862232748.0,1.781128100314322,-96.0201401784094,1,1,1,,0.035848873915774085,-0.09014793147785068,189547523513.0,0.09921085359213495,0.07840900515369004,0.13243165958362638,0.0868280602614744,40,20161,20254,32388388846.0,28475151019.0,-0.12082224421864964,4216607701.0,3807105413.0,-0.09711652518750641,0,0,18805171604.0,0.09921085359213495,0,0,2026-03-31,2629,True,passed,2629,0.0,0.0,4.0,2025.0,00612489,0.09086481259456908,0.09086481259456908,0.0,0.09086481259456908,151.0,151.0,-0.09014793147785068,-0.19664817173294463,200.0,1.0,-0.19664817173294463,0.03649919258969714,0.20355848719432013,112.0,1.0,0.05088962179858003,0.3049380297394785,-0.6760667500826677,249.0,1.0,0.23662336252893368,0.0,0.0,78.0,1.0,0.0,0.0,0.0,111.0,1.0,0.0,0
002790,2025,4,202504,아모레퍼시픽홀딩스,00154462,CFS,CFS,8769409589796.0,7235423628719.0,1533985961077.0,0.21201052485555508,0.19228057148363845,4623175217447.0,0.0852812623588941,0.02596186067070594,1,1,1,,367999917421.0,0.4762659253971593,-0.1637018594790809,1,1,1,,292155732971.0,-0.5525075779235842,-2.3340694137055618,1,1,1,,629668209209.0,0.6337108851940021,0.6441112271606652,1,1,1,,106906300289.0,-0.08978293743495613,0.4029873249905138,1,1,1,,0.025630573222081555,-0.15160618203306733,8769409589796.0,0.0718028052814041,0.012190820738193725,0.07959895528775052,0.041964047140551075,40,20161,20254,1108242786602.0,1255214251420.0,0.13261666720938597,104260959207.0,54759733255.0,-0.47478199249749975,0,0,629668209209.0,0.0718028052814041,0,1,2026-03-31,20423,True,passed,20423,0.0,0.0,4.0,2025.0,00154462,0.0880614889586508,0.0880614889586508,0.0,0.0880614889586508,152.0,152.0,-0.15160618203306733,-0.3114164913749034,210.0,1.0,-0.3114164913749034,0.02596186067070594,0.11380200188847504,120.0,1.0,0.02845050047211876,0.19228057148363845,-0.9172213710326726,292.0,1.0,0.3210274798614354,0.0,0.0,78.0,1.0,0.0,1.0,1.0,1.0,1.0,0.05,0
021240,2025,4,202504,코웨이,00170558,CFS,CFS,7000122151656.0,3613727511069.0,3386394640587.0,0.9370918615790289,0.6611878079668544,4963566073111.0,0.15160160032192338,0.06497100303186132,1,1,1,,878651769382.0,0.10470284741113334,0.017019650106532724,1,1,1,,617510076654.0,0.09206417668417166,-0.10844294679833189,1,1,1,,35544145039.0,-0.8924010220456529,-0.6282060230856654,1,1,1,,237217965794.0,-0.04862461309253285,0.009136142463972208,1,1,1,,0.06294757159059128,0.01687643851843769,7000122151656.0,0.005077646399440533,0.03388768947951601,0.17702026253702915,0.12551949099547352,40,20161,20254,1254400659845.0,1275371499699.0,0.01671781634473252,243057379433.0,181628473673.0,-0.2527341729072381,0,0,35544145039.0,0.005077646399440533,0,0,2026-03-31,969,True,passed,969,0.0,0.0,4.0,2025.0,00170558,0.08444858846217691,0.08444858846217691,0.0,0.08444858846217691,153.0,153.0,0.01687643851843769,0.0032111961183696087,137.0,1.0,0.0032111961183696087,0.06497100303186132,0.4460799959812969,97.0,1.0,0.11151999899532422,0.6611878079668544,0.08652173329004834,150.0,1.0,-0.030282606651516917,0.0,0.0,78.0,1.0,0.0,0.0,0.0,111.0,1.0,0.0,0
064400,2025,4,202504,LG씨엔에스,00139834,CFS,CFS,5285275191000.0,2941438973000.0,2343836218000.0,0.7968331961038445,0.5860257799559582,6129542718000.0,0.024557047172238278,,1,1,0,missing_prev_yoy,551828295000.0,0.07597377111674763,,1,1,0,missing_prev_yoy,439157596000.0,0.20345363158151897,,1,1,0,missing_prev_yoy,418168400000.0,-0.4154653625718947,,1,1,0,missing_prev_yoy,53172892000.0,-2.459918948017165,,1,1,0,missing_prev_yoy,,,5285275191000.0,0.07911951315459896,0.010060572075895906,0.09002764486484488,0.1044086211328556,10,20233,20254,1522342589000.0,1935660349000.0,0.27150114763031175,120174788000.0,211968792000.0,0.7638374531603085,0,0,418168400000.0,0.07911951315459896,0,1,2026-03-31,62021,True,passed,62021,0.0,0.0,4.0,2025.0,00139834,0.07602955172128747,0.07602955172128747,0.0,0.07602955172128747,154.0,154.0,,0.0,138.0,1.0,0.0,,0.0,138.0,1.0,0.0,0.5860257799559582,-0.07437014777510706,171.0,1.0,0.02602955172128747,0.0,0.0,78.0,1.0,0.0,1.0,1.0,1.0,1.0,0.05,0
035420,2025,4,202504,NAVER,00266961,CFS,CFS,41084496327318.0,28953013365595.0,12131482961723.0,0.4190058840693555,0.34995654480028476,12035007218975.0,0.1208159686758814,0.010474223619156176,1,1,1,,2208138388720.0,0.11563642585579292,-0.21378088476970758,1,1,1,,1818746310015.0,-0.05860840977311199,-1.0199703735039227,1,1,1,,3095806604677.0,0.19535012164772403,-0.0981426856091907,1,1,1,,1319383789510.0,1.2743869808060686,1.4364008495648504,1,1,1,,0.010419748995028653,-0.19374018604195276,41084496327318.0,0.07535218589545004,0.03211390931991814,0.1834762828591027,0.053746268936288734,40,20161,20254,3138054569501.0,3195084241354.0,0.018173575567256184,570646831171.0,610636476538.0,0.07007774893788327,0,0,3095806604677.0,0.07535218589545004,1,1,2026-03-31,63120,True,passed,63120,0.0,0.0,4.0,2025.0,00266961,0.008266454495994766,0.008266454495994766,0.0,0.008266454495994766,155.0,155.0,-0.19374018604195276,-0.3900983411867978,218.0,1.0,-0.3900983411867978,0.010474223619156176,-0.018120943893873618,185.0,1.0,-0.0045302359734684045,0.34995654480028476,-0.57970009044646,229.0,1.0,0.202895031656261,1.0,1.0,1.0,1.0,0.15,1.0,1.0,1.0,1.0,0.05,0
010950,2025,4,202504,S-Oil,00138279,CFS,CFS,26556957000000.0,8887401000000.0,17669556000000.0,1.9881578427709068,1.094657091434556,34246957000000.0,-0.06523656351957119,-0.09071714674957831,1,1,1,,235631000000.0,-0.4418667999440993,0.24646731345767336,1,1,1,,176952000000.0,-1.9166502626371464,-0.7132014489177729,1,1,1,,3942304000000.0,1.686256245813695,2.105198412151939,1,1,1,,3908617000000.0,-2.2734642240083094,0.12924679762913494,1,1,1,,-0.08683541269593494,0.22031340098035387,26556957000000.0,0.14844712818565772,0.1471786470114027,0.006880348522643924,0.008872665644636922,40,20161,20254,8415367000000.0,8792553000000.0,0.044821099305591784,229216000000.0,371927000000.0,0.6226048792405416,0,0,3942304000000.0,0.14844712818565772,1,1,2026-03-31,19210,True,passed,19210,0.0,0.0,4.0,2025.0,00138279,0.008055037508294546,0.008055037508294546,0.0,0.008055037508294546,156.0,156.0,0.22031340098035387,0.3831132942726514,101.0,1.0,0.3831132942726514,-0.09071714674957831,-0.8800641584955042,255.0,1.0,-0.22001603962387606,1.094657091434556,1.014406334687088,58.0,1.0,-0.3550422171404808,1.0,1.0,1.0,1.0,0.15,1.0,1.0,1.0,1.0,0.05,0
018260,2025,4,202504,삼성에스디에스,00126186,CFS,CFS,13453704199195.0,10262899983419.0,3190804215776.0,0.31090668533564036,0.2707190240145882,13929868497711.0,0.007349924680362108,-0.03418011215818617,1,1,1,,957102744609.0,0.050494999219604875,-0.07677797992143365,1,1,1,,782669219514.0,-0.008653697669810057,-0.13438066960152273,1,1,1,,1203327812666.0,-0.028041554344532038,0.12446264060688061,1,1,1,,359463372672.0,-0.3178744182933112,-0.41507263028171704,1,1,1,,-0.03360895062508213,-0.07397323014632798,13453704199195.0,0.08944211905134654,0.026718542889735037,0.06870867049220702,0.07114046291178812,40,20161,20254,3391317620506.0,3536802718430.0,0.04289928405534984,232295633808.0,226100785170.0,-0.026667951250087838,0,0,1203327812666.0,0.08944211905134654,0,0,2026-03-31,62021,True,passed,62021,0.0,0.0,4.0,2025.0,00126186,-0.003803738276256796,-0.003803738276256796,0.0,-0.003803738276256796,157.0,157.0,-0.07397323014632798,-0.16644322323930671,197.0,1.0,-0.16644322323930671,-0.03418011215818617,-0.39848442336420725,221.0,1.0,-0.09962110584105181,0.2707190240145882,-0.749315973726005,260.0,1.0,0.26226059080410175,0.0,0.0,78.0,1.0,0.0,0.0,0.0,111.0,1.0,0.0,0
033500,2025,4,202504,동성화인텍,00231105,CFS,CFS,501560927287.0,258895742264.0,242665185023.0,0.9373085200279213,0.6612996489888338,742186008411.0,0.24234010691802088,0.1181401467017924,1,1,1,,72558706089.0,0.34395812514619006,-0.1019184013740222,1,1,1,,55883227093.0,0.42042157304562133,0.05180021536935908,1,1,1,,84702106506.0,0.25339253293924924,0.20930715842195524,1,1,1,,16139663327.0,-0.31438280968060106,181.5183753547882,1,1,1,,0.11166672170830394,-0.09705266204909803,501560927287.0,0.16887700356597415,0.03217886890492302,0.0977635057340224,0.14466578663030688,40,20161,20254,201106300033.0,175391399396.0,-0.1278672057154867,23510159178.0,19583332231.0,-0.16702681242050416,0,0,84702106506.0,0.16887700356597415,0,0,2026-03-31,201,True,passed,201,0.0,0.0,4.0,2025.0,00231105,-0.015165547895790828,-0.015165547895790828,0.0,-0.015165547895790828,158.0,158.0,-0.09705266204909803,-0.2095421984597639,203.0,1.0,-0.2095421984597639,0.1181401467017924,0.8989721986017315,75.0,1.0,0.22474304965043287,0.6612996489888338,0.086761140247028,149.0,1.0,-0.030366399086459796,0.0,0.0,78.0,1.0,0.0,0.0,0.0,111.0,1.0,0.0,0
456040,2025,4,202504,OCI,01760738,CFS,CFS,2275774798000.0,1164784174000.0,1110990624000.0,0.9538167231314048,0.6697847534852649,2009429144000.0,-0.09292547674809626,,1,1,0,missing_prev_yoy,440425000.0,-0.9960139935637614,,1,1,0,missing_prev_yoy,-68483852000.0,-1.7637366304677575,,1,1,0,missing_prev_yoy,56057631000.0,-0.657945064693187,,1,1,0,missing_prev_yoy,83205230000.0,0.15876082386225443,,1,1,0,missing_prev_yoy,,,2275774798000.0,0.02463232787763739,0.03656127577874689,0.00021917916405018558,0.00019352749682747828,11,20232,20254,476378142000.0,467287523000.0,-0.019082779410983134,-10345900000.0,2813109000.0,1.2719056824442532,0,0,56057631000.0,0.02463232787763739,0,0,2026-03-31,20129,True,passed,20129,0.0,0.0,4.0,2025.0,01760738,-0.03672352596099752,-0.03672352596099752,0.0,-0.03672352596099752,159.0,159.0,,0.0,138.0,1.0,0.0,,0.0,138.0,1.0,0.0,0.6697847534852649,0.10492435988856434,147.0,1.0,-0.03672352596099752,0.0,0.0,78.0,1.0,0.0,0.0,0.0,111.0,1.0,0.0,0
001800,2025,4,202504,오리온홀딩스,00117577,CFS,CFS,6183410426053.0,5155936347634.0,1027474078419.0,0.1992798221588783,0.18172122843200253,3393126199452.0,0.06192961349022563,-0.019808852354549877,1,1,1,,487728621983.0,-0.03656646298307786,-0.2851141989280789,1,1,1,,337777860270.0,-0.2956043762503823,-0.9467998655851521,1,1,1,,514071834748.0,-0.2398741501725462,-0.7367648632065901,1,1,1,,188426638453.0,0.35870497599428885,0.5996908967754014,1,1,1,,-0.019615210082268724,-0.25084758515956185,6183410426053.0,0.08313726557467782,0.030472930869846312,0.1437401951220587,0.07887696083184427,40,20161,20254,845588881155.0,939029874989.0,0.11050404743540126,122861578204.0,149199831383.0,0.21437339129135902,0,0,514071834748.0,0.08313726557467782,1,1,2026-03-31,649,True,passed,649,0.0,0.0,4.0,2025.0,00117577,-0.036820830999239454,-0.036820830999239454,0.0,-0.036820830999239454,160.0,160.0,-0.25084758515956185,-0.49674179713681993,223.0,1.0,-0.49674179713681993,-0.019808852354549877,-0.27607072516164993,209.0,1.0,-0.06901768129041248,0.18172122843200253,-0.9398247069371227,296.0,1.0,0.32893864742799295,1.0,1.0,1.0,1.0,0.15,1.0,1.0,1.0,1.0,0.05,0
047050,2025,4,202504,포스코인터내셔널,00124504,CFS,CFS,18753010588000.0,7812655175000.0,10940355413000.0,1.4003376787968886,0.8756094269553575,32373603908000.0,0.0010145324474324369,0.024919174948584533,1,1,1,,1165316105000.0,0.043328809943650404,0.08304192150130019,1,1,1,,636802406000.0,0.26497835535457726,0.5251261454298392,1,1,1,,1941539030000.0,1.2141410416781917,1.3995254097315943,1,1,1,,1059044274000.0,-0.05203256885504293,-0.5862761757629005,1,1,1,,0.024613755772556353,0.07977367595048618,18753010588000.0,0.10353212466282004,0.05647329366292149,0.03599587207873489,0.06214021474214293,40,20161,20254,8248268133000.0,7827528711000.0,-0.051009425883803285,315858181000.0,265592202000.0,-0.159140975360711,0,0,1941539030000.0,0.10353212466282004,0,0,2026-03-31,461,True,passed,461,0.0,0.0,4.0,2025.0,00124504,-0.04403265031630613,-0.04403265031630613,0.0,-0.04403265031630613,161.0,161.0,0.07977367595048618,0.12066670754253574,130.0,1.0,0.12066670754253574,0.024919174948584533,0.10492045517288444,123.0,1.0,0.02623011379322111,0.8756094269553575,0.5455127761487514,99.0,1.0,-0.19092947165206298,0.0,0.0,78.0,1.0,0.0,0.0,0.0,111.0,1.0,0.0,0
035250,2025,4,202504,강원랜드,00255619,CFS,CFS,4845197185257.0,3964518835963.0,880678349294.0,0.22214003407051014,0.20060344834971397,1476727048701.0,0.03494678502723714,0.0073714103999562575,1,1,1,,235311359166.0,-0.1766297464348935,-0.18912674274788743,1,1,1,,318192728196.0,-0.30357302150550614,-0.6439043620505469,1,1,1,,294467847955.0,-0.3954037847441173,-0.8370212369208448,1,1,1,,121597148568.0,0.022170304240532568,-0.6542357512577068,1,1,1,,0.007344374335635045,-0.17321920811505936,4845197185257.0,0.06077520412399496,0.025096429292495392,0.1593465490951704,0.048565899419327464,40,20161,20254,384146506525.0,365447205575.0,-0.04867752441419915,72702168808.0,29832061316.0,-0.5896675187946065,0,0,294467847955.0,0.06077520412399496,0,0,2026-03-31,91249,True,passed,91249,0.0,0.0,4.0,2025.0,00255619,-0.048122815895553006,-0.048122815895553006,0.0,-0.048122815895553006,162.0,162.0,-0.17321920811505936,-0.3517770721496437,214.0,1.0,-0.3517770721496437,0.0073714103999562575,-0.04455055731565159,189.0,1.0,-0.011137639328912898,0.20060344834971397,-0.8994054159514389,289.0,1.0,0.3147918955830036,0.0,0.0,78.0,1.0,0.0,0.0,0.0,111.0,1.0,0.0,0
012330,2025,4,202504,현대모비스,00164788,CFS,CFS,70400532000000.0,49212795000000.0,21187737000000.0,0.43053309611860086,0.3580471692897476,61118127000000.0,0.06780810208502386,0.10185396750242326,1,1,1,,3357456000000.0,0.09240412096350159,-0.24662669178123942,1,1,1,,3664736000000.0,-0.09739145812198091,-0.28342549711758436,1,1,1,,4472515000000.0,0.051689822968687515,0.2556973615765382,1,1,1,,1515657000000.0,-0.3591462200308745,-0.595315580939418,1,1,1,,0.0969941860716992,-0.2204412568281063,70400532000000.0,0.06352956253228313,0.021529056058837738,0.054933882381572326,0.047690775973113386,40,20161,20254,15031932000000.0,15397920000000.0,0.024347369320191176,780299000000.0,930474000000.0,0.19245827560973422,0,0,4472515000000.0,0.06352956253228313,0,0,2026-03-31,303,True,passed,303,0.0,0.0,4.0,2025.0,00164788,-0.053065153990795144,-0.053065153990795144,0.0,-0.053065153990795144,163.0,163.0,-0.2204412568281063,-0.43996043454421646,220.0,1.0,-0.43996043454421646,0.10185396750242326,0.7602473093001062,84.0,1.0,0.19006182732502655,0.3580471692897476,-0.5623812949382708,228.0,1.0,0.19683345322839477,0.0,0.0,78.0,1.0,0.0,0.0,0.0,111.0,1.0,0.0,0
145020,2025,4,202504,휴젤,00888347,CFS,CFS,1076837920124.0,980161908525.0,96676011599.0,0.09863269604557805,0.09406640303965905,425109983561.0,0.13956180715385758,-0.02730386274566632,1,1,1,,200851332915.0,0.2082797030646495,-0.20305201745714596,1,1,1,,146974291500.0,0.02682586260166331,-0.43881148842241813,1,1,1,,150058740523.0,0.00676179608231009,-0.25954380633499374,1,1,1,,29522786061.0,-0.113618882606071,0.06509968983012626,1,1,1,,-0.026937761328082687,-0.18486167583923063,1076837920124.0,0.1393512781438087,0.027416183540045092,0.4724691037188483,0.1865195580147025,40,20161,20254,105898058047.0,119131047772.0,0.12495970151904857,47401917345.0,57825523745.0,0.2198984130564814,0,0,150058740523.0,0.1393512781438087,0,0,2026-03-31,211,True,passed,211,0.0,0.0,4.0,2025.0,00888347,-0.06388611890546286,-0.06388611890546286,0.0,-0.06388611890546286,164.0,164.0,-0.18486167583923063,-0.373518440397482,215.0,1.0,-0.373518440397482,-0.02730386274566632,-0.3399128623562618,218.0,1.0,-0.08497821558906545,0.09406640303965905,-1.1274586773745274,313.0,1.0,0.39461053708108457,0.0,0.0,78.0,1.0,0.0,0.0,0.0,111.0,1.0,0.0,0
086280,2025,4,202504,현대글로비스,00360595,CFS,CFS,18587219950287.0,10388453580786.0,8198766369501.0,0.7892191369719412,0.5817792883453907,29566409336616.0,0.040800498596146095,-0.06526796008713176,1,1,1,,2073007545910.0,0.18263794281982215,0.05469021273799224,1,1,1,,1734697253045.0,0.577733320230881,0.5502624500196902,1,1,1,,2500761317215.0,0.17826672644889774,0.23171933839051628,1,1,1,,623183955235.0,-0.34946364092054594,-2.3315437141544506,1,1,1,,-0.06322637322959539,0.05324708659300825,18587219950287.0,0.13454197690152078,0.03352755048370629,0.07011360501400893,0.11152864987095562,40,20161,20254,7355054260527.0,7471997778662.0,0.015899749205469604,523988453875.0,508256566610.0,-0.03002334717236521,0,0,2500761317215.0,0.13454197690152078,0,0,2026-03-31,5299,True,passed,5299,0.0,0.0,4.0,2025.0,00360595,-0.0654807926062777,-0.0654807926062777,0.0,-0.0654807926062777,165.0,165.0,0.05324708659300825,0.07113044416232804,134.0,1.0,0.07113044416232804,-0.06526796008713176,-0.6632892133505405,243.0,1.0,-0.16582230333763512,0.5817792883453907,-0.0834601901972268,172.0,1.0,0.029211066569029377,0.0,0.0,78.0,1.0,0.0,0.0,0.0,111.0,1.0,0.0,0
007310,2025,4,202504,오뚜기,00141529,CFS,CFS,3641076426477.0,2202787081084.0,1438289345393.0,0.6529407030502523,0.5025559458725636,3674545422005.0,0.038265022189469367,0.0137835578122123,1,1,1,,177251297728.0,-0.20162290979954722,-0.07263064369461691,1,1,1,,72135661488.0,-0.47575825019314644,-0.3268148367519571,1,1,1,,218874761016.0,-0.3938912528922326,-0.2728672109759721,1,1,1,,185157693379.0,-0.013468803988048506,-0.4674261611694067,1,1,1,,0.013689428550369262,-0.070114176704192,3641076426477.0,0.06011265224327545,0.05085246001225885,0.04823761237690283,0.0486810154379273,40,20161,20254,955537738829.0,896240806997.0,-0.06205608572265045,55337551539.0,19314861045.0,-0.6509628541951743,0,0,218874761016.0,0.06011265224327545,0,0,2026-03-31,108,True,passed,108,0.0,0.0,4.0,2025.0,00141529,-0.06815379810007854,-0.06815379810007854,0.0,-0.06815379810007854,166.0,166.0,-0.070114176704192,-0.15923675258709466,196.0,1.0,-0.15923675258709466,0.0137835578122123,0.010067805227318479,136.0,1.0,0.0025169513068296198,0.5025559458725636,-0.25304572337196146,196.0,1.0,0.08856600318018651,0.0,0.0,78.0,1.0,0.0,0.0,0.0,111.0,1.0,0.0,0
064350,2025,4,202504,현대로템,00302926,CFS,CFS,9318033774000.0,3041233616000.0,6276800158000.0,2.063899374575373,1.119688410143034,5839031553000.0,0.33414851987393823,0.11415095498090388,1,1,1,,1005640509000.0,1.2026202902122698,0.02898097854602133,1,1,1,,770492199000.0,0.9012320809406293,-0.6836770642127472,1,1,1,,904313494000.0,5.3476895600609975,6.153648461818639,1,1,1,,156471491000.0,0.36031207749832794,-0.062328174416444115,1,1,1,,0.10809263948901243,0.028568971303039647,9318033774000.0,0.09704981930021496,0.01679232923973731,0.17222727773808966,0.10792411075027726,40,20161,20254,1619634717000.0,1625621371000.0,0.0036962988858925527,277743855000.0,267457127000.0,-0.03703674380122649,0,0,904313494000.0,0.09704981930021496,0,1,2026-03-31,31201,True,passed,31201,0.0,0.0,4.0,2025.0,00302926,-0.0825017657660851,-0.0825017657660851,0.0,-0.0825017657660851,167.0,167.0,0.028568971303039647,0.025046056823388074,135.0,1.0,0.025046056823388074,0.11415095498090388,0.864992455832804,77.0,1.0,0.216248113958201,1.119688410143034,1.067988390136212,56.0,1.0,-0.3737959365476742,0.0,0.0,78.0,1.0,0.0,1.0,1.0,1.0,1.0,0.05,0
006040,2025,4,202504,동원산업,00118026,CFS,CFS,7777544153206.0,3701777133435.0,4075767019771.0,1.1010298223947812,0.742427616143267,9583673896991.0,0.07149210369030179,0.07197696527941522,1,1,1,,516134102432.0,0.02955031476776515,-0.04917502738924484,1,1,1,,387148699085.0,2.409084281409022,2.991857242016226,1,1,1,,466018928197.0,0.10626328069280211,,1,1,0,missing_prev_yoy,375639239923.0,0.09777152863038041,0.5085098133322002,1,1,1,,0.0695045748052624,-0.048004167153973105,7777544153206.0,0.059918519138833976,0.04829792445063225,0.05385555768900394,0.06636209223180599,40,20161,20254,2586517748697.0,2319231262961.0,-0.10333835361100842,148103644729.0,109544937300.0,-0.26034948363056637,0,0,466018928197.0,0.059918519138833976,0,0,2026-03-31,64992,True,passed,64992,0.0,0.0,4.0,2025.0,00118026,-0.08265728409952289,-0.08265728409952289,0.0,-0.08265728409952289,168.0,168.0,-0.048004167153973105,-0.11794809532102978,193.0,1.0,-0.11794809532102978,0.07197696527941522,0.5057564446649101,91.0,1.0,0.12643911116622752,0.742427616143267,0.26042371412777326,136.0,1.0,-0.09114829994472064,0.0,0.0,78.0,1.0,0.0,0.0,0.0,111.0,1.0,0.0,0
105840,2025,4,202504,우진,00173944,CFS,CFS,297980322227.0,241804504854.0,56175817373.0,0.23231915140257042,0.20889788302641676,150379282702.0,0.06859117977264839,-0.021811835357042675,1,1,1,,14178215124.0,-0.11965751771093858,-0.16783164108453452,1,1,1,,11050114578.0,-0.3407933837489835,-0.5428935206674769,1,1,1,,-2059787214.0,-1.1807127886661817,-0.8294332170572678,1,1,1,,15053849802.0,5.458118088521243,5.751004504372797,1,1,1,,-0.021577360698373047,-0.15514873110937147,297980322227.0,-0.006912494082179238,0.05051961045445158,0.09428303466572815,0.047581045010076546,40,20161,20254,47553727935.0,40742601120.0,-0.14323013380380942,9829372180.0,1199470370.0,-0.8779708054558577,0,0,-2059787214.0,-0.006912494082179238,0,0,2026-03-31,27216,True,passed,27216,0.0,0.0,4.0,2025.0,00173944,-0.0827373046556632,-0.0827373046556632,0.0,-0.0827373046556632,169.0,169.0,-0.15514873110937147,-0.3180319156843102,211.0,1.0,-0.3180319156843102,-0.021811835357042675,-0.2931320378177586,212.0,1.0,-0.07328300945443965,0.20889788302641676,-0.8816503442373905,286.0,1.0,0.3085776204830867,0.0,0.0,78.0,1.0,0.0,0.0,0.0,111.0,1.0,0.0,0
489790,2025,4,202504,한화비전,01867758,CFS,CFS,1809393507006.0,866219782825.0,943173724181.0,1.0888388176786155,0.7366083219521555,1790921869125.0,,,1,0,0,missing_ttm_yoy,162267204336.0,,,1,0,0,missing_ttm_yoy,42619753835.0,,,1,0,0,missing_ttm_yoy,5676061731.0,,,1,0,0,missing_ttm_yoy,109634106057.0,,,1,0,0,missing_ttm_yoy,,,1809393507006.0,0.003136996849509076,0.060591632296952004,0.09060540670893685,0.08968043916798576,6,20243,20254,422742391618.0,459211764776.0,0.08626855002266862,31157096955.0,30545075643.0,-0.019643078842805493,0,0,5676061731.0,0.003136996849509076,0,0,2026-03-31,264,True,passed,264,0.0,0.0,4.0,2025.0,01867758,-0.08678842535405226,-0.08678842535405226,0.0,-0.08678842535405226,170.0,170.0,,0.0,138.0,1.0,0.0,,0.0,138.0,1.0,0.0,0.7366083219521555,0.24796692958300648,137.0,1.0,-0.08678842535405226,0.0,0.0,78.0,1.0,0.0,0.0,0.0,111.0,1.0,0.0,0
030000,2025,4,202504,제일기획,00148276,CFS,CFS,3587816549320.0,1588049835355.0,1999766713965.0,1.259259419599992,0.8150370691394679,4546894943227.0,0.04664509423656038,-0.0031297262085574484,1,1,1,,336889964137.0,0.0504157723342169,0.007499204794012115,1,1,1,,208612517893.0,,,1,0,0,missing_ttm_yoy,212279534936.0,-0.3871792553041331,-0.6860134945009526,1,1,1,,40637095433.0,0.04145271580429655,-0.4484561736587118,1,1,1,,-0.003124838810310926,0.007471225552049176,3587816549320.0,0.05916677511737143,0.011326413955223536,0.07409231318151022,0.09389832492992176,40,20161,20254,1188923358462.0,1199720729895.0,0.009081637900501476,95888789982.0,90391452705.0,-0.057330343599412886,0,0,212279534936.0,0.05916677511737143,0,1,2026-03-31,71310,True,passed,71310,0.0,0.0,4.0,2025.0,00148276,-0.14340000579325163,-0.14340000579325163,0.0,-0.14340000579325163,171.0,171.0,0.007471225552049176,-0.01435227954642133,185.0,1.0,-0.01435227954642133,-0.0031297262085574484,-0.13399873271174062,201.0,1.0,-0.033499683177935155,0.8150370691394679,0.41585155162541465,115.0,1.0,-0.14554804306889513,0.0,0.0,78.0,1.0,0.0,1.0,1.0,1.0,1.0,0.05,0
007340,2025,4,202504,DN오토모티브,00116949,CFS,CFS,5275680667000.0,2449662359000.0,2826018308000.0,1.1536358460247704,0.7671575050292163,3675704255000.0,0.07021663097494302,0.019654712025629628,1,1,1,,527907609000.0,0.009544160625917675,-0.05678494465960715,1,1,1,,324985358000.0,0.02123108763717041,-0.10148617332440879,1,1,1,,259273221000.0,0.31511469572985185,0.7617963981900427,1,1,1,,176895986000.0,0.31934512844698015,-0.11323198203697471,1,1,1,,0.019464052364223796,-0.05523122796591582,5275680667000.0,0.0491449800253803,0.033530457426376295,0.14362080634803412,0.10006435990376064,40,20161,20254,918734341000.0,968621769000.0,0.054300166842244986,118686243000.0,149955071000.0,0.26345789713808704,0,0,259273221000.0,0.0491449800253803,0,1,2026-03-31,28202,True,passed,28202,0.0,0.0,4.0,2025.0,00116949,-0.1761007293487747,-0.1761007293487747,0.0,-0.1761007293487747,172.0,172.0,-0.05523122796591582,-0.13144404774147353,194.0,1.0,-0.13144404774147353,0.019654712025629628,0.06007801378259698,127.0,1.0,0.015019503445649245,0.7671575050292163,0.3133605287227154,129.0,1.0,-0.10967618505295039,0.0,0.0,78.0,1.0,0.0,1.0,1.0,1.0,1.0,0.05,0
100790,2025,4,202504,미래에셋벤처투자,00340096,CFS,CFS,1100137937076.0,378332006272.0,721805930804.0,1.9078637779460326,1.0674187146765506,239848243971.0,0.025551423990541,,1,1,0,missing_prev_yoy,35116207413.0,1.2361158933662666,,1,1,0,missing_prev_yoy,30930410145.0,,,1,0,0,missing_ttm_yoy,48814681618.0,-0.6223292860742659,,1,1,0,missing_prev_yoy,117631400.0,-4.603608295411855,,1,1,0,missing_prev_yoy,,,1100137937076.0,0.04437141923106663,0.00010692422834962536,0.14641010845693703,0.031919822260046374,10,20233,20254,21773387189.0,113772867300.0,4.225317784156179,9806893382.0,22236988860.0,1.2674855322496663,0,0,48814681618.0,0.04437141923106663,1,0,2026-03-31,649,True,passed,649,0.0,0.0,4.0,2025.0,00340096,-0.18463494732077143,-0.18463494732077143,0.0,-0.18463494732077143,173.0,173.0,,0.0,138.0,1.0,0.0,,0.0,138.0,1.0,0.0,1.0674187146765506,0.9560998494879184,62.0,1.0,-0.3346349473207714,1.0,1.0,1.0,1.0,0.15,0.0,0.0,111.0,1.0,0.0,0
352820,2025,4,202504,하이브,01204056,CFS,CFS,5485474443000.0,3551456465000.0,1934017978000.0,0.5445703747349752,0.4347457970746028,2649870246000.0,0.17477089347398223,0.1391615325900959,1,1,1,,49318276000.0,-0.7320318449665054,-0.3545566329198482,1,1,1,,-254385318000.0,73.12490067301951,74.14360797882448,1,1,1,,107483561000.0,-0.2910020126946936,0.22095557198504578,1,1,1,,61104979000.0,-0.09668308953204874,0.17049737649399532,1,1,1,,0.1302924940672667,-0.3034741926101544,5485474443000.0,0.01959421415902493,0.011139415493581582,0.018611581481940986,0.008990703814678223,21,20204,20254,727180688000.0,716426933000.0,-0.01478828464157453,-42197878000.0,3974641000.0,1.094190541998344,0,0,107483561000.0,0.01959421415902493,0,0,2026-03-31,592,True,passed,592,0.0,0.0,4.0,2025.0,01204056,-0.1861398403338465,-0.1861398403338465,0.0,-0.1861398403338465,174.0,174.0,-0.3034741926101544,-0.5950177365102491,231.0,1.0,-0.5950177365102491,0.1391615325900959,1.078031350206462,65.0,1.0,0.2695078375516155,0.4347457970746028,-0.39820016749939185,205.0,1.0,0.13937005862478713,0.0,0.0,78.0,1.0,0.0,0.0,0.0,111.0,1.0,0.0,0
050890,2025,4,202504,쏠리드,00364403,CFS,CFS,536672709018.0,353338614123.0,183334094895.0,0.5188623251665891,0.4179615843293176,294830329228.0,-0.10945657844832801,-0.13965058543108222,1,1,1,,33282673656.0,-0.0528499983184515,-0.021739514748654765,1,1,1,,36443177245.0,-0.21172824112784994,-0.3426010149424842,1,1,1,,22837487502.0,-0.5986938139761173,-0.6367587879609091,1,1,1,,6791662808.0,0.02604321882072247,-0.33805296815656716,1,1,1,,-0.1307217114166277,-0.021506581357874106,536672709018.0,0.042553845422451005,0.012655129828433679,0.11288755041975901,0.062016706079391304,40,20161,20254,70006352623.0,112850890195.0,0.6120092815394554,2790865304.0,26088754090.0,8.347908712257938,0,0,22837487502.0,0.042553845422451005,0,1,2026-03-31,2642,True,passed,2642,0.0,0.0,4.0,2025.0,00364403,-0.19074023921671357,-0.19074023921671357,0.0,-0.19074023921671357,175.0,175.0,-0.021506581357874106,-0.06846599374941605,190.0,1.0,-0.06846599374941605,-0.13965058543108222,-1.296876830217945,269.0,1.0,-0.32421920755448624,0.4179615843293176,-0.4341284631062534,209.0,1.0,0.1519449620871887,0.0,0.0,78.0,1.0,0.0,1.0,1.0,1.0,1.0,0.05,0
357780,2025,4,202504,솔브레인,01489648,CFS,CFS,1446750282671.0,1111575813364.0,335174469307.0,0.30153091249138464,0.26354119660444797,923381966875.0,0.06952612773766687,0.04662758848281845,1,1,1,,133642405522.0,-0.2042667761746656,-0.46241944312982375,1,1,1,,83989215352.0,-0.2978187730168306,-0.2111976208549693,1,1,1,,146921893948.0,-0.43996762716859283,-0.626804417480676,1,1,1,,120043803512.0,0.2569793262887239,0.5188691522592104,1,1,1,,0.04557317471061135,-0.380092216986193,1446750282671.0,0.10155304319467753,0.08297479181436504,0.14473144410030636,0.09237420384343627,22,20203,20254,241101103647.0,243984733198.0,0.011960250315659974,34385648052.0,43038020294.0,0.2516274298194227,0,0,146921893948.0,0.10155304319467753,1,1,2026-03-31,204,True,passed,204,0.0,0.0,4.0,2025.0,01489648,-0.1979994983515705,-0.1979994983515705,0.0,-0.1979994983515705,176.0,176.0,-0.380092216986193,-0.7380957094835328,246.0,1.0,-0.7380957094835328,0.04662758848281845,0.28983167514565467,106.0,1.0,0.07245791878641367,0.26354119660444797,-0.7646808352729962,262.0,1.0,0.26763829234554865,1.0,1.0,1.0,1.0,0.15,1.0,1.0,1.0,1.0,0.05,0
004800,2025,4,202504,효성,00117188,CFS,CFS,5387103885233.0,2857192993387.0,2529910891846.0,0.8854532744905586,0.6341682559138802,2431708714737.0,0.0699381228352105,0.4086164133311164,1,1,1,,393021437826.0,0.7773048964943257,-0.5660406735202688,1,1,1,,422120861647.0,-0.12831439454393856,1106.1271905599153,1,1,1,,421093178280.0,-0.09403756631223847,-0.2594188578763349,1,1,1,,167782170192.0,2.123174480233317,2.0067063078106875,1,1,1,,0.34260795549124246,-0.44855057010505694,5387103885233.0,0.07816689398440793,0.03114515215715822,0.16162356759432306,0.07295597898220246,40,20161,20254,612171789960.0,663725027208.0,0.08421367677097395,121853460369.0,90209416337.0,-0.2596893345184834,0,0,421093178280.0,0.07816689398440793,0,1,2026-03-31,649,True,passed,649,0.0,0.0,4.0,2025.0,00117188,-0.20097543787983063,-0.20097543787983063,0.0,-0.20097543787983063,177.0,177.0,-0.44855057010505694,-0.8659361553460283,257.0,1.0,-0.8659361553460283,0.4086164133311164,2.5,1.0,1.0,0.625,0.6341682559138802,0.02868366438229228,154.0,1.0,-0.010039282533802298,0.0,0.0,78.0,1.0,0.0,1.0,1.0,1.0,1.0,0.05,0
065350,2025,4,202504,신성델타테크,00136226,CFS,CFS,932560259261.0,356862272945.0,575697986316.0,1.613221766383602,0.9605838533480553,945363793218.0,0.03917826470006225,-0.05200318413931915,1,1,1,,27689928290.0,0.018902117570031907,0.10900708908632673,1,1,1,,24207033883.0,2.249279179356058,2.87790611983324,1,1,1,,14375832620.0,14.584494462063576,15.558942109941755,1,1,1,,94523199667.0,1.9650206045593248,2.0214735805635624,1,1,1,,-0.050696141059339755,0.10346510067090714,932560259261.0,0.015415446323427952,0.10135881164602077,0.029290235662341183,0.02969237431578166,40,20161,20254,218299087995.0,246807627042.0,0.13059394479766662,5075642505.0,5560241064.0,0.095475313425369,0,0,14375832620.0,0.015415446323427952,0,0,2026-03-31,28519,True,passed,28519,0.0,0.0,4.0,2025.0,00136226,-0.22725977191895347,-0.22725977191895347,0.0,-0.22725977191895347,178.0,178.0,0.10346510067090714,0.16490852992639596,126.0,1.0,0.16490852992639596,-0.05200318413931915,-0.550300491290891,232.0,1.0,-0.13757512282272275,0.9605838533480553,0.7274090829217905,79.0,1.0,-0.2545931790226267,0.0,0.0,78.0,1.0,0.0,0.0,0.0,111.0,1.0,0.0,0
457190,2025,4,202504,이수스페셜티케미컬,01762569,CFS,CFS,366409360000.0,132855533000.0,233553827000.0,1.7579533326624792,1.0144888585109406,411470361000.0,0.2391078112347531,,1,1,0,missing_prev_yoy,1615256000.0,-0.8862982917846207,,1,1,0,missing_prev_yoy,769523000.0,-0.9267950032155801,,1,1,0,missing_prev_yoy,4641384000.0,-0.5618237494454588,,1,1,0,missing_prev_yoy,49189211000.0,-2.648649724074163,,1,1,0,missing_prev_yoy,,,366409360000.0,0.012667209156447314,0.1342466005781075,0.0039255707168662874,0.004408337166932635,11,20232,20254,103986105087.0,108878470268.0,0.04704825877367751,-1460814951.0,1631514834.0,2.116852502695942,0,0,4641384000.0,0.012667209156447314,0,1,2026-03-31,20111,True,passed,20111,0.0,0.0,4.0,2025.0,01762569,-0.24497935896150724,-0.24497935896150724,0.0,-0.24497935896150724,179.0,179.0,,0.0,138.0,1.0,0.0,,0.0,138.0,1.0,0.0,1.0144888585109406,0.8427981684614493,70.0,1.0,-0.29497935896150723,0.0,0.0,78.0,1.0,0.0,1.0,1.0,1.0,1.0,0.05,0
214320,2025,4,202504,이노션,00565154,CFS,CFS,2781638255062.0,1093334133590.0,1688304121472.0,1.5441794686573955,0.9338081888455283,2146040997442.0,0.012007349860448713,-0.0012208308761822995,1,1,1,,162799995269.0,0.045848227874239145,0.008220188971120868,1,1,1,,108971717082.0,-0.061574082855481715,-0.05647613282586994,1,1,1,,281196807331.0,0.5430791139409228,-0.6459419418723271,1,1,1,,19557491939.0,-0.9069804229393538,6.50918225150803,1,1,1,,-0.0012200862681335624,0.008186587233923504,2781638255062.0,0.10109035810795333,0.00703092571559564,0.07586061751059345,0.05852665959448108,40,20161,20254,491527618685.0,632079081371.0,0.2859482506029304,51327081354.0,45215563299.0,-0.11907004828209894,0,0,281196807331.0,0.10109035810795333,0,0,2026-03-31,71310,True,passed,71310,0.0,0.0,4.0,2025.0,00565154,-0.276983690896917,-0.276983690896917,0.0,-0.276983690896917,180.0,180.0,0.008186587233923504,-0.013016399376985018,184.0,1.0,-0.013016399376985018,-0.0012208308761822995,-0.11773885429394763,196.0,1.0,-0.02943471357348691,0.9338081888455283,0.670093079846986,88.0,1.0,-0.23453257794644508,0.0,0.0,78.0,1.0,0.0,0.0,0.0,111.0,1.0,0.0,0
029780,2025,4,202504,삼성카드,00126292,CFS,CFS,32174782000000.0,8863284000000.0,23311498000000.0,2.6301197163489287,1.2892656274433894,211740000000.0,-0.9516929339338178,,1,1,0,missing_prev_yoy,853695000000.0,-0.035832018036729196,,1,1,0,missing_prev_yoy,645923000000.0,-0.028092605008781746,,1,1,0,missing_prev_yoy,-1575026000000.0,0.880070130376944,,1,1,0,missing_prev_yoy,59981000000.0,0.4410728175163585,,1,1,0,missing_prev_yoy,,,32174782000000.0,-0.048952188704806145,0.0018642239751616655,4.0318078775857185,0.026533046906114237,10,20233,20254,50559000000.0,52131000000.0,0.03109238711208687,19488000000.0,791240000000.0,39.60139573070607,0,0,-1575026000000.0,-0.048952188704806145,1,1,2026-03-31,64913,True,passed,64913,0.0,0.0,4.0,2025.0,00126292,-0.30084491819107423,-0.30084491819107423,0.0,-0.30084491819107423,181.0,181.0,,0.0,138.0,1.0,0.0,,0.0,138.0,1.0,0.0,1.2892656274433894,1.4309854805459263,43.0,1.0,-0.5008449181910742,1.0,1.0,1.0,1.0,0.15,1.0,1.0,1.0,1.0,0.05,0
000120,2025,4,202504,CJ대한통운,00113410,CFS,CFS,10339205686286.0,4439637704423.0,5899567981863.0,1.328839958266311,0.8453702716094906,12284652471280.0,0.013856122282261074,-0.015789581007862763,1,1,1,,508080820628.0,-0.04255477327073942,-0.1475621516282617,1,1,1,,258742959823.0,-0.03569367614239294,-0.1404559292844232,1,1,1,,902359906502.0,0.488543068064871,0.7639391203096143,1,1,1,,609945643092.0,1.5474605255979714,1.795414526524882,1,1,1,,-0.015666222399802764,-0.13763982412482842,10339205686286.0,0.0872755542235606,0.05899347218723354,0.04135899015587378,0.04914118512043166,40,20161,20254,3066608005887.0,3177050812933.0,0.03601464772608099,147907354731.0,159563391203.0,0.07880633450039658,0,0,902359906502.0,0.0872755542235606,1,1,2026-03-31,493,True,passed,493,0.0,0.0,4.0,2025.0,00113410,-0.31406812517256605,-0.31406812517256605,0.0,-0.31406812517256605,182.0,182.0,-0.13763982412482842,-0.2853354458819691,206.0,1.0,-0.2853354458819691,-0.015789581007862763,-0.24183476559023845,208.0,1.0,-0.06045869139755961,0.8453702716094906,0.48078282255153526,108.0,1.0,-0.16827398789303732,1.0,1.0,1.0,1.0,0.15,1.0,1.0,1.0,1.0,0.05,0
104830,2025,4,202504,원익머트리얼즈,00623661,CFS,CFS,637777093802.0,525483568866.0,112293524936.0,0.21369559694955031,0.19366991733217562,322467412745.0,0.037823085462787676,0.24452370608575247,1,1,1,,56497808201.0,0.08818110115221045,-1.0146762248731023,1,1,1,,48701056719.0,0.5311439901014245,-0.7662300603589856,1,1,1,,77715191634.0,-0.2145861983908225,0.04635518530947147,1,1,1,,82838000292.0,0.1405893596240615,-1.1557295729266537,1,1,1,,0.21875289132689213,-0.7004585000427287,637777093802.0,0.12185321860763933,0.12988550560537587,0.1752047058648906,0.08858550855785349,40,20161,20254,82832572704.0,86642897474.0,0.04600031902445061,14153534413.0,16270433752.0,0.1495668344901632,0,0,77715191634.0,0.12185321860763933,1,1,2026-03-31,20121,True,passed,20121,0.0,0.0,4.0,2025.0,00623661,-0.3224919868547202,-0.3224919868547202,0.0,-0.3224919868547202,183.0,183.0,-0.7004585000427287,-1.3363538708235616,271.0,1.0,-1.3363538708235616,0.24452370608575247,1.9755012647785528,42.0,1.0,0.4938753161946382,0.19366991733217562,-0.9142473364977234,291.0,1.0,0.31998656777420315,1.0,1.0,1.0,1.0,0.15,1.0,1.0,1.0,1.0,0.05,0
010120,2025,4,202504,엘에스일렉트릭,00105855,CFS,CFS,4956680318372.0,2141298852376.0,2815381465996.0,1.3148008102054662,0.8393236407284869,4965798552980.0,0.09094378325776953,0.014982089937475074,1,1,1,,426407143017.0,0.09414526229144204,-0.1054356713332878,1,1,1,,284256733172.0,0.1734605413589254,0.00701924892378214,1,1,1,,299948385888.0,0.3032908852888134,0.2310763210195026,1,1,1,,209566567283.0,0.38232703093697484,0.16147531260064296,1,1,1,,0.014870966956271117,-0.10023952996446718,4956680318372.0,0.060513966328681196,0.04227962140431748,0.08586879601894261,0.08602675896537373,40,20161,20254,1216294667137.0,1524377400892.0,0.2532961313397738,100791400061.0,129708390333.0,0.2868993808449842,0,0,299948385888.0,0.060513966328681196,0,1,2026-03-31,28121,True,passed,28121,0.0,0.0,4.0,2025.0,00105855,-0.3241679962368527,-0.3241679962368527,0.0,-0.3241679962368527,184.0,184.0,-0.10023952996446718,-0.21549341692536578,204.0,1.0,-0.21549341692536578,0.014982089937475074,0.020276844091876745,133.0,1.0,0.005069211022969186,0.8393236407284869,0.46783940095558896,110.0,1.0,-0.16374379033445613,0.0,0.0,78.0,1.0,0.0,1.0,1.0,1.0,1.0,0.05,0
130660,2025,4,202504,한전산업,00194947,CFS,CFS,204525534707.0,103060664504.0,101464870203.0,0.9845159711643615,0.6853750411624213,394548141840.0,0.07352183836141468,0.06177934509744598,1,1,1,,6574990617.0,-0.592720553537436,-0.21272282853870184,1,1,1,,4060067783.0,-0.6507985876980771,-0.3988828258446916,1,1,1,,-8020030107.0,-1.2245819139691692,-1.4299678659159771,1,1,1,,1680923331.0,-0.3738332316824484,-0.32182206686578174,1,1,1,,0.05994612825402881,-0.19286810305913302,204525534707.0,-0.039212854856922226,0.008218647776220528,0.01666460925740803,0.03214752928732946,40,20161,20254,90571404080.0,104392919736.0,0.1526035264264173,-16378123204.0,1719894466.0,1.1050116942324597,0,0,-8020030107.0,-0.039212854856922226,0,0,2026-03-31,72129,True,passed,72129,0.0,0.0,4.0,2025.0,00194947,-0.33215032333384,-0.33215032333384,0.0,-0.33215032333384,185.0,185.0,-0.19286810305913302,-0.3884697966444073,217.0,1.0,-0.3884697966444073,0.06177934509744598,0.4188936075583099,98.0,1.0,0.10472340188957747,0.6853750411624213,0.13829693879717192,145.0,1.0,-0.04840392857901017,0.0,0.0,78.0,1.0,0.0,0.0,0.0,111.0,1.0,0.0,0
307950,2025,4,202504,현대오토에버,00362441,CFS,CFS,3605190886000.0,1874718905000.0,1730471981000.0,0.9230567720764516,0.6539159888315188,4252067261000.0,0.1449933969595758,-0.06662126549513814,1,1,1,,255302187000.0,0.1375373284377377,-0.09960338980389016,1,1,1,,186789322000.0,0.06625560201504155,-0.18225997171161956,1,1,1,,423608443000.0,0.6548349678988925,0.4294036973095048,1,1,1,,237075942000.0,0.6590410819137213,-0.624079934090723,1,1,1,,-0.06449595663340751,-0.094949560065106,3605190886000.0,0.11749958778743012,0.06575960871326801,0.06004189758276733,0.07081516487557214,29,20184,20254,1054258216000.0,1322746787000.0,0.2546705986496196,70755406000.0,76466212000.0,0.08071193881637821,0,0,423608443000.0,0.11749958778743012,0,1,2026-03-31,582,True,passed,582,0.0,0.0,4.0,2025.0,00362441,-0.34915346179229023,-0.34915346179229023,0.0,-0.34915346179229023,186.0,186.0,-0.094949560065106,-0.2056148253478076,202.0,1.0,-0.2056148253478076,-0.06662126549513814,-0.674816603576251,245.0,1.0,-0.16870415089406274,0.6539159888315188,0.07095567300119977,151.0,1.0,-0.024834485550419918,0.0,0.0,78.0,1.0,0.0,1.0,1.0,1.0,1.0,0.05,0
282330,2025,4,202504,BGF리테일,01263022,CFS,CFS,3556166960339.0,1313057157689.0,2243109802650.0,1.708310860281137,0.9963251417709156,9061216107616.0,0.04166786346119866,-0.01983532400628385,1,1,1,,253947326677.0,0.00916415517448832,0.015272295721849738,1,1,1,,195263084525.0,0.0002315788281301856,0.0034334780784636143,1,1,1,,770785519532.0,0.0025978582364065694,-0.18548873258289933,1,1,1,,247089564342.0,0.10003140180356418,0.044797366831849095,1,1,1,,-0.01964116720953853,0.015156848162489437,3556166960339.0,0.21674615622055132,0.06948199201492092,0.02802574441013011,0.07141040606619659,33,20174,20254,2462231428825.0,2292364568293.0,-0.06898899045125992,97630927160.0,64266900904.0,-0.34173624307922634,0,0,770785519532.0,0.21674615622055132,0,0,2026-03-31,47122,True,passed,47122,0.0,0.0,4.0,2025.0,01263022,-0.35044496938291503,-0.35044496938291503,0.0,-0.35044496938291503,187.0,187.0,0.015156848162489437,0.0,138.0,1.0,0.0,-0.01983532400628385,-0.2762962094149835,210.0,1.0,-0.06907405235374588,0.9963251417709156,0.8039169057976263,73.0,1.0,-0.28137091702916917,0.0,0.0,78.0,1.0,0.0,0.0,0.0,111.0,1.0,0.0,0
051600,2025,4,202504,한전KPS,00159218,CFS,CFS,1703560488139.0,1345856312213.0,357704175926.0,0.26578184660576787,0.2356899918166392,1576516811328.0,0.012479082840852973,-0.002669077050480917,1,1,1,,140101841084.0,-0.33125180561238765,-0.38202143266971267,1,1,1,,124251563177.0,-0.2794554961728234,-0.33947518629834283,1,1,1,,135731103199.0,-0.7488627410753907,14.436199977312937,1,1,1,,65289672663.0,0.2570928881836052,0.07257727667625424,1,1,1,,-0.0026655213898131606,-0.3235472336692992,1703560488139.0,0.07967495380646865,0.03832542085683357,0.0888679651731613,0.08224060258467826,40,20161,20254,393685554733.0,440838367996.0,0.11977277981403034,47431071664.0,19251429730.0,-0.5941177575245098,0,0,135731103199.0,0.07967495380646865,0,0,2026-03-31,42311,True,passed,42311,0.0,0.0,4.0,2025.0,00159218,-0.37651655679030394,-0.37651655679030394,0.0,-0.37651655679030394,188.0,188.0,-0.3235472336692992,-0.6325025196215469,234.0,1.0,-0.6325025196215469,-0.002669077050480917,-0.13007494539006306,200.0,1.0,-0.032518736347515766,0.2356899918166392,-0.8242991405107394,279.0,1.0,0.28850469917875876,0.0,0.0,78.0,1.0,0.0,0.0,0.0,111.0,1.0,0.0,0
229640,2025,4,202504,LS에코에너지,01093007,CFS,CFS,491338506590.0,225768642125.0,265569864465.0,1.1762920747778758,0.7776225455275575,960056115154.0,0.10482576222253992,-0.08379997608796508,1,1,1,,66778106845.0,0.4916371889950255,-0.026489595031983226,1,1,1,,48475789714.0,0.3714434004362437,-6.883770224157757,1,1,1,,72484666167.0,2.913409789970095,3.4206161662884575,1,1,1,,2054331754.0,0.1608880594562423,0.6486997542032363,1,1,1,,-0.08047336208673304,-0.02614482107085866,491338506590.0,0.14752490430693072,0.004181092518592783,0.06955646215980646,0.13591059106776532,38,20163,20254,232779532453.0,248699355607.0,0.06839013287052777,14766721444.0,13081061013.0,-0.11415265313919197,0,0,72484666167.0,0.14752490430693072,0,0,2026-03-31,64992,True,passed,64992,0.0,0.0,4.0,2025.0,01093007,-0.399930240086001,-0.399930240086001,0.0,-0.399930240086001,189.0,189.0,-0.02614482107085866,-0.0771275318366022,191.0,1.0,-0.0771275318366022,-0.08379997608796508,-0.821144032260499,250.0,1.0,-0.20528600806512476,0.7776225455275575,0.3357620005264972,124.0,1.0,-0.117516700184274,0.0,0.0,78.0,1.0,0.0,0.0,0.0,111.0,1.0,0.0,0
090430,2025,4,202504,아모레퍼시픽,00583424,CFS,CFS,6961213309494.0,5503457775495.0,1457755533999.0,0.26487993430055606,0.23497720407850475,4252820221496.0,0.0946458288529699,0.037174626247077125,1,1,1,,335826547063.0,0.5231517601576041,-0.5151100655936467,1,1,1,,247316269750.0,-0.5889307476087466,-3.049047377662527,1,1,1,,583839768058.0,0.7453600013832193,0.7847546007948215,1,1,1,,91266406087.0,-0.13752925882765143,0.2525879910675066,1,1,1,,0.03650031067996587,-0.4154880868792711,6961213309494.0,0.08387040334789546,0.013110703842752093,0.07896561095283436,0.048242530738856315,40,20161,20254,1016903549806.0,1163380967782.0,0.1440425869335831,91886526963.0,52547649106.0,-0.4281245483664935,0,0,583839768058.0,0.08387040334789546,0,1,2026-03-31,20423,True,passed,20423,0.0,0.0,4.0,2025.0,00583424,-0.41282796133760286,-0.41282796133760286,0.0,-0.41282796133760286,190.0,190.0,-0.4154880868792711,-0.8041946379950792,254.0,1.0,-0.8041946379950792,0.037174626247077125,0.20931179852680623,111.0,1.0,0.05232794963170156,0.23497720407850475,-0.8258249343593567,280.0,1.0,0.2890387270257748,0.0,0.0,78.0,1.0,0.0,1.0,1.0,1.0,1.0,0.05,0
067160,2025,4,202504,SOOP,00399694,CFS,CFS,884795265717.0,503173580919.0,381621684798.0,0.7584294948494777,0.5644210782125518,466570266082.0,0.12922217872282182,-0.07182206424238258,1,1,1,,124840445238.0,0.09985305810274747,-0.1570095532113609,1,1,1,,103744269375.0,0.012897067714375154,-0.35963173611164145,1,1,1,,121415447009.0,-0.22891154323670682,-0.5442416626561666,1,1,1,,20995017656.0,0.4321421159040828,-0.13449453115625243,1,1,1,,-0.06936006402307703,-0.14583870505848961,884795265717.0,0.1372243407186522,0.0237286731399795,0.2675705125539638,0.14109529071319643,40,20161,20254,125861860386.0,116172849199.0,-0.07698131234740384,36257141492.0,30625432786.0,-0.15532688111230764,0,0,121415447009.0,0.1372243407186522,0,0,2026-03-31,582,True,passed,582,0.0,0.0,4.0,2025.0,00399694,-0.4382093683123066,-0.4382093683123066,0.0,-0.4382093683123066,191.0,191.0,-0.14583870505848961,-0.30064619389708513,208.0,1.0,-0.30064619389708513,-0.07182206424238258,-0.7191167565869376,246.0,1.0,-0.1797791891467344,0.5644210782125518,-0.12061718494717978,179.0,1.0,0.04221601473151292,0.0,0.0,78.0,1.0,0.0,0.0,0.0,111.0,1.0,0.0,0
319660,2025,4,202504,피에스케이,01365825,CFS,CFS,645998217783.0,539036262184.0,106961955599.0,0.19843183678520043,0.18101389950371408,457213151918.0,0.14862964212128538,0.01736529727149838,1,1,1,,88494057075.0,0.0544493918972766,-0.4963009335977713,1,1,1,,78545663379.0,-0.007362138733189583,-0.5139869052070224,1,1,1,,61731136881.0,-0.08194784884895534,-0.4192481937462007,1,1,1,,18533513572.0,-0.321497530423987,-0.3670840047543479,1,1,1,,0.01721624359685911,-0.4029960181446022,645998217783.0,0.09555929905326205,0.028689728642913487,0.193550987550925,0.13698808238001425,27,20192,20254,104135755017.0,142667482331.0,0.3700143846626911,23398597601.0,21897883745.0,-0.06413691459593557,0,0,61731136881.0,0.09555929905326205,0,0,2026-03-31,29271,True,passed,29271,0.0,0.0,4.0,2025.0,01365825,-0.4412539006750263,-0.4412539006750263,0.0,-0.4412539006750263,192.0,192.0,-0.4029960181446022,-0.7808667084725537,250.0,1.0,-0.7808667084725537,0.01736529727149838,0.040576889274236715,129.0,1.0,0.010144222318559179,0.18101389950371408,-0.941338815654195,297.0,1.0,0.32946858547896823,0.0,0.0,78.0,1.0,0.0,0.0,0.0,111.0,1.0,0.0,0
047810,2025,4,202504,한국항공우주,00309503,CFS,CFS,10370256890187.0,1897346862036.0,8472910028151.0,4.46566212941102,1.6984852724616335,3696379351601.0,0.017237669580439485,0.0658329932854822,1,1,1,,269190196660.0,0.11827885553320994,0.14572081543899096,1,1,1,,187312615904.0,0.09606580324856995,0.32418438251299486,1,1,1,,-903316343552.0,0.24050841192276518,0.2008527896644865,1,1,1,,189796485810.0,-0.23256261413322865,-0.639608541207948,1,1,1,,0.06375664675858647,0.13603397206783377,10370256890187.0,-0.08710645773941972,0.01830200426274855,0.07282537073566504,0.025957910156953295,40,20161,20254,702116311024.0,1466670112290.0,1.0889275598097674,60191688727.0,76969653251.0,0.2787422130669339,0,0,-903316343552.0,-0.08710645773941972,0,0,2026-03-31,31311,True,passed,31311,0.0,0.0,4.0,2025.0,00309503,-0.4683525881974908,-0.4683525881974908,0.0,-0.4683525881974908,193.0,193.0,0.13603397206783377,0.22572826705025148,118.0,1.0,0.22572826705025148,0.0658329932854822,0.4534223874071059,96.0,1.0,0.11335559685177647,1.6984852724616335,2.306961291712911,28.0,1.0,-0.8074364520995188,0.0,0.0,78.0,1.0,0.0,0.0,0.0,111.0,1.0,0.0,0
120110,2025,4,202504,코오롱인더,00795135,CFS,CFS,7682530168368.0,4065013253023.0,3617516915345.0,0.8899151589862067,0.6365319386387032,4873399491952.0,0.0062763454532468455,0.04938007655944754,1,1,1,,108896018558.0,-0.3139261676487737,-0.32089201368670706,1,1,1,,51573520480.0,-0.5338143705548524,-1.7125001275818754,1,1,1,,355039451553.0,,,1,0,0,missing_ttm_yoy,183947054809.0,-0.29058295902619635,-0.10088242209988185,1,1,1,,0.04819958653607026,-0.27830727631441093,7682530168368.0,0.04621387014070406,0.0239435512490901,0.022344980898412373,0.014174499308361685,40,20161,20254,1180606751572.0,1202696576102.0,0.018710569375100544,26898523634.0,9761111241.0,-0.637113494635748,0,0,355039451553.0,0.04621387014070406,0,0,2026-03-31,205,True,passed,205,0.0,0.0,4.0,2025.0,00795135,-0.48151142154628707,-0.48151142154628707,0.0,-0.48151142154628707,194.0,194.0,-0.27830727631441093,-0.5480205527678113,227.0,1.0,-0.5480205527678113,0.04938007655944754,0.3132772358913699,103.0,1.0,0.07831930897284248,0.6365319386387032,0.033743365003766394,153.0,1.0,-0.011810177751318237,0.0,0.0,78.0,1.0,0.0,0.0,0.0,111.0,1.0,0.0,0
145720,2025,4,202504,덴티움,00526599,CFS,CFS,932790285701.0,561205669760.0,371584615941.0,0.6621184281689606,0.5080929503139889,346451532721.0,-0.1504524627262176,-0.18763191679289615,1,1,1,,64110852662.0,-0.3491109771066827,-0.06141856208948404,1,1,1,,16327597542.0,-0.7745123210169598,-0.5246747108733667,1,1,1,,13239357613.0,-0.6369213778982288,-0.1980055064816445,1,1,1,,53556019044.0,1.472927896361861,1.9823584866142885,1,1,1,,-0.1719613385824604,-0.059606279566147995,932790285701.0,0.014193284188257287,0.057414855048315803,0.18504998998988106,0.06873018903045301,37,20164,20254,78218785370.0,109145710337.0,0.39538999257922125,12471432212.0,26514579180.0,1.1260252013788519,0,0,13239357613.0,0.014193284188257287,0,0,2026-03-31,27191,True,passed,27191,0.0,0.0,4.0,2025.0,00526599,-0.4815913547546843,-0.4815913547546843,0.0,-0.4815913547546843,195.0,195.0,-0.059606279566147995,-0.13961410328274518,195.0,1.0,-0.13961410328274518,-0.18763191679289615,-1.7055794976901333,282.0,1.0,-0.4263948744225333,0.5080929503139889,-0.24119320843026912,194.0,1.0,0.08441762295059418,0.0,0.0,78.0,1.0,0.0,0.0,0.0,111.0,1.0,0.0,0
140860,2025,4,202504,파크시스템스,00244747,CFS,CFS,349922446098.0,225119915287.0,124802530811.0,0.5543824528002875,0.4410783302887901,205613479882.0,0.17453248449034486,-0.0343911407990245,1,1,1,,42191026195.0,0.09502120489442367,-0.3030027401894928,1,1,1,,34475725850.0,-0.19456129719485582,-0.9372058541348922,1,1,1,,24479318934.0,-0.2948638106555699,-0.4038486490951527,1,1,1,,54311343352.0,0.9011961844563803,-0.3522321420308543,1,1,1,,-0.03381298385939178,-0.2646714011255258,349922446098.0,0.06995641236213887,0.15520965847612261,0.20519581799409797,0.12057250589516025,40,20161,20254,45620559224.0,56774078934.0,0.24448450215692166,8634106798.0,8440045214.0,-0.02247616210225154,0,0,24479318934.0,0.06995641236213887,0,0,2026-03-31,27219,True,passed,27219,0.0,0.0,4.0,2025.0,00244747,-0.4880014857317233,-0.4880014857317233,0.0,-0.4880014857317233,196.0,196.0,-0.2646714011255258,-0.5225566570640148,225.0,1.0,-0.5225566570640148,-0.0343911407990245,-0.400281955153671,222.0,1.0,-0.10007048878841775,0.4410783302887901,-0.38464474320202635,202.0,1.0,0.1346256601207092,0.0,0.0,78.0,1.0,0.0,0.0,0.0,111.0,1.0,0.0,0
028670,2025,4,202504,팬오션,00122737,CFS,CFS,10853668000000.0,5723482000000.0,5130186000000.0,0.8963400251804758,0.6399257259290183,5432888000000.0,0.05263680007316096,-0.13086223752892034,1,1,1,,491948000000.0,0.04407657370856155,-0.17705888167093442,1,1,1,,301407000000.0,0.12405321041384632,0.029775110014321315,1,1,1,,702652000000.0,0.039167780788206485,0.1385614877003739,1,1,1,,222187000000.0,-0.4249327711735216,-0.6453037147676062,1,1,1,,-0.12298038381665201,-0.1630188539350212,10853668000000.0,0.06473866714920706,0.020471143948755387,0.090549998453861,0.04532550654764823,40,20161,20254,1269455000000.0,1476338000000.0,0.16296993591738188,125195000000.0,130426000000.0,0.04178281880266784,0,0,702652000000.0,0.06473866714920706,1,0,2026-03-31,50112,True,passed,50112,0.0,0.0,4.0,2025.0,00122737,-0.5025860989168992,-0.5025860989168992,0.0,-0.5025860989168992,197.0,197.0,-0.1630188539350212,-0.3327287344826933,212.0,1.0,-0.3327287344826933,-0.13086223752892034,-1.222018106453024,268.0,1.0,-0.305504526613256,0.6399257259290183,0.041008108059856656,152.0,1.0,-0.01435283782094983,1.0,1.0,1.0,1.0,0.15,0.0,0.0,111.0,1.0,0.0,0
376900,2025,4,202504,로킷헬스케어,01335143,CFS,CFS,55028692350.0,11554105326.0,43474587024.0,3.762696097825065,1.5608139150014753,26247011691.0,1.001871390903284,,1,1,0,missing_prev_yoy,452884781.0,-1.0812783666758439,,1,1,0,missing_prev_yoy,-2804744123.0,-0.6352718430047191,,1,1,0,missing_prev_yoy,-17229700776.0,2.44440884611513,,1,1,0,missing_prev_yoy,536268559.0,1.7401900617939123,,1,1,0,missing_prev_yoy,,,55028692350.0,-0.3131039470539045,0.009745253541355503,0.01725471784490013,0.008229975339401282,10,20233,20254,6954615621.0,9584462096.0,0.3781440439438486,77538648.0,600322718.0,6.742238657553069,0,0,-17229700776.0,-0.3131039470539045,1,1,2026-03-31,21309,True,passed,21309,0.0,0.0,4.0,2025.0,01335143,-0.5042916662300967,-0.5042916662300967,0.0,-0.5042916662300967,198.0,198.0,,0.0,138.0,1.0,0.0,,0.0,138.0,1.0,0.0,1.5608139150014753,2.0122619035145624,33.0,1.0,-0.7042916662300968,1.0,1.0,1.0,1.0,0.15,1.0,1.0,1.0,1.0,0.05,0
161890,2025,4,202504,한국콜마,00939331,CFS,CFS,3457768462781.0,1667349364857.0,1790419097924.0,1.0738116052106184,0.7293882692352737,2722419169325.0,0.11025617235768514,-0.027235761968201322,1,1,1,,239594740448.0,0.23597738438725235,-0.18789266580683694,1,1,1,,168220449431.0,0.3422778053509423,-3.643022640914065,1,1,1,,291432572833.0,0.3530903231385485,-0.5658343882380865,1,1,1,,179739846572.0,-0.3100287624471305,-1.3985855415116124,1,1,1,,-0.026871468347727613,-0.17218086821132464,3457768462781.0,0.0842834261373903,0.05198145813020678,0.08800802725298376,0.06929172471406593,40,20161,20254,683014538376.0,655469697807.0,-0.04032833713099756,58330238822.0,47847283452.0,-0.17971734012592827,0,0,291432572833.0,0.0842834261373903,0,0,2026-03-31,20423,True,passed,20423,0.0,0.0,4.0,2025.0,00939331,-0.5160503402201942,-0.5160503402201942,0.0,-0.5160503402201942,199.0,199.0,-0.17218086821132464,-0.34983805623408715,213.0,1.0,-0.34983805623408715,-0.027235761968201322,-0.3393327832167941,217.0,1.0,-0.08483319580419853,0.7293882692352737,0.23251168051973872,140.0,1.0,-0.08137908818190855,0.0,0.0,78.0,1.0,0.0,0.0,0.0,111.0,1.0,0.0,0
003690,2025,4,202504,코리안리,00113191,CFS,CFS,14259770701794.0,3683421777221.0,10576348924573.0,2.87133800152326,1.3536001841162013,901084529545.0,-0.1747402935923822,,1,1,0,missing_prev_yoy,470938604768.0,0.16157090602520774,,1,1,0,missing_prev_yoy,322041488493.0,0.01695680278394729,,1,1,0,missing_prev_yoy,1668722873508.0,0.44961677770758257,,1,1,0,missing_prev_yoy,17278667209.0,2.314290196304703,,1,1,0,missing_prev_yoy,,,14259770701794.0,0.11702312108693728,0.001211707226598405,0.5226353236868899,0.03302567864634401,10,20233,20254,64249773891.0,182467965025.0,1.8399783217067447,153887005956.0,55643314802.0,-0.6384144687439708,0,0,1668722873508.0,0.11702312108693728,0,0,2026-03-31,65200,True,passed,65200,0.0,0.0,4.0,2025.0,00113191,-0.5490450245490126,-0.5490450245490126,0.0,-0.5490450245490126,200.0,200.0,,0.0,138.0,1.0,0.0,,0.0,138.0,1.0,0.0,1.3536001841162013,1.5687000701400362,40.0,1.0,-0.5490450245490126,0.0,0.0,78.0,1.0,0.0,0.0,0.0,111.0,1.0,0.0,0
028050,2025,4,202504,삼성E&A,00126308,CFS,CFS,10039557572475.0,4446187475181.0,5593370097294.0,1.258014901197188,0.814486064995858,9028769083650.0,-0.09409295436446785,-0.03212855619077071,1,1,1,,792078846892.0,-0.18477838596298934,-0.16311233545980441,1,1,1,,648307939623.0,0.015086743780991618,0.09693671631659795,1,1,1,,254433358974.0,-0.8444628609966658,3.7133110552603643,1,1,1,,96492282887.0,0.1167377546777475,-0.4797466667328478,1,1,1,,-0.031623229253475965,-0.15109945998093874,10039557572475.0,0.02534308480600464,0.009611208680305646,0.0877283314650674,0.07889579208785123,40,20161,20254,1995609066761.0,2757182099518.0,0.3816243599218966,176546857607.0,277371822804.0,0.5710946462804803,0,0,254433358974.0,0.02534308480600464,0,0,2026-03-31,72129,True,passed,72129,0.0,0.0,4.0,2025.0,00126308,-0.5508577961400429,-0.5508577961400429,0.0,-0.5508577961400429,201.0,201.0,-0.15109945998093874,-0.3104702288646148,209.0,1.0,-0.3104702288646148,-0.03212855619077071,-0.3810093685344763,220.0,1.0,-0.09525234213361908,0.814486064995858,0.41467207183374044,116.0,1.0,-0.14513522514180915,0.0,0.0,78.0,1.0,0.0,0.0,0.0,111.0,1.0,0.0,0
039440,2025,4,202504,에스티아이,00298340,CFS,CFS,366268498846.0,286972864255.0,79295634591.0,0.27631753544662335,0.24397900619491372,328058707879.0,-0.017853984192266803,-0.06342981761519118,1,1,1,,19718973861.0,-0.27735878911862666,-0.41687952421725716,1,1,1,,15417982866.0,-0.4319384792282356,-0.5592879509291712,1,1,1,,18683112269.0,0.1804871196583102,0.638409016425284,1,1,1,,9698790139.0,-0.46624435196426306,-3.5034958546474795,1,1,1,,-0.061499361581384596,-0.3484569353701083,366268498846.0,0.05100933421210061,0.0264800007905619,0.060108064158666,0.05383748240192224,40,20161,20254,70256038124.0,86534157986.0,0.23169709389632193,2284244489.0,6809461800.0,1.9810564643109005,0,0,18683112269.0,0.05100933421210061,0,0,2026-03-31,29271,True,passed,29271,0.0,0.0,4.0,2025.0,00298340,-0.558632891955223,-0.558632891955223,0.0,-0.558632891955223,202.0,202.0,-0.3484569353701083,-0.6790193758801837,240.0,1.0,-0.6790193758801837,-0.06342981761519118,-0.6476320043870992,241.0,1.0,-0.1619080010967748,0.24397900619491372,-0.8065556714906729,274.0,1.0,0.2822944850217355,0.0,0.0,78.0,1.0,0.0,0.0,0.0,111.0,1.0,0.0,0
000270,2025,4,202504,기아,00106641,CFS,CFS,98979055000000.0,61190464000000.0,37788591000000.0,0.6175568631086046,0.48091690171076623,114140919000000.0,0.06228240789618478,-0.014267566544849286,1,1,1,,9078148000000.0,-0.2833308294793323,-0.37458492917528863,1,1,1,,7554174000000.0,-0.22719487100006597,-0.3407980595832867,1,1,1,,9054140000000.0,-0.2793795915560576,-0.39161250280682613,1,1,1,,4993069000000.0,0.06630269508392783,-0.42966108435709693,1,1,1,,-0.01416674269300922,-0.318151815856009,98979055000000.0,0.09147531263053582,0.050445712984428875,0.07953456200926505,0.09171786899763794,40,20161,20254,28686037000000.0,28087737000000.0,-0.02085683707373033,1462251000000.0,1842543000000.0,0.2600729970435992,0,0,9054140000000.0,0.09147531263053582,0,0,2026-03-31,30121,True,passed,30121,0.0,0.0,4.0,2025.0,00106641,-0.5748663966415766,-0.5748663966415766,0.0,-0.5748663966415766,203.0,203.0,-0.318151815856009,-0.6224270125805309,233.0,1.0,-0.6224270125805309,-0.014267566544849286,-0.2288703197670465,204.0,1.0,-0.057217579941761625,0.48091690171076623,-0.29936627394490267,197.0,1.0,0.10477819588071594,0.0,0.0,78.0,1.0,0.0,0.0,0.0,111.0,1.0,0.0,0
001040,2025,4,202504,CJ,00148540,CFS,CFS,46966393292000.0,17017052447000.0,29949340845000.0,1.7599605418316662,1.0152163831890615,45018829227000.0,0.03143821909679767,-0.024035029031105326,1,1,1,,2527738458000.0,-0.0077508591816690675,-0.25709432252460696,1,1,1,,142631457000.0,-0.05664390386144125,0.6551819004915173,1,1,1,,4987380240000.0,0.03240679027437676,0.06951426748380807,1,1,1,,3371802590000.0,0.2705296820799141,0.3731570035299867,1,1,1,,-0.023750734070423243,-0.22880296460087587,46966393292000.0,0.10619040318877378,0.07179181439453505,0.056148471681800004,0.053820152684165366,40,20161,20254,11428499980000.0,11870861645000.0,0.03870688767328501,665665472000.0,712330767000.0,0.07010322295941467,0,0,4987380240000.0,0.10619040318877378,1,1,2026-03-31,64992,True,passed,64992,0.0,0.0,4.0,2025.0,00148540,-0.6291169499956905,-0.6291169499956905,0.0,-0.6291169499956905,204.0,204.0,-0.22880296460087587,-0.4555752485317326,221.0,1.0,-0.4555752485317326,-0.024035029031105326,-0.31206909435845787,214.0,1.0,-0.07801727358961447,1.0152163831890615,0.84435550821241,69.0,1.0,-0.29552442787434346,1.0,1.0,1.0,1.0,0.15,1.0,1.0,1.0,1.0,0.05,0
001440,2025,4,202504,대한전선,00113207,CFS,CFS,3493282185409.0,1632342790538.0,1860939394871.0,1.140042033853476,0.7608254708284644,3636018215712.0,0.10473639782828936,-0.05254999698199869,1,1,1,,128613046536.0,0.1167258652460299,-0.32607227307567155,1,1,1,,89877397889.0,0.21144238966382733,0.17919934896027967,1,1,1,,-171279828165.0,-26.368783533172444,-25.588583564438515,1,1,1,,160696532484.0,0.23373497033663249,0.23309058095086943,1,1,1,,-0.0512157885169469,-0.2822213948603044,3493282185409.0,-0.04903120305608699,0.04600158932341887,0.03537194780274641,0.03681725085743159,40,20161,20254,854974427732.0,1009231803814.0,0.180423380019915,29531525414.0,43413462939.0,0.4700718073445334,0,0,-171279828165.0,-0.04903120305608699,1,0,2026-03-31,28302,True,passed,28302,0.0,0.0,4.0,2025.0,00113207,-0.649001567650218,-0.649001567650218,0.0,-0.649001567650218,205.0,205.0,-0.2822213948603044,-0.5553298530543207,228.0,1.0,-0.5553298530543207,-0.05254999698199869,-0.5549582167242674,233.0,1.0,-0.13873955418106684,0.7608254708284644,0.2998061726138012,132.0,1.0,-0.10493216041483042,1.0,1.0,1.0,1.0,0.15,0.0,0.0,111.0,1.0,0.0,0
005380,2025,4,202504,현대자동차,00164742,CFS,CFS,368844849000000.0,127648237000000.0,241196612000000.0,1.8895412711418804,1.0610977598167555,186254472000000.0,0.06290730164858305,-0.014353841117739519,1,1,1,,11467851000000.0,-0.19465031020551715,-0.13599262480121654,1,1,1,,10364775000000.0,-0.21656484686061306,,1,1,0,missing_prev_yoy,-5991270000000.0,0.058221459114062624,-1.1895675322944081,1,1,1,,11069856000000.0,0.06775057137937912,-0.10355696373938073,1,1,1,,-0.014251800035514201,-0.12750682802543464,368844849000000.0,-0.016243333792632143,0.030012228800299717,0.061570876000228335,0.031091259729100894,40,20161,20254,46721448000000.0,46838586000000.0,0.0025071568843499886,2537266000000.0,1695379000000.0,-0.3318087264007794,0,0,-5991270000000.0,-0.016243333792632143,0,0,2026-03-31,30121,True,passed,30121,0.0,0.0,4.0,2025.0,00164742,-0.6537134180338036,-0.6537134180338036,0.0,-0.6537134180338036,206.0,206.0,-0.12750682802543464,-0.2664128939908913,205.0,1.0,-0.2664128939908913,-0.014353841117739519,-0.22960520241983015,205.0,1.0,-0.05740130060495754,1.0610977598167555,0.9425692098227281,65.0,1.0,-0.3298992234379548,0.0,0.0,78.0,1.0,0.0,0.0,0.0,111.0,1.0,0.0,0
000810,2025,4,202504,삼성화재해상보험,00139214,CFS,CFS,96450389944868.0,21292379956314.0,75158009988554.0,3.529807853455423,1.510679522139583,5248493216039.0,0.08580095420063816,,1,1,0,missing_prev_yoy,2659143002144.0,54514093.22382583,,1,1,0,missing_prev_yoy,2020287132255.0,-0.02721044056179711,,1,1,0,missing_prev_yoy,3413166155628.0,0.09150826093689535,,1,1,0,missing_prev_yoy,66679218656.0,-0.05973486230196157,,1,1,0,missing_prev_yoy,,,96450389944868.0,0.03538779011239871,0.0006913317685300651,0.5066488404744164,0.027570059630282393,10,20233,20254,870507900057.0,1125123013370.0,0.2924902959482942,664063596558.0,391258086912.0,-0.41081232439184445,0,0,3413166155628.0,0.03538779011239871,0,0,2026-03-31,65121,True,passed,65121,0.0,0.0,4.0,2025.0,00139214,-0.6667304675041391,-0.6667304675041391,0.0,-0.6667304675041391,207.0,207.0,,0.0,138.0,1.0,0.0,,0.0,138.0,1.0,0.0,1.510679522139583,1.904944192868969,36.0,1.0,-0.6667304675041391,0.0,0.0,78.0,1.0,0.0,0.0,0.0,111.0,1.0,0.0,0
383310,2025,4,202504,에코프로에이치엔,01566248,CFS,CFS,458920378557.0,304707967175.0,154212411382.0,0.5060990456263084,0.40952289456327096,141057118027.0,-0.3984782875812056,-0.422739186841512,1,1,1,,11709586777.0,-0.5166540865103713,-0.09649204888523699,1,1,1,,13220969592.0,-0.3864533727888676,-0.028799250718709035,1,1,1,,-4869001747.0,-1.0835992938864083,-10.78955387195383,1,1,1,,35445639285.0,-0.5565966561402331,-3.583559389733327,1,1,1,,-0.35258401829053276,-0.09211603749086161,458920378557.0,-0.010609687376075516,0.07723701308809386,0.08301308676077336,0.02551550840653204,19,20212,20254,28396775217.0,39225168207.0,0.3813247422375439,2333531410.0,2307956187.0,-0.010959879472974396,0,0,-4869001747.0,-0.010609687376075516,0,0,2026-03-31,204,True,passed,204,0.0,0.0,4.0,2025.0,01566248,-0.6670561361990666,-0.6670561361990666,0.0,-0.6670561361990666,208.0,208.0,-0.09211603749086161,-0.20032345077115227,201.0,1.0,-0.20032345077115227,-0.422739186841512,-2.5,296.0,1.0,-0.625,0.40952289456327096,-0.45219232734881615,212.0,1.0,0.15826731457208565,0.0,0.0,78.0,1.0,0.0,0.0,0.0,111.0,1.0,0.0,0
475150,2025,4,202504,SK이터닉스,01817081,CFS,CFS,1317071998323.0,273040531600.0,1044031466723.0,3.823723388630408,1.5735461171155072,385640769900.0,0.16103794343283018,,1,1,0,missing_prev_yoy,52998214327.0,0.40812635106303197,,1,1,0,missing_prev_yoy,30721781368.0,0.37267268792055397,,1,1,0,missing_prev_yoy,-25246577658.0,,,1,0,0,missing_ttm_yoy,13836158836.0,0.050680487408821806,,1,1,0,missing_prev_yoy,,,1317071998323.0,-0.019168714914709246,0.010505241060182958,0.13742897137339213,0.04023942077159146,8,20241,20254,46427564049.0,247955979082.0,4.340706198160761,1170297105.0,41172108560.0,34.18090268197322,0,0,-25246577658.0,-0.019168714914709246,0,0,2026-03-31,411,True,passed,411,0.0,0.0,4.0,2025.0,01817081,-0.7138307619790297,-0.7138307619790297,0.0,-0.7138307619790297,209.0,209.0,,0.0,138.0,1.0,0.0,,0.0,138.0,1.0,0.0,1.5735461171155072,2.039516462797228,32.0,1.0,-0.7138307619790297,0.0,0.0,78.0,1.0,0.0,0.0,0.0,111.0,1.0,0.0,0
006260,2025,4,202504,LS,00105952,CFS,CFS,24994792000000.0,7679588000000.0,17315204000000.0,2.254704809685103,1.1801015832793174,31870031000000.0,0.1570310734968876,0.03187474143621438,1,1,1,,1052554000000.0,-0.019002873405204235,-0.21159374520988006,1,1,1,,485145000000.0,0.23914792536684426,0.5529969534006896,1,1,1,,206330000000.0,-0.7595423227887637,-2.1339013964790325,1,1,1,,1190001000000.0,0.28838323197699545,-0.12866698557306555,1,1,1,,0.03137728511556926,-0.19193663773592956,24994792000000.0,0.008254919664864585,0.04760995810647274,0.03302645046062239,0.0421109325494687,40,20161,20254,8072773000000.0,9029260000000.0,0.11848307886274023,257128000000.0,255281000000.0,-0.007183192806695498,0,0,206330000000.0,0.008254919664864585,0,1,2026-03-31,64992,True,passed,64992,0.0,0.0,4.0,2025.0,00105952,-0.7147465539207305,-0.7147465539207305,0.0,-0.7147465539207305,210.0,210.0,-0.19193663773592956,-0.3867303603769729,216.0,1.0,-0.3867303603769729,0.03187474143621438,0.16416763520292618,114.0,1.0,0.041041908800731546,1.1801015832793174,1.1973088638413978,50.0,1.0,-0.4190581023444892,0.0,0.0,78.0,1.0,0.0,1.0,1.0,1.0,1.0,0.05,0
204320,2025,4,202504,HL만도,01042775,CFS,CFS,7136602919112.0,2875816804068.0,4260786115044.0,1.4815916330333996,0.9089001418328253,9454812581023.0,0.06855992768511565,0.014337317861560894,1,1,1,,357120974882.0,-0.004570711461803878,-0.289176216425451,1,1,1,,122802266761.0,-0.2239943513522843,-0.24759795045261035,1,1,1,,720937744650.0,0.6586308692235365,0.6463546244186045,1,1,1,,390152830250.0,0.08446998412366402,0.21246390084002342,1,1,1,,0.014235510462696915,-0.2540034224686592,7136602919112.0,0.10101973625565054,0.05466926416841282,0.03777134362227198,0.05004075173155861,40,20161,20254,2321277920316.0,2461615500314.0,0.06045703479525432,94152368623.0,79684238923.0,-0.15366718768311108,0,0,720937744650.0,0.10101973625565054,0,0,2026-03-31,303,True,passed,303,0.0,0.0,4.0,2025.0,01042775,-0.7148101067447888,-0.7148101067447888,0.0,-0.7148101067447888,211.0,211.0,-0.2540034224686592,-0.5026350684511912,224.0,1.0,-0.5026350684511912,0.014337317861560894,0.014784706632193237,135.0,1.0,0.0036961766580483092,0.9089001418328253,0.6167748998618457,93.0,1.0,-0.215871214951646,0.0,0.0,78.0,1.0,0.0,0.0,0.0,111.0,1.0,0.0,0
005940,2025,4,202504,NH투자증권,00120182,CFS,CFS,83385398000000.0,9438104000000.0,73947294000000.0,7.834973422628104,2.1787180975756355,84297000000.0,-0.2535200042505712,,1,1,0,missing_prev_yoy,1420580000000.0,0.5765496316042389,,1,1,0,missing_prev_yoy,1031501000000.0,0.5022486375644808,,1,1,0,missing_prev_yoy,-5421616000000.0,0.29187661347087634,,1,1,0,missing_prev_yoy,27800000000.0,-0.2921525691297041,,1,1,0,missing_prev_yoy,,,83385398000000.0,-0.06501876983305878,0.0003333917048642018,16.852082517764572,0.01703631611856071,10,20233,20254,9984000000.0,21057000000.0,1.1090745192307692,391345000000.0,418265000000.0,0.0687884092041549,0,0,-5421616000000.0,-0.06501876983305878,1,0,2026-03-31,66121,True,passed,66121,0.0,0.0,4.0,2025.0,00120182,-0.725,-0.725,0.0,-0.725,212.0,212.0,,0.0,138.0,1.0,0.0,,0.0,138.0,1.0,0.0,2.1787180975756355,2.5,1.0,1.0,-0.875,1.0,1.0,1.0,1.0,0.15,0.0,0.0,111.0,1.0,0.0,0
200710,2025,4,202504,에이디테크놀로지,00657002,CFS,CFS,293465147035.0,135907375708.0,157557771327.0,1.1593025802037142,0.769785290023936,164511629858.0,0.5440509976386054,0.4804276803789298,1,1,1,,2852844756.0,-1.1682744874574895,-1.1422097707193255,1,1,1,,3578357069.0,-1.2357786993879254,-1.169363797097748,1,1,1,,-15874501256.0,0.1728410409415344,1.8870586999492256,1,1,1,,30571438524.0,1.325731688197251,1.8363199157097612,1,1,1,,0.39233101926030867,-0.7618378994057367,293465147035.0,-0.05409331028364583,0.10417400101128162,0.017341295314273305,0.009721238739330625,40,20161,20254,36805859459.0,61038392406.0,0.6583879116854724,2668304819.0,2756014745.0,0.032871029342468834,0,1,-15874501256.0,-0.05409331028364583,1,1,2026-03-31,2611,True,passed,2611,1.0,0.0,4.0,2025.0,00657002,-0.7376198906180578,-0.7376198906180578,0.0,-0.7376198906180578,213.0,213.0,-0.7618378994057367,-1.4509749422319669,275.0,1.0,-1.4509749422319669,0.4804276803789298,2.5,1.0,1.0,0.625,0.769785290023936,0.3189855668174027,128.0,1.0,-0.11164494838609093,1.0,1.0,1.0,1.0,0.15,1.0,1.0,1.0,1.0,0.05,0
108320,2025,4,202504,LX세미콘,00525934,CFS,CFS,1399843476485.0,1125606564582.0,274236911903.0,0.24363478370867475,0.21803836898553552,1639070665791.0,-0.12143452894002993,-0.10259441681453774,1,1,1,,108856055553.0,-0.3484669740697094,-0.6432781026856559,1,1,1,,82633081344.0,-0.36684072453399597,-0.6564118497066969,1,1,1,,137086532839.0,-0.18820063571884293,-0.8372162947322638,1,1,1,,29147204043.0,-0.3067045341585324,-0.10491460436315048,1,1,1,,-0.09766596350611624,-0.4966930899083029,1399843476485.0,0.09792990083664468,0.020821759384262364,0.0664132778561241,0.07776301949582036,40,20161,20254,394391131472.0,389831710982.0,-0.011560656734300068,14030929280.0,24905533929.0,0.7750452184589729,0,0,137086532839.0,0.09792990083664468,1,0,2026-03-31,2612,True,passed,2612,0.0,0.0,4.0,2025.0,00525934,-0.749417491120235,-0.749417491120235,0.0,-0.749417491120235,214.0,214.0,-0.4966930899083029,-0.9558384231657764,261.0,1.0,-0.9558384231657764,-0.10259441681453774,-0.9812341723334231,257.0,1.0,-0.24530854308335578,0.21803836898553552,-0.8620842146539915,285.0,1.0,0.30172947512889703,1.0,1.0,1.0,1.0,0.15,0.0,0.0,111.0,1.0,0.0,0
079550,2025,4,202504,LIG넥스원,00503668,CFS,CFS,8064772884180.0,1476107505166.0,6588665379014.0,4.4635403288414635,1.6980969915043875,4306936127418.0,0.3145573333724587,-0.10464934323109443,1,1,1,,319442306790.0,0.3902130370910384,0.15734836895755389,1,1,1,,237479536396.0,0.0961501959710771,-0.14211035395055371,1,1,1,,-584305263675.0,-1.6137994193273162,-2.650988327253503,1,1,1,,245767709065.0,-0.5667417743652534,-6.389787591277593,1,1,1,,-0.09952794816540408,0.14613149965639344,8064772884180.0,-0.07245154600958242,0.030474225696684187,0.07416926960128964,0.03960958496631984,40,20161,20254,1049197515922.0,1404764639540.0,0.3388943628078831,89588427614.0,38677524827.0,-0.5682754362690047,0,0,-584305263675.0,-0.07245154600958242,0,1,2026-03-31,25200,True,passed,25200,0.0,0.0,4.0,2025.0,00503668,-0.7622454478040448,-0.7622454478040448,0.0,-0.7622454478040448,215.0,215.0,0.14613149965639344,0.24458458436172667,114.0,1.0,0.24458458436172667,-0.10464934323109443,-0.9987379364864575,260.0,1.0,-0.24968448412161437,1.6980969915043875,2.3061301372690206,29.0,1.0,-0.8071455480441572,0.0,0.0,78.0,1.0,0.0,1.0,1.0,1.0,1.0,0.05,0
012450,2025,4,202504,한화에어로스페이스,00126566,CFS,CFS,53953669604000.0,16788184672000.0,37165484932000.0,2.2137881884267134,1.1674503623516992,26702901249000.0,1.3756772813114617,1.1746820573992427,1,1,1,,3089320181000.0,0.7837969584216964,-0.7221240839844487,1,1,1,,2201983086000.0,-0.1330343341067186,-1.7329173964687965,1,1,1,,4049804576000.0,1.90731093923754,1.905330943477793,1,1,1,,1994082385000.0,1.6459557167449783,1.326522455970426,1,1,1,,0.7768824733491406,-0.5435584614724599,53953669604000.0,0.0750607809575154,0.03695916143676284,0.11569230445009013,0.057258759296160366,40,20161,20254,6486486380000.0,8421235187000.0,0.2982737793091612,856429531000.0,807627090000.0,-0.05698360370994727,0,0,4049804576000.0,0.0750607809575154,0,1,2026-03-31,31321,True,passed,31321,0.0,0.0,4.0,2025.0,00126566,-0.777935398316258,-0.777935398316258,0.0,-0.777935398316258,216.0,216.0,-0.5435584614724599,-1.0433557197894723,267.0,1.0,-1.0433557197894723,1.1746820573992427,2.5,1.0,1.0,0.625,1.1674503623516992,1.1702276529336737,51.0,1.0,-0.4095796785267858,0.0,0.0,78.0,1.0,0.0,1.0,1.0,1.0,1.0,0.05,0
281820,2025,4,202504,케이씨텍,01261893,CFS,CFS,600479162239.0,530239452127.0,70239710112.0,0.1324679063963286,0.12439923925061419,382856574357.0,-0.006687000110201957,-0.3500851729876999,1,1,1,,59965538593.0,0.20452655328560665,-0.3177289386945439,1,1,1,,53392149112.0,0.01340489710574544,-0.6485799831293164,1,1,1,,60157388920.0,-0.39790950222708743,-3.1559948608117856,1,1,1,,28624647219.0,1.3892565234450713,1.5156314848240575,1,1,1,,-0.30016768156217816,-0.27590975384764554,600479162239.0,0.1001823089009314,0.047669676183712345,0.15662663934584622,0.09986281350614593,33,20174,20254,95963916387.0,111700296827.0,0.16398226575642103,14868440045.0,21704055882.0,0.459739946915191,0,0,60157388920.0,0.1001823089009314,0,0,2026-03-31,272,True,passed,272,0.0,0.0,4.0,2025.0,01261893,-0.7966585065192293,-0.7966585065192293,0.0,-0.7966585065192293,217.0,217.0,-0.27590975384764554,-0.5435433731812024,226.0,1.0,-0.5435433731812024,-0.3500851729876999,-2.5,296.0,1.0,-0.625,0.12439923925061419,-1.0625281904627808,306.0,1.0,0.37188486666197323,0.0,0.0,78.0,1.0,0.0,0.0,0.0,111.0,1.0,0.0,0
032830,2025,4,202504,삼성생명,00126256,CFS,CFS,350685701000000.0,64835318000000.0,285850383000000.0,4.408868373252985,1.688039897827616,27247868000000.0,0.10782055659470702,,1,1,0,missing_prev_yoy,148678000000.0,-0.030883349846169916,,1,1,0,missing_prev_yoy,2451515000000.0,0.08461877089089498,,1,1,0,missing_prev_yoy,5256261000000.0,0.0513451389102797,,1,1,0,missing_prev_yoy,169644000000.0,0.4606728028861471,,1,1,0,missing_prev_yoy,,,350685701000000.0,0.014988523869126903,0.0004837494072790838,0.005456500303069583,0.00042396367908938495,10,20233,20254,4974734000000.0,7829246000000.0,0.5738019359427057,37961000000.0,33790000000.0,-0.10987592529174679,0,0,5256261000000.0,0.014988523869126903,0,0,2026-03-31,65110,True,passed,65110,0.0,0.0,4.0,2025.0,00126256,-0.7996106708344259,-0.7996106708344259,0.0,-0.7996106708344259,218.0,218.0,,0.0,138.0,1.0,0.0,,0.0,138.0,1.0,0.0,1.688039897827616,2.2846019166697884,30.0,1.0,-0.7996106708344259,0.0,0.0,78.0,1.0,0.0,0.0,0.0,111.0,1.0,0.0,0
103140,2025,4,202504,풍산,00684714,CFS,CFS,4329189509985.0,2298131546597.0,2031057963388.0,0.8837866424119741,0.633283922613829,5048580386639.0,0.10850335700418623,0.0044742541727536,1,1,1,,297427463130.0,-0.08135874233493468,-0.49744462706011205,1,1,1,,147164434318.0,-0.3765433642269358,-0.8853997314189281,1,1,1,,-168485078220.0,-5.222334893767522,-4.279652083477865,1,1,1,,190343609570.0,-0.028607267777973178,-0.4518491334268262,1,1,1,,0.004464274454344216,-0.4037600734023431,4329189509985.0,-0.03891838826445456,0.04396749302172718,0.05891308850249028,0.06870280509642798,40,20161,20254,1174161019641.0,1424511147158.0,0.21321618017394633,42582649584.0,91537022074.0,1.1496319033279252,0,1,-168485078220.0,-0.03891838826445456,0,0,2026-03-31,242,True,passed,242,1.0,0.0,4.0,2025.0,00684714,-0.808977349562236,-0.808977349562236,0.0,-0.808977349562236,219.0,219.0,-0.4037600734023431,-0.7822935199625057,251.0,1.0,-0.7822935199625057,0.0044742541727536,-0.0692283943938394,191.0,1.0,-0.01730709859845985,0.633283922613829,0.02679066000362979,155.0,1.0,-0.009376731001270426,0.0,0.0,78.0,1.0,0.0,0.0,0.0,111.0,1.0,0.0,0
090460,2025,4,202504,비에이치,00447609,CFS,CFS,1370500771503.0,790820471433.0,579680300070.0,0.7330112471919131,0.5498605007250537,1792660286542.0,0.021783876481145104,-0.08025775940599722,1,1,1,,53978420775.0,-0.37993913477519325,-0.4066087004527561,1,1,1,,40648029171.0,-0.4761180570555964,-0.390500645820825,1,1,1,,159158062222.0,-0.1467676774084974,-1.208697969158337,1,1,1,,124460264042.0,0.4239649789176907,0.1997751011981097,1,1,1,,-0.07719967877656558,-0.341181630321788,1370500771503.0,0.11613131895391392,0.09081371322798089,0.03011079186627329,0.03938591053531694,40,20161,20254,562466135406.0,508036970064.0,-0.09676878644918217,34483306068.0,28821801232.0,-0.16418103371050588,0,0,159158062222.0,0.11613131895391392,0,0,2026-03-31,2622,True,passed,2622,0.0,0.0,4.0,2025.0,00447609,-0.8100512836079923,-0.8100512836079923,0.0,-0.8100512836079923,220.0,220.0,-0.341181630321788,-0.6654333312444322,238.0,1.0,-0.6654333312444322,-0.08025775940599722,-0.7909716013254767,249.0,1.0,-0.19774290033136918,0.5498605007250537,-0.1517855656223116,184.0,1.0,0.05312494796780906,0.0,0.0,78.0,1.0,0.0,0.0,0.0,111.0,1.0,0.0,0
001500,2025,4,202504,현대차증권,00137997,CFS,CFS,12396389000000.0,1443326000000.0,10953063000000.0,7.588765808971778,2.150455048021828,2023000000.0,-0.9988733778004748,,1,1,0,missing_prev_yoy,72252000000.0,0.3210948784992047,,1,1,0,missing_prev_yoy,57735000000.0,0.5970954356846474,,1,1,0,missing_prev_yoy,-153613000000.0,-2.6324962538656917,,1,1,0,missing_prev_yoy,56634000000.0,2.1272225289895084,,1,1,0,missing_prev_yoy,,,12396389000000.0,-0.012391753759905404,0.004568588481694145,35.71527434503213,0.005828471500853999,10,20233,20254,-52167000000.0,61000000.0,1.001169321601779,14076000000.0,4047000000.0,-0.7124893435635123,0,0,-153613000000.0,-0.012391753759905404,0,1,2026-03-31,66121,True,passed,66121,0.0,0.0,4.0,2025.0,00137997,-0.825,-0.825,0.0,-0.825,221.0,221.0,,0.0,138.0,1.0,0.0,,0.0,138.0,1.0,0.0,2.150455048021828,2.5,1.0,1.0,-0.875,0.0,0.0,78.0,1.0,0.0,1.0,1.0,1.0,1.0,0.05,0
108490,2025,4,202504,로보티즈,00946030,CFS,CFS,319708080737.0,314078968337.0,5629112400.0,0.017922602171693596,0.017763885937066824,38942547006.0,0.29643276720553424,0.26518162934651635,1,1,1,,3346038655.0,-2.1252847542885247,-1.686450635143173,1,1,1,,5303138634.0,-2.7452701409267646,-4.083141984439825,1,1,1,,7075291568.0,0.3209863432636568,2.449152089918515,1,1,1,,2440625096.0,-0.4393645614977396,-1.295357062020157,1,1,1,,0.23521569238386864,-0.9882208558618271,319708080737.0,0.022130474624506957,0.007633917448610629,0.08592243990832098,0.010465918306746012,29,20184,20254,9240449140.0,11601237083.0,0.25548411199847804,224268003.0,2055000597.0,8.163146634876844,0,0,7075291568.0,0.022130474624506957,0,1,2026-03-31,29299,True,passed,29299,0.0,0.0,4.0,2025.0,00946030,-0.8340835547582894,-0.8340835547582894,0.0,-0.8340835547582894,222.0,222.0,-0.9882208558618271,-1.873726831088635,289.0,1.0,-1.873726831088635,0.26518162934651635,2.151464459243584,35.0,1.0,0.537866114810896,0.017763885937066824,-1.2907918900555708,320.0,1.0,0.45177716151944974,0.0,0.0,78.0,1.0,0.0,1.0,1.0,1.0,1.0,0.05,0
281740,2025,4,202504,레이크머티리얼즈,01255652,CFS,CFS,355838236186.0,135845342443.0,219992893743.0,1.619436410455573,0.9629591841202805,141233860094.0,0.018079420712101335,-0.1596606319872207,1,1,1,,13271105491.0,-0.401287739748618,-0.15200878151162356,1,1,1,,7803024872.0,-0.6287904714006433,-0.49138648123560724,1,1,1,,15478483153.0,16.27183010586135,17.2111680371333,1,1,1,,13665314636.0,-0.692154433498888,-0.4122988002583261,1,1,1,,-0.1481274036829419,-0.1415071850845968,355838236186.0,0.04349865073215249,0.03840316538905339,0.09396546608700808,0.03729533293904669,25,20194,20254,36167760870.0,41839630371.0,0.1568211402797853,1379907552.0,4784183977.0,2.467032244345598,0,0,15478483153.0,0.04349865073215249,0,1,2026-03-31,204,True,passed,204,0.0,0.0,4.0,2025.0,01255652,-0.8657605917649753,-0.8657605917649753,0.0,-0.8657605917649753,223.0,223.0,-0.1415071850845968,-0.2925574301524578,207.0,1.0,-0.2925574301524578,-0.1596606319872207,-1.4673214421455973,274.0,1.0,-0.36683036053639934,0.9629591841202805,0.7324937173603377,78.0,1.0,-0.2563728010761182,0.0,0.0,78.0,1.0,0.0,1.0,1.0,1.0,1.0,0.05,0
000370,2025,4,202504,한화손해보험,00135917,CFS,CFS,20492834690000.0,2707580443000.0,17785254247000.0,6.568689138297192,2.02401988710407,1027422289000.0,0.0025067855557219243,,1,1,0,missing_prev_yoy,429592532000.0,-0.014098391800201227,,1,1,0,missing_prev_yoy,292332865000.0,-0.07480069263450484,,1,1,0,missing_prev_yoy,668260677000.0,-0.5522157073623573,,1,1,0,missing_prev_yoy,50336614000.0,-0.6679704793340677,,1,1,0,missing_prev_yoy,,,20492834690000.0,0.03260947970883183,0.002456303130408944,0.4181265450432524,0.02096306043056262,10,20233,20254,197846778000.0,246572188000.0,0.24627851154593985,63858412000.0,86888713000.0,0.3606463154768083,0,0,668260677000.0,0.03260947970883183,0,0,2026-03-31,65121,True,passed,65121,0.0,0.0,4.0,2025.0,00135917,-0.875,-0.875,0.0,-0.875,224.0,224.0,,0.0,138.0,1.0,0.0,,0.0,138.0,1.0,0.0,2.02401988710407,2.5,1.0,1.0,-0.875,0.0,0.0,78.0,1.0,0.0,0.0,0.0,111.0,1.0,0.0,0
003470,2025,4,202504,유안타증권,00117601,CFS,CFS,20030123636000.0,1905932821000.0,18124190815000.0,9.509354482646794,2.3522657636540694,3461272611000.0,0.275938645224175,,1,1,0,missing_prev_yoy,99379167000.0,0.04882170890434501,,1,1,0,missing_prev_yoy,95631538000.0,0.30912736490096115,,1,1,0,missing_prev_yoy,-915381873000.0,3.881189281540725,,1,1,0,missing_prev_yoy,16303186000.0,-0.4544983796247114,,1,1,0,missing_prev_yoy,,,20030123636000.0,-0.045700260749004594,0.0008139333683741421,0.02871174223150492,0.00496148545091287,10,20233,20254,700788578000.0,1223119491000.0,0.7453473549621695,39100960000.0,20528375000.0,-0.4749905117419112,0,0,-915381873000.0,-0.045700260749004594,0,0,2026-03-31,66121,True,passed,66121,0.0,0.0,4.0,2025.0,00117601,-0.875,-0.875,0.0,-0.875,224.0,224.0,,0.0,138.0,1.0,0.0,,0.0,138.0,1.0,0.0,2.3522657636540694,2.5,1.0,1.0,-0.875,0.0,0.0,78.0,1.0,0.0,0.0,0.0,111.0,1.0,0.0,0
003530,2025,4,202504,한화투자증권,00148610,CFS,CFS,17357936000000.0,2068209000000.0,15289727000000.0,7.392737871269296,2.1273667927851694,3094578000000.0,0.2399177438230098,,1,1,0,missing_prev_yoy,147701000000.0,,,1,0,0,missing_ttm_yoy,102010000000.0,1.623015597810105,,1,1,0,missing_prev_yoy,-728445000000.0,-0.2014925561001235,,1,1,0,missing_prev_yoy,16300000000.0,0.14805893530821645,,1,1,0,missing_prev_yoy,,,17357936000000.0,-0.041966107030236774,0.0009390517397921043,0.04772896336754155,0.008509133804848686,10,20233,20254,469392000000.0,898598000000.0,0.9143871220642874,37656000000.0,25175000000.0,-0.3314478436371362,0,0,-728445000000.0,-0.041966107030236774,0,0,2026-03-31,66121,True,passed,66121,0.0,0.0,4.0,2025.0,00148610,-0.875,-0.875,0.0,-0.875,224.0,224.0,,0.0,138.0,1.0,0.0,,0.0,138.0,1.0,0.0,2.1273667927851694,2.5,1.0,1.0,-0.875,0.0,0.0,78.0,1.0,0.0,0.0,0.0,111.0,1.0,0.0,0
003540,2025,4,202504,대신증권,00110893,CFS,CFS,39128864373000.0,4057222957000.0,35071641416000.0,8.644247996154677,2.2663616750603297,5063889973000.0,0.23694668940083385,,1,1,0,missing_prev_yoy,,,,0,0,0,missing_ttm_yoy,186726503000.0,0.2950737469639011,,1,1,0,missing_prev_yoy,-3223886096000.0,-0.18805951562464152,,1,1,0,missing_prev_yoy,31691750000.0,-2.7583039767155486,,1,1,0,missing_prev_yoy,,,39128864373000.0,-0.08239150682391311,0.000809932782559061,,,10,20233,20254,825821482000.0,1791232931000.0,1.1690316491427866,73644270000.0,53235156000.0,-0.27713105174374053,0,0,-3223886096000.0,-0.08239150682391311,0,0,2026-03-31,66121,True,passed,66121,0.0,0.0,4.0,2025.0,00110893,-0.875,-0.875,0.0,-0.875,224.0,224.0,,0.0,138.0,1.0,0.0,,0.0,138.0,1.0,0.0,2.2663616750603297,2.5,1.0,1.0,-0.875,0.0,0.0,78.0,1.0,0.0,0.0,0.0,111.0,1.0,0.0,0
005830,2025,4,202504,DB손해보험,00159102,CFS,CFS,74022307000000.0,10935289000000.0,63087018000000.0,5.76912215122984,1.9123714110468875,5840353000000.0,0.014511067282245493,,1,1,0,missing_prev_yoy,2383950000000.0,,,1,0,0,missing_ttm_yoy,1790581000000.0,-0.03379835847638479,,1,1,0,missing_prev_yoy,-282418000000.0,-1.084469824801519,,1,1,0,missing_prev_yoy,109740000000.0,0.45145673606539716,,1,1,0,missing_prev_yoy,,,74022307000000.0,-0.003815309349923395,0.0014825260714989605,0.40818594355512416,0.03220583222298111,10,20233,20254,887592000000.0,1338438000000.0,0.5079428386015196,441307000000.0,524373000000.0,0.18822724316632186,0,0,-282418000000.0,-0.003815309349923395,0,0,2026-03-31,65121,True,passed,65121,0.0,0.0,4.0,2025.0,00159102,-0.875,-0.875,0.0,-0.875,224.0,224.0,,0.0,138.0,1.0,0.0,,0.0,138.0,1.0,0.0,1.9123714110468875,2.5,1.0,1.0,-0.875,0.0,0.0,78.0,1.0,0.0,0.0,0.0,111.0,1.0,0.0,0
006220,2025,4,202504,제주은행,00148832,CFS,CFS,8019927000000.0,647270000000.0,7372657000000.0,11.390388863998023,2.3978952727983707,22593000000.0,0.17433338531108689,,1,1,0,missing_prev_yoy,,,,0,0,0,missing_ttm_yoy,13930000000.0,0.3373655913978495,,1,1,0,missing_prev_yoy,24934000000.0,-1.1769598728194064,,1,1,0,missing_prev_yoy,9364000000.0,0.4765058341217281,,1,1,0,missing_prev_yoy,,,8019927000000.0,0.0031090058550408252,0.0011675916750863195,,,10,20233,20254,5763000000.0,5915000000.0,0.02637515183064376,,,,0,0,24934000000.0,0.0031090058550408252,0,0,2026-03-31,64121,True,passed,64121,0.0,0.0,4.0,2025.0,00148832,-0.875,-0.875,0.0,-0.875,224.0,224.0,,0.0,138.0,1.0,0.0,,0.0,138.0,1.0,0.0,2.3978952727983707,2.5,1.0,1.0,-0.875,0.0,0.0,78.0,1.0,0.0,0.0,0.0,111.0,1.0,0.0,0
006800,2025,4,202504,미래에셋증권,00111722,CFS,CFS,150283930000000.0,13478203000000.0,136805727000000.0,10.150145905949035,2.3978952727983707,29283028000000.0,0.3165451257949976,,1,1,0,missing_prev_yoy,1915104000000.0,0.6119368110501469,,1,1,0,missing_prev_yoy,1582916000000.0,0.7103909307287959,,1,1,0,missing_prev_yoy,-6860961000000.0,-0.3306561660054834,,1,1,0,missing_prev_yoy,53693000000.0,0.5846794849839851,,1,1,0,missing_prev_yoy,,,150283930000000.0,-0.04565332434412648,0.0003572770555042046,0.0653997940376931,0.012743238748148256,10,20233,20254,6672431000000.0,8863079000000.0,0.32831332388450324,222796000000.0,845679000000.0,2.7957548609490295,0,0,-6860961000000.0,-0.04565332434412648,0,0,2026-03-31,66121,True,passed,66121,0.0,0.0,4.0,2025.0,00111722,-0.875,-0.875,0.0,-0.875,224.0,224.0,,0.0,138.0,1.0,0.0,,0.0,138.0,1.0,0.0,2.3978952727983707,2.5,1.0,1.0,-0.875,0.0,0.0,78.0,1.0,0.0,0.0,0.0,111.0,1.0,0.0,0
016360,2025,4,202504,삼성증권,00104856,CFS,CFS,79683213004622.0,8068055959870.0,71615157044752.0,8.876383282535627,2.2901463802211186,22745601618.0,0.2099490778575468,,1,1,0,missing_prev_yoy,1375673177021.0,0.14092692632587034,,1,1,0,missing_prev_yoy,1007226734146.0,0.12033847015987953,,1,1,0,missing_prev_yoy,-5323820633293.0,-4.962762391105825,,1,1,0,missing_prev_yoy,44220468469.0,-0.043288823798123155,,1,1,0,missing_prev_yoy,,,79683213004622.0,-0.06681232385777659,0.0005549533810394292,60.480843730787264,0.01726427844897776,10,20233,20254,11239499266.0,4337593789.0,-0.6140758866258909,401812408978.0,330566434994.0,-0.17731153242681674,0,0,-5323820633293.0,-0.06681232385777659,0,0,2026-03-31,66121,True,passed,66121,0.0,0.0,4.0,2025.0,00104856,-0.875,-0.875,0.0,-0.875,224.0,224.0,,0.0,138.0,1.0,0.0,,0.0,138.0,1.0,0.0,2.2901463802211186,2.5,1.0,1.0,-0.875,0.0,0.0,78.0,1.0,0.0,0.0,0.0,111.0,1.0,0.0,0
024110,2025,4,202504,기업은행,00149646,CFS,CFS,500692621000000.0,36856024000000.0,463836597000000.0,12.585095912679023,2.3978952727983707,312573000000.0,2.344242826268376,,1,1,0,missing_prev_yoy,7893593000000.0,0.0560045731342278,,1,1,0,missing_prev_yoy,2718868000000.0,0.02431114650809363,,1,1,0,missing_prev_yoy,-3022146000000.0,-0.8467272005806841,,1,1,0,missing_prev_yoy,392640000000.0,-0.13360459676778735,,1,1,0,missing_prev_yoy,,,500692621000000.0,-0.006035930775181127,0.0007841937019479263,25.25359835942324,0.015765347178943147,10,20233,20254,155490000000.0,-17032000000.0,-1.1095375908418548,1913574000000.0,1924874000000.0,0.0059051805678797895,0,0,-3022146000000.0,-0.006035930775181127,0,0,2026-03-31,64121,True,passed,64121,0.0,0.0,4.0,2025.0,00149646,-0.875,-0.875,0.0,-0.875,224.0,224.0,,0.0,138.0,1.0,0.0,,0.0,138.0,1.0,0.0,2.3978952727983707,2.5,1.0,1.0,-0.875,0.0,0.0,78.0,1.0,0.0,0.0,0.0,111.0,1.0,0.0,0
039490,2025,4,202504,키움증권,00296290,CFS,CFS,81173768149523.0,6722405133984.0,74451363015539.0,11.07510802036648,2.3978952727983707,17121703940748.0,0.5178403019332072,,1,1,0,missing_prev_yoy,,,,0,0,0,missing_ttm_yoy,1114974212697.0,0.33548509063224285,,1,1,0,missing_prev_yoy,-6399934098932.0,0.287379210090857,,1,1,0,missing_prev_yoy,440799306057.0,10.946547586635795,,1,1,0,missing_prev_yoy,,,81173768149523.0,-0.07884239262052303,0.005430317159171947,,,10,20233,20254,3369852573025.0,5586235096842.0,0.6577090468463521,408881346062.0,345606391031.0,-0.15475138604490266,0,0,-6399934098932.0,-0.07884239262052303,0,0,2026-03-31,66121,True,passed,66121,0.0,0.0,4.0,2025.0,00296290,-0.875,-0.875,0.0,-0.875,224.0,224.0,,0.0,138.0,1.0,0.0,,0.0,138.0,1.0,0.0,2.3978952727983707,2.5,1.0,1.0,-0.875,0.0,0.0,78.0,1.0,0.0,0.0,0.0,111.0,1.0,0.0,0
055550,2025,4,202504,신한지주,00382199,CFS,CFS,786013485000000.0,60372324000000.0,725641161000000.0,12.019433954538506,2.3978952727983707,4564323000000.0,61.03380086438881,,1,1,0,missing_prev_yoy,7023357000000.0,0.08743084876607732,,1,1,0,missing_prev_yoy,5084519000000.0,0.11547375372133994,,1,1,0,missing_prev_yoy,9730881000000.0,1.1033835037467314,,1,1,0,missing_prev_yoy,637069000000.0,-0.18195907927075117,,1,1,0,missing_prev_yoy,,,786013485000000.0,0.012380043327119254,0.0008105064507894544,1.5387510918924887,0.008935415401938047,10,20233,20254,1194707000000.0,1169073000000.0,-0.02145630686017576,1954623000000.0,1110263000000.0,-0.43198100093982317,0,0,9730881000000.0,0.012380043327119254,0,0,2026-03-31,64992,True,passed,64992,0.0,0.0,4.0,2025.0,00382199,-0.875,-0.875,0.0,-0.875,224.0,224.0,,0.0,138.0,1.0,0.0,,0.0,138.0,1.0,0.0,2.3978952727983707,2.5,1.0,1.0,-0.875,0.0,0.0,78.0,1.0,0.0,0.0,0.0,111.0,1.0,0.0,0
071050,2025,4,202504,한국금융지주,00432102,CFS,CFS,136161928000000.0,12099491000000.0,124062437000000.0,10.253525292923479,2.3978952727983707,556112000000.0,-0.9737362571307824,,1,1,0,missing_prev_yoy,2345329000000.0,0.954890254641585,,1,1,0,missing_prev_yoy,2024352000000.0,0.9355700312870359,,1,1,0,missing_prev_yoy,-7607218000000.0,-0.021392388760254066,,1,1,0,missing_prev_yoy,33411000000.0,-0.36599985779352706,,1,1,0,missing_prev_yoy,,,136161928000000.0,-0.05586890632159674,0.0002453769602909853,4.217368084126939,0.017224557807377697,10,20233,20254,4166865000000.0,-15386125000000.0,-4.692494237274306,849092000000.0,381074000000.0,-0.5511982211586024,0,0,-7607218000000.0,-0.05586890632159674,0,0,2026-03-31,64992,True,passed,64992,0.0,0.0,4.0,2025.0,00432102,-0.875,-0.875,0.0,-0.875,224.0,224.0,,0.0,138.0,1.0,0.0,,0.0,138.0,1.0,0.0,2.3978952727983707,2.5,1.0,1.0,-0.875,0.0,0.0,78.0,1.0,0.0,0.0,0.0,111.0,1.0,0.0,0
085620,2025,4,202504,미래에셋생명,00112332,CFS,CFS,32920825236135.0,2448095130657.0,30472730105478.0,12.447526946103592,2.3978952727983707,4084352485562.0,0.0712365542676694,,1,1,0,missing_prev_yoy,194511640633.0,0.5926541684620885,,1,1,0,missing_prev_yoy,130776431540.0,-0.03922009960265582,,1,1,0,missing_prev_yoy,284524522790.0,-2.123498729890141,,1,1,0,missing_prev_yoy,79600468531.0,4.081929373174777,,1,1,0,missing_prev_yoy,,,32920825236135.0,0.008642691085328455,0.00241793660881951,0.04762361753070769,0.005908467945071362,10,20233,20254,972810285806.0,948137963665.0,-0.02536190509186311,61774487859.0,28344591603.0,-0.5411602332066855,0,0,284524522790.0,0.008642691085328455,0,0,2026-03-31,65110,True,passed,65110,0.0,0.0,4.0,2025.0,00112332,-0.875,-0.875,0.0,-0.875,224.0,224.0,,0.0,138.0,1.0,0.0,,0.0,138.0,1.0,0.0,2.3978952727983707,2.5,1.0,1.0,-0.875,0.0,0.0,78.0,1.0,0.0,0.0,0.0,111.0,1.0,0.0,0
086790,2025,4,202504,하나금융지주,00547583,CFS,CFS,674590676000000.0,45645554000000.0,628945122000000.0,13.77889119277641,2.3978952727983707,189760000000.0,-0.6869339123032201,,1,1,0,missing_prev_yoy,12049749000000.0,0.0746419004559431,,1,1,0,missing_prev_yoy,4036638000000.0,0.07114420507312014,,1,1,0,missing_prev_yoy,-1962471000000.0,-0.19958406306514276,,1,1,0,missing_prev_yoy,1946605000000.0,-0.16222553230131742,,1,1,0,missing_prev_yoy,,,674590676000000.0,-0.0029091285572408355,0.002885609109723301,63.49994203204047,0.01786231181173337,10,20233,20254,-2203000000.0,30223000000.0,14.719019518837948,3132500000000.0,2699200000000.0,-0.1383240223463687,0,0,-1962471000000.0,-0.0029091285572408355,0,0,2026-03-31,64992,True,passed,64992,0.0,0.0,4.0,2025.0,00547583,-0.875,-0.875,0.0,-0.875,224.0,224.0,,0.0,138.0,1.0,0.0,,0.0,138.0,1.0,0.0,2.3978952727983707,2.5,1.0,1.0,-0.875,0.0,0.0,78.0,1.0,0.0,0.0,0.0,111.0,1.0,0.0,0
088350,2025,4,202504,한화생명,00113058,CFS,CFS,178534378000000.0,16623385000000.0,161910993000000.0,9.739953264632925,2.3739707375473147,15291185000000.0,0.11534791301856484,,1,1,0,missing_prev_yoy,1147250000000.0,0.04583988124663407,,1,1,0,missing_prev_yoy,836319000000.0,-0.03427476726701728,,1,1,0,missing_prev_yoy,4377244000000.0,-0.19366615461664327,,1,1,0,missing_prev_yoy,303886000000.0,-0.030403864141315795,,1,1,0,missing_prev_yoy,,,178534378000000.0,0.02451765340118417,0.001702114760217217,0.07502688640546824,0.00642593327319851,10,20233,20254,2824035000000.0,4050587000000.0,0.4343260618228882,354890000000.0,180298000000.0,-0.49196088928963905,0,0,4377244000000.0,0.02451765340118417,0,0,2026-03-31,65110,True,passed,65110,0.0,0.0,4.0,2025.0,00113058,-0.875,-0.875,0.0,-0.875,224.0,224.0,,0.0,138.0,1.0,0.0,,0.0,138.0,1.0,0.0,2.3739707375473147,2.5,1.0,1.0,-0.875,0.0,0.0,78.0,1.0,0.0,0.0,0.0,111.0,1.0,0.0,0
105560,2025,4,202504,KB금융,00688996,CFS,CFS,797923033000000.0,60829989000000.0,737093044000000.0,12.117264134307176,2.3978952727983707,12376546000000.0,0.0803369112822927,,1,1,0,missing_prev_yoy,10880589000000.0,0.0784021324247759,,1,1,0,missing_prev_yoy,5840715000000.0,0.1614978385659962,,1,1,0,missing_prev_yoy,4226378000000.0,0.051289169207593854,,1,1,0,missing_prev_yoy,554969000000.0,-0.1147534969190106,,1,1,0,missing_prev_yoy,,,797923033000000.0,0.005296723900937949,0.0006955169572100822,0.8791296861014374,0.01363613851212138,10,20233,20254,3143341000000.0,3088791000000.0,-0.017354146432092477,2699482000000.0,2444400000000.0,-0.09449294346100474,0,0,4226378000000.0,0.005296723900937949,0,0,2026-03-31,64992,True,passed,64992,0.0,0.0,4.0,2025.0,00688996,-0.875,-0.875,0.0,-0.875,224.0,224.0,,0.0,138.0,1.0,0.0,,0.0,138.0,1.0,0.0,2.3978952727983707,2.5,1.0,1.0,-0.875,0.0,0.0,78.0,1.0,0.0,0.0,0.0,111.0,1.0,0.0,0
138040,2025,4,202504,메리츠금융지주,00860332,CFS,CFS,135457983800835.0,11261208003790.0,124196775797045.0,11.02872584852763,2.3978952727983707,831496277982.0,-0.9821469653007957,,1,1,0,missing_prev_yoy,2872733957980.0,0.23111877310987716,,1,1,0,missing_prev_yoy,2350134643625.0,0.007157266013273933,,1,1,0,missing_prev_yoy,-6472006707057.0,0.6517927752223203,,1,1,0,missing_prev_yoy,47781119009.0,-0.4049589269085371,,1,1,0,missing_prev_yoy,,,135457983800835.0,-0.04777870248366346,0.0003527375623665931,3.454896953900963,0.021207564717660384,10,20233,20254,7370496338764.0,-24120733782141.0,-4.272606439715828,862313205452.0,338944580256.0,-0.6069356492362483,0,0,-6472006707057.0,-0.04777870248366346,0,0,2026-03-31,64992,True,passed,64992,0.0,0.0,4.0,2025.0,00860332,-0.875,-0.875,0.0,-0.875,224.0,224.0,,0.0,138.0,1.0,0.0,,0.0,138.0,1.0,0.0,2.3978952727983707,2.5,1.0,1.0,-0.875,0.0,0.0,78.0,1.0,0.0,0.0,0.0,111.0,1.0,0.0,0
138930,2025,4,202504,BNK금융지주,00858364,CFS,CFS,161095407271012.0,11241835322588.0,149853571948424.0,13.329991736075883,2.3978952727983707,187315628979.0,1.0665485228485823,,1,1,0,missing_prev_yoy,902681388425.0,0.030552530423673785,,1,1,0,missing_prev_yoy,836157244944.0,0.11491155478984316,,1,1,0,missing_prev_yoy,-2023799286987.0,0.5153003903718691,,1,1,0,missing_prev_yoy,174687957875.0,0.011827269435961574,,1,1,0,missing_prev_yoy,,,161095407271012.0,-0.012562737332308595,0.001084375779758396,4.819039358035628,0.005603396171974117,10,20233,20254,12632261205.0,28638649832.0,1.2671039940707116,380399128498.0,60585153846.0,-0.8407326691698283,0,0,-2023799286987.0,-0.012562737332308595,0,0,2026-03-31,64992,True,passed,64992,0.0,0.0,4.0,2025.0,00858364,-0.875,-0.875,0.0,-0.875,224.0,224.0,,0.0,138.0,1.0,0.0,,0.0,138.0,1.0,0.0,2.3978952727983707,2.5,1.0,1.0,-0.875,0.0,0.0,78.0,1.0,0.0,0.0,0.0,111.0,1.0,0.0,0
139130,2025,4,202504,iM금융지주,00878915,CFS,CFS,98860713000000.0,6436768000000.0,92423945000000.0,14.358750385286529,2.3978952727983707,265247000000.0,0.039741226709187005,,1,1,0,missing_prev_yoy,583241000000.0,1.2139980859046973,,1,1,0,missing_prev_yoy,457486000000.0,1.2697234542700047,,1,1,0,missing_prev_yoy,-1477952000000.0,-1.509257296676544,,1,1,0,missing_prev_yoy,70360000000.0,-0.18226564638401377,,1,1,0,missing_prev_yoy,,,98860713000000.0,-0.014949841601890935,0.0007117084012938487,2.198859930555294,0.005899623645239135,10,20233,20254,70074796879.0,56259361193.0,-0.1971527039865057,155710563325.0,19885555177.0,-0.8722915468779421,0,0,-1477952000000.0,-0.014949841601890935,0,0,2026-03-31,64992,True,passed,64992,0.0,0.0,4.0,2025.0,00878915,-0.875,-0.875,0.0,-0.875,224.0,224.0,,0.0,138.0,1.0,0.0,,0.0,138.0,1.0,0.0,2.3978952727983707,2.5,1.0,1.0,-0.875,0.0,0.0,78.0,1.0,0.0,0.0,0.0,111.0,1.0,0.0,0
175330,2025,4,202504,JB금융지주,00980122,CFS,CFS,73123844000000.0,6175172000000.0,66948672000000.0,10.841588218109552,2.3978952727983707,202550000000.0,-0.24298202666287938,,1,1,0,missing_prev_yoy,952314000000.0,0.05102755940707149,,1,1,0,missing_prev_yoy,730040000000.0,0.05346245477935496,,1,1,0,missing_prev_yoy,-1137480000000.0,0.18099984426101856,,1,1,0,missing_prev_yoy,114836000000.0,0.046437032987060256,,1,1,0,missing_prev_yoy,,,73123844000000.0,-0.015555527961577074,0.0015704316638496193,4.7016242902986916,0.013023303315400104,10,20233,20254,49953000000.0,42525000000.0,-0.14869977779112364,281076000000.0,186870000000.0,-0.33516202023651964,0,0,-1137480000000.0,-0.015555527961577074,0,0,2026-03-31,64992,True,passed,64992,0.0,0.0,4.0,2025.0,00980122,-0.875,-0.875,0.0,-0.875,224.0,224.0,,0.0,138.0,1.0,0.0,,0.0,138.0,1.0,0.0,2.3978952727983707,2.5,1.0,1.0,-0.875,0.0,0.0,78.0,1.0,0.0,0.0,0.0,111.0,1.0,0.0,0
316140,2025,4,202504,우리금융지주,01350869,CFS,CFS,601457286000000.0,37859248000000.0,563598038000000.0,14.886667532329222,2.3978952727983707,1042497000000.0,-0.6372934393239756,,1,1,0,missing_prev_yoy,3674808000000.0,-0.13639390955515496,,1,1,0,missing_prev_yoy,3227508000000.0,0.0176697297056978,,1,1,0,missing_prev_yoy,13642391000000.0,-3.2257665638816833,,1,1,0,missing_prev_yoy,506433000000.0,0.2292600162143006,,1,1,0,missing_prev_yoy,,,601457286000000.0,0.022682227512329112,0.0008420099178913263,3.525005827354899,0.006109840358638535,10,20233,20254,-913075000000.0,514368000000.0,1.5633359800673547,988030000000.0,709064000000.0,-0.282345677762821,0,0,13642391000000.0,0.022682227512329112,0,0,2026-03-31,64992,True,passed,64992,0.0,0.0,4.0,2025.0,01350869,-0.875,-0.875,0.0,-0.875,224.0,224.0,,0.0,138.0,1.0,0.0,,0.0,138.0,1.0,0.0,2.3978952727983707,2.5,1.0,1.0,-0.875,0.0,0.0,78.0,1.0,0.0,0.0,0.0,111.0,1.0,0.0,0
083450,2025,4,202504,GST,00540863,CFS,CFS,386310986387.0,304655503580.0,81655482807.0,0.2680256284474373,0.23746106752011575,347158632861.0,0.0026889275138901603,-0.23731308327781098,1,1,1,,59172305188.0,0.0015370266011336398,-0.38736944362714465,1,1,1,,45584238109.0,-0.006061350365107465,-0.24768622190603473,1,1,1,,41591693861.0,-0.23555655533971243,-0.38229388657903807,1,1,1,,12906679791.0,-0.34158902290080584,-0.2748854917662853,1,1,1,,-0.21294216023653206,-0.3274094675281311,386310986387.0,0.10766376139076232,0.03341007697376305,0.17044745423828248,0.1531727216495007,40,20161,20254,80772758423.0,92192574182.0,0.14138202015084597,16675761000.0,15559702209.0,-0.06692700806877719,0,0,41591693861.0,0.10766376139076232,0,0,2026-03-31,29271,True,passed,29271,0.0,0.0,4.0,2025.0,00540863,-0.8847274579551849,-0.8847274579551849,0.0,-0.8847274579551849,245.0,245.0,-0.3274094675281311,-0.6397149294450932,235.0,1.0,-0.6397149294450932,-0.23731308327781098,-2.12876127879582,290.0,1.0,-0.532190319698955,0.23746106752011575,-0.820507974825324,277.0,1.0,0.2871777911888634,0.0,0.0,78.0,1.0,0.0,0.0,0.0,111.0,1.0,0.0,0
267260,2025,4,202504,HD현대일렉트릭,01205851,CFS,CFS,4769815393358.0,2032934924019.0,2736880469339.0,1.3462705751192166,0.8528270782436754,4079497658529.0,0.22789557908701763,-0.0013296029651068686,1,1,1,,995313437790.0,0.4878281180840842,-0.6344177453043023,1,1,1,,731816191305.0,0.46830295037158587,-0.45267972109940313,1,1,1,,959572657325.0,-0.07173083121225188,46.9968395956889,1,1,1,,241914790301.0,0.7692665636802851,0.23462271114038846,1,1,1,,-0.001328719825814198,-0.49128662184382127,4769815393358.0,0.20117605781163175,0.05071785181411171,0.24397941146236463,0.20866917390052048,35,20172,20254,995431807616.0,1163178967009.0,0.16851697736557614,247075954483.0,320916698444.0,0.2988584790272685,0,0,959572657325.0,0.20117605781163175,1,1,2026-03-31,281,True,passed,281,0.0,0.0,4.0,2025.0,01205851,-0.9492693266149682,-0.9492693266149682,0.0,-0.9492693266149682,246.0,246.0,-0.49128662184382127,-0.945742280673061,260.0,1.0,-0.945742280673061,-0.0013296029651068686,-0.11866536970375914,197.0,1.0,-0.029666342425939785,0.8528270782436754,0.49674486718847877,105.0,1.0,-0.17386070351596755,1.0,1.0,1.0,1.0,0.15,1.0,1.0,1.0,1.0,0.05,0
045100,2025,4,202504,한양이엔지,00216762,CFS,CFS,923696416239.0,624227340914.0,299469075325.0,0.4797436057294676,0.391868833396369,1118180793899.0,-0.05741564374214181,-0.21345833791020086,1,1,1,,53710576617.0,-0.37685261772547074,-0.389574982486915,1,1,1,,41679060151.0,-0.4545296598831132,-0.4418287513824537,1,1,1,,2350443562.0,-0.9757868232988356,-0.6288218425942754,1,1,1,,48201102543.0,0.016919391583837262,-0.8343715432099224,1,1,1,,-0.19347441342391702,-0.3289979323910105,923696416239.0,0.002544606128894885,0.052182840266133824,0.04803389300733368,0.05814743423569023,40,20161,20254,251726072627.0,307412032977.0,0.22121649842967897,12089559577.0,9692422057.0,-0.19828162512722775,0,0,2350443562.0,0.002544606128894885,0,0,2026-03-31,721,True,passed,721,0.0,0.0,4.0,2025.0,00216762,-0.9525792688803527,-0.9525792688803527,0.0,-0.9525792688803527,247.0,247.0,-0.3289979323910105,-0.6426812592946416,236.0,1.0,-0.6426812592946416,-0.21345833791020086,-1.925567707735988,285.0,1.0,-0.481391926933997,0.391868833396369,-0.4899826209951024,219.0,1.0,0.17149391734828584,0.0,0.0,78.0,1.0,0.0,0.0,0.0,111.0,1.0,0.0,0
003490,2025,4,202504,대한항공,00113526,CFS,CFS,50406072098945.0,11459098427293.0,38946973671652.0,3.3987816684503778,1.4813276090481178,25225542379502.0,0.4115572569410062,0.302387405357176,1,1,1,,1113589428051.0,-0.47228253867301473,-0.651106526233683,1,1,1,,647272880287.0,-0.531592359613463,-0.7554441489525437,1,1,1,,4075191178550.0,-0.10610505057844999,-0.2200829439410743,1,1,1,,4296120034758.0,0.47818751251045444,-331.89016177865733,1,1,1,,0.2641990458855172,-0.501445685105874,50406072098945.0,0.08084722750367399,0.08523020850196177,0.04414531157735941,0.022092366686796597,40,20161,20254,6026889432501.0,6496085120365.0,0.07785038917982874,157543951103.0,154915456739.0,-0.016684197302386607,0,0,4075191178550.0,0.08084722750367399,0,0,2026-03-31,511,True,passed,511,0.0,0.0,4.0,2025.0,00113526,-0.9923578591564516,-0.9923578591564516,0.0,-0.9923578591564516,248.0,248.0,-0.501445685105874,-0.9647135108852618,265.0,1.0,-0.9647135108852618,0.302387405357176,2.4683814656989567,31.0,1.0,0.6170953664247392,1.4813276090481178,1.8421134705597972,37.0,1.0,-0.644739714695929,0.0,0.0,78.0,1.0,0.0,0.0,0.0,111.0,1.0,0.0,0
102710,2025,4,202504,이엔에프테크놀로지,00530185,CFS,CFS,749300530429.0,450096868246.0,299203662183.0,0.6647539303016669,0.5096773229018383,670896289801.0,0.15188436596957589,0.13853737688674883,1,1,1,,78076791477.0,0.31592104430770496,-1.086156249119857,1,1,1,,50306212220.0,0.6921775823531822,2.9711190488151598,1,1,1,,103080225506.0,-0.04426104300183076,-1.127390596609895,1,1,1,,3848322090.0,-0.9565143026928727,-0.7826612766486094,1,1,1,,0.12974443592281823,-0.735323257474233,749300530429.0,0.137568600741525,0.005135885981285379,0.1163768419410383,0.10419956787205047,40,20161,20254,172096927557.0,176781455147.0,0.027220286012650887,21995984379.0,11118723127.0,-0.49451122825786037,0,0,103080225506.0,0.137568600741525,0,1,2026-03-31,2049,True,passed,2049,0.0,0.0,4.0,2025.0,00530185,-1.0000516893611722,-1.0000516893611722,0.0,-1.0000516893611722,249.0,249.0,-0.735323257474233,-1.4014609897049108,273.0,1.0,-1.4014609897049108,0.13853737688674883,1.0727148220144382,67.0,1.0,0.26817870550360956,0.5096773229018383,-0.23780169954322578,193.0,1.0,0.08323059484012901,0.0,0.0,78.0,1.0,0.0,1.0,1.0,1.0,1.0,0.05,0
032190,2025,4,202504,다우데이타,00238782,CFS,CFS,83638241038415.0,7711894424418.0,75926346613997.0,9.845356074065679,2.383736976756506,18051961355773.0,0.4874570476075504,0.3130721736103954,1,1,1,,1599880586198.0,0.3267442893775341,-0.47860429442897656,1,1,1,,1199682970007.0,0.3854687193686339,-0.5696278358316067,1,1,1,,-6533460947223.0,0.3441306772317889,-1.0439363204988255,1,1,1,,154557644312.0,1.004226999083612,1.3260554852884852,1,1,1,,0.27236956228701964,-0.39109859852523987,83638241038415.0,-0.0781157143682898,0.001847930353305873,0.08862641320059993,0.019128577625911282,40,20161,20254,3599354705641.0,5847092046769.0,0.6244834213214077,442010422278.0,369246399750.0,-0.16462060363417286,0,0,-6533460947223.0,-0.0781157143682898,0,0,2026-03-31,46510,True,passed,46510,0.0,0.0,4.0,2025.0,00238782,-1.0086492381499532,-1.0086492381499532,0.0,-1.0086492381499532,250.0,250.0,-0.39109859852523987,-0.7586492381499531,248.0,1.0,-0.7586492381499531,0.3130721736103954,2.5,1.0,1.0,0.625,2.383736976756506,2.5,1.0,1.0,-0.875,0.0,0.0,78.0,1.0,0.0,0.0,0.0,111.0,1.0,0.0,0
038500,2025,4,202504,삼표시멘트,00239639,CFS,CFS,1446731199428.0,786264967445.0,660466231983.0,0.8400046540661883,0.6097681010014934,676926715424.0,-0.1439829897800896,-0.10399058593147914,1,1,1,,76583468141.0,-0.26312540800938533,-0.4901473267455708,1,1,1,,40803560450.0,-0.38269888422003073,-1.3378634080327225,1,1,1,,93852723445.0,-0.2558400832636387,-0.3053738914687929,1,1,1,,45278233842.0,-0.004644654072909371,-0.1329680552234448,1,1,1,,-0.09893142058256744,-0.3988749920798086,1446731199428.0,0.06487226063978363,0.031296922234000234,0.11313406074250025,0.0529355198611042,40,20161,20254,156320864030.0,191237108734.0,0.22336266448283654,12869012645.0,33229849612.0,1.5821599938291149,0,0,93852723445.0,0.06487226063978363,0,0,2026-03-31,239,True,passed,239,0.0,0.0,4.0,2025.0,00239639,-1.0132111309787077,-1.0132111309787077,0.0,-1.0132111309787077,251.0,251.0,-0.3988749920798086,-0.7731710251040183,249.0,1.0,-0.7731710251040183,-0.10399058593147914,-0.9931266735654828,259.0,1.0,-0.2482816683913707,0.6097681010014934,-0.02354732147623167,165.0,1.0,0.008241562516681084,0.0,0.0,78.0,1.0,0.0,0.0,0.0,111.0,1.0,0.0,0
011930,2025,4,202504,신성이엔지,00136271,CFS,CFS,600686182250.0,233314248039.0,367371934211.0,1.57457993799672,0.9456863899333509,567454391304.0,-0.02549694997809482,-0.0355254823920943,1,1,1,,1281312264.0,-0.7433135661015302,-0.42178011924616043,1,1,1,,-8194539332.0,-0.41300656739147334,1.5018833082310084,1,1,1,,-29149614166.0,-11.595052574969646,-10.653311433021498,1,1,1,,12015646214.0,-0.04280080766805483,0.4827464905847634,1,1,1,,-0.03490901033110117,-0.3519096916092963,600686182250.0,-0.04852719277945402,0.020003200621317437,0.0022580004378071118,0.0021330809695015254,40,20161,20254,158596868218.0,152587670774.0,-0.03788976107485321,250025642.0,2910717409.0,10.641675572619867,0,0,-29149614166.0,-0.04852719277945402,0,0,2026-03-31,2612,True,passed,2612,0.0,0.0,4.0,2025.0,00136271,-1.0313850222696057,-1.0313850222696057,0.0,-1.0313850222696057,252.0,252.0,-0.3519096916092963,-0.685467119317802,241.0,1.0,-0.685467119317802,-0.0355254823920943,-0.40994422215948495,223.0,1.0,-0.10248605553987124,0.9456863899333509,0.6955195640340929,85.0,1.0,-0.2434318474119325,0.0,0.0,78.0,1.0,0.0,0.0,0.0,111.0,1.0,0.0,0
298020,2025,4,202504,효성티앤씨,01316227,CFS,CFS,5739089251365.0,1956911565949.0,3782177685416.0,1.9327279531826167,1.0759330319200164,7694843720869.0,-0.010445045813320841,-0.04354574192106064,1,1,1,,251502878527.0,-0.0710128085178745,-0.33969581072771105,1,1,1,,38195733782.0,,,1,0,0,missing_ttm_yoy,456129589664.0,-0.30350007095929654,-0.39139770026058596,1,1,1,,459078775256.0,0.7110751186388415,0.6897751445189773,1,1,1,,-0.04262428166884069,-0.29244258127323053,5739089251365.0,0.07947769579563743,0.07999157273025707,0.03268459862867716,0.04382278572635578,31,20182,20254,2009801485987.0,1843169522082.0,-0.08290966300244731,56058528477.0,44738730928.0,-0.2019281964142949,0,0,456129589664.0,0.07947769579563743,0,0,2026-03-31,2050,True,passed,2050,0.0,0.0,4.0,2025.0,01316227,-1.0349961554646165,-1.0349961554646165,0.0,-1.0349961554646165,253.0,253.0,-0.29244258127323053,-0.5744170932338116,229.0,1.0,-0.5744170932338116,-0.04354574192106064,-0.47826040618927,230.0,1.0,-0.1195651015473175,1.0759330319200164,0.9743256019528215,61.0,1.0,-0.3410139606834875,0.0,0.0,78.0,1.0,0.0,0.0,0.0,111.0,1.0,0.0,0
023590,2025,4,202504,다우기술,00176914,CFS,CFS,82950227249756.0,7494224568073.0,75456002681683.0,10.068553723775734,2.3978952727983707,17495003836308.0,0.5048432073654467,0.325174898674756,1,1,1,,1559283728269.0,0.32740929400836283,-0.508375401901449,1,1,1,,1156018987903.0,0.3556162836414405,-0.38465981321137854,1,1,1,,-6533814135627.0,0.33131446224481076,-1.0630124285441935,1,1,1,,131473704299.0,0.944539015757702,1.2981521219840748,1,1,1,,0.28154444972689996,-0.41103317885823126,82950227249756.0,-0.07876788710842525,0.0015849709959581423,0.08912737275501269,0.018797823465560026,40,20161,20254,3465605560170.0,5686558781482.0,0.6408557415873533,426800645478.0,358509027582.0,-0.1600082348036659,0,0,-6533814135627.0,-0.07876788710842525,0,0,2026-03-31,631,True,passed,631,0.0,0.0,4.0,2025.0,00176914,-1.045875457037026,-1.045875457037026,0.0,-1.045875457037026,254.0,254.0,-0.41103317885823126,-0.7958754570370259,252.0,1.0,-0.7958754570370259,0.325174898674756,2.5,1.0,1.0,0.625,2.3978952727983707,2.5,1.0,1.0,-0.875,0.0,0.0,78.0,1.0,0.0,0.0,0.0,111.0,1.0,0.0,0
017670,2025,4,202504,SK텔레콤,00159023,CFS,CFS,30107783000000.0,12955292000000.0,17152491000000.0,1.3239756386810888,0.8432793564394945,17099213000000.0,-0.046898965358422307,-0.06575904955293488,1,1,1,,1073215000000.0,-0.41142387692503435,-0.45146770525305546,1,1,1,,375084000000.0,-0.7295902587782379,-0.940036382779819,1,1,1,,3923847000000.0,-0.22869526672871676,-0.2570102445798468,1,1,1,,2323252000000.0,-0.09220167426274295,0.077057470662521,1,1,1,,-0.0636872678801792,-0.37257525501219524,30107783000000.0,0.13032666669611642,0.07716449929242548,0.06276399972326212,0.035645766411960655,40,20161,20254,3978064000000.0,4328672000000.0,0.08813533417260255,48438000000.0,119133000000.0,1.4594946116685248,0,0,3923847000000.0,0.13032666669611642,0,0,2026-03-31,61220,True,passed,61220,0.0,0.0,4.0,2025.0,00159023,-1.0576339154024392,-1.0576339154024392,0.0,-1.0576339154024392,255.0,255.0,-0.37257525501219524,-0.7240583900549049,244.0,1.0,-0.7240583900549049,-0.06575904955293488,-0.6674722897459772,244.0,1.0,-0.1668680724364943,0.8432793564394945,0.47630700831725753,109.0,1.0,-0.16670745291104014,0.0,0.0,78.0,1.0,0.0,0.0,0.0,111.0,1.0,0.0,0
000240,2025,4,202504,한국앤컴퍼니,00160047,CFS,CFS,5259624597652.0,4781079225610.0,478545372042.0,0.10009149596991758,0.09539335449968452,1457551700261.0,0.04784772126864367,-0.22868389354725904,1,1,1,,411626236474.0,-0.01587991038417813,-0.6461522477090945,1,1,1,,347229288109.0,-0.009933368474210669,-0.883057098667847,1,1,1,,235742608281.0,0.7688374150174975,-1.4176850722363483,1,1,1,,29139214171.0,0.24364924774073327,0.5429882314322163,1,1,1,,-0.20594359127390024,-0.49844059354795783,5259624597652.0,0.04482118522037488,0.005540169955096856,0.28240935563403424,0.07826152396080854,40,20161,20254,384716322238.0,340397012524.0,-0.11519997242691046,137074794956.0,73791233913.0,-0.46167175419312906,0,0,235742608281.0,0.04482118522037488,0,0,2026-03-31,64992,True,passed,64992,0.0,0.0,4.0,2025.0,00160047,-1.0792999377468178,-1.0792999377468178,0.0,-1.0792999377468178,256.0,256.0,-0.49844059354795783,-0.9591017450872361,262.0,1.0,-0.9591017450872361,-0.22868389354725904,-2.0552582566640294,288.0,1.0,-0.5138145641660073,0.09539335449968452,-1.1246182043040736,312.0,1.0,0.3936163715064257,0.0,0.0,78.0,1.0,0.0,0.0,0.0,111.0,1.0,0.0,0
259960,2025,4,202504,크래프톤,00760971,CFS,CFS,9433648042482.0,7184144206229.0,2249503836253.0,0.31312064063282186,0.27240647276988217,3326553694966.0,0.22761291684000007,-0.1906891297078266,1,1,1,,1054380980188.0,-0.10833660740235895,-0.6479426807627603,1,1,1,,733703643561.0,-0.4367359270220328,-1.6294302077919338,1,1,1,,1045103395353.0,0.15108516037827302,-0.21969158957258883,1,1,1,,102013669470.0,2.822888332823449,3.0724778171337856,1,1,1,,-0.17453224010420795,-0.4995276497918457,9433648042482.0,0.1107846498668009,0.010813809144734652,0.31695895418239345,0.11176810661579352,19,20212,20254,870623522832.0,919697549143.0,0.05636652930232115,348608416956.0,2433106486.0,-0.9930205170969607,0,0,1045103395353.0,0.1107846498668009,0,1,2026-03-31,5821,True,passed,5821,0.0,0.0,4.0,2025.0,00760971,-1.0830405703362305,-1.0830405703362305,0.0,-1.0830405703362305,257.0,257.0,-0.4995276497918457,-0.961131734833775,263.0,1.0,-0.961131734833775,-0.1906891297078266,-1.7316206899184279,283.0,1.0,-0.43290517247960697,0.27240647276988217,-0.745703819934719,258.0,1.0,0.26099633697715163,0.0,0.0,78.0,1.0,0.0,1.0,1.0,1.0,1.0,0.05,0
005290,2025,4,202504,동진쎄미켐,00118804,CFS,CFS,2006130721478.0,1101580532373.0,904550189105.0,0.8211385028350476,0.5994618565214973,1194144534567.0,-0.15197282000290202,-0.2269540442013851,1,1,1,,172448889381.0,-0.17181757671070708,-0.3537476918328686,1,1,1,,94092225845.0,-0.34423448758374975,-0.5057296300231799,1,1,1,,191257331406.0,-0.15694388566601103,-1.1350641953690295,1,1,1,,81408556202.0,-0.5360468546870801,-0.1539713255784394,1,1,1,,-0.20453471123876152,-0.30287681431433816,2006130721478.0,0.09533642516829251,0.04057988611132127,0.14441207440900813,0.08596094338954628,40,20161,20254,139968853417.0,309226800164.0,1.209254363488575,18535781078.0,41614480527.0,1.2450891252914051,0,0,191257331406.0,0.09533642516829251,0,0,2026-03-31,20129,True,passed,20129,0.0,0.0,4.0,2025.0,00118804,-1.0880699455674585,-1.0880699455674585,0.0,-1.0880699455674585,258.0,258.0,-0.30287681431433816,-0.5939021807861269,230.0,1.0,-0.5939021807861269,-0.2269540442013851,-2.040523483327865,287.0,1.0,-0.5101308708319663,0.5994618565214973,-0.04560887443038498,169.0,1.0,0.01596310605063474,0.0,0.0,78.0,1.0,0.0,0.0,0.0,111.0,1.0,0.0,0
003230,2025,4,202504,삼양식품,00126955,CFS,CFS,2196495586892.0,1271540001153.0,924955585739.0,0.7274294044231986,0.5466344100783211,2351785163786.0,0.3609749676292091,-0.08759058114221752,1,1,1,,524188406060.0,0.5212865266262812,-0.8145523659390426,1,1,1,,388673674725.0,0.43286841239456475,-0.7099003286347969,1,1,1,,309287213625.0,-0.13583913350417398,-1.2649606812750942,1,1,1,,461372365691.0,0.9765604733174813,-2.750091616279115,1,1,1,,-0.08396477351637037,-0.5958388069619355,2196495586892.0,0.14080939450583446,0.21004930237252753,0.2228895794274593,0.23864760265770293,40,20161,20254,632015696590.0,637678651087.0,0.008960148501934535,130899734461.0,139212262420.0,0.06350301620723775,0,0,309287213625.0,0.14080939450583446,1,1,2026-03-31,108,True,passed,108,0.0,0.0,4.0,2025.0,00126955,-1.098801130757365,-1.098801130757365,0.0,-1.098801130757365,259.0,259.0,-0.5958388069619355,-1.140985042914077,269.0,1.0,-1.140985042914077,-0.08759058114221752,-0.853432223376419,253.0,1.0,-0.21335805584410475,0.5466344100783211,-0.15869133714519085,186.0,1.0,0.055541968000816795,1.0,1.0,1.0,1.0,0.15,1.0,1.0,1.0,1.0,0.05,0
097950,2025,4,202504,CJ제일제당,00635134,CFS,CFS,29744790534000.0,11551202624000.0,18193587910000.0,1.5750384182681618,0.9458644537201927,27342589100000.0,-0.06868378020665056,-0.08024714187092374,1,1,1,,1233604641000.0,-0.20567248509253566,-0.40808715284320274,1,1,1,,-416955408000.0,-2.152333987742028,-1.7990901443914682,1,1,1,,2481608395000.0,0.10036783905155677,0.17788315395793497,1,1,1,,1751681571000.0,0.5388371112870025,0.6383783415138705,1,1,1,,-0.0771898500230485,-0.3422321541463666,29744790534000.0,0.08343001750721288,0.058890364986693304,0.04511659947374918,0.04147296447053205,40,20161,20254,7439500106000.0,5457442166000.0,-0.26642353810862357,346503142000.0,204832544000.0,-0.4088580472381402,0,0,2481608395000.0,0.08343001750721288,0,0,2026-03-31,108,True,passed,108,0.0,0.0,4.0,2025.0,00635134,-1.1086806446846795,-1.1086806446846795,0.0,-1.1086806446846795,260.0,260.0,-0.3422321541463666,-0.6673950996482106,239.0,1.0,-0.6673950996482106,-0.08024714187092374,-0.7908811616735675,248.0,1.0,-0.19772029041839187,0.9458644537201927,0.6959007274802204,84.0,1.0,-0.2435652546180771,0.0,0.0,78.0,1.0,0.0,0.0,0.0,111.0,1.0,0.0,0
073240,2025,4,202504,금호타이어,00481454,CFS,CFS,5539548526344.0,2238707317451.0,3300841208893.0,1.474440711013242,0.9060143951361925,4701282075494.0,0.03731189603574436,-0.08412233218588794,1,1,1,,575859298284.0,-0.021631996032979273,-0.453692038349199,1,1,1,,376772981397.0,0.07154077655836466,-0.9745522731223264,1,1,1,,915296220859.0,0.7604687576647089,0.7312601050484562,1,1,1,,313341700481.0,0.26148931082060667,-0.026544871225660183,1,1,1,,-0.08077074922008956,-0.37410655361681805,5539548526344.0,0.1652293894540678,0.05656448336734758,0.12248984192753208,0.10395419329669751,40,20161,20254,1113745691721.0,1160070248773.0,0.04159347811295919,108507089060.0,145626507373.0,0.3420921032401346,0,0,915296220859.0,0.1652293894540678,0,0,2026-03-31,221,True,passed,221,0.0,0.0,4.0,2025.0,00481454,-1.146599612103533,-1.146599612103533,0.0,-1.146599612103533,261.0,261.0,-0.37410655361681805,-0.7269179665338146,245.0,1.0,-0.7269179665338146,-0.08412233218588794,-0.8238898459625725,251.0,1.0,-0.20597246149064313,0.9060143951361925,0.610597668797358,95.0,1.0,-0.2137091840790753,0.0,0.0,78.0,1.0,0.0,0.0,0.0,111.0,1.0,0.0,0
001680,2025,4,202504,대상,00121941,CFS,CFS,3479148559839.0,1096948855862.0,2382199703977.0,2.1716597736045125,1.1542550387527373,4401305371276.0,0.0343515827434282,-0.0015926732389024423,1,1,1,,169282317428.0,-0.043284607636098205,-0.47349751324050104,1,1,1,,-303088987280.0,-4.134684226127319,-4.544884636954221,1,1,1,,188141306085.0,0.002115613157755103,0.5012507635204907,1,1,1,,140901270969.0,-0.06865477989036639,0.126966025173332,1,1,1,,-0.0015914062799355201,-0.3876388355392857,3479148559839.0,0.05407682450148273,0.04049877967140337,0.03846184328239935,0.04865624865292721,40,20161,20254,1145422319482.0,1049426463067.0,-0.08380826423778147,50894741698.0,20308991134.0,-0.6009609154810176,0,0,188141306085.0,0.05407682450148273,0,0,2026-03-31,108,True,passed,108,0.0,0.0,4.0,2025.0,00121941,-1.1821085650175334,-1.1821085650175334,0.0,-1.1821085650175334,262.0,262.0,-0.3876388355392857,-0.7521884101786026,247.0,1.0,-0.7521884101786026,-0.0015926732389024423,-0.12090618961394733,198.0,1.0,-0.030226547403486834,1.1542550387527373,1.1419817355298398,52.0,1.0,-0.3996936074354439,0.0,0.0,78.0,1.0,0.0,0.0,0.0,111.0,1.0,0.0,0
002380,2025,4,202504,케이씨씨,00105271,CFS,CFS,16803559405446.0,7824485732406.0,8979073673040.0,1.1475608723845123,0.7643327201716371,6483819486096.0,-0.026272589521413536,-0.0851615429317889,1,1,1,,427615116299.0,-0.09234012958129167,-0.5997727849256299,1,1,1,,1538496275573.0,4.245567885441101,2.07490638103955,1,1,1,,789477482258.0,0.3228481535046217,0.5657420020726001,1,1,1,,330719650180.0,0.24799574697911209,0.5682406600077025,1,1,1,,-0.08172886340451617,-0.46986160973996166,16803559405446.0,0.046982753070884016,0.01968152355106469,0.065951113724863,0.02544788910380564,40,20161,20254,1622832530729.0,1556417731700.0,-0.04092523274669969,117263553936.0,66527028084.0,-0.43267088663960274,0,0,789477482258.0,0.046982753070884016,0,0,2026-03-31,20411,True,passed,20411,0.0,0.0,4.0,2025.0,00105271,-1.2214780764806152,-1.2214780764806152,0.0,-1.2214780764806152,263.0,263.0,-0.46986160973996166,-0.905732800818775,259.0,1.0,-0.905732800818775,-0.0851615429317889,-0.832741792998238,252.0,1.0,-0.2081854482495595,0.7643327201716371,0.3073137926065159,131.0,1.0,-0.10755982741228057,0.0,0.0,78.0,1.0,0.0,0.0,0.0,111.0,1.0,0.0,0
114810,2025,4,202504,한솔아이원스,00625942,CFS,CFS,254358289046.0,210271082405.0,44087206641.0,0.2096684248577952,0.1903462930126865,198830230410.0,0.2653251543161508,-0.0026018891000458844,1,1,1,,33316939791.0,0.44443771217705774,-1.362700101757104,1,1,1,,28435065679.0,-0.08488329755154622,-13.660988195706382,1,1,1,,23635086619.0,-0.3641887258436439,-1.2387549292717144,1,1,1,,20228584229.0,1.4858209099034156,2.182682301367933,1,1,1,,-0.002598510046613838,-0.8598050759554359,254358289046.0,0.09292044976260105,0.07952791436390624,0.1675647597565946,0.13098428958599703,40,20161,20254,51223987501.0,51733687022.0,0.00995040694537983,9380140718.0,2944319144.0,-0.6861114099972929,0,0,23635086619.0,0.09292044976260105,0,1,2026-03-31,2927,True,passed,2927,0.0,0.0,4.0,2025.0,00625942,-1.2938197321529061,-1.2938197321529061,0.0,-1.2938197321529061,264.0,264.0,-0.8598050759554359,-1.6339207327662162,285.0,1.0,-1.6339207327662162,-0.0026018891000458844,-0.12950264166723136,199.0,1.0,-0.03237566041680784,0.1903462930126865,-0.9213618886574789,294.0,1.0,0.32247666103011763,0.0,0.0,78.0,1.0,0.0,1.0,1.0,1.0,1.0,0.05,0
347700,2025,4,202504,스피어,01336762,CFS,CFS,95356892120.0,63634142976.0,31722749144.0,0.4985177400120628,0.40447644621772794,95638566409.0,36.39150904356895,36.622337027702955,1,1,1,,9052274666.0,-2.4204402405010166,-2.0848512739525518,1,1,1,,170261025.0,,,1,0,0,missing_ttm_yoy,-14666603366.0,1.5346604065554232,1.9714703554081436,1,1,1,,,,,0,0,0,missing_ttm_yoy,3.627597943891906,-1.1265034467795354,95356892120.0,-0.15380748092694865,,0.09465088202271654,0.09493047083170814,21,20204,20254,21096473744.0,33828235731.0,0.603501899961884,-989553534.0,3639194434.0,4.677612487815137,0,0,-14666603366.0,-0.15380748092694865,0,1,2026-03-31,58222,True,passed,58222,0.0,0.0,4.0,2025.0,01336762,-1.2949102369780412,-1.2949102369780412,0.0,-1.2949102369780412,265.0,265.0,-1.1265034467795354,-2.1319584021468296,298.0,1.0,-2.1319584021468296,36.622337027702955,2.5,1.0,1.0,0.625,0.40447644621772794,-0.46299475762511005,215.0,1.0,0.1620481651687885,0.0,0.0,78.0,1.0,0.0,1.0,1.0,1.0,1.0,0.05,0
067310,2025,4,202504,하나마이크론,00445054,CFS,CFS,2017838854218.0,652675603467.0,1365163250751.0,2.0916413046531535,1.1287021164450526,1534418874072.0,0.22685534715090028,-0.06522049949519948,1,1,1,,127689329155.0,0.19567269345517824,-0.6486149510231787,1,1,1,,65578519945.0,-6.877638711705967,5.707189582078933,1,1,1,,174918894576.0,3.2693311603319657,3.7763878495897774,1,1,1,,150629250001.0,-0.014538705147278175,0.5236533670207687,1,1,1,,-0.06318181951072714,-0.4999355117768786,2017838854218.0,0.08668625555026724,0.0746488004659695,0.08321673521659796,0.06328024107974924,40,20161,20254,432396038428.0,450071428566.0,0.04087778001449752,38389842914.0,47345157282.0,0.2332730141162984,0,0,174918894576.0,0.08668625555026724,1,1,2026-03-31,2611,True,passed,2611,0.0,0.0,4.0,2025.0,00445054,-1.3081637180206975,-1.3081637180206975,0.0,-1.3081637180206975,266.0,266.0,-0.4999355117768786,-0.9618933841525432,264.0,1.0,-0.9618933841525432,-0.06522049949519948,-0.6628849463164255,242.0,1.0,-0.16572123657910637,1.1287021164450526,1.0872831351115655,55.0,1.0,-0.3805490972890479,1.0,1.0,1.0,1.0,0.15,1.0,1.0,1.0,1.0,0.05,0
052690,2025,4,202504,한전기술,00159209,CFS,CFS,885545457188.0,624966182864.0,260579274324.0,0.41694939897364836,0.3485062501017306,518767621092.0,-0.06251837999248033,-0.07769234853415352,1,1,1,,35452646024.0,-0.35312542746824716,-1.2719439529686134,1,1,1,,85367742275.0,0.4589751665058215,-0.332882670864763,1,1,1,,29316127878.0,-0.40110451861685603,-0.6003667800701047,1,1,1,,7696806750.0,0.0789266159609534,0.0931996037422852,1,1,1,,-0.07482204078487965,-0.8206358319668721,885545457188.0,0.03310516432560303,0.008691599835474035,0.06834012876395905,0.040034812144571205,40,20161,20254,114579361149.0,205501995834.0,0.7935341388992684,12255160674.0,26435352332.0,1.1570792121954028,0,0,29316127878.0,0.03310516432560303,1,1,2026-03-31,72129,True,passed,72129,0.0,0.0,4.0,2025.0,00159209,-1.3490736144170175,-1.3490736144170175,0.0,-1.3490736144170175,267.0,267.0,-0.8206358319668721,-1.5607753328630003,281.0,1.0,-1.5607753328630003,-0.07769234853415352,-0.769119555191569,247.0,1.0,-0.19227988879789226,0.3485062501017306,-0.5828045921253578,231.0,1.0,0.20398160724387523,1.0,1.0,1.0,1.0,0.15,1.0,1.0,1.0,1.0,0.05,0
192820,2025,4,202504,코스맥스,01009789,CFS,CFS,2125418400005.0,612343808452.0,1513074591553.0,2.4709559738638327,1.2444300528072254,2398757972848.0,0.10741399255109063,-0.11120564296410373,1,1,1,,195791661624.0,0.11628809294684461,-0.3998470735647479,1,1,1,,131076173228.0,0.4824701465266257,-0.8566158667488373,1,1,1,,86704661578.0,0.18828550688639778,0.8724429583488753,1,1,1,,192727928226.0,0.14361824529461575,-0.7271337906376403,1,1,1,,-0.10544559070653507,-0.33636299748679876,2125418400005.0,0.040794161553224545,0.09067764174129038,0.08162209936984191,0.09211911481689412,40,20161,20254,585616672949.0,601006544714.0,0.02627977049816727,42726679740.0,40905721820.0,-0.042618755566331774,0,0,86704661578.0,0.040794161553224545,0,0,2026-03-31,20423,True,passed,20423,0.0,0.0,4.0,2025.0,01009789,-1.3873346171086012,-1.3873346171086012,0.0,-1.3873346171086012,268.0,268.0,-0.33636299748679876,-0.656434923570162,237.0,1.0,-0.656434923570162,-0.11120564296410373,-1.0545841815483579,265.0,1.0,-0.26364604538708947,1.2444300528072254,1.3350104232895705,45.0,1.0,-0.4672536481513497,0.0,0.0,78.0,1.0,0.0,0.0,0.0,111.0,1.0,0.0,0
003090,2025,4,202504,대웅,00111810,CFS,CFS,3232157201634.0,1767325630187.0,1464831571447.0,0.8288407899635376,0.6036823180329554,2068370455244.0,0.0678674474170704,-62.2301325637515,1,1,1,,261793894978.0,-0.07136662564200058,-0.512593748455339,1,1,1,,227906759004.0,2.3096784143209383,2.949977908136403,1,1,1,,257576922910.0,0.5862158915120739,0.7966175434616083,1,1,1,,347952497153.0,0.03463034566080303,-0.43423315151573827,1,1,1,,-4.146780968600848,-0.4138258914518377,3232157201634.0,0.07969195396182567,0.1076533335003305,0.1265701191555247,0.08099664671187759,40,20161,20254,542175246375.0,516332067296.0,-0.0476657303183579,80540470641.0,34780030802.0,-0.568167028014673,0,0,257576922910.0,0.07969195396182567,0,0,2026-03-31,212,True,passed,212,0.0,0.0,4.0,2025.0,00111810,-1.4132895290518204,-1.4132895290518204,0.0,-1.4132895290518204,269.0,269.0,-0.4138258914518377,-0.8010906222705886,253.0,1.0,-0.8010906222705886,-62.2301325637515,-2.5,296.0,1.0,-0.625,0.6036823180329554,-0.036574552053624,166.0,1.0,0.012801093218768399,0.0,0.0,78.0,1.0,0.0,0.0,0.0,111.0,1.0,0.0,0
001120,2025,4,202504,LX인터내셔널,00120076,CFS,CFS,9328302981413.0,3535707599884.0,5792595381529.0,1.6383129028314005,0.9701396609196843,16706309561513.0,0.004131424556136132,-0.14215296538832622,1,1,1,,292193349331.0,-0.4026940190073708,-0.5321665129059258,1,1,1,,158262048335.0,-0.41273873705024944,-0.8064778279845445,1,1,1,,,,,0,0,0,missing_ttm_yoy,615866852572.0,3.5585426228802826,3.792220651054543,1,1,1,,-0.13291504743763036,-0.42668275529845634,9328302981413.0,,0.06602131746783292,0.01748999970670588,0.0313233124945884,40,20161,20254,4507745768995.0,4320062614398.0,-0.04163570090574205,64790829323.0,55487923081.0,-0.14358368829672588,1,0,0.0,,0,0,2026-03-31,4610,True,passed,4610,0.0,1.0,4.0,2025.0,00120076,-1.416400260286414,-1.416400260286414,0.0,-1.416400260286414,270.0,270.0,-0.42668275529845634,-0.8250997772044109,255.0,1.0,-0.8250997772044109,-0.14215296538832622,-1.3181919820598655,270.0,1.0,-0.3295479955149664,0.9701396609196843,0.7478642501915342,77.0,1.0,-0.26175248756703695,0.0,0.0,78.0,1.0,0.0,0.0,0.0,111.0,1.0,0.0,0
010140,2025,4,202504,삼성중공업,00126478,CFS,CFS,14948871093928.0,4095039935055.0,10853831158873.0,2.6504823716028603,1.2948593154660089,10650010702818.0,0.07542430640537945,-0.1610030084142855,1,1,1,,862210880029.0,0.7151643897942448,-0.43915296347728305,1,1,1,,535753735212.0,8.943973502216192,10.2903252894593,1,1,1,,1562848761939.0,1.3877786849724174,3.655082304423679,1,1,1,,216254721699.0,0.24703713762752733,0.11700788662393213,1,1,1,,-0.14928429393917197,-0.3640547207113242,14948871093928.0,0.10454627323489364,0.01446629115604852,0.08095868671764418,0.057677323900345676,40,20161,20254,2634818809913.0,2837928632555.0,0.07708682732863387,238082461600.0,296235207783.0,0.2442546409852812,0,0,1562848761939.0,0.10454627323489364,1,0,2026-03-31,3111,True,passed,3111,0.0,0.0,4.0,2025.0,00126478,-1.4328716816504845,-1.4328716816504845,0.0,-1.4328716816504845,271.0,271.0,-0.3640547207113242,-0.7081469803527354,243.0,1.0,-0.7081469803527354,-0.1610030084142855,-1.478755739838508,275.0,1.0,-0.369688934959627,1.2948593154660089,1.442959332394634,42.0,1.0,-0.5050357663381219,1.0,1.0,1.0,1.0,0.15,0.0,0.0,111.0,1.0,0.0,0
222800,2025,4,202504,심텍,01095722,CFS,CFS,1620329743829.0,576366152429.0,1043963591400.0,1.811285390372748,1.033641813050833,1410559919451.0,0.14547298035814826,-0.03643164939468413,1,1,1,,11868602919.0,-1.2526889463311306,-0.7856783379855409,1,1,1,,-164580357473.0,4.301398766616627,5.0317821218582806,1,1,1,,-198611950618.0,0.23164323239008522,-0.4948713729405685,1,1,1,,56393883078.0,-0.4556695109869545,-0.19330225699737325,1,1,1,,-0.03578370705765328,-0.5797983643222192,1620329743829.0,-0.12257501991456396,0.03480395474610968,0.008414107586169998,0.007324807166073069,40,20161,20254,372838724895.0,393356345738.0,0.05503082022603268,12388778971.0,10259774286.0,-0.1718494364927838,0,0,-198611950618.0,-0.12257501991456396,0,1,2026-03-31,2622,True,passed,2622,0.0,0.0,4.0,2025.0,01095722,-1.4747754868838412,-1.4747754868838412,0.0,-1.4747754868838412,272.0,272.0,-0.5797983643222192,-1.1110308116848708,268.0,1.0,-1.1110308116848708,-0.03643164939468413,-0.4176629090033536,224.0,1.0,-0.1044157272508384,1.033641813050833,0.88379699413752,67.0,1.0,-0.309328947948132,0.0,0.0,78.0,1.0,0.0,1.0,1.0,1.0,1.0,0.05,0
222080,2025,4,202504,씨아이에스,01090471,CFS,CFS,660203408842.0,507689682230.0,152513726612.0,0.30040737866109773,0.26267758357877596,407181174584.0,-0.1993145788937819,-0.8389037669567515,1,1,1,,33510401320.0,-0.4353345085828835,-0.9592533719356466,1,1,1,,28731605551.0,-0.48855762449778517,-1.4511872318367387,1,1,1,,101397690254.0,2.444573812252246,3.855745605198912,1,1,1,,5243817069.0,-0.8571616995603629,-2.7965934799803946,1,1,1,,-0.6091696152463133,-0.6725634679832447,660203408842.0,0.15358552969584335,0.007942729466056045,0.08229850349598351,0.050757692055509694,37,20164,20254,87653287405.0,82093061056.0,-0.06343431619751011,7548648551.0,7587644374.0,0.005165934370442252,0,0,101397690254.0,0.15358552969584335,1,0,2026-03-31,292,True,passed,292,0.0,0.0,4.0,2025.0,01090471,-1.4909768311735225,-1.4909768311735225,0.0,-1.4909768311735225,273.0,273.0,-0.6725634679832447,-1.2842621512105992,270.0,1.0,-1.2842621512105992,-0.8389037669567515,-2.5,296.0,1.0,-0.625,0.26267758357877596,-0.7665294858202193,264.0,1.0,0.2682853200370767,1.0,1.0,1.0,1.0,0.15,0.0,0.0,111.0,1.0,0.0,0
077970,2025,4,202504,STX엔진,00480455,CFS,CFS,1157535042858.0,342971092433.0,814563950425.0,2.3750221764947335,1.2164018951161597,789341914687.0,0.08933374361830881,-0.06015268733650081,1,1,1,,69592939476.0,0.6476835777774848,-0.590859725275303,1,1,1,,68948215486.0,1.533390456438274,-2.253907199146598,1,1,1,,72871045623.0,0.9849273413537345,4.750024729769793,1,1,1,,18965709080.0,0.03357968350171192,-0.11765548940750437,1,1,1,,-0.05841294240761654,-0.46427457782271037,1157535042858.0,0.06295364107774958,0.01638456580387658,0.08816577224788055,0.06012166966813572,40,20161,20254,192065775355.0,244481525213.0,0.27290520531895207,15425964012.0,5367569778.0,-0.6520431543970595,0,0,72871045623.0,0.06295364107774958,0,0,2026-03-31,29111,True,passed,29111,0.0,0.0,4.0,2025.0,00480455,-1.4964835279743727,-1.4964835279743727,0.0,-1.4964835279743727,274.0,274.0,-0.46427457782271037,-0.89529946991306,258.0,1.0,-0.89529946991306,-0.06015268733650081,-0.6197175666559993,240.0,1.0,-0.15492939166399983,1.2164018951161597,1.2750133325637507,47.0,1.0,-0.4462546663973127,0.0,0.0,78.0,1.0,0.0,0.0,0.0,111.0,1.0,0.0,0
329180,2025,4,202504,HD현대중공업,01390344,CFS,CFS,26163044535000.0,9341620098000.0,16821424437000.0,1.8006966950627112,1.0298682058959332,17580633257000.0,0.2135912494802117,0.002746786308373217,1,1,1,,2037510103000.0,1.8891693939806027,-1.0585669538181666,1,1,1,,1415484565000.0,1.2774949493122727,,1,1,0,missing_prev_yoy,3510392442000.0,0.21724522022412285,-15.863605638094816,1,1,1,,541489838000.0,0.09039743164801517,,1,1,0,missing_prev_yoy,0.0027430207846778644,-0.722010087236001,26163044535000.0,0.13417369822170047,0.02069674411460845,0.11589514855437497,0.07787740835262084,21,20204,20254,4417898203000.0,5193094476000.0,0.1754672102842022,557285392000.0,575034555000.0,0.03184932398156239,0,0,3510392442000.0,0.13417369822170047,1,1,2026-03-31,31113,True,passed,31113,0.0,0.0,4.0,2025.0,01390344,-1.5040871629917871,-1.5040871629917871,0.0,-1.5040871629917871,275.0,275.0,-0.722010087236001,-1.376599719435324,272.0,1.0,-1.376599719435324,0.002746786308373217,-0.08394288238544681,194.0,1.0,-0.020985720596361702,1.0298682058959332,0.8757192084574326,68.0,1.0,-0.30650172296010136,1.0,1.0,1.0,1.0,0.15,1.0,1.0,1.0,1.0,0.05,0
005880,2025,4,202504,대한해운,00113535,CFS,CFS,4109190044284.0,2414654404485.0,1694535639799.0,0.7017714985016302,0.5316697664388189,1276968118509.0,-0.26912894049602576,-0.5194723410677664,1,1,1,,207164410184.0,-0.3696218305721457,-0.6843870579292133,1,1,1,,173260065058.0,0.05118542516533697,-2.5045489186575827,1,1,1,,442588577067.0,-0.21972904351220313,-0.5725036177083659,1,1,1,,149021430241.0,2.0544108634854283,2.9419734085706,1,1,1,,-0.4183631305553822,-0.5214017337859805,4109190044284.0,0.10770701094310624,0.03626540233842264,0.16223146622163687,0.05041490122175575,40,20161,20254,317993029421.0,296242000919.0,-0.06840096005124438,59308757574.0,50912208180.0,-0.1415735169215703,0,0,442588577067.0,0.10770701094310624,0,0,2026-03-31,50112,True,passed,50112,0.0,0.0,4.0,2025.0,00113535,-1.5602261884553563,-1.5602261884553563,0.0,-1.5602261884553563,276.0,276.0,-0.5214017337859805,-1.0019798201768229,266.0,1.0,-1.0019798201768229,-0.5194723410677664,-2.5,296.0,1.0,-0.625,0.5316697664388189,-0.19072466206133312,189.0,1.0,0.06675363172146659,0.0,0.0,78.0,1.0,0.0,0.0,0.0,111.0,1.0,0.0,0
006650,2025,4,202504,대한유화,00260383,CFS,CFS,2700325545731.0,2081469764215.0,618855781516.0,0.29731672885932775,0.26029807664722177,3347821791902.0,0.1956068029736755,0.07555347484376318,1,1,1,,52668902480.0,-1.8793887802223674,-1.8404181298365532,1,1,1,,55896051028.0,-7.554016135675875,-6.847690629662152,1,1,1,,202790622580.0,0.5234732157036253,-0.03260431418221432,1,1,1,,78323239658.0,0.33067141844889214,0.8186940534887945,1,1,1,,0.07283538940430707,-1.043951270151704,2700325545731.0,0.0750985831692019,0.02900511006231186,0.015732289755506126,0.01950464919434079,40,20161,20254,909918544910.0,849497496912.0,-0.0664026998196594,42849309628.0,24290145348.0,-0.43312633134869605,0,0,202790622580.0,0.0750985831692019,0,0,2026-03-31,20111,True,passed,20111,0.0,0.0,4.0,2025.0,00260383,-1.5736755629844876,-1.5736755629844876,0.0,-1.5736755629844876,277.0,277.0,-1.043951270151704,-1.9777988790759573,294.0,1.0,-1.9777988790759573,0.07555347484376318,0.5362209807188664,90.0,1.0,0.1340552451797166,0.26029807664722177,-0.7716230597478657,266.0,1.0,0.270068070911753,0.0,0.0,78.0,1.0,0.0,0.0,0.0,111.0,1.0,0.0,0
122870,2025,4,202504,와이지엔터테인먼트,00613318,CFS,CFS,838779404539.0,650845160180.0,187934244359.0,0.2887541551465548,0.2536759805118698,545404261988.0,0.49446713282095844,0.8533003381789741,1,1,1,,71341515441.0,-4.470240906117472,-3.233756434195789,1,1,1,,53744637813.0,1.6832582082223797,2.423080104362811,1,1,1,,90908918011.0,1861.691661666339,1862.6911402237336,1,1,1,,7606877514.0,-0.6761155910099887,,1,1,0,missing_prev_yoy,0.6169680162950623,-1.443089644887878,838779404539.0,0.10838239174573472,0.009068984613637244,0.1308048367296581,0.08505396657922219,40,20161,20254,173070883008.0,171766621230.0,-0.007535997709907749,31120582900.0,22336654521.0,-0.2822546225186547,0,0,90908918011.0,0.10838239174573472,0,0,2026-03-31,59201,True,passed,59201,0.0,0.0,4.0,2025.0,00613318,-1.5999705870888026,-1.5999705870888026,0.0,-1.5999705870888026,278.0,278.0,-1.443089644887878,-2.5,305.0,1.0,-2.5,0.8533003381789741,2.5,1.0,1.0,0.625,0.2536759805118698,-0.7857983226034211,268.0,1.0,0.27502941291119737,0.0,0.0,78.0,1.0,0.0,0.0,0.0,111.0,1.0,0.0,0
272290,2025,4,202504,이녹스첨단소재,01237540,CFS,CFS,1087951647205.0,522325372644.0,565626274561.0,1.0829002460627402,0.7337612715798807,439633940622.0,0.03979252985123849,-0.05273055918350744,1,1,1,,81921389355.0,-0.05625345987517527,-1.1150839669269836,1,1,1,,55945968405.0,-0.20141884461055948,-1.3389984702286188,1,1,1,,68300855094.0,-0.35983140845393524,-0.5699674694553948,1,1,1,,234855909623.0,0.16645288996752994,-0.26087649561318793,1,1,1,,-0.05138732119122415,-0.7490945123848871,1087951647205.0,0.06277931125842603,0.2158698047163733,0.18634000195502767,0.07529874104741693,35,20172,20254,112714692444.0,102382911763.0,-0.09166312267704704,20627424672.0,12680127452.0,-0.38527820832562726,0,0,68300855094.0,0.06277931125842603,0,0,2026-03-31,2629,True,passed,2629,0.0,0.0,4.0,2025.0,01237540,-1.650957141481686,-1.650957141481686,0.0,-1.650957141481686,279.0,279.0,-0.7490945123848871,-1.4271776961060614,274.0,1.0,-1.4271776961060614,-0.05273055918350744,-0.5564962368522376,234.0,1.0,-0.1391240592130594,0.7337612715798807,0.24187253189304336,138.0,1.0,-0.08465538616256517,0.0,0.0,78.0,1.0,0.0,0.0,0.0,111.0,1.0,0.0,0
005090,2025,4,202504,SGC에너지,00125150,CFS,CFS,3334276750783.0,759237085895.0,2575039664888.0,3.391614704717045,1.4796969737463304,2460687771156.0,0.044881117136858606,0.26612687078227204,1,1,1,,95820325177.0,-0.4946495571964966,-1.2696577689570487,1,1,1,,-94809582864.0,-3.641311933562759,-4.731912807474281,1,1,1,,-32741369149.0,-1.348058723699669,2.4761874332024303,1,1,1,,39628216264.0,-0.13215014150921423,0.5153409853375378,1,1,1,,0.2359625325889588,-0.8196290575535047,3334276750783.0,-0.009819631541176427,0.011885101095670588,0.03894046465390642,0.028737963984092854,40,20161,20254,598943208952.0,624806646269.0,0.043181785736004105,25430685370.0,18827872825.0,-0.25963958300507256,0,0,-32741369149.0,-0.009819631541176427,0,0,2026-03-31,351,True,passed,351,0.0,0.0,4.0,2025.0,00125150,-1.6625342939832541,-1.6625342939832541,0.0,-1.6625342939832541,280.0,280.0,-0.8196290575535047,-1.5588952629515263,280.0,1.0,-1.5588952629515263,0.26612687078227204,2.1595159802254726,34.0,1.0,0.5398789950563682,1.4796969737463304,1.8386229316802742,38.0,1.0,-0.6435180260880959,0.0,0.0,78.0,1.0,0.0,0.0,0.0,111.0,1.0,0.0,0
272210,2025,4,202504,한화시스템,00339391,CFS,CFS,10327265554498.0,5000999101579.0,5326266452919.0,1.0650404738599735,0.7251498261531104,3664150568020.0,0.30690472893948684,0.1639796788706669,1,1,1,,119898725355.0,-0.45337909395794096,-1.8152138579278558,1,1,1,,209145275418.0,-0.5304103941017897,-0.8285757594314549,1,1,1,,78736816771.0,-0.4063141020992569,-0.9972275377189084,1,1,1,,318313643690.0,0.16635712186720375,-0.5468578996228826,1,1,1,,0.15184489114196217,-1.0350382295507243,10327265554498.0,0.007624168891125927,0.03082264535662683,0.03272210656446625,0.011609919849768807,25,20194,20254,807736584417.0,1398122729199.0,0.7309142066508266,22520994537.0,5761906739.0,-0.744153983540394,0,0,78736816771.0,0.007624168891125927,0,1,2026-03-31,26299,True,passed,26299,0.0,0.0,4.0,2025.0,00339391,-1.6670003179803954,-1.6670003179803954,0.0,-1.6670003179803954,281.0,281.0,-1.0350382295507243,-1.9611544955565152,293.0,1.0,-1.9611544955565152,0.1639796788706669,1.2894311237995904,59.0,1.0,0.3223577809498976,0.7251498261531104,0.22343886678222247,142.0,1.0,-0.07820360337377785,0.0,0.0,78.0,1.0,0.0,1.0,1.0,1.0,1.0,0.05,0
298050,2025,4,202504,HS효성첨단소재,01316254,CFS,CFS,3903414776514.0,826502232236.0,3076912544278.0,3.7228121404509604,1.5524044146520195,3283044948859.0,-0.008511303279804205,-0.04251672851698174,1,1,1,,157433130038.0,-0.2834902013966727,-0.5581704861763974,1,1,1,,15653332610.0,-0.7997849360295926,-1.4542554896897046,1,1,1,,210097417108.0,-0.3611844550555552,-0.2931288609258743,1,1,1,,225126378540.0,-0.3691204897285829,-0.3774448008504474,1,1,1,,-0.041637721101146344,-0.4435123677625758,3903414776514.0,0.05382400516904086,0.05767421384336007,0.0479533885433749,0.04033215506208589,31,20182,20254,800997099891.0,785453363388.0,-0.019405484121122533,19316087277.0,30266469741.0,0.566904793241373,0,0,210097417108.0,0.05382400516904086,0,0,2026-03-31,205,True,passed,205,0.0,0.0,4.0,2025.0,01316254,-1.6718927320074841,-1.6718927320074841,0.0,-1.6718927320074841,282.0,282.0,-0.4435123677625758,-0.8565277193485988,256.0,1.0,-0.8565277193485988,-0.04251672851698174,-0.469495319619655,228.0,1.0,-0.11737382990491375,1.5524044146520195,1.994260522154205,34.0,1.0,-0.6979911827539717,0.0,0.0,78.0,1.0,0.0,0.0,0.0,111.0,1.0,0.0,0
082270,2025,4,202504,젬백스,00492894,CFS,CFS,158874710036.0,,101645843703.0,,,81530820294.0,0.300503968610474,0.43230080134164994,1,1,1,,3792531724.0,-1.09892656168925,-4.97129730805957,1,1,1,,-11336638395.0,-0.8700206027672027,-3.0793482218211348,1,1,1,,1108486901.0,-1.0390738935029005,7.917248909259847,1,1,1,,2114898947.0,-0.4273282300430399,0.16756392361042005,1,1,1,,0.35928210328244087,-1.786964208329892,158874710036.0,0.006977113605738911,0.013311740720223989,0.046516540742802995,0.023871210988461514,40,20161,20254,17977932809.0,26163597031.0,0.4553173220172535,734784785.0,7516606982.0,9.229671511230325,0,0,1108486901.0,0.006977113605738911,1,0,2026-03-31,29271,True,passed,29271,0.0,0.0,4.0,2025.0,00492894,-1.725,-1.725,0.0,-1.725,283.0,283.0,-1.786964208329892,-2.5,305.0,1.0,-2.5,0.43230080134164994,2.5,1.0,1.0,0.625,,0.0,160.0,1.0,-0.0,1.0,1.0,1.0,1.0,0.15,0.0,0.0,111.0,1.0,0.0,0
039130,2025,4,202504,하나투어,00269940,CFS,CFS,657531604606.0,167123092679.0,490408511927.0,2.9344150115085963,1.3697622079230503,586902971424.0,-0.048173346295963815,-0.546204450089277,1,1,1,,57626875763.0,0.1317361599812361,-0.36377083812486366,1,1,1,,48091672930.0,-0.5146145821600305,-1.1923115819879198,1,1,1,,101086158079.0,0.1485391108969838,0.3945309255608338,1,1,1,,5165157911.0,-0.06015489475542235,0.19894244649706716,1,1,1,,-0.43580318598137685,-0.3102535380666371,657531604606.0,0.15373581645489406,0.007855375885840527,0.09818807974882147,0.08764122569823947,40,20161,20254,123286607356.0,175227930107.0,0.42130547563057885,8280688000.0,27413819738.0,2.310572713040269,0,0,101086158079.0,0.15373581645489406,0,1,2026-03-31,75210,True,passed,75210,0.0,0.0,4.0,2025.0,00269940,-1.7438313943707893,-1.7438313943707893,0.0,-1.7438313943707893,284.0,284.0,-0.3102535380666371,-0.6076776166611465,232.0,1.0,-0.6076776166611465,-0.546204450089277,-2.5,296.0,1.0,-0.625,1.3697622079230503,1.6032965077418369,39.0,1.0,-0.5611537777096428,0.0,0.0,78.0,1.0,0.0,1.0,1.0,1.0,1.0,0.05,0
057050,2025,4,202504,현대홈쇼핑,00412597,CFS,CFS,4972561213000.0,3753823260000.0,1218737953000.0,0.3246657790169908,0.28116018536843035,3789834264000.0,-0.016511919192210178,-0.8830859503478962,1,1,1,,130771283000.0,0.00494157083812552,-1.165584457942041,1,1,1,,114716307000.0,-0.34161237754618734,-0.6208455183622333,1,1,1,,213500925000.0,-0.1471221535223428,-445.07918886184854,1,1,1,,124258491000.0,-0.18672087422419992,-0.9525015307861964,1,1,1,,-0.6329118940649969,-0.7726902825014923,4972561213000.0,0.0429358062886857,0.02498883084136706,0.03450580523855858,0.02629857680949578,40,20161,20254,873915708000.0,1032220584000.0,0.1811443306841213,24781918000.0,27741471000.0,0.11942388801383332,0,0,213500925000.0,0.0429358062886857,0,0,2026-03-31,47919,True,passed,47919,0.0,0.0,4.0,2025.0,00412597,-1.8418029250706975,-1.8418029250706975,0.0,-1.8418029250706975,285.0,285.0,-0.7726902825014923,-1.4712408912422081,277.0,1.0,-1.4712408912422081,-0.8830859503478962,-2.5,296.0,1.0,-0.625,0.28116018536843035,-0.7269656176328867,253.0,1.0,0.2544379661715103,0.0,0.0,78.0,1.0,0.0,0.0,0.0,111.0,1.0,0.0,0
089010,2025,4,202504,켐트로닉스,00371485,CFS,CFS,782385054093.0,262838005656.0,519547048437.0,1.9766815957239399,1.0908091215685072,637485933185.0,0.10824359773345527,0.04745126740204553,1,1,1,,23201053154.0,-0.3783143949466894,-1.330674735050304,1,1,1,,13464967234.0,-0.37028029225754755,3.615991258123816,1,1,1,,647051641.0,-0.9907431820855245,-1.8075791103061443,1,1,1,,118226570013.0,-0.12947029418151135,-1.4098807724859779,1,1,1,,0.04635984896539463,-0.8461578115142172,782385054093.0,0.0008270245419630507,0.1511104658690818,0.036394611937683334,0.029654264268757557,40,20161,20254,178908145821.0,161564266763.0,-0.09694292553539056,8061488778.0,1898394565.0,-0.7645106732418006,0,0,647051641.0,0.0008270245419630507,0,0,2026-03-31,204,True,passed,204,0.0,0.0,4.0,2025.0,00371485,-1.886382914285892,-1.886382914285892,0.0,-1.886382914285892,286.0,286.0,-0.8461578115142172,-1.6084355685534646,283.0,1.0,-1.6084355685534646,0.04745126740204553,0.29684773247199703,105.0,1.0,0.07421193311799926,1.0908091215685072,1.0061693681440769,60.0,1.0,-0.35215927885042686,0.0,0.0,78.0,1.0,0.0,0.0,0.0,111.0,1.0,0.0,0
206650,2025,4,202504,유바이오로직스,00927558,CFS,OFS,240225281667.0,175356724098.0,64868557569.0,0.36992341127875716,0.3147548341012472,149195024704.0,0.5535436248299961,0.1690646624197938,1,1,1,,60663218448.0,0.7675075001800331,-2.69032437802348,1,1,1,,41264003840.0,1.1727362497209635,3.4092036999402655,1,1,1,,49100608879.0,0.13627522622514365,-0.4973352337884831,1,1,1,,16957464271.0,-2.434971364135158,-1.7056554122207703,1,1,1,,0.15620399526279827,-1.3057143615122497,240225281667.0,0.20439401106442745,0.07058984030875824,0.40660349477708546,0.25252637035968295,37,20164,20254,41115380764.0,32334857309.0,-0.21355812087451448,18907297050.0,13605343731.0,-0.28041836466519154,0,0,49100608879.0,0.20439401106442745,0,0,2026-03-31,212,True,passed,212,0.0,0.0,4.0,2025.0,00927558,-1.9041656079636562,-1.9041656079636562,0.0,-1.9041656079636562,287.0,287.0,-1.3057143615122497,-2.4666203126236512,304.0,1.0,-2.4666203126236512,0.1690646624197938,1.3327447685358915,58.0,1.0,0.3331861921339729,0.3147548341012472,-0.6550528929314926,242.0,1.0,0.2292685125260224,0.0,0.0,78.0,1.0,0.0,0.0,0.0,111.0,1.0,0.0,0
095340,2025,4,202504,ISC,00572905,CFS,CFS,622420256911.0,537260669443.0,85159587468.0,0.15850701961170618,0.14713212409654292,220194751972.0,0.2620050055523244,0.017691212044141036,1,1,1,,60053887115.0,0.340959442243542,-2.8301769211996017,1,1,1,,56343270511.0,0.026308198056269827,-3.015359959877531,1,1,1,,41712020998.0,-0.17683010987429626,-1.4411531395868424,1,1,1,,6334135777.0,-0.45597406595292567,-0.2525626147896245,1,1,1,,0.01753654406413077,-1.3429109956503669,622420256911.0,0.06701584746777355,0.010176622156283257,0.2727307829872188,0.09648446760560224,40,20161,20254,64521775618.0,72330336133.0,0.1210220958770639,17420765513.0,21928658294.0,0.25876548178299336,0,0,41712020998.0,0.06701584746777355,1,1,2026-03-31,465,True,passed,465,0.0,0.0,4.0,2025.0,00572905,-1.9343085887421438,-1.9343085887421438,0.0,-1.9343085887421438,288.0,288.0,-1.3429109956503669,-2.5,305.0,1.0,-2.5,0.017691212044141036,0.04335301559601806,128.0,1.0,0.010838253899004516,0.14713212409654292,-1.0138661638824336,302.0,1.0,0.3548531573588517,1.0,1.0,1.0,1.0,0.15,1.0,1.0,1.0,1.0,0.05,0
084370,2025,4,202504,유진테크,00531014,CFS,CFS,580613743719.0,491392923336.0,89220820383.0,0.18156716579736626,0.16684166393202077,350324287104.0,0.03625448606946535,-0.1862664553045994,1,1,1,,51671713116.0,-0.15537371523849153,-1.670283463165748,1,1,1,,44481997780.0,-0.3202657500164876,-1.8969573702333467,1,1,1,,66476818240.0,0.08087695601056866,-0.20865239662081447,1,1,1,,20538084576.0,1.1984024696352167,1.4044728476670771,1,1,1,,-0.17081094254618934,-0.9821846327566303,580613743719.0,0.11449404868406426,0.035373059625574126,0.14749680515487734,0.08899498793298904,40,20161,20254,62342721909.0,99903187828.0,0.6024835741664601,5182170229.0,17546945627.0,2.3860226221063416,0,0,66476818240.0,0.11449404868406426,0,0,2026-03-31,29271,True,passed,29271,0.0,0.0,4.0,2025.0,00531014,-1.945855243565896,-1.945855243565896,0.0,-1.945855243565896,289.0,289.0,-0.9821846327566303,-1.8624546719153927,288.0,1.0,-1.8624546719153927,-0.1862664553045994,-1.6939485625585258,281.0,1.0,-0.42348714063963144,0.16684166393202077,-0.9716759113975095,298.0,1.0,0.3400865689891283,0.0,0.0,78.0,1.0,0.0,0.0,0.0,111.0,1.0,0.0,0
056190,2025,4,202504,에스에프에이,00358271,CFS,CFS,2261944460744.0,1510269736561.0,751674724183.0,0.4977089231057632,0.4039365558710449,1630950490066.0,-0.20261018638410377,-0.2898752701197044,1,1,1,,85860974188.0,-2.7740206440737554,-1.2077856751994873,1,1,1,,52102798598.0,-2.6222602712150618,-0.9477731216080294,1,1,1,,151638181745.0,-0.6233951194541827,5.628447084284411,1,1,1,,94815510331.0,-0.02108374917190936,-1.0000325492660216,1,1,1,,-0.2545455238691313,-0.7919900563119682,2261944460744.0,0.06703886164168818,0.04191770044601945,0.05264474593862469,0.037958922368835954,40,20161,20254,394017361754.0,393555614422.0,-0.0011718959031259298,26703216163.0,8988280505.0,-0.6634008259479183,0,0,151638181745.0,0.06703886164168818,0,0,2026-03-31,292,True,passed,292,0.0,0.0,4.0,2025.0,00358271,-1.969829003688635,-1.969829003688635,0.0,-1.969829003688635,290.0,290.0,-0.7919900563119682,-1.5072816602144417,279.0,1.0,-1.5072816602144417,-0.2898752701197044,-2.5,296.0,1.0,-0.625,0.4039365558710449,-0.46415044721659054,216.0,1.0,0.16245265652580668,0.0,0.0,78.0,1.0,0.0,0.0,0.0,111.0,1.0,0.0,0
119850,2025,4,202504,지엔씨에너지,00626464,CFS,CFS,370790899923.0,221486910749.0,149303989174.0,0.674098476831431,0.5152747975959475,262633597538.0,0.16047185284025312,-0.19945928306918015,1,1,1,,49372497571.0,0.557315064835135,-1.3188427948468116,1,1,1,,40016826711.0,0.02964810849980437,-2.2906977414767313,1,1,1,,41079015426.0,2.161329878103607,2.938784832473419,1,1,1,,3805635815.0,1.3546875424376212,1.6700089172128945,1,1,1,,-0.18187085780207077,-0.8410682659137988,370790899923.0,0.11078755016514871,0.010263563145131918,0.18799002882278373,0.1331545557920998,40,20161,20254,69496977824.0,66035988076.0,-0.04980057919590262,12765282529.0,9414351133.0,-0.26250350420269963,0,0,41079015426.0,0.11078755016514871,0,0,2026-03-31,28111,True,passed,28111,0.0,0.0,4.0,2025.0,00626464,-1.9714754518535411,-1.9714754518535411,0.0,-1.9714754518535411,291.0,292.0,-0.8410682659137988,-1.5989312531682365,282.0,1.0,-1.5989312531682365,-0.19945928306918015,-1.8063244334618596,284.0,1.0,-0.4515811083654649,0.5152747975959475,-0.22581974194331542,191.0,1.0,0.07903690968016039,0.0,0.0,78.0,1.0,0.0,0.0,0.0,111.0,1.0,0.0,0
368770,2025,4,202504,파이버프로,01513440,CFS,CFS,60717374739.0,45791713105.0,14925661634.0,0.3259467842964422,0.28212675845188634,43472321309.0,0.31959560639387985,-0.3797201858318322,1,1,1,,10117199890.0,0.40386223933553045,-1.3503542191537272,1,1,1,,9309096266.0,0.3015491384760427,-1.2067213975412803,1,1,1,,5199627005.0,-0.11950907217657114,5.579870567124052,1,1,1,,5754438130.0,2.5138349130534383,3.128440625315414,1,1,1,,-0.32188071471975993,-0.8545660483519857,60717374739.0,0.08563655835502015,0.09477415903991329,0.23272739033389167,0.16662775578637654,16,20221,20254,13758942678.0,12227863024.0,-0.11127887438968223,3825440826.0,2974056328.0,-0.22255853291821381,0,0,5199627005.0,0.08563655835502015,0,0,2026-03-31,27219,True,passed,27219,0.0,0.0,4.0,2025.0,01513440,-1.995423472058214,-1.995423472058214,0.0,-1.995423472058214,292.0,293.0,-0.8545660483519857,-1.6241372718122535,284.0,1.0,-1.6241372718122535,-0.3797201858318322,-2.5,296.0,1.0,-0.625,0.28212675845188634,-0.7248965707258282,252.0,1.0,0.25371379975403985,0.0,0.0,78.0,1.0,0.0,0.0,0.0,111.0,1.0,0.0,0
003570,2025,4,202504,SNT다이내믹스,00134477,CFS,CFS,1228607911035.0,866792976548.0,361814934487.0,0.417417935165934,0.348836860881011,712021619474.0,0.1587888410893794,-0.10563731352678074,1,1,1,,85457001419.0,-0.22669375838083727,-1.8834081837837706,1,1,1,,61574936460.0,-0.3594739708422303,-1.300362318732651,1,1,1,,-59125830346.0,4.897701904204386,5.989740282211782,1,1,1,,39899568871.0,-0.03524051758525626,-12.408617405575635,1,1,1,,-0.10042192303374409,-1.0589729916325246,1228607911035.0,-0.04812424681214319,0.03247542890830642,0.12002023405150344,0.06955595894463155,40,20161,20254,151718193462.0,223636613777.0,0.47402634235170354,19901467037.0,18266182171.0,-0.08216906135410745,0,1,-59125830346.0,-0.04812424681214319,0,0,2026-03-31,303,True,passed,303,1.0,0.0,4.0,2025.0,00134477,-2.0539051754962214,-2.0539051754962214,0.0,-2.0539051754962214,293.0,294.0,-1.0589729916325246,-2.0058507308112152,295.0,1.0,-2.0058507308112152,-0.10563731352678074,-1.0071534198373768,261.0,1.0,-0.2517883549593442,0.348836860881011,-0.5820968864981078,230.0,1.0,0.2037339102743377,0.0,0.0,78.0,1.0,0.0,0.0,0.0,111.0,1.0,0.0,0
247540,2025,4,202504,에코프로비엠,01160363,CFS,CFS,4882022445703.0,2016007934583.0,2866014511120.0,1.4216285868501897,0.8844402835987852,2531576384113.0,-0.08502897071795246,0.5140304790664568,1,1,1,,143309899725.0,-5.201482597771052,-3.982874777272578,1,1,1,,91587534892.0,-2.565358294255767,-0.4954477376616202,1,1,1,,214707183992.0,-0.6796106092827907,-32.178267884775565,1,1,1,,438202492466.0,-0.5747466973114809,,1,1,0,missing_prev_yoy,0.4147752862964106,-1.6060069889960624,4882022445703.0,0.043979147244801876,0.08975839364517707,0.056608957416551406,0.029354617132319166,29,20184,20254,625060142880.0,497011031857.0,-0.2048588643534468,50480514861.0,41558472893.0,-0.17674229338918548,0,1,214707183992.0,0.043979147244801876,0,0,2026-03-31,28202,True,passed,28202,1.0,0.0,4.0,2025.0,01160363,-2.0725456395633404,-2.0725456395633404,0.0,-2.0725456395633404,294.0,295.0,-1.6060069889960624,-2.5,305.0,1.0,-2.5,0.5140304790664568,2.5,1.0,1.0,0.625,0.8844402835987852,0.5644161130381158,97.0,1.0,-0.1975456395633405,0.0,0.0,78.0,1.0,0.0,0.0,0.0,111.0,1.0,0.0,0
257720,2025,4,202504,실리콘투,00982023,CFS,CFS,709448340772.0,457429945643.0,252018395129.0,0.5509442430025933,0.4388639344847714,1116287364104.0,0.6142462113870795,-0.4026713530304211,1,1,1,,205361951857.0,0.4927271199332599,-1.3848487323125942,1,1,1,,168584659656.0,0.3962827403143401,-1.7799345415298553,1,1,1,,1140985003.0,-0.9810234366639143,3.273584534265206,1,1,1,,7038988159.0,-0.9081448711513384,4.147647463065396,1,1,1,,-0.33837852780051614,-0.8691356977220004,709448340772.0,0.001608270732945002,0.009921776899697006,0.18396871492121203,0.2894670972569072,18,20213,20254,299375144222.0,305949150665.0,0.021959092362474425,63073092892.0,42377792190.0,-0.328116154656258,0,0,1140985003.0,0.001608270732945002,0,1,2026-03-31,46800,True,passed,46800,0.0,0.0,4.0,2025.0,00982023,-2.090060207335434,-2.090060207335434,0.0,-2.090060207335434,295.0,296.0,-0.8691356977220004,-1.6513449153892017,286.0,1.0,-1.6513449153892017,-0.4026713530304211,-2.5,296.0,1.0,-0.625,0.4388639344847714,-0.38938488015362255,204.0,1.0,0.13628470805376788,0.0,0.0,78.0,1.0,0.0,1.0,1.0,1.0,1.0,0.05,0
093370,2025,4,202504,후성,00595191,CFS,CFS,827498687937.0,389354915544.0,438143772393.0,1.1253068984138368,0.753916214731396,471564293544.0,0.0771348989774332,0.2403577629817958,1,1,1,,25349847519.0,-3.6473364380196625,-2.8550242732167432,1,1,1,,7028192679.0,-1.084312147636791,-1.0720723521905287,1,1,1,,39575579438.0,-0.47677465602895974,13.472731069993625,1,1,1,,39217806063.0,-0.513063804516427,-0.2759424926801355,1,1,1,,0.2153998565371836,-1.349377303549748,827498687937.0,0.04782554947206516,0.047393194254811644,0.05375692745624451,0.03063430539352101,40,20161,20254,120986978116.0,119253483174.0,-0.014327946436830236,5836834993.0,4849776342.0,-0.16910854121861588,0,0,39575579438.0,0.04782554947206516,0,0,2026-03-31,20129,True,passed,20129,0.0,0.0,4.0,2025.0,00595191,-2.1147516846794034,-2.1147516846794034,0.0,-2.1147516846794034,296.0,297.0,-1.349377303549748,-2.5,305.0,1.0,-2.5,0.2403577629817958,1.9400159622494215,43.0,1.0,0.4850039905623554,0.753916214731396,0.28501621497645446,135.0,1.0,-0.09975567524175906,0.0,0.0,78.0,1.0,0.0,0.0,0.0,111.0,1.0,0.0,0
096530,2025,4,202504,씨젠,00788773,CFS,CFS,1235797418831.0,1015815702896.0,219981715935.0,0.21655671920393801,0.19602450706529162,474231586051.0,0.14479083132284987,0.017191843936115392,1,1,1,,34549810779.0,-3.0965647529994254,-2.6448955554285796,1,1,1,,48445344295.0,-3.3899910793956707,25.255940512525203,1,1,1,,149333824192.0,0.7488279259939736,0.8493340820129469,1,1,1,,40465556990.0,-0.07245442193472296,-0.44093766551168967,1,1,1,,0.017045736382006182,-1.2933277108466745,1235797418831.0,0.12084005186971666,0.03274449062070247,0.07285430113734438,0.027957503594466415,40,20161,20254,113543623471.0,130631213814.0,0.15049361488242724,9609582784.0,6948803988.0,-0.2768880664028629,0,0,149333824192.0,0.12084005186971666,0,0,2026-03-31,2130,True,passed,2130,0.0,0.0,4.0,2025.0,00788773,-2.1154919021815943,-2.1154919021815943,0.0,-2.1154919021815943,297.0,298.0,-1.2933277108466745,-2.4434892428317636,302.0,1.0,-2.4434892428317636,0.017191843936115392,0.03909942212522395,130.0,1.0,0.009774855531305988,0.19602450706529162,-0.909207100339609,290.0,1.0,0.31822248511886314,0.0,0.0,78.0,1.0,0.0,0.0,0.0,111.0,1.0,0.0,0
377300,2025,4,202504,카카오페이,01244601,CFS,CFS,5339580904646.0,1950906550511.0,3388674354135.0,1.7369742047600416,1.006853005374028,958371073361.0,0.2507531945123813,0.005576988620544565,1,1,1,,50366676830.0,-1.8761482548268198,-1.8919953215302678,1,1,1,,55690896351.0,-3.5857558278314143,-3.5259850100866403,1,1,1,,118619005514.0,-0.0662270455247076,0.43189715697199416,1,1,1,,21149973216.0,0.5166786720815757,0.9904315053796624,1,1,1,,0.005561494798726754,-1.0619466865670866,5339580904646.0,0.022215040399666746,0.003960980008299394,0.05255446270238985,0.00943270225312546,17,20214,20254,238350040629.0,269827582456.0,0.13206434428931302,15800792143.0,20826192239.0,0.3180473517099161,0,1,118619005514.0,0.022215040399666746,1,1,2026-03-31,66199,True,passed,66199,1.0,0.0,4.0,2025.0,01244601,-2.1156212047042824,-2.1156212047042824,0.0,-2.1156212047042824,298.0,299.0,-1.0619466865670866,-2.0114038659506686,296.0,1.0,-2.0114038659506686,0.005576988620544565,-0.05983535552780408,190.0,1.0,-0.01495883888195102,1.006853005374028,0.8264528567761789,72.0,1.0,-0.2892584998716626,1.0,1.0,1.0,1.0,0.15,1.0,1.0,1.0,1.0,0.05,0
005930,2025,4,202504,삼성전자,00126380,CFS,CFS,566942110000000.0,436320337000000.0,130621773000000.0,0.2993712690499687,0.26188050828400256,333605938000000.0,0.10880093313642902,-0.053152178629700675,1,1,1,,43601051000000.0,0.3323077357453308,-3.65110639581233,1,1,1,,45206805000000.0,0.31219251750098276,-0.9123266629782549,1,1,1,,85315148000000.0,0.16897895459249135,-0.48455243499213485,1,1,1,,52153149000000.0,-0.029557900160060213,0.08265192012209543,1,1,1,,-0.05178774182648181,-1.537105125880618,566942110000000.0,0.15048299728520784,0.09199025452528126,0.1306962677624761,0.07690564914996348,40,20161,20254,86061747000000.0,93837371000000.0,0.09034936276624736,12166062000000.0,20073660000000.0,0.6499718643551217,0,0,85315148000000.0,0.15048299728520784,1,1,2026-03-31,264,True,passed,264,0.0,0.0,4.0,2025.0,00126380,-2.171139395760772,-2.171139395760772,0.2,-1.971139395760772,299.0,291.0,-1.537105125880618,-2.5,305.0,1.0,-2.5,-0.053152178629700675,-0.5600875709696244,235.0,1.0,-0.1400218927424061,0.26188050828400256,-0.7682357056618135,265.0,1.0,0.26888249698163474,1.0,1.0,1.0,1.0,0.15,1.0,1.0,1.0,1.0,0.05,0
007810,2025,4,202504,코리아써키트,00152686,CFS,CFS,1392548104186.0,790594031363.0,601954072823.0,0.7613946588810178,0.5661059150699985,1509725133078.0,0.0730431637619886,0.016955340974525335,1,1,1,,53816253084.0,-2.623239226947022,-2.656022808648575,1,1,1,,53794771145.0,-1.4169674863406625,-4.98120259398645,1,1,1,,39137875548.0,-0.6067786472540797,-1.4832709387727225,1,1,1,,77111402014.0,0.5486799589986011,0.9113542505054264,1,1,1,,0.0168132035894825,-1.2963758922618782,1392548104186.0,0.02810522338894544,0.05537431833213022,0.03564639145556278,0.03864588442024253,40,20161,20254,375651814658.0,448137713958.0,0.1929603331371963,13264646929.0,36062215944.0,1.718671377913462,0,0,39137875548.0,0.02810522338894544,1,1,2026-03-31,2622,True,passed,2622,0.0,0.0,4.0,2025.0,00152686,-2.19895653236841,-2.19895653236841,0.0,-2.19895653236841,300.0,300.0,-1.2963758922618782,-2.4491814754584063,303.0,1.0,-2.4491814754584063,0.016955340974525335,0.037084901299654374,131.0,1.0,0.009271225324913594,0.5661059150699985,-0.11701062218595139,178.0,1.0,0.040953717765082984,1.0,1.0,1.0,1.0,0.15,1.0,1.0,1.0,1.0,0.05,0
112610,2025,4,202504,씨에스윈드,00670340,CFS,CFS,3216594965195.0,1201672689517.0,2014922275678.0,1.6767646408672876,0.9846088416844286,2931648581449.0,-0.04585167665698342,-1.067036894587858,1,1,1,,320323178301.0,0.25379964372629815,-1.1871238872866032,1,1,1,,40133098937.0,-0.7206547287117602,-7.307586761406035,1,1,1,,527705949520.0,9.754909370798439,10.312213601168438,1,1,1,,93194315145.0,-0.5377268271343394,-0.5844783765909904,1,1,1,,-0.726116129881339,-0.7825873872263207,3216594965195.0,0.16405732000143475,0.028972971777113464,0.10926383889527329,0.09958455502388099,40,20161,20254,597021110917.0,782737263348.0,0.31107133237842727,65689835736.0,70160570251.0,0.06805823861346487,0,0,527705949520.0,0.16405732000143475,1,0,2026-03-31,2511,True,passed,2511,0.0,0.0,4.0,2025.0,00670340,-2.2373158804874875,-2.2373158804874875,0.0,-2.2373158804874875,301.0,301.0,-0.7825873872263207,-1.4897229350414949,278.0,1.0,-1.4897229350414949,-1.067036894587858,-2.5,296.0,1.0,-0.625,0.9846088416844286,0.7788369869885509,76.0,1.0,-0.2725929454459928,1.0,1.0,1.0,1.0,0.15,0.0,0.0,111.0,1.0,0.0,0
018290,2025,4,202504,브이티,00150165,CFS,CFS,353501351205.0,253256712469.0,100244638736.0,0.39582223807106587,0.3334836596068734,437183656431.0,0.012709953706852017,-0.44818611645849304,1,1,1,,82869214759.0,-0.25274827747083783,-1.68758704278184,1,1,1,,64205441522.0,-0.3826323001526165,-2.6643357282598394,1,1,1,,49728513140.0,-0.4293257441557331,-2.192914608899381,1,1,1,,4783262935.0,0.07441793392033391,0.604577701040552,1,1,1,,-0.3703118191696166,-0.9886437809411484,353501351205.0,0.14067418121737757,0.013531102267912192,0.1895524078725004,0.23442403961546124,40,20161,20254,110219156432.0,114994014199.0,0.043321487131375944,12123907082.0,12661114191.0,0.044309734920154185,0,0,49728513140.0,0.14067418121737757,0,0,2026-03-31,204,True,passed,204,0.0,0.0,4.0,2025.0,00150165,-2.2842799241796423,-2.2842799241796423,0.0,-2.2842799241796423,302.0,302.0,-0.9886437809411484,-1.8745166095195152,290.0,1.0,-1.8745166095195152,-0.44818611645849304,-2.5,296.0,1.0,-0.625,0.3334836596068734,-0.6149619581139221,235.0,1.0,0.21523668533987272,0.0,0.0,78.0,1.0,0.0,0.0,0.0,111.0,1.0,0.0,0
253590,2025,4,202504,네오셈,01170865,CFS,CFS,155056271081.0,119203555288.0,35852715793.0,0.30076884625109185,0.26295550984064087,63936752061.0,-0.3924503908152429,-0.4351117373762542,1,1,1,,4055388266.0,-0.7537221136805671,-1.7899991053959452,1,1,1,,5342193959.0,-0.721980643006166,-2.04213328847631,1,1,1,,3740873104.0,-0.8061059235388425,-1.630447314499229,1,1,1,,16656333897.0,2.845982485019524,3.0885469837640147,1,1,1,,-0.36124271194762747,-1.0260412751866081,155056271081.0,0.02412590653651023,0.10742122057287758,0.06342812443977268,0.02615430022744131,29,20184,20254,10174598533.0,22560408497.0,1.2173266516441135,-481380577.0,2518650129.0,6.232139079429455,0,0,3740873104.0,0.02412590653651023,0,0,2026-03-31,292,True,passed,292,0.0,0.0,4.0,2025.0,01170865,-2.3012763150155537,-2.3012763150155537,0.0,-2.3012763150155537,303.0,303.0,-1.0260412751866081,-1.9443534098611568,291.0,1.0,-1.9443534098611568,-0.4351117373762542,-2.5,296.0,1.0,-0.625,0.26295550984064087,-0.7659345567017238,263.0,1.0,0.2680770948456033,0.0,0.0,78.0,1.0,0.0,0.0,0.0,111.0,1.0,0.0,0
034220,2025,4,202504,LG디스플레이,00105873,CFS,CFS,26916700000000.0,7839238000000.0,19077462000000.0,2.433586274584341,1.2336052760628478,25810082000000.0,-0.030255664147455952,-0.2779971127997557,1,1,1,,516977000000.0,-1.9221917387922853,-1.14552216660497,1,1,1,,303807000000.0,-1.1260976217158511,-1.0611202802880175,1,1,1,,2352083000000.0,-0.02474457460751711,-0.4579722474379112,1,1,1,,2107083000000.0,-0.2775436353998588,0.020489256439277792,1,1,1,,-0.24529409679767042,-0.7633829570693266,26916700000000.0,0.0873837803296838,0.07828162441904096,0.020030040973910892,0.019206552066189393,40,20161,20254,6956978000000.0,7200850000000.0,0.03505430087604129,431037000000.0,168509000000.0,-0.609061403081406,0,0,2352083000000.0,0.0873837803296838,0,1,2026-03-31,2621,True,passed,2621,0.0,0.0,4.0,2025.0,00105873,-2.4818302978413866,-2.4818302978413866,0.0,-2.4818302978413866,304.0,304.0,-0.7633829570693266,-1.4538602126423377,276.0,1.0,-1.4538602126423377,-0.2779971127997557,-2.475305880981854,295.0,1.0,-0.6188264702454634,1.2336052760628478,1.3118388998673873,46.0,1.0,-0.4591436149535855,0.0,0.0,78.0,1.0,0.0,1.0,1.0,1.0,1.0,0.05,0
009540,2025,4,202504,HD한국조선해양,00164830,CFS,CFS,39542213288000.0,16908352832000.0,22633860456000.0,1.3386200702627968,0.8495610418572693,29933215227000.0,0.1720784133642248,-0.027129458068956946,1,1,1,,3904489578000.0,1.7226242693756038,-2.358105692202933,1,1,1,,2928395265000.0,1.013223776988657,-8.023188702545296,1,1,1,,4422050644000.0,0.031103062603156983,-1.0291769503873878,1,1,1,,1003700947000.0,0.057594180242896975,-0.01836828099123422,1,1,1,,-0.026767977597103115,-1.2113770329077762,39542213288000.0,0.11183113630470386,0.025383023951888812,0.13044003286616931,0.09874231241337489,40,20161,20254,7581435732000.0,8151656564000.0,0.07521277659760289,1053775225000.0,1037918873000.0,-0.01504718617767845,0,0,4422050644000.0,0.11183113630470386,0,1,2026-03-31,64992,True,passed,64992,0.0,0.0,4.0,2025.0,00164830,-2.4964735486454983,-2.4964735486454983,0.0,-2.4964735486454983,305.0,305.0,-1.2113770329077762,-2.290452969986403,300.0,1.0,-2.290452969986403,-0.027129458068956946,-0.3384272917276928,216.0,1.0,-0.0846068229319232,0.8495610418572693,0.4897535877919204,106.0,1.0,-0.17141375572717213,0.0,0.0,78.0,1.0,0.0,1.0,1.0,1.0,1.0,0.05,0
181710,2025,4,202504,NHN,00983271,CFS,CFS,3851415641250.0,1770817089443.0,2080598551807.0,1.1749370187416928,0.7769997072210172,2516233825224.0,0.02448017886126963,-0.0576892681009773,1,1,1,,132434145572.0,-5.05995031908076,-3.4732491981938867,1,1,1,,51909280522.0,-1.2695198802872536,-8.609243791416919,1,1,1,,373978033332.0,6.951435298901432,7.66692558621625,1,1,1,,86508398056.0,0.35884102718160626,1.1775861542850323,1,1,1,,-0.05608659285147456,-1.4981150345451721,3851415641250.0,0.09710144740717291,0.0224614547257546,0.05263189145794527,0.03438583573104504,40,20161,20254,625602175655.0,685615276420.0,0.09592853589770017,27637443705.0,55229313479.0,0.9983510077311617,0,0,373978033332.0,0.09710144740717291,1,1,2026-03-31,5821,True,passed,5821,0.0,0.0,4.0,2025.0,00983271,-2.5667336334601654,-2.5667336334601654,0.0,-2.5667336334601654,306.0,306.0,-1.4981150345451721,-2.5,305.0,1.0,-2.5,-0.0576892681009773,-0.5987342803634887,239.0,1.0,-0.1496835700908722,0.7769997072210172,0.3344287524836932,125.0,1.0,-0.1170500633692926,1.0,1.0,1.0,1.0,0.15,1.0,1.0,1.0,1.0,0.05,0
137400,2025,4,202504,피엔티,00612294,CFS,CFS,1718145213481.0,698214719151.0,1019930494330.0,1.460769110640052,0.9004739476821543,744889433349.0,-0.28035656647538343,-1.178146725495421,1,1,1,,95648148084.0,-0.41402400602649503,-1.5359666465371749,1,1,1,,69517315337.0,-0.5112529641294598,-1.588461599243185,1,1,1,,4447459020.0,-0.8880188308330522,1.1066270607436866,1,1,1,,127718434966.0,0.7377622334231928,1.1532833566836047,1,1,1,,-0.7784743893194964,-0.930574884492109,1718145213481.0,0.002588523359436744,0.07433506432627987,0.12840583286833437,0.055669420333927855,40,20161,20254,107537959313.0,372103722507.0,2.4602081430981486,13466900144.0,45214425117.0,2.357448606102919,0,0,4447459020.0,0.002588523359436744,0,0,2026-03-31,292,True,passed,292,0.0,0.0,4.0,2025.0,00612294,-2.6006358592613315,-2.6006358592613315,0.0,-2.6006358592613315,307.0,307.0,-0.930574884492109,-1.766077634952032,287.0,1.0,-1.766077634952032,-1.178146725495421,-2.5,296.0,1.0,-0.625,0.9004739476821543,0.5987377837408553,96.0,1.0,-0.20955822430929935,0.0,0.0,78.0,1.0,0.0,0.0,0.0,111.0,1.0,0.0,0
031980,2025,4,202504,피에스케이홀딩스,00208444,CFS,CFS,584879159412.0,506377712478.0,78501446934.0,0.15502547801688757,0.1441224026195433,207764042799.0,-0.0359339272421314,-1.3112257346750895,1,1,1,,73400914769.0,-0.17045160515759772,-2.4511525147623967,1,1,1,,91684937183.0,-0.043155584074915154,-1.287376593629884,1,1,1,,81417272271.0,0.22201888762838884,-0.830619371939028,1,1,1,,2188813255.0,6.677233354969382,7.661710531978802,1,1,1,,-0.8377780048755893,-1.2387082375068688,584879159412.0,0.1392035789971585,0.0037423341553159332,0.35328978864745736,0.12549757259737648,40,20161,20254,90554940235.0,51400785167.0,-0.4323801105316913,41238258349.0,14173097980.0,-0.6563119164720086,0,0,81417272271.0,0.1392035789971585,0,0,2026-03-31,29271,True,passed,29271,0.0,0.0,4.0,2025.0,00208444,-2.6093837159489195,-2.6093837159489195,0.0,-2.6093837159489195,308.0,308.0,-1.2387082375068688,-2.341491787350887,301.0,1.0,-2.341491787350887,-1.3112257346750895,-2.5,296.0,1.0,-0.625,0.1441224026195433,-1.0203087754341928,304.0,1.0,0.3571080714019675,0.0,0.0,78.0,1.0,0.0,0.0,0.0,111.0,1.0,0.0,0
099320,2025,4,202504,쎄트렉아이,00449254,CFS,CFS,411001934412.0,237002942111.0,173998992301.0,0.7341638494070163,0.5505253660551561,206916796302.0,0.20806549941548536,-0.1574346145002674,1,1,1,,10179660644.0,-4.313519672042826,-4.019154762209123,1,1,1,,14085784411.0,1.2539766867581545,2.10326746667919,1,1,1,,-74017199715.0,-2.0832937746860063,-3.4760790116579843,1,1,1,,25103117397.0,0.093292235270785,0.6455345362226259,1,1,1,,-0.14620601683002896,-1.6132615454652064,411001934412.0,-0.18008966264573115,0.06107785704929535,0.04919687925741196,0.02476791419136149,40,20161,20254,50438282568.0,71953593455.0,0.42656707943997574,2455306362.0,3955889770.0,0.6111593368648633,0,0,-74017199715.0,-0.18008966264573115,1,1,2026-03-31,3131,True,passed,3131,0.0,0.0,4.0,2025.0,00449254,-2.609463259047794,-2.609463259047794,0.0,-2.609463259047794,309.0,309.0,-1.6132615454652064,-2.5,305.0,1.0,-2.5,-0.1574346145002674,-1.448360332502825,273.0,1.0,-0.36209008312570623,0.5505253660551561,-0.15036235450832086,183.0,1.0,0.0526268240779123,1.0,1.0,1.0,1.0,0.15,1.0,1.0,1.0,1.0,0.05,0
011200,2025,4,202504,HMM,00164645,CFS,CFS,33563133000000.0,26571277000000.0,6991856000000.0,0.26313586659760463,0.233597412085882,10891443000000.0,-0.06912525777284262,-0.4618484067333971,1,1,1,,1461202000000.0,-0.5840405232564925,-5.591269006249806,1,1,1,,1878732000000.0,-0.5032607296049394,-3.407627649121153,1,1,1,,3305131000000.0,-0.32197114152763184,-1.7842645325665032,1,1,1,,1598702000000.0,-0.37175276319191797,-0.6174660530580651,1,1,1,,-0.37970166698666974,-1.8857458954161026,33563133000000.0,0.09847504403119935,0.04763268077506352,0.13416055154491466,0.04353592377684169,40,20161,20254,2706392000000.0,2707622000000.0,0.00045447961714341453,296835000000.0,317293000000.0,0.06892044401772028,0,0,3305131000000.0,0.09847504403119935,1,1,2026-03-31,50112,True,passed,50112,0.0,0.0,4.0,2025.0,00164645,-2.634927518733336,-2.634927518733336,0.0,-2.634927518733336,310.0,310.0,-1.8857458954161026,-2.5,305.0,1.0,-2.5,-0.4618484067333971,-2.5,296.0,1.0,-0.625,0.233597412085882,-0.8287785179047545,281.0,1.0,0.2900724812666641,1.0,1.0,1.0,1.0,0.15,1.0,1.0,1.0,1.0,0.05,0
000210,2025,4,202504,DL,00109693,CFS,CFS,12182144221519.0,4921075694028.0,7261068527491.0,1.4755043366438585,0.9064441476432389,5326721292281.0,-0.051403074749658884,-0.17048928656504103,1,1,1,,298546039560.0,-0.27628429506076335,-2.0136981657374977,1,1,1,,-96298295176.0,-2.0153870480033844,-0.23145219395241057,1,1,1,,514913486084.0,-0.0757326526464489,-0.7897089639989826,1,1,1,,241600404487.0,-0.37402381898155324,0.00810675031472119,1,1,1,,-0.15742185503640754,-1.1031679511077646,12182144221519.0,0.04226788623750139,0.019832338223366944,0.05604686695221426,0.024506854797584566,40,20161,20254,1387989962698.0,1230441976657.0,-0.11350801538561228,109383312230.0,11779093629.0,-0.8923136135772509,0,0,514913486084.0,0.04226788623750139,0,0,2026-03-31,20111,True,passed,20111,0.0,0.0,4.0,2025.0,00109693,-2.6923022575136466,-2.6923022575136466,0.0,-2.6923022575136466,311.0,311.0,-1.1031679511077646,-2.088381248517064,297.0,1.0,-2.088381248517064,-0.17048928656504103,-1.559559399815365,278.0,1.0,-0.38988984995384124,0.9064441476432389,0.6115175972649763,94.0,1.0,-0.2140311590427417,0.0,0.0,78.0,1.0,0.0,0.0,0.0,111.0,1.0,0.0,0
319400,2025,4,202504,현대무벡스,01358463,CFS,CFS,283436434561.0,160303427587.0,123133006974.0,0.7681246048664379,0.5699194395976359,393940640251.0,0.1539549146452015,-0.12063257559722307,1,1,1,,18212543309.0,-0.25878131655480596,-5.189047989334488,1,1,1,,11293835158.0,-0.5804265941899595,-5.97864828313988,1,1,1,,-1431766908.0,-1.0259821965567393,5.5200908641036115,1,1,1,,2895949097.0,-1.5575702414832164,-6.41835490198038,1,1,1,,-0.11389332550809537,-1.8227812766994502,283436434561.0,-0.005051456811533738,0.010217278881190364,0.04623169444359903,0.06425618265064781,21,20204,20254,103477170516.0,113899959661.0,0.10072549426144574,6721716783.0,1861974423.0,-0.7229912412095153,0,0,-1431766908.0,-0.005051456811533738,0,1,2026-03-31,291,True,passed,291,0.0,0.0,4.0,2025.0,01358463,-2.695623998542662,-2.695623998542662,0.0,-2.695623998542662,312.0,312.0,-1.8227812766994502,-2.5,305.0,1.0,-2.5,-0.12063257559722307,-1.1348823392668983,267.0,1.0,-0.2837205848167246,0.5699194395976359,-0.10884738935446446,177.0,1.0,0.03809658627406256,0.0,0.0,78.0,1.0,0.0,1.0,1.0,1.0,1.0,0.05,0
089970,2025,4,202504,브이엠,00544577,CFS,CFS,248727741913.0,177197893574.0,71529848339.0,0.40367211424625804,0.33909174146800053,144411787537.0,1.0548819931096505,-0.6472066648978925,1,1,1,,24673087730.0,-3.869088870551226,-3.6535205556655157,1,1,1,,26131635359.0,-8.572913233376514,-8.067613740534764,1,1,1,,18311472375.0,-0.1739710126607784,2.2480335355655234,1,1,1,,8976532776.0,0.4469645408378735,-2.167826769658831,1,1,1,,-0.4990809229215888,-1.5376240418822906,248727741913.0,0.07362054684436845,0.03608979322917591,0.1708523116485797,0.09919716851942537,30,20183,20254,36449756504.0,50844500866.0,0.39492017897075166,9042315781.0,9327084085.0,0.031492851045786766,0,0,18311472375.0,0.07362054684436845,1,0,2026-03-31,29271,True,passed,29271,0.0,0.0,4.0,2025.0,00544577,-2.763964946817866,-2.763964946817866,0.0,-2.763964946817866,313.0,313.0,-1.5376240418822906,-2.5,305.0,1.0,-2.5,-0.6472066648978925,-2.5,296.0,1.0,-0.625,0.33909174146800053,-0.6029572948060969,234.0,1.0,0.21103505318213392,1.0,1.0,1.0,1.0,0.15,0.0,0.0,111.0,1.0,0.0,0
017800,2025,4,202504,현대엘리베이터,00164724,CFS,CFS,3723057252310.0,1444314941553.0,2278742310757.0,1.5777322834497451,0.9469100525185686,2467378018763.0,-0.1448443097444505,-0.2536786063012415,1,1,1,,209221822358.0,-0.07316715405620844,-1.8054054271047724,1,1,1,,269282572016.0,0.38856844522249,0.7626933443845945,1,1,1,,255573551179.0,-0.0034036996018962373,,1,1,0,missing_prev_yoy,48293668200.0,-0.23218123839678284,-0.27532208186197893,1,1,1,,-0.226082114546003,-1.0315480658224057,3723057252310.0,0.0686461512297259,0.012971508340366191,0.08479520396428418,0.056196240932955485,40,20161,20254,600828883575.0,634659530902.0,0.056306626149035664,51083467689.0,54290131453.0,0.06277302440629932,0,0,255573551179.0,0.0686461512297259,0,0,2026-03-31,29162,True,passed,29162,0.0,0.0,4.0,2025.0,00164724,-2.7660260283029485,-2.7660260283029485,0.0,-2.7660260283029485,314.0,314.0,-1.0315480658224057,-1.9546368966539143,292.0,1.0,-1.9546368966539143,-0.2536786063012415,-2.26816201496582,292.0,1.0,-0.567040503741455,0.9469100525185686,0.6981389368787985,83.0,1.0,-0.24434862790757944,0.0,0.0,78.0,1.0,0.0,0.0,0.0,111.0,1.0,0.0,0
078600,2025,4,202504,대주전자재료,00177816,CFS,CFS,660395440186.0,258070396398.0,402325043788.0,1.5589740218305719,0.9396064054381871,254613180231.0,0.16094078983210958,-0.024623702530358393,1,1,1,,20686125141.0,-0.2952773980241753,-4.0229066046444055,1,1,1,,20899443380.0,-0.42574497035185943,-57.366834841184065,1,1,1,,10948730100.0,-0.54149853721961,-4.507580025971781,1,1,1,,23785457594.0,-0.76425634853509,-0.7237035196510905,1,1,1,,-0.024325425702939486,-1.6140087710542146,660395440186.0,0.01657905163142298,0.03601699246636355,0.08124530364937249,0.031323846111314405,40,20161,20254,63582823964.0,73577501908.0,0.15719147595046884,5988217078.0,4570691559.0,-0.23671912700156125,0,0,10948730100.0,0.01657905163142298,0,1,2026-03-31,2629,True,passed,2629,0.0,0.0,4.0,2025.0,00177816,-2.768147507696898,-2.768147507696898,0.0,-2.768147507696898,315.0,315.0,-1.6140087710542146,-2.5,305.0,1.0,-2.5,-0.024623702530358393,-0.3170833868465232,215.0,1.0,-0.0792708467116308,0.9396064054381871,0.6825047456721925,86.0,1.0,-0.23887666098526739,0.0,0.0,78.0,1.0,0.0,1.0,1.0,1.0,1.0,0.05,0
042700,2025,4,202504,한미반도체,00161383,CFS,CFS,813331626120.0,690327519537.0,123004106583.0,0.17818224408248765,0.1639727796154585,576684619527.0,0.03178901677871537,-2.483224909144207,1,1,1,,251390142142.0,-0.01566794928238746,-6.403032176710042,1,1,1,,214007548411.0,0.402275348765343,0.8310438593723178,1,1,1,,228626759780.0,0.6172933106877219,-1.524766759579026,1,1,1,,93735028436.0,0.742708564766942,-0.2050121232785409,1,1,1,,-1.247958562696797,-2.001889669893504,813331626120.0,0.28109906517549843,0.11524822769177577,0.4359230914606178,0.30908688912203885,40,20161,20254,166231357101.0,83014164855.0,-0.5006106771746941,67822011689.0,27627813980.0,-0.592642369461286,0,0,228626759780.0,0.28109906517549843,0,0,2026-03-31,29271,True,passed,29271,0.0,0.0,4.0,2025.0,00161383,-2.7827640336055213,-2.7827640336055213,0.0,-2.7827640336055213,316.0,316.0,-2.001889669893504,-2.5,305.0,1.0,-2.5,-2.483224909144207,-2.5,296.0,1.0,-0.625,0.1639727796154585,-0.9778170468413683,299.0,1.0,0.3422359663944789,0.0,0.0,78.0,1.0,0.0,0.0,0.0,111.0,1.0,0.0,0
039200,2025,4,202504,오스코텍,00263654,CFS,CFS,229853200876.0,186847579442.0,43005621434.0,0.23016418817108372,0.2071476467937746,99838669222.0,1.9357749842424354,-3.933157254118626,1,1,1,,52081332705.0,-20.05049014828362,-19.134208832726664,1,1,1,,54396875656.0,-35.21351200890287,-34.269318818336956,1,1,1,,8302368829.0,-1.3189084265349558,-1.4997002192001097,1,1,1,,,,,0,0,0,missing_ttm_yoy,-1.5959791997322836,-3.0024203003964165,229853200876.0,0.03612030982104495,,0.5216549169860488,0.22658519657986648,40,20161,20254,8945473014.0,78940012935.0,7.824576722936387,-373196525.0,61408959855.0,165.54858430152854,0,1,8302368829.0,0.03612030982104495,0,0,2026-03-31,212,True,passed,212,1.0,0.0,4.0,2025.0,00263654,-2.8151110846712224,-2.8151110846712224,0.0,-2.8151110846712224,317.0,317.0,-3.0024203003964165,-2.5,305.0,1.0,-2.5,-3.933157254118626,-2.5,296.0,1.0,-0.625,0.2071476467937746,-0.8853969009393647,287.0,1.0,0.30988891532877766,0.0,0.0,78.0,1.0,0.0,0.0,0.0,111.0,1.0,0.0,0
178320,2025,4,202504,서진시스템,00838005,CFS,CFS,2306446623339.0,737770483785.0,1568676139554.0,2.1262386799566535,1.1398305822376513,1066330738953.0,-0.12145970934821637,-0.680162350732634,1,1,1,,1145784823.0,-0.9894592655052051,-2.2079140575004277,1,1,1,,-102420702080.0,-2.220440024403074,36.40334283235848,1,1,1,,-39756707314.0,-0.6496005862617783,3.015361313477549,1,1,1,,295817284198.0,0.6434448846988974,0.547251466809108,1,1,1,,-0.5188904260869341,-1.1656208995894317,2306446623339.0,-0.017237211089864698,0.12825672235577287,0.001074511669920548,0.0004967749140195876,36,20171,20254,215500668423.0,310986494262.0,0.4430883047266176,-37258836642.0,23511940024.0,1.6310433213445044,0,0,-39756707314.0,-0.017237211089864698,0,0,2026-03-31,289,True,passed,289,0.0,0.0,4.0,2025.0,00838005,-3.2188937436271754,-3.2188937436271754,0.0,-3.2188937436271754,318.0,318.0,-1.1656208995894317,-2.205007086206457,299.0,1.0,-2.205007086206457,-0.680162350732634,-2.5,296.0,1.0,-0.625,1.1398305822376513,1.111104735487767,53.0,1.0,-0.38888665742071843,0.0,0.0,78.0,1.0,0.0,0.0,0.0,111.0,1.0,0.0,0
082740,2025,4,202504,한화엔진,00361008,CFS,CFS,1695690258649.0,556102899924.0,1139587358725.0,2.0492382954319104,1.1148918202266402,1371057336146.0,0.14045247667062144,-0.26664798958876923,1,1,1,,130066296100.0,0.8183023410115626,-6.376827072133379,1,1,1,,173753426631.0,1.1949774847381134,187.82961251778806,1,1,1,,330318677509.0,2.6549499418633236,2.3666679110728355,1,1,1,,38861775448.0,-0.28696466418565625,-1.0224544939017277,1,1,1,,-0.23637403289402292,-1.9983436101381018,1695690258649.0,0.19479894740456513,0.022917968213700877,0.09486568699279373,0.07670404157633551,40,20161,20254,297345308786.0,367829632110.0,0.2370453517890464,26631116574.0,47347609419.0,0.777905529700003,0,0,330318677509.0,0.19479894740456513,0,0,2026-03-31,29111,True,passed,29111,0.0,0.0,4.0,2025.0,00361008,-3.4648609315820953,-3.4648609315820953,0.0,-3.4648609315820953,319.0,319.0,-1.9983436101381018,-2.5,305.0,1.0,-2.5,-0.26664798958876923,-2.3786345965853517,293.0,1.0,-0.5946586491463379,1.1148918202266402,1.0577208069593067,57.0,1.0,-0.3702022824357573,0.0,0.0,78.0,1.0,0.0,0.0,0.0,111.0,1.0,0.0,0
089030,2025,4,202504,테크윙,00535676,CFS,CFS,633699354109.0,212119683580.0,421579670529.0,1.9874613398148084,1.0944239765261352,159128398402.0,-0.1421981289724119,-0.53068058209924,1,1,1,,15837572847.0,-0.3235008936836081,-6.73092793388309,1,1,1,,8996126448.0,-1.4094647642412177,-2.389260837281767,1,1,1,,-16089053787.0,-1.491685021802992,-2.0979609412616735,1,1,1,,30859754604.0,-0.42862273643587523,-0.44466394379369856,1,1,1,,-0.4257124614005409,-2.045228898587878,633699354109.0,-0.025389096079515002,0.04869778453126203,0.09952700464558277,0.024992250259222838,40,20161,20254,41765843683.0,33881687210.0,-0.1887704348280434,7111094930.0,582019301.0,-0.9181533495573796,0,1,-16089053787.0,-0.025389096079515002,0,0,2026-03-31,29271,True,passed,29271,1.0,0.0,4.0,2025.0,00535676,-3.479867565072283,-3.479867565072283,0.0,-3.479867565072283,320.0,320.0,-2.045228898587878,-2.5,305.0,1.0,-2.5,-0.53068058209924,-2.5,296.0,1.0,-0.625,1.0944239765261352,1.0139073287779512,59.0,1.0,-0.3548675650722829,0.0,0.0,78.0,1.0,0.0,0.0,0.0,111.0,1.0,0.0,0
000080,2025,4,202504,하이트진로,00150244,CFS,CFS,3272507702370.0,1142138785882.0,2130368916488.0,1.8652452248549232,1.0526539398214034,2498566821284.0,-0.038710845271027416,-0.07005852986261352,1,1,1,,172338670998.0,-0.1720134453576344,-0.8516607931686327,1,1,1,,41117248572.0,-0.5705097788937605,-2.266426028086076,1,1,1,,232588233956.0,-0.21056465929832757,-1.0024837083730351,1,1,1,,145687853640.0,-0.5116353275135128,-1.3925136561404203,1,1,1,,-0.06771334778396113,-0.6160829624123139,3272507702370.0,0.07107339542319673,0.04451871985954094,0.0689750098055957,0.05266257154205923,40,20161,20254,669532545814.0,569703083000.0,-0.1491032264796478,54393842629.0,-9240034831.0,-1.1698728088401993,0,0,232588233956.0,0.07107339542319673,0,0,2026-03-31,11122,False,excluded_by_filter,,,,,,,,,,,,,,,,,,,,,,,,,,,,,,,,,,,,,,0
001450,2025,4,202504,현대해상,00164973,CFS,CFS,50429646840633.0,5157512762473.0,45272134078160.0,8.777900542984261,2.2801247925956485,3163940132746.0,0.022399170907762223,,1,1,0,missing_prev_yoy,-396479963567.0,-0.09479190778920987,,1,1,0,missing_prev_yoy,1019820047983.0,0.19903634659495983,,1,1,0,missing_prev_yoy,3527079478029.0,1.5307234219757397,,1,1,0,missing_prev_yoy,31279854820.0,-0.6763528297291215,,1,1,0,missing_prev_yoy,,,50429646840633.0,0.06994059445181566,0.0006202671797177188,-0.1253120940764745,-0.007862041247680158,10,20233,20254,797015144471.0,554800625077.0,-0.3039020288061956,-90816767686.0,-109401203377.0,-0.20463661242884018,0,0,3527079478029.0,0.06994059445181566,0,0,2026-03-31,65121,False,excluded_by_filter,,,,,,,,,,,,,,,,,,,,,,,,,,,,,,,,,,,,,,0
001510,2025,4,202504,SK증권,00131850,CFS,CFS,6859536112248.0,604618254601.0,6254917857647.0,10.345234881759811,2.3978952727983707,917322281816.0,0.32505244224940655,,1,1,0,missing_prev_yoy,7785938575.0,-1.072174631326902,,1,1,0,missing_prev_yoy,28702851671.0,-1.3446951055083607,,1,1,0,missing_prev_yoy,-374251666084.0,-2.722896122468567,,1,1,0,missing_prev_yoy,7838885720.0,0.08832637466246451,,1,1,0,missing_prev_yoy,,,6859536112248.0,-0.05455932587274486,0.001142771988036236,0.008487680643259174,0.001135053223365625,10,20233,20254,174543132144.0,338939775562.0,0.9418683015403377,8260174078.0,-5685892497.0,-1.6883502022243944,0,0,-374251666084.0,-0.05455932587274486,0,0,2026-03-31,66121,False,excluded_by_filter,,,,,,,,,,,,,,,,,,,,,,,,,,,,,,,,,,,,,,0
001720,2025,4,202504,신영증권,00136721,CFS,CFS,10379574597460.0,1832693975299.0,8546880622161.0,4.663561258647448,1.7340528919941396,2466380710168.0,-0.10776093260910702,,1,1,0,missing_prev_yoy,136145617008.0,-0.20091672110080838,,1,1,0,missing_prev_yoy,112278184228.0,-0.24841210400294955,,1,1,0,missing_prev_yoy,-442109352801.0,-0.3346823881739849,,1,1,0,missing_prev_yoy,10607896654.0,0.2717310315797232,,1,1,0,missing_prev_yoy,,,10379574597460.0,-0.04259416883127264,0.0010219972460717103,0.055200568365913916,0.013116685633852121,10,20232,20254,705100951053.0,401151583002.0,-0.431072128887475,37021360854.0,-12642722018.0,-1.3414980359003743,0,0,-442109352801.0,-0.04259416883127264,0,0,2026-03-31,66121,False,excluded_by_filter,,,,,,,,,,,,,,,,,,,,,,,,,,,,,,,,,,,,,,0
002020,2025,4,202504,코오롱,00152862,CFS,CFS,7446985208816.0,2423307276517.0,5023677932299.0,2.0730668293620163,1.1226760301823042,5886133083763.0,-0.023593581387521878,-0.04635015244901375,1,1,1,,60501208348.0,-1.6755921142134462,0.194471699210228,1,1,1,,-296605779721.0,-2.881698045320621,-12.125653202954911,1,1,1,,10407353706.0,-1.0556695785118113,-1.8110328398066384,1,1,1,,207285483536.0,0.12070932560980308,-1.6639335977023715,1,1,1,,-0.04530806340053489,0.17770399492057382,7446985208816.0,0.001397525765685611,0.027834818751970695,0.010278600141558748,0.008124255205499344,40,20161,20254,1439940168350.0,1532453783900.0,0.06424823585275045,67570073088.0,-88814844956.0,-2.314410964752574,0,0,10407353706.0,0.001397525765685611,0,0,2026-03-31,64992,False,excluded_by_filter,,,,,,,,,,,,,,,,,,,,,,,,,,,,,,,,,,,,,,0
003240,2025,4,202504,태광산업,00153393,CFS,CFS,4498283132949.0,3964264620645.0,534018512304.0,0.13470808924382885,0.12637542776077917,1827439561466.0,-0.13875718051457187,-0.07535959850144347,1,1,1,,-36015243749.0,0.3258138387835323,1.0524455134676758,1,1,1,,83143647817.0,-0.6192401176781936,15.240959195904415,1,1,1,,-133279659296.0,-1.582723051058467,-2.7215145067504323,1,1,1,,145743928417.0,-2.9363120484408434,-2.9789423574236515,1,1,1,,-0.0726551158774525,0.719032015569514,4498283132949.0,-0.029629006302372092,0.03239990105323866,-0.019708035498644902,-0.008006442165722237,40,20161,20254,445197142480.0,410108221586.0,-0.07881659055252434,-41894775634.0,22076538095.0,1.5269520545440904,0,0,-133279659296.0,-0.029629006302372092,0,0,2026-03-31,20501,False,excluded_by_filter,,,,,,,,,,,,,,,,,,,,,,,,,,,,,,,,,,,,,,0
003550,2025,4,202504,LG,00120021,CFS,CFS,33982889000000.0,30334813000000.0,3648076000000.0,0.1202603754306974,0.11356113635128837,7252547000000.0,0.010736805284087936,0.04697842016889631,1,1,1,,912174000000.0,-0.056542847745546854,0.33500272173689283,1,1,1,,1000121000000.0,0.26521041698820214,0.7062756257407777,1,1,1,,1015114000000.0,-0.2543881491144374,-0.7967697672063242,1,1,1,,168187000000.0,0.332596466207115,0.4303295393192603,1,1,1,,0.045908320567006417,0.2889333306043614,33982889000000.0,0.029871327302396215,0.004949167211769429,0.1257729181210408,0.026842155768451587,40,20161,20254,1996180000000.0,1522521000000.0,-0.23728270997605427,418941000000.0,-421698000000.0,-2.0065808789304462,0,0,1015114000000.0,0.029871327302396215,0,0,2026-03-31,64992,False,excluded_by_filter,,,,,,,,,,,,,,,,,,,,,,,,,,,,,,,,,,,,,,0
003670,2025,4,202504,포스코퓨처엠,00155276,CFS,CFS,9143896515830.0,4512079082909.0,4631817432921.0,1.0265372897530871,0.7063285679793946,2938698184392.0,-0.20574527693120304,0.016934527240344388,1,1,1,,32827283494.0,44.514692064799995,45.494591676656974,1,1,1,,36521891144.0,-1.1578722484577766,52.00149340048189,1,1,1,,-33577422254.0,-1.0500520365527777,1.4579973071561776,1,1,1,,1509293463036.0,-0.2666465052690249,-0.7732349699306184,1,1,1,,0.01679273666597111,3.839335997800125,9143896515830.0,-0.003672113108002748,0.16506020824088471,0.011170689003842625,0.0035900760072217677,40,20161,20254,874798315308.0,557569079575.0,-0.3626312833276429,66669950510.0,-51766137801.0,-1.7764538207244576,0,0,-33577422254.0,-0.003672113108002748,0,0,2026-03-31,282,False,excluded_by_filter,,,,,,,,,,,,,,,,,,,,,,,,,,,,,,,,,,,,,,0
004990,2025,4,202504,롯데지주,00120562,CFS,CFS,23071072297336.0,9421639933465.0,13649432363871.0,1.4487321167294007,0.8955703872297934,15539626589471.0,-0.013793829656821854,-0.05318753413181976,1,1,1,,239439333968.0,-0.2967362597331996,0.013621952490502354,1,1,1,,-595003287583.0,-0.3710842613474117,6.409661308769292,1,1,1,,1156131183818.0,0.0980268285027488,0.24719047166996988,1,1,1,,1365058382025.0,-0.007922035294249952,-0.7104715555923276,1,1,1,,-0.05182131238673683,0.013530007732746957,23071072297336.0,0.05011172298010169,0.05916753085562574,0.015408306794851433,0.010378335730656434,34,20161,20254,4154307233412.0,3756880376469.0,-0.09566621691977915,185067817225.0,-105782357940.0,-1.5715869972756686,0,0,1156131183818.0,0.05011172298010169,0,0,2026-03-31,64992,False,excluded_by_filter,,,,,,,,,,,,,,,,,,,,,,,,,,,,,,,,,,,,,,0
005300,2025,4,202504,롯데칠성음료,00120571,CFS,CFS,4284698593709.0,1600295935394.0,2684402658315.0,1.6774414025203959,0.9848616379538394,3971143829134.0,-0.013258648661202077,-0.2612902992966506,1,1,1,,167159917902.0,-0.09607539671086907,0.026120196736283074,1,1,1,,51198353335.0,-0.14687766272872105,0.4927138681779163,1,1,1,,353618655562.0,0.08732130536276439,-0.12735981261595586,1,1,1,,231729194130.0,-0.24007549542507012,-0.7219794200727285,1,1,1,,-0.23213524404571761,0.02578489070204766,4284698593709.0,0.08253057894928709,0.05408296267798998,0.04209364482737788,0.039013226775725184,40,20161,20254,1079169858774.0,894336951597.0,-0.1712732297647573,91806733280.0,-12035705294.0,-1.1310982851039093,0,0,353618655562.0,0.08253057894928709,0,0,2026-03-31,11209,False,excluded_by_filter,,,,,,,,,,,,,,,,,,,,,,,,,,,,,,,,,,,,,,0
005420,2025,4,202504,코스모화학,00160302,CFS,CFS,1168366014277.0,584313905841.0,584052108436.0,0.9995519575995317,0.692923134263214,664155164378.0,-0.11361049569249737,-0.05140364374247863,1,1,1,,-15986153874.0,6.989480552224221,8.655205955146696,1,1,1,,-30961125757.0,-0.40782930656250616,-6.407118700715229,1,1,1,,121742460863.0,-5.391748922440816,-5.008447939485474,1,1,1,,,,,0,0,0,missing_ttm_yoy,-0.050126075007323946,2.2674972471026495,1168366014277.0,0.10419890631476114,,-0.024069908255507557,-0.013682487917874296,40,20161,20254,151999825801.0,173494331755.0,0.14141138544553902,-4915915169.0,-7299746135.0,-0.4849210948619606,0,1,121742460863.0,0.10419890631476114,0,0,2026-03-31,2049,False,excluded_by_filter,,,,,,,,,,,,,,,,,,,,,,,,,,,,,,,,,,,,,,0
006120,2025,4,202504,SK디스커버리,00131832,CFS,CFS,16299659050645.0,6851245699316.0,9448413351329.0,1.3790796252238173,0.866713700800147,10164013989611.0,0.12438722300964788,0.11315737591904385,1,1,1,,361353559282.0,1.0941011295112881,1.4218905009154392,1,1,1,,144626599785.0,3.5310380554126155,4.402239740324251,1,1,1,,660830683509.0,4.726843541239272,5.534730679431517,1,1,1,,842800927459.0,0.012345928595927091,0.15484700182586975,1,1,1,,0.1072004602482832,0.8845484339170803,16299659050645.0,0.040542607759813845,0.05170665992707677,0.03555224930341028,0.022169393737576416,40,20161,20254,2601279835164.0,2658827563378.0,0.022122851773220258,168141462657.0,-5471023229.0,-1.032538215991142,0,0,660830683509.0,0.040542607759813845,0,1,2026-03-31,64992,False,excluded_by_filter,,,,,,,,,,,,,,,,,,,,,,,,,,,,,,,,,,,,,,0
006400,2025,4,202504,삼성SDI,00126362,CFS,CFS,42255338580919.0,23570113159830.0,18685225421089.0,0.7927507727427375,0.583751184818099,13266730679499.0,-0.2004260078341792,0.06890509488806884,1,1,1,,-1722360788760.0,-5.74081923819682,-4.9632456899658495,1,1,1,,-584875358534.0,-2.016268880210122,-1.2948262111571531,1,1,1,,792385760879.0,-6.7580576371637715,-5.692637161612276,1,1,1,,3129104311115.0,-0.5078141011313558,-1.0734449953351626,1,1,1,,0.06663484876415514,-1.7856149117013376,42255338580919.0,0.01875232307893074,0.07405228347946528,-0.12982556368778586,-0.04076078542032453,40,20161,20254,3051820635180.0,3858686247404.0,0.26438828118625984,-591288808607.0,-299166398111.0,0.4940435304097885,0,0,792385760879.0,0.01875232307893074,0,0,2026-03-31,28202,False,excluded_by_filter,,,,,,,,,,,,,,,,,,,,,,,,,,,,,,,,,,,,,,0
008770,2025,4,202504,호텔신라,00165680,CFS,CFS,3541423621707.0,1106221783430.0,2435201838277.0,2.201368545398108,1.1635783888176539,4068306491409.0,0.03058966211105174,-0.0756425403958576,1,1,1,,13512516028.0,-3.606415457210091,-2.5495887132215476,1,1,1,,-172848550007.0,1.8104777336311302,,1,1,0,missing_prev_yoy,103620502742.0,0.5073557188084441,1.2239082190982464,1,1,1,,53563220274.0,-0.27574013498157635,-0.6266154893404364,1,1,1,,-0.07291819501710513,-1.2668317413450156,3541423621707.0,0.029259561636982002,0.015124770712457726,0.0033214105320074185,0.003815560483974758,40,20161,20254,1025691115117.0,1045379077886.0,0.019194826277455085,11440279602.0,-4117738639.0,-1.3599333916873966,0,0,103620502742.0,0.029259561636982002,0,1,2026-03-31,47859,False,excluded_by_filter,,,,,,,,,,,,,,,,,,,,,,,,,,,,,,,,,,,,,,0
009420,2025,4,202504,한올바이오파마,00162586,CFS,CFS,225224012033.0,161681400836.0,63542611197.0,0.3930112608404095,0.33146777864181376,155184524107.0,0.11688781495880374,0.08698739252776977,1,1,1,,-915814382.0,-4.973597219202491,-4.077820381137497,1,1,1,,-5559162634.0,2.080135589973783,3.594540079119444,1,1,1,,-2340357567.0,-1.2500366497725364,-0.565796975465346,1,1,1,,14115740358.0,-0.27005616347339745,-1.5495695952747433,1,1,1,,0.08341000966129491,-1.6248821106871116,225224012033.0,-0.010391243570677042,0.06267422478883712,-0.005901454331673849,-0.004066237759168477,40,20161,20254,40803569354.0,37548994451.0,-0.07976201480719117,348875709.0,-2016046551.0,-6.77869567582878,0,0,-2340357567.0,-0.010391243570677042,0,0,2026-03-31,212,False,excluded_by_filter,,,,,,,,,,,,,,,,,,,,,,,,,,,,,,,,,,,,,,0
009830,2025,4,202504,한화솔루션,00162461,CFS,CFS,33144011000000.0,11185039000000.0,21958972000000.0,1.9632450096955407,1.0862849549114435,13333055000000.0,0.07576485067180005,0.14309409281481233,1,1,1,,-364759000000.0,0.21489967512970232,1.7115474428458013,1,1,1,,-615282000000.0,-0.5505545831533118,-8.368025880930356,1,1,1,,-655006000000.0,-2.0258729069454198,-2.2585814319999824,1,1,1,,2017506000000.0,-0.409906084408753,-0.8279178060060386,1,1,1,,0.1337387023473378,0.9975194840464445,33144011000000.0,-0.01976242404698695,0.06087090666244348,-0.02735749608773083,-0.01100527633785784,40,20161,20254,3364316000000.0,3756998000000.0,0.11671971360597518,-7418000000.0,-489722000000.0,-65.01806416823942,0,0,-655006000000.0,-0.01976242404698695,0,1,2026-03-31,20111,False,excluded_by_filter,,,,,,,,,,,,,,,,,,,,,,,,,,,,,,,,,,,,,,0
010060,2025,4,202504,OCI홀딩스,00148896,CFS,CFS,7870870449000.0,4731526377000.0,3139344072000.0,0.6634949954544024,0.508920808028468,3380060390000.0,-0.0551584607378347,-0.4052714147951689,1,1,1,,-57627064000.0,-1.5675992614786054,-0.7587220460215192,1,1,1,,-146247800000.0,-2.285992978873926,-1.4460894058709428,1,1,1,,553878733000.0,3.758977964613428,4.586350046453021,1,1,1,,372632970000.0,0.03446550182350738,-1.2389186626643973,1,1,1,,-0.34023046191943823,-0.5645874350893123,7870870449000.0,0.07037070888015577,0.04734329861157139,-0.01704912260458163,-0.007321561747636382,40,20161,20254,845110460000.0,810585091000.0,-0.04085308445951551,-53340928000.0,27344744000.0,1.51264094992873,0,0,553878733000.0,0.07037070888015577,0,0,2026-03-31,64992,False,excluded_by_filter,,,,,,,,,,,,,,,,,,,,,,,,,,,,,,,,,,,,,,0
010780,2025,4,202504,아이에스동서,00115977,CFS,CFS,3457985098127.0,1421331007998.0,2036654090129.0,1.4329203251519198,0.8890923156909508,1234356436787.0,-0.18501332509245771,0.06868597350188921,1,1,1,,68122603774.0,-0.5985051278668669,-0.09677741046055699,1,1,1,,-71817706724.0,-0.5516664730785747,1.4479072077855788,1,1,1,,133629547273.0,-2.021033706241338,-0.0022469442495398617,1,1,1,,36275983681.0,-0.30645403796698933,-0.0682798820092575,1,1,1,,0.06642983163979731,-0.09237625319369214,3457985098127.0,0.0386437603057861,0.010490497399959503,0.05518876213042765,0.01970008598674941,40,20161,20254,271032081107.0,329018133878.0,0.21394534748123728,9023998951.0,-27048763521.0,-3.997425384009223,0,0,133629547273.0,0.0386437603057861,0,0,2026-03-31,2332,False,excluded_by_filter,,,,,,,,,,,,,,,,,,,,,,,,,,,,,,,,,,,,,,0
011170,2025,4,202504,롯데케미칼,00165413,CFS,CFS,31117333049679.0,17628428467279.0,13488904582400.0,0.7651790746655281,0.5682521439726811,18483005314922.0,-0.09531739855713084,-0.1195813768803865,1,1,1,,-943115729953.0,0.05484371693633139,-1.5165528240236157,1,1,1,,-2476176326250.0,0.3563958938827778,-45.16277405445766,1,1,1,,488927763234.0,-0.6830071522865031,-1.6365683523776355,1,1,1,,1634610566223.0,-0.27515162899449763,0.10629553115055868,1,1,1,,-0.11295484479483384,-0.9228900380823631,31117333049679.0,0.015712392911481972,0.0525305482835992,-0.05102610283791827,-0.030308372778840343,40,20161,20254,4786058197528.0,4709943189430.0,-0.015903485698797692,-132554744240.0,-433474188154.0,-2.2701521974133456,0,0,488927763234.0,0.015712392911481972,0,0,2026-03-31,20111,False,excluded_by_filter,,,,,,,,,,,,,,,,,,,,,,,,,,,,,,,,,,,,,,0
011790,2025,4,202504,SKC,00139889,CFS,CFS,6740499643049.0,2025734428681.0,4714765214368.0,2.3274350021477823,1.2022017375569884,1840036441822.0,0.0688165368436664,-0.027196586107981924,1,1,1,,-305025449873.0,0.10183977379189812,-0.17801117698552815,1,1,1,,-719360650768.0,0.5808194495121841,0.18648338547543286,1,1,1,,-567575812502.0,1.8419309552889072,1.99114646816711,1,1,1,,289329303151.0,-0.572778550842787,-0.21804759494582449,1,1,1,,-0.026833330455028608,-0.16382757328754802,6740499643049.0,-0.08420381908740263,0.042924014312405584,-0.16577141785896615,-0.04525264684014206,40,20161,20254,506018201707.0,428258729167.0,-0.15366931916220894,-52771389159.0,-107607607109.0,-1.0391278081533666,0,0,-567575812502.0,-0.08420381908740263,0,0,2026-03-31,204,False,excluded_by_filter,,,,,,,,,,,,,,,,,,,,,,,,,,,,,,,,,,,,,,0
020150,2025,4,202504,롯데에너지머티리얼즈,00113997,CFS,CFS,2208680587320.0,1793464927050.0,415215660270.0,0.2315159075638975,0.20824585572109267,677530806593.0,-0.24906701073434911,-0.3643269181022426,1,1,1,,-145226366142.0,1.2535053957203175,7.71242645299123,1,1,1,,-167150052089.0,-6.8041421066705325,-5.165882195158692,1,1,1,,-11053371492.0,-1.1270443826701595,0.8421994771799153,1,1,1,,73508756639.0,-0.33576403929608334,0.17188299044859068,1,1,1,,-0.3106612067315968,2.164750334500508,2208680587320.0,-0.005004513353111006,0.03328175068002707,-0.21434651344088482,-0.06575254338528724,40,20161,20254,143705956170.0,170904016902.0,0.18926188904672453,-34283273043.0,-33817736641.0,0.01357911193065196,0,0,-11053371492.0,-0.005004513353111006,0,0,2026-03-31,2629,False,excluded_by_filter,,,,,,,,,,,,,,,,,,,,,,,,,,,,,,,,,,,,,,0
022100,2025,4,202504,포스코DX,00155212,CFS,CFS,834391536739.0,572559763845.0,261831772894.0,0.4573003368865465,0.37658563972920645,1075175363044.0,-0.27022183437602987,-0.26175211448714497,1,1,1,,60388586087.0,-0.4459354526988717,-0.4317190855226154,1,1,1,,52623905401.0,-0.40604442756821424,-0.3677372928713576,1,1,1,,145951092070.0,0.4923506715282888,-2.98953813312962,1,1,1,,8739337529.0,-0.39037018135462764,-0.30154063346394255,1,1,1,,-0.2325013220736801,-0.358875879966952,834391536739.0,0.1749191903844225,0.01047390480871295,0.05616626660420295,0.07237439910166504,40,20161,20254,244723536287.0,260814542793.0,0.06575177340984989,21659261676.0,-1217015924.0,-1.0561891694280854,0,0,145951092070.0,0.1749191903844225,0,0,2026-03-31,72129,False,excluded_by_filter,,,,,,,,,,,,,,,,,,,,,,,,,,,,,,,,,,,,,,0
025320,2025,4,202504,시노펙스,00203023,CFS,CFS,259491410039.0,171717777085.0,87773632954.0,0.5111505310865526,0.41287130181398757,261537523873.0,0.09733273752859617,0.18824058447640923,1,1,1,,6758695228.0,-0.6816351686835335,-0.559706642064539,1,1,1,,7162133901.0,-0.7442327864088183,-1.6684793917230647,1,1,1,,22247874054.0,-0.4057736106577299,-0.18424834569606774,1,1,1,,19161127175.0,-1.7578099307451114,0.5346625692948181,1,1,1,,0.1724737126231582,-0.4444977536192064,259491410039.0,0.08573645675075055,0.07384108465139635,0.025842162638512838,0.026045930487580336,40,20161,20254,70798467408.0,55834769772.0,-0.2113562367073097,829463698.0,-6511681779.0,-8.850472292760907,0,0,22247874054.0,0.08573645675075055,0,0,2026-03-31,2629,False,excluded_by_filter,,,,,,,,,,,,,,,,,,,,,,,,,,,,,,,,,,,,,,0
028300,2025,4,202504,HLB,00199252,CFS,CFS,930177639023.0,494413769060.0,435763869963.0,0.8813748670298814,0.6320028218132928,84172574224.0,0.23554753104161374,-0.3524439881311463,1,1,1,,-104217336541.0,-0.1206486713803987,-0.0685902735845354,1,1,1,,-235415156253.0,1.1792292226659504,1.6549355510065213,1,1,1,,-92588030393.0,-0.1900446342736667,-0.2140598257204357,1,1,1,,17533155223.0,-0.3522401528868617,-3.186784704390906,1,1,1,,-0.301913317299526,-0.06634027848301823,930177639023.0,-0.09953800920246657,0.018849254687970916,-1.2381388772031243,-0.11204025141957114,40,20161,20254,22111389951.0,28664628461.0,0.2963738835289107,-23028026210.0,-29370834086.0,-0.27543862501101435,0,0,-92588030393.0,-0.09953800920246657,0,1,2026-03-31,213,False,excluded_by_filter,,,,,,,,,,,,,,,,,,,,,,,,,,,,,,,,,,,,,,0
030520,2025,4,202504,한글과컴퓨터,00204262,CFS,CFS,728546530735.0,496500543690.0,232045987045.0,0.46736300693737515,0.3834669170422511,326744735334.0,0.07209106102324325,-0.05211978509153736,1,1,1,,36397225985.0,-0.09958438383125034,-0.2832632365979185,1,1,1,,24577732451.0,0.7560402729784617,2.2650428849532087,1,1,1,,69730080098.0,0.24580797112403285,0.058148719348693145,1,1,1,,16106751529.0,-0.2639869860147692,-0.3824093878892205,1,1,1,,-0.05080697198894098,-0.24940623730702038,728546530735.0,0.0957112238632888,0.02210806153005845,0.11139345810054012,0.049958684105297115,40,20161,20254,84065726106.0,95350404554.0,0.1342363763535563,12355521302.0,-748763336.0,-1.0606015171434975,0,0,69730080098.0,0.0957112238632888,0,0,2026-03-31,582,False,excluded_by_filter,,,,,,,,,,,,,,,,,,,,,,,,,,,,,,,,,,,,,,0
030530,2025,4,202504,원익홀딩스,00216647,CFS,CFS,1969723238243.0,1301244027671.0,668479210572.0,0.5137231728690131,0.4145722934285447,622991604240.0,-0.03482875319693768,0.10399804382160671,1,1,1,,-418124396.0,-1.0136577465178949,-0.6824638905176557,1,1,1,,50427053015.0,-1.825822305742726,-3.3913044043769,1,1,1,,118085965498.0,0.16258954206221055,0.39438318585213505,1,1,1,,90807786775.0,0.025705541026039613,-1.0343760218217815,1,1,1,,0.09893817595261518,-0.5202593205041531,1969723238243.0,0.059950536809086484,0.04610179999500887,-0.0006711557477730031,-0.00021227570852693417,40,20161,20254,143396174625.0,151020047531.0,0.05316650130965793,-8067635742.0,-723311158.0,0.9103440981805299,0,0,118085965498.0,0.059950536809086484,0,0,2026-03-31,201,False,excluded_by_filter,,,,,,,,,,,,,,,,,,,,,,,,,,,,,,,,,,,,,,0
036540,2025,4,202504,SFA반도체,00301246,CFS,CFS,549454597885.0,472827187628.0,76627410257.0,0.1620621915618083,0.15019617813504316,367389147993.0,-0.08263453188195036,0.002156135113739799,1,1,1,,-19626671175.0,632.0321284266216,633.0302730105401,1,1,1,,-19130997781.0,-1.9350958353110856,0.521713360955073,1,1,1,,5456325212.0,-0.8972063960510147,-1.3710164552469242,1,1,1,,22059925984.0,-0.39768955460219124,-0.7442188355054109,1,1,1,,0.0021538139902638723,6.452096702525249,549454597885.0,0.009930438716871017,0.04014876946869614,-0.05342202207718436,-0.0357202783461061,40,20161,20254,96471790664.0,119553817574.0,0.2392619308829045,-6300778484.0,-590080688.0,0.9063479712072988,0,0,5456325212.0,0.009930438716871017,0,1,2026-03-31,2611,False,excluded_by_filter,,,,,,,,,,,,,,,,,,,,,,,,,,,,,,,,,,,,,,0
036810,2025,4,202504,에프에스티,00223434,CFS,CFS,540070062623.0,242315300541.0,297754762082.0,1.228790593979102,0.801459103816939,280262733555.0,0.18050866729960235,-0.020898697564534885,1,1,1,,-546526969.0,-1.2389427303742389,-0.026812667875772078,1,1,1,,-14329719293.0,7.750042828573884,8.659580595088883,1,1,1,,14070656599.0,-3.612518328128575,-1.950989210079999,1,1,1,,48690088342.0,-0.29276281679299154,-1.532744748365316,1,1,1,,-0.020683315420185096,-0.026459507176544262,540070062623.0,0.026053391166808906,0.0901551330313017,-0.0019500522315884254,-0.0010119556828342609,40,20161,20254,65499988910.0,70269160957.0,0.07281179930508175,-1872319549.0,-3158640492.0,-0.6870199820789245,0,0,14070656599.0,0.026053391166808906,0,0,2026-03-31,2629,False,excluded_by_filter,,,,,,,,,,,,,,,,,,,,,,,,,,,,,,,,,,,,,,0
036830,2025,4,202504,솔브레인홀딩스,00247975,CFS,CFS,2658817185091.0,1947608602973.0,711208582118.0,0.36517017897351095,0.3112790941065279,556646781397.0,0.08007164237348796,0.3010292010030087,1,1,1,,8859913929.0,-0.8961486823509051,-0.601443979176241,1,1,1,,495558016939.0,7.890364410100711,8.2222246766275,1,1,1,,46552322856.0,-0.453147452514705,-0.30892458965751735,1,1,1,,34451810809.0,-0.6157736805029206,-0.2961022853510926,1,1,1,,0.26315564432306976,-0.4709057092343613,2658817185091.0,0.017508658781444846,0.012957570382117438,0.015916581618894005,0.0033322764643921024,40,20161,20254,98416358894.0,140246944827.0,0.42503691869005145,-15375376722.0,-18350552951.0,-0.1935026557588629,0,0,46552322856.0,0.017508658781444846,0,0,2026-03-31,715,False,excluded_by_filter,,,,,,,,,,,,,,,,,,,,,,,,,,,,,,,,,,,,,,0
036930,2025,4,202504,주성엔지니어링,00252135,CFS,CFS,887892914256.0,590456566398.0,297436347858.0,0.5037395886245621,0.40795506467484455,310692584812.0,-0.2410903390867042,-0.6788434759348009,1,1,1,,31257811742.0,-0.6784050403682695,-3.0372417227499042,1,1,1,,35693416702.0,-0.6658361299002207,-2.8073534997454246,1,1,1,,-30678160138.0,-1.1365459889847023,-253.53740702803788,1,1,1,,,,,0,0,0,missing_ttm_yoy,-0.5181051491724749,-1.395561716905086,887892914256.0,-0.03455164428663835,,0.10060688046647169,0.03520448382921507,40,20161,20254,58773454725.0,52280442586.0,-0.11047525059366842,3355821494.0,-12581107733.0,-4.7490396183152885,0,0,-30678160138.0,-0.03455164428663835,0,0,2026-03-31,29229,False,excluded_by_filter,,,,,,,,,,,,,,,,,,,,,,,,,,,,,,,,,,,,,,0
041960,2025,4,202504,코미팜,00187415,CFS,CFS,133915480942.0,72057179197.0,61858301745.0,0.8584613279945794,0.6197489023571212,52465294279.0,-0.10740747193441125,-0.48566389455424563,1,1,1,,1960455812.0,-0.6834366497135052,1.3037859010913682,1,1,1,,-8027820338.0,-1.546477471385605,1.9389060331129455,1,1,1,,-621803980.0,-1.0702842522146265,3.08948808527791,1,1,1,,4470926967.0,0.12379470944907944,-2.4003201354508166,1,1,1,,-0.39586173938986485,0.8345538136423232,133915480942.0,-0.004643256893273668,0.03338618459606174,0.03736671715924599,0.01463950096142425,40,20161,20254,12479842279.0,11897470660.0,-0.04666498229548659,65724728.0,-241118957.0,-4.668618560125498,0,0,-621803980.0,-0.004643256893273668,0,0,2026-03-31,21230,False,excluded_by_filter,,,,,,,,,,,,,,,,,,,,,,,,,,,,,,,,,,,,,,0
042520,2025,4,202504,한스바이오메드,00349060,CFS,CFS,126407117302.0,33886510129.0,92520607173.0,2.730307925507533,1.3164907840037212,89779853611.0,0.10651581055712356,0.06671937796637084,1,1,1,,-25890557566.0,-42.3851402547365,-41.23457010749564,1,1,1,,-32075124367.0,3.112351364122026,3.7886009002051453,1,1,1,,318338522.0,-0.8189798069774779,0.6521145971031217,1,1,1,,1757565931.0,-0.37873906457580186,-0.7476794952722888,1,1,1,,0.06458793676007185,-3.743239082543442,126407117302.0,0.0025183591620039523,0.013904010854080223,-0.2883782555291206,-0.2048188275992776,39,20161,20254,22033892083.0,23714661352.0,0.07628108836462799,40796559.0,-26950125984.0,-661.5980172004213,0,0,318338522.0,0.0025183591620039523,0,1,2026-03-31,213,False,excluded_by_filter,,,,,,,,,,,,,,,,,,,,,,,,,,,,,,,,,,,,,,0
047040,2025,4,202504,대우건설,00124540,CFS,CFS,13358502674960.0,3474605615293.0,9883897059667.0,2.8446097641022576,1.3466721060260207,8054627137857.0,-0.23315623497767635,-0.13492380535874393,1,1,1,,-815431279791.0,-3.022772187409828,-2.6312475588007116,1,1,1,,-916079534292.0,-4.772207257865764,-4.23790130425343,1,1,1,,462905032703.0,-1.3606515050088661,-1.9018184196301522,1,1,1,,110981717721.0,1.556227168279528,1.9738597158814941,1,1,1,,-0.12656551683740666,-1.2895762693426671,13358502674960.0,0.0346524639749257,0.008307945914404835,-0.10123761979725261,-0.06104211674258183,40,20161,20254,1990611305711.0,1714026532834.0,-0.13894464081635985,56569569369.0,-1105518034634.0,-20.54262772309208,0,1,462905032703.0,0.0346524639749257,0,0,2026-03-31,41112,False,excluded_by_filter,,,,,,,,,,,,,,,,,,,,,,,,,,,,,,,,,,,,,,0
048410,2025,4,202504,현대바이오,00313649,CFS,CFS,130738698532.0,110726343116.0,20012355416.0,0.1807370753230286,0.16613888357540665,3517369223.0,-0.7662881530230958,-1.3536117286541958,1,1,1,,-18160910580.0,-23.96022182730373,-22.879387819164602,1,1,1,,-22128347687.0,2.1933410285908996,2.7154213410711687,1,1,1,,-17049918860.0,-8.55405954750462,-7.17840475336796,1,1,1,,19416136404.0,350.20309646952745,351.0944899481313,1,1,1,,-0.8559510541353336,-3.173015652482426,130738698532.0,-0.13041218133150384,0.14851101182751675,-5.163208474460459,-0.13890998444928593,40,20161,20254,553056709.0,1922610720.0,2.476335588580664,-4619778899.0,-4439771181.0,0.0389645742654404,0,0,-17049918860.0,-0.13041218133150384,0,1,2026-03-31,204,False,excluded_by_filter,,,,,,,,,,,,,,,,,,,,,,,,,,,,,,,,,,,,,,0
051900,2025,4,202504,LG생활건강,00356370,CFS,CFS,6869383558281.0,5570301328895.0,1299082229386.0,0.23321579079523574,0.20962522167966213,6355489977342.0,-0.06700443673778744,-0.06804478261914293,1,1,1,,170688596929.0,-0.6281666116611229,-0.5708023619884585,1,1,1,,-85778983809.0,-1.4207167530410996,-1.6675518100371622,1,1,1,,446433049589.0,-0.15389011913827688,0.04553207708578122,1,1,1,,94630943968.0,-0.35753855812282176,-0.25834678765828933,1,1,1,,-0.0658296709502434,-0.4515865474056254,6869383558281.0,0.0649888080642735,0.013775754864339023,0.0268568745348546,0.02484773131109209,40,20161,20254,1579950874205.0,1472789595070.0,-0.06782570324467932,46195070525.0,-72689873876.0,-2.5735417881148477,0,0,446433049589.0,0.0649888080642735,0,0,2026-03-31,20422,False,excluded_by_filter,,,,,,,,,,,,,,,,,,,,,,,,,,,,,,,,,,,,,,0
051910,2025,4,202504,LG화학,00356361,CFS,CFS,101061661000000.0,47105545000000.0,53956116000000.0,1.1454302460570194,0.763340113178682,45932167000000.0,-0.06100111734164271,0.05363608893888849,1,1,1,,1180900000000.0,0.28807000015270545,0.925584056002865,1,1,1,,-977063000000.0,-2.897169186677566,,1,1,0,missing_prev_yoy,8233859000000.0,0.17419579971818244,0.24374076657398291,1,1,1,,13856671000000.0,-1.9375374919028316,-2.0646721857928334,1,1,1,,0.05224712383951754,0.6552293274373152,101061661000000.0,0.08147361638950304,0.13711105539814944,0.025709651364804974,0.011684945490852363,40,20161,20254,11196170000000.0,11197134000000.0,8.610087199461958e-05,679714000000.0,-413264000000.0,-1.6079968928108,0,0,8233859000000.0,0.08147361638950304,0,0,2026-03-31,20111,False,excluded_by_filter,,,,,,,,,,,,,,,,,,,,,,,,,,,,,,,,,,,,,,0
056080,2025,4,202504,유진로봇,00234227,CFS,OFS,53790100296.0,28718220360.0,25071879936.0,0.8730304183793094,0.6275576637888644,28189374133.0,0.0826240189052585,0.2265924834894283,1,1,1,,-5033460702.0,0.19172616421875577,0.28848713215679356,1,1,1,,-6983789859.0,1.1883041820000022,1.571766494120361,1,1,1,,-5386336977.0,-3.8018685828401115,-2.463913888846817,1,1,1,,134066272.0,-0.6022115551834466,-1.5234153841304305,1,1,1,,0.20423998626779122,0.25346876437573834,53790100296.0,-0.1001362136779757,0.0024923967656176613,-0.17855879588711973,-0.09357596796253424,40,20161,20254,3477179357.0,20411527878.0,4.870139495942027,-1685276664.0,1974997152.0,2.1719127156916476,0,0,-5386336977.0,-0.1001362136779757,0,1,2026-03-31,292,False,excluded_by_filter,,,,,,,,,,,,,,,,,,,,,,,,,,,,,,,,,,,,,,0
060370,2025,4,202504,LS마린솔루션,00225742,CFS,CFS,739037054373.0,628072916399.0,110964137974.0,0.1766739737962321,0.16269179228294,244205074557.0,0.8744758759371902,0.03383581539472358,1,1,1,,7009301321.0,-0.4343992887006537,-0.3813480359715876,1,1,1,,8356327494.0,-0.36710176138671347,-0.5035646947464437,1,1,1,,19934400037.0,-4.010769625664252,-2.622394022193986,1,1,1,,,,,0,0,0,missing_ttm_yoy,0.033275977593243786,-0.32305986003425236,739037054373.0,0.02697347841903864,,0.02870252116470232,0.009484370613793784,40,20161,20254,76972868236.0,55764819400.0,-0.27552629026341846,2052839180.0,-1479258649.0,-1.7205915901312834,0,0,19934400037.0,0.02697347841903864,0,0,2026-03-31,423,False,excluded_by_filter,,,,,,,,,,,,,,,,,,,,,,,,,,,,,,,,,,,,,,0
064260,2025,4,202504,다날,00389970,CFS,CFS,741963126216.0,307585989379.0,434377136837.0,1.4122136632880604,0.880544858394418,225377154221.0,-0.13627630279839698,-0.01940553241130072,1,1,1,,2312158591.0,0.6594487137142377,1.2610981058606954,1,1,1,,-68364452157.0,-24.37327805524218,-23.30126216810136,1,1,1,,14288578704.0,-1.8771205056632212,3.176428825036406,1,1,1,,1609982424.0,-0.9220690420384327,-0.9148906025096073,1,1,1,,-0.019219646034151775,0.8158505828280429,741963126216.0,0.0192578016334471,0.0021698954666532883,0.010259063741361943,0.003116271562971022,40,20161,20254,56298947930.0,55870953099.0,-0.007602181687873683,2017967283.0,-3082220817.0,-2.527388894243039,0,1,14288578704.0,0.0192578016334471,0,0,2026-03-31,582,False,excluded_by_filter,,,,,,,,,,,,,,,,,,,,,,,,,,,,,,,,,,,,,,0
066570,2025,4,202504,LG전자,00401731,CFS,CFS,68620167000000.0,28552025000000.0,40068142000000.0,1.4033380119273502,0.8768586093372623,89200882000000.0,0.016787079891841472,-0.02477186447763091,1,1,1,,2478392000000.0,-0.27525510465175784,-0.2387951717227741,1,1,1,,1220412000000.0,1.0637203757408709,1.5497630087419458,1,1,1,,4280500000000.0,0.11394161493819,0.46414054634980484,1,1,1,,3907380000000.0,0.0652544625513729,0.17874588078142273,1,1,1,,-0.024470016576381214,-0.2141392715655423,68620167000000.0,0.062379620848197585,0.05694215229758913,0.027784388948082373,0.03611754544403834,40,20161,20254,21873774000000.0,23852154000000.0,0.09044529764273875,688918000000.0,-108989000000.0,-1.1582031533506165,0,0,4280500000000.0,0.062379620848197585,0,1,2026-03-31,264,False,excluded_by_filter,,,,,,,,,,,,,,,,,,,,,,,,,,,,,,,,,,,,,,0
066970,2025,4,202504,엘앤에프,00398701,CFS,CFS,3134104265112.0,676823890646.0,2457280374466.0,3.630605255557142,1.5326875842967715,2154938965103.0,0.12973171159321928,0.7189992835334105,1,1,1,,-156849943423.0,-0.7192517363031714,-2.2324940652770353,1,1,1,,-534701333152.0,0.4044136299349457,-0.5488244044044943,1,1,1,,-29205374598.0,-1.1041118610912657,0.6446404194342377,1,1,1,,139393417282.0,-0.33650521460584515,0.23151856444686036,1,1,1,,0.5417423096079613,-1.1732539957076766,3134104265112.0,-0.00931857147291056,0.044476317789963075,-0.07278625796972538,-0.05004617911695252,40,20161,20254,652296034667.0,617785374205.0,-0.052906439144027366,22122023446.0,82468896836.0,2.7279092953367083,0,0,-29205374598.0,-0.00931857147291056,1,0,2026-03-31,28202,False,excluded_by_filter,,,,,,,,,,,,,,,,,,,,,,,,,,,,,,,,,,,,,,0
078160,2025,4,202504,메디포스트,00453929,CFS,CFS,431550932707.0,249906753882.0,181644178825.0,0.7268478182497142,0.5462976761444246,73656891468.0,0.042456683472575696,0.013115871219948394,1,1,1,,-67983786233.0,0.4004432978851469,-0.5312373485186181,1,1,1,,-85991476572.0,0.35681394180033577,14.15875595571011,1,1,1,,-57145549594.0,0.5334368682292394,-0.4199369516222282,1,1,1,,3277199198.0,0.005340486419971313,-0.24189130333793996,1,1,1,,0.01303060295019277,-0.4260761330848451,431550932707.0,-0.13241901537679857,0.007594003278924768,-0.9229793014348879,-0.15753363295163436,40,20161,20254,18688527461.0,17907705557.0,-0.04178081476079117,-14063695195.0,-21259692085.0,-0.5116718465683442,0,0,-57145549594.0,-0.13241901537679857,0,0,2026-03-31,211,False,excluded_by_filter,,,,,,,,,,,,,,,,,,,,,,,,,,,,,,,,,,,,,,0
079370,2025,4,202504,제우스,00442570,CFS,CFS,551531359535.0,362286794635.0,189244564900.0,0.5223612003044765,0.42026255080041097,383307591232.0,-0.2189918578969814,-0.43721112606261414,1,1,1,,-4464967016.0,-1.090802393548073,-6.9732079001347556,1,1,1,,-14135985014.0,-1.3278940772260506,-4.628222641038839,1,1,1,,28038875320.0,-0.5165700420912672,1.963214641812459,1,1,1,,13148549552.0,0.4204869720894837,-1.2390183505394352,1,1,1,,-0.3627045177125204,-2.0760869087021283,551531359535.0,0.05083822494452496,0.02384007604406327,-0.01164852227854142,-0.008095581400420177,40,20161,20254,86788489926.0,98791530042.0,0.13830221180521016,-2509151338.0,-2232360349.0,0.11031259247225207,0,0,28038875320.0,0.05083822494452496,0,0,2026-03-31,29271,False,excluded_by_filter,,,,,,,,,,,,,,,,,,,,,,,,,,,,,,,,,,,,,,0
081660,2025,4,202504,미스토홀딩스,00195229,CFS,CFS,5519193378050.0,2594417063998.0,2924776314052.0,1.1273346736106167,0.7548698692146709,4468646269416.0,0.04682953646540522,-0.018590960005995916,1,1,1,,474780974997.0,0.3158988998779093,0.12706459371358658,1,1,1,,348617792581.0,0.6782901029652644,,1,1,0,missing_prev_yoy,567404562642.0,0.14848876257267007,0.29348835082475244,1,1,1,,254495481845.0,0.668380074014135,0.9130155593544085,1,1,1,,-0.018420260508501752,0.11961654815663775,5519193378050.0,0.10280570434415022,0.046110992025960945,0.10624715996127577,0.08602361658231045,40,20161,20254,1088201481323.0,915232222503.0,-0.15894966308050748,131869003508.0,-1648357368.0,-1.0124999607500635,0,0,567404562642.0,0.10280570434415022,0,0,2026-03-31,464,False,excluded_by_filter,,,,,,,,,,,,,,,,,,,,,,,,,,,,,,,,,,,,,,0
085660,2025,4,202504,차바이오텍,00525679,CFS,CFS,2547575322447.0,809248618897.0,1738326703550.0,2.148074970976567,1.1467911457025037,1268253668584.0,0.21358294486504836,0.11808793769486181,1,1,1,,-48774819348.0,-0.18278419955095615,-5.421021101886713,1,1,1,,-146708498314.0,9.082952821128472,7.4659783270402365,1,1,1,,-72522501543.0,0.46373374404439405,5.767840680550217,1,1,1,,152066302192.0,0.5437362058937973,0.21929946582267013,1,1,1,,0.11162002789625107,-1.8595771551928548,2547575322447.0,-0.02846726489458243,0.05969060104018322,-0.03845825212747611,-0.019145584791247998,40,20161,20254,318675034705.0,346543146027.0,0.08744993578740089,-8056237322.0,-7442498147.0,0.07618186387384579,0,0,-72522501543.0,-0.02846726489458243,0,1,2026-03-31,211,False,excluded_by_filter,,,,,,,,,,,,,,,,,,,,,,,,,,,,,,,,,,,,,,0
086900,2025,4,202504,메디톡스,00580199,CFS,CFS,581756982355.0,454285916603.0,127471065752.0,0.28059656065322586,0.24732603236822714,247290289368.0,0.08165584632857392,0.0477318989397566,1,1,1,,17004372389.0,-0.1643518667485916,-0.3390624515128323,1,1,1,,15658989552.0,-0.025804862343752455,-0.6846353280176186,1,1,1,,61409930215.0,0.6798789450392004,-1.023675656414815,1,1,1,,34224571554.0,0.8279398891066183,1.3282441380801067,1,1,1,,0.046627731548547734,-0.29196970603427475,581756982355.0,0.10555942099123171,0.05882967045011841,0.06876279870292558,0.029229339577781954,40,20161,20254,61016714571.0,60669161380.0,-0.005696032528850463,8898799758.0,-3688281392.0,-1.4144695343531293,0,0,61409930215.0,0.10555942099123171,0,0,2026-03-31,211,False,excluded_by_filter,,,,,,,,,,,,,,,,,,,,,,,,,,,,,,,,,,,,,,0
090360,2025,4,202504,로보스타,00536523,CFS,CFS,109142421219.0,86810119833.0,22332301386.0,0.2572545853981254,0.22893044322822984,75735139041.0,-0.1503833364498408,-0.018528029160235993,1,1,1,,-5660781243.0,-39.10788681575439,-38.2386529080162,1,1,1,,-5200635442.0,-3.3456070969903413,-5.542491825772249,1,1,1,,55687262.0,-0.9937172780728741,-1.2039080295766484,1,1,1,,,,,0,0,0,missing_ttm_yoy,-0.018358476345559264,-3.6696623045466303,109142421219.0,0.000510225642587318,,-0.07474444907185657,-0.05186600388533937,40,20161,20254,17344957139.0,24588919147.0,0.4176408134046067,-1104306956.0,-1360034359.0,-0.23157275394360552,0,0,55687262.0,0.000510225642587318,0,0,2026-03-31,29280,False,excluded_by_filter,,,,,,,,,,,,,,,,,,,,,,,,,,,,,,,,,,,,,,0
090710,2025,4,202504,휴림로봇,00540429,CFS,CFS,276740783001.0,203293937110.0,73446845891.0,0.3612839956523581,0.30842836880249064,168304789069.0,0.2645185469945157,-0.34556500751037533,1,1,1,,-17322068508.0,2.507627989913095,0.8556069243725757,1,1,1,,-30079139806.0,2.202747263435707,16.982178810731362,1,1,1,,-23016768947.0,-0.2529976527745921,4.779727260893827,1,1,1,,1574023256.0,-0.6879096278533818,-2.2203345660861498,1,1,1,,-0.2968140047782941,0.6182118254969046,276740783001.0,-0.08317086010021453,0.005687716999753926,-0.10292082954869729,-0.0625931180802412,40,20161,20254,40467328653.0,24587546051.0,-0.39240995466160505,-3183371281.0,-15867128259.0,-3.9843787790959846,0,0,-23016768947.0,-0.08317086010021453,0,0,2026-03-31,29280,False,excluded_by_filter,,,,,,,,,,,,,,,,,,,,,,,,,,,,,,,,,,,,,,0
114090,2025,4,202504,GKL,00557508,CFS,CFS,651270456839.0,441452020522.0,209818436317.0,0.4752915980968844,0.38885566387798,422947217924.0,0.0669976555257421,0.06776306154529399,1,1,1,,52644453601.0,0.37364846239255,0.6224501535538896,1,1,1,,47072361742.0,0.4238320762767098,0.6698630374372859,1,1,1,,104661991247.0,0.458863907456468,0.6134790136880544,1,1,1,,8580591082.0,0.527811637593605,1.1723761369455625,1,1,1,,0.06556586343942025,0.4839374471234933,651270456839.0,0.16070434356102445,0.013175157865515156,0.12447050452158255,0.08083347409387279,40,20161,20254,109383297619.0,102758861446.0,-0.06056167913381072,17314568210.0,-800589352.0,-1.0462379045373837,0,0,104661991247.0,0.16070434356102445,0,0,2026-03-31,91249,False,excluded_by_filter,,,,,,,,,,,,,,,,,,,,,,,,,,,,,,,,,,,,,,0
115180,2025,4,202504,큐리언트,01042650,CFS,CFS,61994415890.0,39191678309.0,22802737581.0,0.5818260040107435,0.4585798784741491,6982624830.0,-0.2393517690764141,-0.25574133241105257,1,1,1,,-29764167099.0,0.08320816214647442,-0.10050548827932726,1,1,1,,-31261963979.0,0.25063159859854367,0.12712265285829272,1,1,1,,-28673478096.0,0.229761612532837,0.16847912658864628,1,1,1,,3695759198.0,43.134124581412024,43.30571381602183,1,1,1,,-0.22772610130371218,-0.0957696090499332,61994415890.0,-0.4625171103616313,0.05961438856940894,-4.262604367790443,-0.4801104530416441,40,20161,20254,1687931449.0,1528446449.0,-0.09448547220000283,-7012008511.0,-9264914485.0,-0.32129253272664776,0,0,-28673478096.0,-0.4625171103616313,0,0,2026-03-31,70113,False,excluded_by_filter,,,,,,,,,,,,,,,,,,,,,,,,,,,,,,,,,,,,,,0
117730,2025,4,202504,티로보틱스,00867098,CFS,CFS,89361141487.0,48823821679.0,40537319808.0,0.8302774836947233,0.6044675857928723,43812661900.0,-0.27827402042895233,-0.1881738884377705,1,1,1,,-11908451001.0,0.7007265429430147,0.8478714487370808,1,1,1,,-43084791733.0,53.526098858923646,54.51020079897894,1,1,1,,14147653176.0,-4.005897699928875,-3.310245751509278,1,1,1,,1098162171.0,-0.6121433068736284,0.8592465224498071,1,1,1,,-0.1724175809681658,0.6140344084282088,89361141487.0,0.15831996929065817,0.012289034727245034,-0.2718038686665601,-0.1332620734565304,29,20184,20254,13119415238.0,7050431360.0,-0.4625956087144316,-127845448.0,-11047322906.0,-85.41154674509804,0,0,14147653176.0,0.15831996929065817,0,0,2026-03-31,29271,False,excluded_by_filter,,,,,,,,,,,,,,,,,,,,,,,,,,,,,,,,,,,,,,0
122640,2025,4,202504,예스티,00530556,CFS,CFS,226399320290.0,136013819738.0,90385500552.0,0.6645317418928997,0.5095438477777582,87055847267.0,-0.13026877384694213,-0.3844638434467693,1,1,1,,3792979984.0,-0.6632143095084706,27.735998601000496,1,1,1,,665677534.0,-0.9406376139256385,0.44981466159336847,1,1,1,,-7443039427.0,-1.8752569393212306,-5.8314022591092005,1,1,1,,9264163906.0,0.02243996207264254,-0.9737608941958864,1,1,1,,-0.32531294804537825,3.3581506434352284,226399320290.0,-0.032875714544840694,0.04091957473252713,0.043569502831520814,0.016753495457236738,40,20161,20254,18707398744.0,19496259663.0,0.042168391757459615,1114486610.0,-2386560570.0,-3.1413990518917045,0,0,-7443039427.0,-0.032875714544840694,0,0,2026-03-31,29271,False,excluded_by_filter,,,,,,,,,,,,,,,,,,,,,,,,,,,,,,,,,,,,,,0
131970,2025,4,202504,두산테스나,00563545,CFS,OFS,703775464000.0,437076674000.0,266698790000.0,0.6101876532537173,0.47635072702036024,303874072000.0,-0.18558169531011282,-0.2873547531134404,1,1,1,,-940826000.0,-1.0248086650306267,-0.6487644262897837,1,1,1,,1510043000.0,-0.9589453742161237,-0.7084008412135563,1,1,1,,147218334000.0,-0.3284973312507058,-0.36977387300300935,1,1,1,,24797148000.0,-0.8649339585903617,-0.9198777173706734,1,1,1,,-0.2525895340761015,-0.5000261748456998,703775464000.0,0.20918366940965138,0.03523445938149387,-0.003096104889133154,-0.0013368269400196083,40,20161,20254,83214080000.0,85463454000.0,0.02703117068649921,5285496000.0,15025013000.0,1.8426874223346306,0,0,147218334000.0,0.20918366940965138,1,1,2026-03-31,739,False,excluded_by_filter,,,,,,,,,,,,,,,,,,,,,,,,,,,,,,,,,,,,,,0
139480,2025,4,202504,이마트,00872984,CFS,CFS,33503615741472.0,13696908700680.0,19806707040792.0,1.4460713343156526,0.8944832005010754,28970388263858.0,-0.0017404216427969743,0.013574020446157409,1,1,1,,322541170250.0,5.848277700232615,7.851744437286993,1,1,1,,246338918347.0,-1.4295883436457153,-3.4884320877752555,1,1,1,,1318939140965.0,-0.09650510626178366,,1,1,0,missing_prev_yoy,764449952684.0,0.10692909511266624,0.2735709492313212,1,1,1,,0.013482718723698226,2.18061455115376,33503615741472.0,0.03936706865141033,0.022816938881546924,0.011133477650086801,0.009627055561371747,40,20161,20254,7400784157345.0,7311706049073.0,-0.012036306745089076,151449690811.0,-9857269049.0,-1.0650860955622634,0,0,1318939140965.0,0.03936706865141033,0,0,2026-03-31,471,False,excluded_by_filter,,,,,,,,,,,,,,,,,,,,,,,,,,,,,,,,,,,,,,0
140410,2025,4,202504,메지온,00808022,CFS,CFS,98024514218.0,17194549713.0,80829964505.0,4.700906150737302,1.7406251360190685,7909500393.0,-0.08153174608866431,-5.088148585284547,1,1,1,,-16768533041.0,0.17266153714352184,0.1857073756463511,1,1,1,,-34928862370.0,0.7933596878318523,0.26317437732418925,1,1,1,,,,,0,0,0,missing_ttm_yoy,,,,0,0,0,missing_ttm_yoy,-1.8063440265172315,0.1703395379621198,98024514218.0,,,-2.1200495869297065,-0.1710646890196048,40,20161,20254,2127744865.0,2084394760.0,-0.020373732637347947,-4651587291.0,-5051059090.0,-0.08587859885439694,1,0,0.0,,0,0,2026-03-31,70113,False,excluded_by_filter,,,,,,,,,,,,,,,,,,,,,,,,,,,,,,,,,,,,,,0
141080,2025,4,202504,리가켐바이오,00842619,CFS,CFS,701814921209.0,541120311269.0,160694609940.0,0.2969665092835815,0.2600280833228811,141553069341.0,7.874869337224462,7.899241854304429,1,1,1,,-106485862116.0,4.091731399435516,4.832972657254231,1,1,1,,-91552141111.0,-12.73730414534972,-11.63147345726052,1,1,1,,-124532936677.0,-2.586884303816657,-0.3259317030536537,1,1,1,,6040923513.0,0.05970546136644184,-1.5289123693430333,1,1,1,,2.185966088200039,1.763526760164805,701814921209.0,-0.17744412795109862,0.008607573493298552,-0.7522681253874939,-0.1517292649357744,40,20161,20254,41409774959.0,15950861324.0,-0.614804443158819,-23196332185.0,-73117884524.0,-2.1521312913117345,0,0,-124532936677.0,-0.17744412795109862,0,0,2026-03-31,70113,False,excluded_by_filter,,,,,,,,,,,,,,,,,,,,,,,,,,,,,,,,,,,,,,0
160190,2025,4,202504,하이젠알앤엠,00650771,CFS,CFS,166522218018.0,106929208584.0,59593009434.0,0.5573127326308203,0.44296172857949695,73543971242.0,,,1,0,0,missing_ttm_yoy,-8908556551.0,,,1,0,0,missing_ttm_yoy,-7101548368.0,,,1,0,0,missing_ttm_yoy,-9685015063.0,,,1,0,0,missing_ttm_yoy,5327146814.0,,,1,0,0,missing_ttm_yoy,,,166522218018.0,-0.05816049760971302,0.03199060688360618,-0.12113238380459444,-0.05349770533345311,7,20242,20254,15884752499.0,22778443441.0,0.4339816400937932,-2088091383.0,-3052088438.0,-0.46166420820865,0,0,-9685015063.0,-0.05816049760971302,0,0,2026-03-31,28111,False,excluded_by_filter,,,,,,,,,,,,,,,,,,,,,,,,,,,,,,,,,,,,,,0
180640,2025,4,202504,한진칼,00983040,CFS,CFS,4140658602000.0,3424127992000.0,716530610000.0,0.20925929511807806,0.19000801937165138,298362106000.0,0.021237747980333177,-0.03835211857877385,1,1,1,,-7523512000.0,-1.1529394722497883,-1.3011467707033855,1,1,1,,159181702000.0,-0.6892052961303567,-1.0081290637755207,1,1,1,,122225750000.0,0.9079913148175094,1.4351114305357917,1,1,1,,6549201000.0,0.3959698655399779,0.5551681946194543,1,1,1,,-0.03763495513680962,-0.8334075946354342,4140658602000.0,0.029518432150132622,0.0015816809907575181,-0.02521604402403568,-0.0018169843793366667,40,20161,20254,85401720000.0,79627998000.0,-0.06760662431623157,-36555431000.0,12387732000.0,1.338875282307573,0,0,122225750000.0,0.029518432150132622,0,0,2026-03-31,64992,False,excluded_by_filter,,,,,,,,,,,,,,,,,,,,,,,,,,,,,,,,,,,,,,0
214370,2025,4,202504,케어젠,00549891,CFS,CFS,231273422155.0,212474770623.0,18798651532.0,0.08847474679878573,0.08477740142222534,72807992793.0,-0.1183973212771866,-0.1610239710266973,1,1,1,,20399783833.0,-0.4043821715981679,-0.2526116576998827,1,1,1,,20098549915.0,-0.3780168074839064,-0.1872767839969327,1,1,1,,18589458609.0,0.37836388411224253,0.906846356214132,1,1,1,,4921779872.0,-0.9265098281099745,-6.830691074106224,1,1,1,,-0.14930234938176415,-0.22523069786762592,231273422155.0,0.08037870688202685,0.02128121695151556,0.28018604895479693,0.08820634746057425,40,20161,20254,17087883245.0,16310233968.0,-0.04550881263936211,9865009029.0,-7073177422.0,-1.7169965482248521,0,0,18589458609.0,0.08037870688202685,0,0,2026-03-31,211,False,excluded_by_filter,,,,,,,,,,,,,,,,,,,,,,,,,,,,,,,,,,,,,,0
215600,2025,4,202504,신라젠,00919966,CFS,CFS,116812366621.0,110121958153.0,6690408468.0,0.06075453597278534,0.05898048128515414,9225416503.0,1.349434364514515,1.3527099638889075,1,1,1,,-25587648216.0,-0.04410169297363242,-0.2981237652551869,1,1,1,,-24189964056.0,-0.08805714660931852,-0.39030245441281974,1,1,1,,-22499148798.0,0.2618501798282604,0.21408137432405616,1,1,1,,3720133165.0,14.866239208235447,15.216474228081355,1,1,1,,0.8555678398821503,-0.26091996447219706,116812366621.0,-0.19260930540855256,0.03184708325506361,-2.7736035774297223,-0.21904913799940057,37,20164,20254,2764524686.0,2911351983.0,0.05311122658573359,-6135895262.0,-8158993560.0,-0.3297152594062646,0,0,-22499148798.0,-0.19260930540855256,0,1,2026-03-31,70113,False,excluded_by_filter,,,,,,,,,,,,,,,,,,,,,,,,,,,,,,,,,,,,,,0
225570,2025,4,202504,넥슨게임즈,01096341,CFS,CFS,404480249030.0,254873786323.0,149606462707.0,0.5869825409091096,0.4618344401662458,179316825078.0,-0.29973813215962797,-0.6246629683620668,1,1,1,,-60239594834.0,-2.5552306088519914,-4.779274964390519,1,1,1,,-61819864786.0,-2.966028296819546,-4.750061669927413,1,1,1,,-42651279687.0,-1.641240161591352,-2.445728049854596,1,1,1,,4262959667.0,-0.4001868772539712,-0.9030781750126509,1,1,1,,-0.4853003901856172,-1.7542782361294345,404480249030.0,-0.10544712576024098,0.010539351865074181,-0.3359394457703382,-0.14893086863564522,35,20172,20254,50150094484.0,39289012935.0,-0.21657150720753165,-10478084857.0,-23072892149.0,-1.2020142482035636,0,1,-42651279687.0,-0.10544712576024098,0,0,2026-03-31,582,False,excluded_by_filter,,,,,,,,,,,,,,,,,,,,,,,,,,,,,,,,,,,,,,0
226950,2025,4,202504,올릭스,01113718,CFS,CFS,195365962787.0,150078672129.0,45287290658.0,0.30175700527969324,0.26371489447884267,14666854279.0,1.5834880779888296,,1,1,0,missing_prev_yoy,-29972430134.0,-0.03060178040475936,-0.7307949285713542,1,1,1,,-15742651455.0,-0.6128097649297574,-1.741348473878709,1,1,1,,-15899886728.0,-0.4330578679227214,-0.7579075516220536,1,1,1,,109570753.0,-0.16526892771314394,0.19532036985065815,1,1,1,,,-0.5485807992576176,195365962787.0,-0.08138514253547346,0.0005608487345334601,-2.043548641300304,-0.15341684757379048,32,20174,20254,2908651160.0,4530569786.0,0.557618819439317,-8311370292.0,-8456862201.0,-0.01750516507970308,0,0,-15899886728.0,-0.08138514253547346,0,0,2026-03-31,70113,False,excluded_by_filter,,,,,,,,,,,,,,,,,,,,,,,,,,,,,,,,,,,,,,0
263750,2025,4,202504,펄어비스,01152470,CFS,CFS,1149099301311.0,799102814399.0,349996486912.0,0.43798680295630055,0.3632440818967292,365564943738.0,0.06770227331333345,0.04101378784272036,1,1,1,,-14807541404.0,0.20458177048122184,0.452738480921161,1,1,1,,-8414919237.0,-1.1394501392874479,-4.107730751545171,1,1,1,,23933800287.0,-5.441991269678266,-4.275770909505749,1,1,1,,4469139087.0,0.24235556446351847,0.8548530500579721,1,1,1,,0.04019503435080735,0.3734503827873904,1149099301311.0,0.020828313323047087,0.003889254028699859,-0.040505911897866634,-0.012886215653517647,33,20174,20254,106818121269.0,95500014781.0,-0.10595680165070138,10618276764.0,-8405144859.0,-1.7915733452622595,0,0,23933800287.0,0.020828313323047087,0,0,2026-03-31,58211,False,excluded_by_filter,,,,,,,,,,,,,,,,,,,,,,,,,,,,,,,,,,,,,,0
277810,2025,4,202504,레인보우로보틱스,01261644,CFS,CFS,143305317623.0,133830651193.0,9474666430.0,0.0707959375938206,0.0684022388520643,34123110054.0,0.763761716448563,0.49579677516972964,1,1,1,,-2480266118.0,-0.16741088745442045,0.7657805328195463,1,1,1,,,,,0,0,0,missing_ttm_yoy,-9285606999.0,3.852732546912912,0.768032784022437,1,1,1,,18180435047.0,0.5369455382091357,-1.8516533061659066,1,1,1,,0.40265902484967364,0.5685928208575486,143305317623.0,-0.06479596956358648,0.12686504135755883,-0.07268581656463804,-0.017307565128357287,21,20204,20254,10694822851.0,13020038992.0,0.21741511508837988,-719767639.0,1699984973.0,3.3618524658344637,0,0,-9285606999.0,-0.06479596956358648,0,1,2026-03-31,29280,False,excluded_by_filter,,,,,,,,,,,,,,,,,,,,,,,,,,,,,,,,,,,,,,0
278280,2025,4,202504,천보,00897752,CFS,CFS,849544747385.0,467388735135.0,382156012250.0,0.8176406137379809,0.5975392940012515,133849589627.0,-0.07634284923637735,0.13047477084390668,1,1,1,,3710962944.0,-1.163106597830894,-2.9912369526415583,1,1,1,,-60014543541.0,0.8569196548298597,1.1460735718885586,1,1,1,,8033369715.0,-0.6427249128754171,-0.03609482258581165,1,1,1,,21605619515.0,-0.8331222301521719,-0.2554171249989703,1,1,1,,0.12263769567475111,-1.3841011960509844,849544747385.0,0.009456087792582639,0.025431997056664376,0.027724873526630733,0.004368178316001348,29,20184,20254,30625439478.0,34580174483.0,0.1291323511566556,552504471.0,-2548604066.0,-5.612820709644538,0,0,8033369715.0,0.009456087792582639,0,0,2026-03-31,201,False,excluded_by_filter,,,,,,,,,,,,,,,,,,,,,,,,,,,,,,,,,,,,,,0
280360,2025,4,202504,롯데웰푸드,01258507,CFS,CFS,4574000252553.0,2286729525823.0,2287270726730.0,1.0002366702755565,0.6932655086966735,4215952626184.0,0.04245537745760242,0.04789988413140389,1,1,1,,109519157887.0,-0.30287574923311367,-0.19036361677158709,1,1,1,,71390131647.0,-0.1291790085175587,-0.33883995276848566,1,1,1,,231103311582.0,-0.1907422056896656,0.1788699956945501,1,1,1,,351427849740.0,0.05848534131902827,0.04496322838538824,1,1,1,,0.046788050926564524,-0.17425882076165145,4574000252553.0,0.050525426065074784,0.07683162009968164,0.02597732175803158,0.02394384605157627,33,20174,20254,1156782114191.0,1019764271402.0,-0.1184474077772407,69262715787.0,-10463097756.0,-1.1510639257660156,0,0,231103311582.0,0.050525426065074784,0,0,2026-03-31,108,False,excluded_by_filter,,,,,,,,,,,,,,,,,,,,,,,,,,,,,,,,,,,,,,0
285130,2025,4,202504,SK케미칼,01267170,CFS,CFS,6087624380520.0,3140439052968.0,2947185327552.0,0.9384628320573973,0.6618953043868152,2365164441719.0,0.36181090119208514,0.3686721724096298,1,1,1,,-207363696.0,-0.9954098265135951,0.5468977313766958,1,1,1,,27297323639.0,-7.25406358995246,-6.16282349555668,1,1,1,,235905765880.0,-3.6403650626239004,-2.028677087629128,1,1,1,,466404978710.0,0.05935117582659477,-0.07952906146237892,1,1,1,,0.313841052626067,0.4362514616983465,6087624380520.0,0.03875169542898919,0.07661526887277498,-8.767411362285161e-05,-3.406315551655097e-05,33,20174,20254,609916412061.0,621758816911.0,0.019416439065777422,15571792003.0,-39098012773.0,-3.5108229525200136,0,0,235905765880.0,0.03875169542898919,0,1,2026-03-31,20202,False,excluded_by_filter,,,,,,,,,,,,,,,,,,,,,,,,,,,,,,,,,,,,,,0
293490,2025,4,202504,카카오게임즈,01137383,CFS,CFS,2676774444103.0,1197974368242.0,1478800075861.0,1.234417125327235,0.8039804000158223,465018566528.0,-0.2586125794126424,0.12950948457787115,1,1,1,,-39590701112.0,-3.0675222710143806,-2.3244957570022224,1,1,1,,-143084637075.0,,,1,0,0,missing_ttm_yoy,-44267477380.0,-2.6163097809536975,-1.8360798297149006,1,1,1,,11149684056.0,-0.3791027264998599,0.1548730285022315,1,1,1,,0.12178345403796134,-1.201318010578079,2676774444103.0,-0.016537619550844988,0.0041653431354901896,-0.08513789332670901,-0.014790450947116328,22,20203,20254,127467707653.0,98888706363.0,-0.22420581507435136,-5446586386.0,-13089106380.0,-1.4031761276465688,0,0,-44267477380.0,-0.016537619550844988,0,0,2026-03-31,5821,False,excluded_by_filter,,,,,,,,,,,,,,,,,,,,,,,,,,,,,,,,,,,,,,0
298380,2025,4,202504,에이비엘바이오,01256864,CFS,CFS,280934191003.0,156697416161.0,124236774842.0,0.7928450761073937,0.5838037860418026,79349848373.0,1.3755284474280023,1.8659246162706418,1,1,1,,-40389935899.0,-0.31977613905667046,-22.008015571864437,1,1,1,,-37877499346.0,-0.3178832313240302,-20.298771920417533,1,1,1,,-41253077040.0,-0.4055981017744823,-1.8526303715400128,1,1,1,,,,,0,0,0,missing_ttm_yoy,1.0528910262933577,-3.135842658340582,280934191003.0,-0.14684249322845674,,-0.5090108768593853,-0.14377009702805696,29,20184,20254,1443128347.0,0.0,-1.0,-22408717311.0,-29675433816.0,-0.32428078788038933,0,0,-41253077040.0,-0.14684249322845674,0,0,2026-03-31,211,False,excluded_by_filter,,,,,,,,,,,,,,,,,,,,,,,,,,,,,,,,,,,,,,0
302440,2025,4,202504,SK바이오사이언스,01319899,CFS,CFS,2955743509068.0,2037454202719.0,918289306349.0,0.45070426865228924,0.3720491410360144,651368342533.0,1.4346118330078679,1.7105495153716566,1,1,1,,-123501682766.0,-0.10784855343444733,-10.655564131682699,1,1,1,,-56173210192.0,0.1208398589927604,3.3664577884858486,1,1,1,,102507138558.0,-1.8007127289319036,3.5616635573928215,1,1,1,,260382034551.0,0.5118732266604773,-1.9428568171671408,1,1,1,,0.9971513875357761,-2.455783673863133,2955743509068.0,0.03468066097194015,0.08809358246145763,-0.1896034466239708,-0.04178362648420138,21,20204,20254,150764791550.0,184186308099.0,0.2216798511469172,-19370985552.0,-51609694747.0,-1.6642782117852255,0,0,102507138558.0,0.03468066097194015,0,0,2026-03-31,211,False,excluded_by_filter,,,,,,,,,,,,,,,,,,,,,,,,,,,,,,,,,,,,,,0
310210,2025,4,202504,보로노이,01327746,CFS,CFS,171234323350.0,103795095825.0,67439227525.0,0.6497342382987293,0.5006142072419548,7512306000.0,,,1,0,0,missing_ttm_yoy,-54384535976.0,0.4965866317347827,0.33691030477174877,1,1,1,,-42706333585.0,0.30948410565431206,0.4244200184304632,1,1,1,,-72094552780.0,1.4815888138488775,1.474553339582845,1,1,1,,1682373021.0,0.36572241077036094,0.22729593656598612,1,1,1,,,0.29036120893725215,171234323350.0,-0.4210286312320689,0.009824975437671211,-7.239393067321805,-0.3176030068740304,15,20222,20254,4140000000.0,22056000.0,-0.9946724637681159,-13563158292.0,-16174998114.0,-0.19256870455759184,0,0,-72094552780.0,-0.4210286312320689,0,0,2026-03-31,701,False,excluded_by_filter,,,,,,,,,,,,,,,,,,,,,,,,,,,,,,,,,,,,,,0
323280,2025,4,202504,태성,01366000,CFS,CFS,172536488872.0,128084777866.0,44451711006.0,0.3470491321966814,0.297916372038953,37859245040.0,-0.36061986633167853,-1.1366929153886787,1,1,1,,-2506348104.0,-1.415119320011014,8.389891510373662,1,1,1,,-2537179508.0,-1.4251181421521477,3.78794303946086,1,1,1,,-9748725998.0,-3.172733605660201,-2.741842438145796,1,1,1,,40089736286.0,0.8859216022146943,-3.224180329658973,1,1,1,,-0.7592592670823076,2.2396337394126027,172536488872.0,-0.05650240167592785,0.23235511831785016,-0.06620174547463718,-0.01452648144393033,15,20222,20254,8793358790.0,12878612182.0,0.46458395359073024,-1176130529.0,1411155274.0,2.1998287938327974,0,0,-9748725998.0,-0.05650240167592785,0,1,2026-03-31,292,False,excluded_by_filter,,,,,,,,,,,,,,,,,,,,,,,,,,,,,,,,,,,,,,0
328130,2025,4,202504,루닛,01397620,CFS,CFS,369911697195.0,137432900269.0,232478796926.0,1.6915803746480274,0.990128520972418,83129295404.0,0.5343265403847308,-0.6259265559734377,1,1,1,,-83103910311.0,0.22802950906730102,-0.37495079037827894,1,1,1,,-47389679756.0,-0.4250281077715764,-1.6648318976145613,1,1,1,,-55175238016.0,-0.16014682163803695,-0.9613612630640448,1,1,1,,9633389455.0,-2.4434439186801526,-5.637717851385691,1,1,1,,-0.4860778415774691,-0.31841794166230253,369911697195.0,-0.14915786236117376,0.026042402897904934,-0.9996946312021937,-0.22465877921992702,16,20221,20254,19575722788.0,26476422178.0,0.3525131339840058,-21555812087.0,-19637058723.0,0.08901327197768497,0,0,-55175238016.0,-0.14915786236117376,0,1,2026-03-31,58222,False,excluded_by_filter,,,,,,,,,,,,,,,,,,,,,,,,,,,,,,,,,,,,,,0
336260,2025,4,202504,두산퓨얼셀,01412725,CFS,CFS,1198423425943.0,367480446236.0,830942979707.0,2.2611896448317665,1.1820920505384125,454794706613.0,0.10445045570740086,-0.47395321477315155,1,1,1,,-105673394536.0,60.116811897484084,62.16995238550003,1,1,1,,-132804248876.0,11.678540667312076,11.446234312053154,1,1,1,,-56507117413.0,-1.559169913420908,-13.560397143449826,1,1,1,,106001862867.0,0.4784496964065048,0.8560923743281591,1,1,1,,-0.3879480529466882,4.145828751158545,1198423425943.0,-0.04715121232592429,0.08845109380567275,-0.23235405557593927,-0.0881770101021257,25,20194,20254,90806426924.0,135772310217.0,0.49518392933392236,-15603689615.0,-76605793109.0,-3.9094666068823876,0,0,-56507117413.0,-0.04715121232592429,0,0,2026-03-31,28111,False,excluded_by_filter,,,,,,,,,,,,,,,,,,,,,,,,,,,,,,,,,,,,,,0
336370,2025,4,202504,솔루스첨단소재,01412822,CFS,CFS,2160516819035.0,945628850900.0,1214887968135.0,1.2847408018259312,0.8262525832624885,616083220023.0,0.07905085344298968,-0.25052396143348044,1,1,1,,-73336006541.0,0.3476239870483062,0.6042796210270067,1,1,1,,-138394465215.0,2.241876355236501,3.5786203073800458,1,1,1,,-18143517375.0,-0.9044885259713998,10.953473515394599,1,1,1,,234790131836.0,-0.09433330365400416,-0.15187800838518006,1,1,1,,-0.2235626326341493,0.47267482157465085,2160516819035.0,-0.008397767244924224,0.1086731330982508,-0.1190358772281806,-0.0339437332284947,25,20194,20254,145134306069.0,169480485889.0,0.16774931082403977,-21159795769.0,-21929155451.0,-0.03635950414640318,0,0,-18143517375.0,-0.008397767244924224,0,1,2026-03-31,26299,False,excluded_by_filter,,,,,,,,,,,,,,,,,,,,,,,,,,,,,,,,,,,,,,0
347850,2025,4,202504,디앤디파마텍,01376715,CFS,CFS,97539472152.0,78979166016.0,18560306136.0,0.23500255918427854,0.2110730422917842,4297604947.0,,,1,0,0,missing_ttm_yoy,-33992611604.0,,,1,0,0,missing_ttm_yoy,-23979675414.0,,,1,0,0,missing_ttm_yoy,-21138952801.0,,,1,0,0,missing_ttm_yoy,-64410576.0,,,1,0,0,missing_ttm_yoy,,,97539472152.0,-0.2167220340095572,-0.0006603539529066367,-7.909664109012391,-0.3485010822185693,7,20242,20254,969494663.0,990091717.0,0.02124514428605988,-6209234759.0,-10411555849.0,-0.6767856673334711,0,0,-21138952801.0,-0.2167220340095572,0,1,2026-03-31,70113,False,excluded_by_filter,,,,,,,,,,,,,,,,,,,,,,,,,,,,,,,,,,,,,,0
348210,2025,4,202504,넥스틴,01080252,CFS,CFS,222879250398.0,150139123771.0,72740126627.0,0.4844848218106496,0.39506779072390363,66914327141.0,-0.41158635087037443,-0.7048780303165855,1,1,1,,-1160803724.0,-1.0247112390006368,-1.3235922289148687,1,1,1,,-2645744570.0,-1.0688500388953008,-1.3111121926075666,1,1,1,,-11108642951.0,-1.2598016369918998,-107.979537357236,1,1,1,,30459468030.0,0.9234172291447444,0.971157741896901,1,1,1,,-0.5334935717054138,-0.8431143627145988,222879250398.0,-0.0498415304751926,0.1366635430422882,-0.017347611096110806,-0.0052082180011245064,22,20203,20254,10739628000.0,15931387697.0,0.4834208128065516,-3670830432.0,-3480555480.0,0.05183430712061831,0,0,-11108642951.0,-0.0498415304751926,0,0,2026-03-31,29271,False,excluded_by_filter,,,,,,,,,,,,,,,,,,,,,,,,,,,,,,,,,,,,,,0
348340,2025,4,202504,뉴로메카,01336461,CFS,CFS,91375484748.0,13894569938.0,77480914810.0,5.576344943077287,1.8834791112256908,18954203205.0,-0.24991493324576153,-1.0886297665911089,1,1,1,,-14856577614.0,-0.21869193081634064,-0.5012947809208748,1,1,1,,-21991151206.0,0.31253523683155415,0.36344792738960496,1,1,1,,-11358377537.0,-0.48206959265014326,-1.2458019339080648,1,1,1,,3163423363.0,-0.7705457037004869,-0.22107269175408695,1,1,1,,-0.7365082368965943,-0.4063279230568529,91375484748.0,-0.1243044298842815,0.03462004466213505,-0.7838144106253397,-0.16258822215796975,13,20224,20254,4473538562.0,7868698066.0,0.7589427154690972,-3163951570.0,-3512141566.0,-0.1100490915542048,0,0,-11358377537.0,-0.1243044298842815,0,1,2026-03-31,29280,False,excluded_by_filter,,,,,,,,,,,,,,,,,,,,,,,,,,,,,,,,,,,,,,0
361610,2025,4,202504,SK아이이테크놀로지,01386916,CFS,CFS,4391860994000.0,2601445266000.0,1790415728000.0,0.6882388614514098,0.5236858917619688,261874278000.0,0.20200461737203868,0.8666055264327108,1,1,1,,-246364302000.0,-0.1533703428479921,9.93227052924111,1,1,1,,-211417928000.0,-0.1427215470174762,3.858997457785002,1,1,1,,-33358864000.0,-0.6176170511371964,1.0786387411071052,1,1,1,,121461909000.0,-0.6129385126449337,-0.2367329579329952,1,1,1,,0.6241215548398178,2.391719014305653,4391860994000.0,-0.0075956101628839486,0.027656136923717947,-0.9407731980458195,-0.056095651100199644,19,20212,20254,79086711000.0,41827932000.0,-0.4711130166988484,-47223939000.0,-75788331000.0,-0.6048710167951047,0,0,-33358864000.0,-0.0075956101628839486,0,0,2026-03-31,282,False,excluded_by_filter,,,,,,,,,,,,,,,,,,,,,,,,,,,,,,,,,,,,,,0
372320,2025,4,202504,큐로셀,01492651,CFS,CFS,109720314339.0,5025125717.0,104695188622.0,20.834342167364326,2.3978952727983707,0.0,,,1,0,0,missing_ttm_yoy,-36289500534.0,-0.009134483971373175,,1,1,0,missing_prev_yoy,-46305174806.0,0.21093394554951028,,1,1,0,missing_prev_yoy,-29993184895.0,0.055286997124033066,,1,1,0,missing_prev_yoy,2215492424.0,0.8310793799998732,,1,1,0,missing_prev_yoy,,,109720314339.0,-0.2733603624423718,0.020192180794842154,,-0.33074550280522597,9,20234,20254,0.0,0.0,,-9189281243.0,-8707940614.0,0.052380661367467087,0,0,-29993184895.0,-0.2733603624423718,0,0,2026-03-31,70113,False,excluded_by_filter,,,,,,,,,,,,,,,,,,,,,,,,,,,,,,,,,,,,,,0
373220,2025,4,202504,LG에너지솔루션,01515323,CFS,CFS,67147953000000.0,29321676000000.0,37826277000000.0,1.290044846004028,0.8285714007822683,23671759000000.0,-0.07602878813220437,0.16477049544570999,1,1,1,,1346120000000.0,1.3395036731799639,2.073519040911795,1,1,1,,80803000000.0,-0.7613628980336796,0.031918481221930195,1,1,1,,4432277000000.0,-0.13291527280552462,-0.2831164685719417,1,1,1,,10998675000000.0,-0.12153740209552943,-0.370412425199537,1,1,1,,0.15252406799327412,1.1228231725342175,67147953000000.0,0.06600762647224703,0.16379762164901734,0.05686607404206844,0.02004707425705144,21,20204,20254,5699873000000.0,6141483000000.0,0.07747716484209385,601309000000.0,-122021000000.0,-1.2029256172783045,0,0,4432277000000.0,0.06600762647224703,0,1,2026-03-31,28202,False,excluded_by_filter,,,,,,,,,,,,,,,,,,,,,,,,,,,,,,,,,,,,,,0
388720,2025,4,202504,유일로보틱스,01152586,CFS,OFS,108220768704.0,89703743459.0,18517025245.0,0.20642421966997834,0.18766079405642253,36917751388.0,0.04972870246762362,-0.14428190269238295,1,1,1,,-12620478623.0,-32.94860113355363,-31.892234699173567,1,1,1,,-24670222541.0,1.725227213807984,1.3444767290617672,1,1,1,,-11268085832.0,-46.88384650558079,-45.75127558728861,1,1,1,,8310671150.0,-0.7716060579758608,-3.252832837281566,1,1,1,,-0.13477728103896744,-3.493236602531738,108220768704.0,-0.10412128805719262,0.07679368063565441,-0.34185393607429315,-0.11661789852480994,17,20214,20254,9295009518.0,10460523051.0,0.12539132216518512,-3960067782.0,-4964974793.0,-0.2537600531909279,0,0,-11268085832.0,-0.10412128805719262,0,1,2026-03-31,292,False,excluded_by_filter,,,,,,,,,,,,,,,,,,,,,,,,,,,,,,,,,,,,,,0
389470,2025,4,202504,인벤티지랩,01516456,CFS,CFS,110641375467.0,80850671389.0,29790704078.0,0.36846575997701764,0.3136902290738002,2938787928.0,0.6482918295105395,-1.0607027942607348,1,1,1,,-28381032099.0,0.49660050958882285,0.30847567183750013,1,1,1,,-15910623106.0,-0.06388952541761139,0.3064736198282827,1,1,1,,-20702649747.0,0.5040884103167491,0.3287964787061395,1,1,1,,6869498856.0,0.627792240887556,1.036801764442331,1,1,1,,-0.7230470868813704,0.2688628504097966,110641375467.0,-0.18711489855957902,0.06208797411461053,-9.657393726370309,-0.256513731677757,13,20224,20254,832157213.0,1072196651.0,0.2884544341502932,-7433898012.0,-7520396012.0,-0.011635618333796425,0,0,-20702649747.0,-0.18711489855957902,0,0,2026-03-31,701,False,excluded_by_filter,,,,,,,,,,,,,,,,,,,,,,,,,,,,,,,,,,,,,,0
399720,2025,4,202504,가온칩스,01364747,CFS,CFS,159310899656.0,54688158517.0,104622741139.0,1.9130785160095978,1.0692104312733737,68510181008.0,-0.28999108931823403,-0.8072241498998098,1,1,1,,-16721496228.0,-5.743804051207475,-5.553822273138123,1,1,1,,-14369143365.0,-2.908113610898344,-3.0950650429587663,1,1,1,,-848730459.0,-1.0785576517094322,-1.985237721353456,1,1,1,,8330257678.0,-0.22859911138399924,-0.22077564128151927,1,1,1,,-0.5917920492407422,-1.88004843259709,159310899656.0,-0.005327510301132337,0.052289314139757695,-0.24407315791571788,-0.10496140731178297,15,20222,20254,11063148053.0,33107106896.0,1.9925575195590306,-7277192133.0,1711637156.0,1.2352057118621633,0,0,-848730459.0,-0.005327510301132337,0,1,2026-03-31,26112,False,excluded_by_filter,,,,,,,,,,,,,,,,,,,,,,,,,,,,,,,,,,,,,,0
417200,2025,4,202504,LS머트리얼즈,01528141,CFS,CFS,274526446057.0,206070486502.0,68455959555.0,0.3321968163273861,0.2868293212083082,153582399002.0,0.08099063268664941,,1,1,0,missing_prev_yoy,-141609582.0,-1.0228509683365479,,1,1,0,missing_prev_yoy,-1007100491.0,-1.1769747077843453,,1,1,0,missing_prev_yoy,5641108239.0,-1.5165759529431277,,1,1,0,missing_prev_yoy,23724255406.0,-0.5241754410263094,,1,1,0,missing_prev_yoy,,,274526446057.0,0.020548505690518193,0.08641883412964202,-0.0009220430395683292,-0.000515832204998558,9,20234,20254,38504493472.0,40559065414.0,0.053359277235890915,-211175874.0,1114538638.0,6.27777447721135,0,0,5641108239.0,0.020548505690518193,0,0,2026-03-31,26291,False,excluded_by_filter,,,,,,,,,,,,,,,,,,,,,,,,,,,,,,,,,,,,,,0
437730,2025,4,202504,삼현,00262266,CFS,CFS,202098988834.0,131748265868.0,70350722966.0,0.5339783601894628,0.42786459605903265,95041722249.0,-0.05381882170381991,,1,1,0,missing_prev_yoy,805333955.0,-0.8540255109552213,,1,1,0,missing_prev_yoy,9690725039.0,0.16553799941376734,,1,1,0,missing_prev_yoy,95012485.0,-0.9862635416272548,,1,1,0,missing_prev_yoy,53066017051.0,6.8398256944719975,,1,1,0,missing_prev_yoy,,,202098988834.0,0.0004701284531316548,0.26257438177777004,0.00847347813090028,0.003984849007144142,9,20234,20254,22486764011.0,21368826347.0,-0.04971536426731436,-1322598179.0,-1290724302.0,0.024099441165191565,0,0,95012485.0,0.0004701284531316548,0,0,2026-03-31,303,False,excluded_by_filter,,,,,,,,,,,,,,,,,,,,,,,,,,,,,,,,,,,,,,0
440110,2025,4,202504,파두,01292291,CFS,CFS,122427167093.0,19794311089.0,102632856004.0,5.184967314221642,1.8221217211452232,92419333233.0,1.124448314427875,,1,1,0,missing_prev_yoy,-65469985712.0,-0.3111924664979515,,1,1,0,missing_prev_yoy,-76218175613.0,-0.16709213305702908,,1,1,0,missing_prev_yoy,-3703541869.0,-0.9659727037193807,,1,1,0,missing_prev_yoy,-4137819991.0,-0.4267395025600913,,1,1,0,missing_prev_yoy,,,122427167093.0,-0.03025098070093102,-0.033798217252358424,-0.7084014071703209,-0.5347668108849295,10,20233,20254,25644431133.0,23876637483.0,-0.06893479683100288,-11426230242.0,-29494004649.0,-1.5812541865809184,0,0,-3703541869.0,-0.03025098070093102,0,0,2026-03-31,26112,False,excluded_by_filter,,,,,,,,,,,,,,,,,,,,,,,,,,,,,,,,,,,,,,0
454910,2025,4,202504,두산로보틱스,01105153,CFS,CFS,399370499942.0,348594990774.0,50775509168.0,0.14565759839308368,0.1359787938872751,32978338354.0,-0.2957852251801324,,1,1,0,missing_prev_yoy,-59472307590.0,0.4434284694241577,,1,1,0,missing_prev_yoy,-55495341539.0,0.517889745454841,,1,1,0,missing_prev_yoy,-17322515546.0,-0.6042418093227448,,1,1,0,missing_prev_yoy,15370298592.0,0.8833303221463749,,1,1,0,missing_prev_yoy,,,399370499942.0,-0.04337454956867301,0.038486314322745935,-1.803374898747332,-0.14891512417326036,10,20233,20254,10164933789.0,13001620525.0,0.279065933421989,-15265456197.0,-16450156818.0,-0.0776066306641278,0,0,-17322515546.0,-0.04337454956867301,0,1,2026-03-31,2928,False,excluded_by_filter,,,,,,,,,,,,,,,,,,,,,,,,,,,,,,,,,,,,,,0
466100,2025,4,202504,클로봇,01784914,CFS,CFS,73041596641.0,60444194628.0,12597402013.0,0.20841376232291486,0.18930855934579424,41406081428.0,,,1,0,0,missing_ttm_yoy,-3180595266.0,,,1,0,0,missing_ttm_yoy,,,,0,0,0,missing_ttm_yoy,-2901172959.0,,,1,0,0,missing_ttm_yoy,767945812.0,,,1,0,0,missing_ttm_yoy,,,73041596641.0,-0.039719462503801595,0.010513814693488418,-0.07681468896134636,-0.043544985491385815,5,20244,20254,10734313731.0,17899747783.0,0.6675260507159104,770935010.0,1308910863.0,0.697822573915796,0,0,-2901172959.0,-0.039719462503801595,1,1,2026-03-31,58221,False,excluded_by_filter,,,,,,,,,,,,,,,,,,,,,,,,,,,,,,,,,,,,,,0
475830,2025,4,202504,오름테라퓨틱,01658831,CFS,CFS,169324738276.0,130888052377.0,38436685899.0,0.29366076735781727,0.2574760035622821,23564233.0,,,1,0,0,missing_ttm_yoy,-51759177005.0,,,1,0,0,missing_ttm_yoy,-41969171956.0,,,1,0,0,missing_ttm_yoy,-35988691708.0,,,1,0,0,missing_ttm_yoy,,,,0,0,0,missing_ttm_yoy,,,169324738276.0,-0.21254243221884264,,-2196.5143955672143,-0.3056799468996216,5,20244,20254,15889734.0,558176.0,-0.9648719103793683,-13938750131.0,-18254515387.0,-0.3096235469779798,0,0,-35988691708.0,-0.21254243221884264,0,0,2026-03-31,211,False,excluded_by_filter,,,,,,,,,,,,,,,,,,,,,,,,,,,,,,,,,,,,,,0
475960,2025,4,202504,토모큐브,01573336,CFS,CFS,41512112634.0,38794436831.0,2717675803.0,0.0700532350769518,0.06770839964457095,11306726320.0,,,1,0,0,missing_ttm_yoy,-5568879088.0,,,1,0,0,missing_ttm_yoy,-4810012373.0,,,1,0,0,missing_ttm_yoy,-6754417130.0,,,1,0,0,missing_ttm_yoy,773567260.0,,,1,0,0,missing_ttm_yoy,,,41512112634.0,-0.162709549127304,0.018634736006339,-0.49252798116723145,-0.13415070288277442,5,20244,20254,2522235196.0,4989044713.0,0.9780251742232845,-1829261516.0,398294120.0,1.2177349255512353,0,0,-6754417130.0,-0.162709549127304,0,0,2026-03-31,27309,False,excluded_by_filter,,,,,,,,,,,,,,,,,,,,,,,,,,,,,,,,,,,,,,0
