ticker,name,industry4,group_value,year,quarter,rebalance_month,rebalance_month_end,hold_start_month,hold_end_month,w,score,score_adj,score_rank,current_price,price_date,CFO_isnull,CFO_warn,OpIncome_acc2__raw,OpIncome_acc2__contrib,Revenue_acc2__raw,Revenue_acc2__contrib,Debt_to_Equity_log__raw,Debt_to_Equity_log__contrib,Quality_CFO_to_Assets__raw,Quality_CFO_to_Assets__contrib,CFO_isnull__raw,CFO_isnull__contrib,stock_forward_ret_to_next_rebalance,portfolio_gross_ret_to_next_rebalance,portfolio_net_ret_to_next_rebalance,corp_code,score_total,OpIncome_acc2__z,OpIncome_acc2__rank,OpIncome_acc2__mult,Revenue_acc2__z,Revenue_acc2__rank,Revenue_acc2__mult,Debt_to_Equity_log__z,Debt_to_Equity_log__rank,Debt_to_Equity_log__mult,Quality_CFO_to_Assets__z,Quality_CFO_to_Assets__rank,Quality_CFO_to_Assets__mult,CFO_isnull__z,CFO_isnull__rank,CFO_isnull__mult
115180,큐리언트,70113,70113,2016,1,2016-05-31,2016-05-31,2016-05-31,2016-07-31,0.1,0.5080040537818631,0.5080040537818631,1.0,20112,2016-05-31,1,0,,0.0,,0.0,0.05134198445487137,0.5080040537818631,,0.0,1,-0.0,0.28007923033389925,0.07479234651158517,0.07160449722176443,01042650,0.5080040537818631,0.0,1.0,1.0,0.0,1.0,1.0,-1.451440153662466,281.0,1.0,0.0,1.0,0.30000000000000004,0.0,1.0,0.30000000000000004
196170,알테오젠,70113,70113,2016,1,2016-05-31,2016-05-31,2016-05-31,2016-07-31,0.1,0.5080040537818631,0.5080040537818631,1.0,4922,2016-05-31,1,0,,0.0,,0.0,0.05134198445487137,0.5080040537818631,,0.0,1,-0.0,0.21977811782708478,0.07479234651158517,0.07160449722176443,00989619,0.5080040537818631,0.0,1.0,1.0,0.0,1.0,1.0,-1.451440153662466,281.0,1.0,0.0,1.0,0.30000000000000004,0.0,1.0,0.30000000000000004
192080,더블유게임즈,5821,5821,2016,1,2016-05-31,2016-05-31,2016-05-31,2016-07-31,0.1,0.5080040537818631,0.5080040537818631,1.0,34212,2016-05-31,1,0,,0.0,,0.0,0.05134198445487137,0.5080040537818631,,0.0,1,-0.0,0.039893444220648444,0.07479234651158517,0.07160449722176443,01010110,0.5080040537818631,0.0,1.0,1.0,0.0,1.0,1.0,-1.451440153662466,281.0,1.0,0.0,1.0,0.30000000000000004,0.0,1.0,0.30000000000000004
214370,케어젠,211,211,2016,1,2016-05-31,2016-05-31,2016-05-31,2016-07-31,0.1,0.5057856115262919,0.5057856115262919,4.0,18400,2016-05-31,1,0,,0.0,,0.0,0.054161289345080355,0.5057856115262919,,0.0,1,-0.0,0.26912442396313363,0.07479234651158517,0.07160449722176443,00549891,0.5057856115262919,0.0,1.0,1.0,0.0,1.0,1.0,-1.4451017472179768,280.0,1.0,0.0,1.0,0.30000000000000004,0.0,1.0,0.30000000000000004
214450,파마리서치,213,213,2016,1,2016-05-31,2016-05-31,2016-05-31,2016-07-31,0.1,0.5012223833060093,0.5012223833060093,5.0,54000,2016-05-31,1,0,,0.0,,0.0,0.05996046288871186,0.5012223833060093,,0.0,1,-0.0,-0.09446254071661253,0.07479234651158517,0.07160449722176443,00970453,0.5012223833060093,0.0,1.0,1.0,0.0,1.0,1.0,-1.4320639523028837,279.0,1.0,0.0,1.0,0.30000000000000004,0.0,1.0,0.30000000000000004
145020,휴젤,211,211,2016,1,2016-05-31,2016-05-31,2016-05-31,2016-07-31,0.1,0.48714970210474096,0.48714970210474096,6.0,115945,2016-05-31,1,0,,0.0,,0.0,0.07784471424997752,0.48714970210474096,,0.0,1,-0.0,0.15050447620240703,0.07479234651158517,0.07160449722176443,00888347,0.48714970210474096,0.0,1.0,1.0,0.0,1.0,1.0,-1.3918562917278314,278.0,1.0,0.0,1.0,0.30000000000000004,0.0,1.0,0.30000000000000004
213420,덕산네오룩스,262,262,2016,1,2016-05-31,2016-05-31,2016-05-31,2016-07-31,0.1,0.4776356009786466,0.4776356009786466,7.0,12575,2016-05-31,1,0,,0.0,,0.0,0.08993569915768918,0.4776356009786466,,0.0,1,-0.0,0.11946870184193137,0.07479234651158517,0.07160449722176443,01061558,0.4776356009786466,0.0,1.0,1.0,0.0,1.0,1.0,-1.3646731456532761,277.0,1.0,0.0,1.0,0.30000000000000004,0.0,1.0,0.30000000000000004
000240,한국앤컴퍼니,64992,64992,2016,1,2016-05-31,2016-05-31,2016-05-31,2016-07-31,0.1,0.4758273533282564,0.4758273533282564,8.0,23350,2016-05-31,1,0,,0.0,,0.0,0.09223370868696651,0.4758273533282564,,0.0,1,-0.0,-0.09030837004405301,0.07479234651158517,0.07160449722176443,00160047,0.4758273533282564,0.0,1.0,1.0,0.0,1.0,1.0,-1.3595067237950182,276.0,1.0,0.0,1.0,0.30000000000000004,0.0,1.0,0.30000000000000004
023160,태광,2413,2413,2016,1,2016-05-31,2016-05-31,2016-05-31,2016-07-31,0.1,0.4635605490993122,0.4635605490993122,9.0,9490,2016-05-31,1,0,,0.0,,0.0,0.10782296329255671,0.4635605490993122,,0.0,1,-0.0,-0.19069767441860463,0.07479234651158517,0.07160449722176443,00153375,0.4635605490993122,0.0,1.0,1.0,0.0,1.0,1.0,-1.3244587117123208,275.0,1.0,0.0,1.0,0.30000000000000004,0.0,1.0,0.30000000000000004
026960,동서,4632,4632,2016,1,2016-05-31,2016-05-31,2016-05-31,2016-07-31,0.1,0.4634179229231022,0.4634179229231022,10.0,33300,2016-05-31,1,0,,0.0,,0.0,0.1080042196110617,0.4634179229231022,,0.0,1,-0.0,0.010852713178294504,0.07479234651158517,0.07160449722176443,00144395,0.4634179229231022,0.0,1.0,1.0,0.0,1.0,1.0,-1.3240512083517206,274.0,1.0,0.0,1.0,0.30000000000000004,0.0,1.0,0.30000000000000004
115180,큐리언트,70113,70113,2016,2,2016-08-31,2016-08-31,2016-08-31,2016-10-31,0.1,0.5232145375449144,0.5232145375449144,1.0,17820,2016-08-31,1,0,,0.0,,0.0,0.04445103076835381,0.5232145375449144,,0.0,1,-0.0,-0.3703081480171537,-0.13517757544769937,-0.13571519662890763,01042650,0.5232145375449144,0.0,1.0,1.0,0.0,1.0,1.0,-1.4948986786997556,285.0,1.0,0.0,1.0,0.30000000000000004,0.0,1.0,0.30000000000000004
214370,케어젠,211,211,2016,2,2016-08-31,2016-08-31,2016-08-31,2016-10-31,0.1,0.5232145375449144,0.5232145375449144,1.0,19152,2016-08-31,1,0,,0.0,,0.0,0.04445103076835381,0.5232145375449144,,0.0,1,-0.0,-0.3129992737835876,-0.13517757544769937,-0.13571519662890763,00549891,0.5232145375449144,0.0,1.0,1.0,0.0,1.0,1.0,-1.4948986786997556,285.0,1.0,0.0,1.0,0.30000000000000004,0.0,1.0,0.30000000000000004
192080,더블유게임즈,5821,5821,2016,2,2016-08-31,2016-08-31,2016-08-31,2016-10-31,0.1,0.5232145375449144,0.5232145375449144,1.0,31968,2016-08-31,1,0,,0.0,,0.0,0.04445103076835381,0.5232145375449144,,0.0,1,-0.0,-0.06085598250546709,-0.13517757544769937,-0.13571519662890763,01010110,0.5232145375449144,0.0,1.0,1.0,0.0,1.0,1.0,-1.4948986786997556,285.0,1.0,0.0,1.0,0.30000000000000004,0.0,1.0,0.30000000000000004
214450,파마리서치,213,213,2016,2,2016-08-31,2016-08-31,2016-08-31,2016-10-31,0.1,0.522184342573864,0.522184342573864,4.0,49550,2016-08-31,1,0,,0.0,,0.0,0.04566863094355016,0.522184342573864,,0.0,1,-0.0,-0.23471223021582732,-0.13517757544769937,-0.13571519662890763,00970453,0.522184342573864,0.0,1.0,1.0,0.0,1.0,1.0,-1.4919552644967544,284.0,1.0,0.0,1.0,0.30000000000000004,0.0,1.0,0.30000000000000004
196170,알테오젠,70113,70113,2016,2,2016-08-31,2016-08-31,2016-08-31,2016-10-31,0.1,0.5190892026169251,0.5190892026169251,5.0,5499,2016-08-31,1,0,,0.0,,0.0,0.04932681513171719,0.5190892026169251,,0.0,1,-0.0,-0.3396581464638544,-0.13517757544769937,-0.13571519662890763,00989619,0.5190892026169251,0.0,1.0,1.0,0.0,1.0,1.0,-1.483112007476929,283.0,1.0,0.0,1.0,0.30000000000000004,0.0,1.0,0.30000000000000004
145020,휴젤,211,211,2016,2,2016-08-31,2016-08-31,2016-08-31,2016-10-31,0.1,0.5087903297230755,0.5087903297230755,6.0,142646,2016-08-31,1,0,,0.0,,0.0,0.06149918035602988,0.5087903297230755,,0.0,1,-0.0,-0.020278250090041805,-0.13517757544769937,-0.13571519662890763,00888347,0.5087903297230755,0.0,1.0,1.0,0.0,1.0,1.0,-1.4536866563516444,282.0,1.0,0.0,1.0,0.30000000000000004,0.0,1.0,0.30000000000000004
000240,한국앤컴퍼니,64992,64992,2016,2,2016-08-31,2016-08-31,2016-08-31,2016-10-31,0.1,0.4998789831046859,0.4998789831046859,7.0,21400,2016-08-31,1,0,,0.0,,0.0,0.07203161111787185,0.4998789831046859,,0.0,1,-0.0,0.04842615012106544,-0.13517757544769937,-0.13571519662890763,00160047,0.4998789831046859,0.0,1.0,1.0,0.0,1.0,1.0,-1.4282256660133885,281.0,1.0,0.0,1.0,0.30000000000000004,0.0,1.0,0.30000000000000004
121600,나노신소재,2049,2049,2016,2,2016-08-31,2016-08-31,2016-08-31,2016-10-31,0.1,0.4926885920618614,0.4926885920618614,8.0,17850,2016-08-31,1,0,,0.0,,0.0,0.08053002320441731,0.4926885920618614,,0.0,1,-0.0,-0.021276595744680993,-0.13517757544769937,-0.13571519662890763,00439965,0.4926885920618614,0.0,1.0,1.0,0.0,1.0,1.0,-1.4076816916053183,280.0,1.0,0.0,1.0,0.30000000000000004,0.0,1.0,0.30000000000000004
058470,리노공업,2629,2629,2016,2,2016-08-31,2016-08-31,2016-08-31,,0.1,0.4874704074644968,0.4874704074644968,9.0,8259,2016-08-31,1,0,,0.0,,0.0,0.08669746010568605,0.4874704074644968,,0.0,1,-0.0,,-0.13517757544769937,-0.13571519662890763,00369657,0.4874704074644968,0.0,1.0,1.0,0.0,1.0,1.0,-1.3927725927557053,279.0,1.0,0.0,1.0,0.30000000000000004,0.0,1.0,0.30000000000000004
213420,덕산네오룩스,262,262,2016,2,2016-08-31,2016-08-31,2016-08-31,2016-10-31,0.1,0.48475451183684626,0.48475451183684626,10.0,14128,2016-08-31,1,0,,0.0,,0.0,0.08990741073150832,0.48475451183684626,,0.0,1,-0.0,-0.031202884300229328,-0.13517757544769937,-0.13571519662890763,01061558,0.48475451183684626,0.0,1.0,1.0,0.0,1.0,1.0,-1.385012890962418,278.0,1.0,0.0,1.0,0.30000000000000004,0.0,1.0,0.30000000000000004
192080,더블유게임즈,5821,5821,2016,3,2016-11-30,2016-11-30,2016-11-30,2017-02-28,0.1,0.5279500624014185,0.5279500624014185,1.0,26887,2016-11-30,1,0,,0.0,,0.0,0.04378522505840827,0.5279500624014185,,0.0,1,-0.0,0.17324196660235502,-0.057487858877782294,-0.05808885842462341,01010110,0.5279500624014185,0.0,1.0,1.0,0.0,1.0,1.0,-1.5084287497183388,286.0,1.0,0.0,1.0,0.30000000000000004,0.0,1.0,0.30000000000000004
214370,케어젠,211,211,2016,3,2016-11-30,2016-11-30,2016-11-30,2017-02-28,0.1,0.5279500624014185,0.5279500624014185,1.0,11776,2016-11-30,1,0,,0.0,,0.0,0.04378522505840827,0.5279500624014185,,0.0,1,-0.0,-0.2695560253699786,-0.057487858877782294,-0.05808885842462341,00549891,0.5279500624014185,0.0,1.0,1.0,0.0,1.0,1.0,-1.5084287497183388,286.0,1.0,0.0,1.0,0.30000000000000004,0.0,1.0,0.30000000000000004
196170,알테오젠,70113,70113,2016,3,2016-11-30,2016-11-30,2016-11-30,2017-02-28,0.1,0.5279500624014185,0.5279500624014185,1.0,4240,2016-11-30,1,0,,0.0,,0.0,0.04378522505840827,0.5279500624014185,,0.0,1,-0.0,-0.04773213013535971,-0.057487858877782294,-0.05808885842462341,00989619,0.5279500624014185,0.0,1.0,1.0,0.0,1.0,1.0,-1.5084287497183388,286.0,1.0,0.0,1.0,0.30000000000000004,0.0,1.0,0.30000000000000004
214450,파마리서치,213,213,2016,3,2016-11-30,2016-11-30,2016-11-30,2017-02-28,0.1,0.5270102229932303,0.5270102229932303,4.0,40450,2016-11-30,1,0,,0.0,,0.0,0.044871413976505056,0.5270102229932303,,0.0,1,-0.0,-0.11398354876615746,-0.057487858877782294,-0.05808885842462341,00970453,0.5270102229932303,0.0,1.0,1.0,0.0,1.0,1.0,-1.5057434942663723,285.0,1.0,0.0,1.0,0.30000000000000004,0.0,1.0,0.30000000000000004
115180,큐리언트,70113,70113,2016,3,2016-11-30,2016-11-30,2016-11-30,2017-02-28,0.1,0.5131012055988862,0.5131012055988862,5.0,15185,2016-11-30,1,0,,0.0,,0.0,0.06094630977649601,0.5131012055988862,,0.0,1,-0.0,-0.2736782981113529,-0.057487858877782294,-0.05808885842462341,01042650,0.5131012055988862,0.0,1.0,1.0,0.0,1.0,1.0,-1.4660034445682462,284.0,1.0,0.0,1.0,0.30000000000000004,0.0,1.0,0.30000000000000004
000240,한국앤컴퍼니,64992,64992,2016,3,2016-11-30,2016-11-30,2016-11-30,2017-02-28,0.1,0.5072322427933904,0.5072322427933904,6.0,20650,2016-11-30,1,0,,0.0,,0.0,0.06772917321519796,0.5072322427933904,,0.0,1,-0.0,-0.05311778290993063,-0.057487858877782294,-0.05808885842462341,00160047,0.5072322427933904,0.0,1.0,1.0,0.0,1.0,1.0,-1.4492349794096868,283.0,1.0,0.0,1.0,0.30000000000000004,0.0,1.0,0.30000000000000004
145020,휴젤,211,211,2016,3,2016-11-30,2016-11-30,2016-11-30,2017-02-28,0.1,0.4966293531976179,0.4966293531976179,7.0,94563,2016-11-30,1,0,,0.0,,0.0,0.07998311902593205,0.4966293531976179,,0.0,1,-0.0,0.07463579782504626,-0.057487858877782294,-0.05808885842462341,00888347,0.4966293531976179,0.0,1.0,1.0,0.0,1.0,1.0,-1.4189410091360513,282.0,1.0,0.0,1.0,0.30000000000000004,0.0,1.0,0.30000000000000004
213420,덕산네오룩스,262,262,2016,3,2016-11-30,2016-11-30,2016-11-30,2017-02-28,0.1,0.49576954281802976,0.49576954281802976,8.0,14880,2016-11-30,1,0,,0.0,,0.0,0.08097681698947402,0.49576954281802976,,0.0,1,-0.0,-0.16611408079031054,-0.057487858877782294,-0.05808885842462341,01061558,0.49576954281802976,0.0,1.0,1.0,0.0,1.0,1.0,-1.4164844080515138,281.0,1.0,0.0,1.0,0.30000000000000004,0.0,1.0,0.30000000000000004
023160,태광,2413,2413,2016,3,2016-11-30,2016-11-30,2016-11-30,2017-02-28,0.1,0.4892139994031548,0.4892139994031548,9.0,8160,2016-11-30,1,0,,0.0,,0.0,0.08855317370244227,0.4892139994031548,,0.0,1,-0.0,0.10874704491725762,-0.057487858877782294,-0.05808885842462341,00153375,0.4892139994031548,0.0,1.0,1.0,0.0,1.0,1.0,-1.3977542840090138,280.0,1.0,0.0,1.0,0.30000000000000004,0.0,1.0,0.30000000000000004
026960,동서,4632,4632,2016,3,2016-11-30,2016-11-30,2016-11-30,2017-02-28,0.1,0.4796221789766662,0.4796221789766662,10.0,26600,2016-11-30,1,0,,0.0,,0.0,0.09963860910859303,0.4796221789766662,,0.0,1,-0.0,-0.06077348066298327,-0.057487858877782294,-0.05808885842462341,00144395,0.4796221789766662,0.0,1.0,1.0,0.0,1.0,1.0,-1.370349082790475,279.0,1.0,0.0,1.0,0.30000000000000004,0.0,1.0,0.30000000000000004
058470,리노공업,2629,2629,2016,4,2017-03-31,2017-03-31,2017-03-31,,0.1,0.6612806007351308,0.6612806007351308,1.0,8379,2017-03-31,0,0,,0.0,,0.0,0.07568722203657165,0.4841732487442347,0.19181721933829438,0.16702284681937743,0,0.010084505171518703,,0.13195156243823392,0.12992616244265265,00369657,0.6612806007351308,0.0,1.0,1.0,0.0,1.0,1.0,-1.383352139269242,291.0,1.0,1.6702284681937742,5.0,1.0,-0.10084505171518701,4.0,1.0
145020,휴젤,211,211,2016,4,2017-03-31,2017-03-31,2017-03-31,2017-04-30,0.1,0.6156831626412739,0.6156831626412739,2.0,125868,2017-03-31,0,0,,0.0,,0.0,0.07170087624479107,0.4873682569794091,0.15338123895658587,0.11823040049034605,0,0.010084505171518703,0.26423650336520876,0.13195156243823392,0.12992616244265265,00888347,0.6156831626412739,0.0,1.0,1.0,0.0,1.0,1.0,-1.3924807342268832,293.0,1.0,1.1823040049034605,31.0,1.0,-0.10084505171518701,4.0,1.0
084370,유진테크,29271,29271,2016,4,2017-03-31,2017-03-31,2017-03-31,2017-04-30,0.1,0.6101610295863152,0.6101610295863152,3.0,16300,2017-03-31,0,0,,0.0,,0.0,0.12390790950079807,0.44552494736715886,0.1819930453862625,0.15455157704763767,0,0.010084505171518703,0.05572755417956654,0.13195156243823392,0.12992616244265265,00531014,0.6101610295863152,0.0,1.0,1.0,0.0,1.0,1.0,-1.2729284210490255,284.0,1.0,1.5455157704763767,12.0,1.0,-0.10084505171518701,4.0,1.0
031980,피에스케이홀딩스,29271,29271,2016,4,2017-03-31,2017-03-31,2017-03-31,2017-04-30,0.1,0.5455024613848211,0.5455024613848211,4.0,11018,2017-03-31,0,0,,0.0,,0.0,0.16868246949444546,0.4096386757343825,0.1593278275163822,0.12577928047891984,0,0.010084505171518703,0.09022765130483057,0.13195156243823392,0.12992616244265265,00208444,0.5455024613848211,0.0,1.0,1.0,0.0,1.0,1.0,-1.17039621638395,278.0,1.0,1.2577928047891984,26.0,1.0,-0.10084505171518701,4.0,1.0
237690,에스티팜,212,212,2016,4,2017-03-31,2017-03-31,2017-03-31,2017-04-30,0.1,0.5250729254195462,0.5250729254195462,5.0,40800,2017-03-31,0,0,,0.0,,0.0,0.1604963862317764,0.41619972307051145,0.13806614444216486,0.0987886971775161,0,0.010084505171518703,0.05051664753157303,0.13195156243823392,0.12992616244265265,00871833,0.5250729254195462,0.0,1.0,1.0,0.0,1.0,1.0,-1.189142065915747,279.0,1.0,0.9878869717751608,41.0,1.0,-0.10084505171518701,4.0,1.0
023160,태광,2413,2413,2016,4,2017-03-31,2017-03-31,2017-03-31,2017-04-30,0.1,0.5220339697433521,0.5220339697433521,6.0,9400,2017-03-31,0,0,,0.0,,0.0,0.086727094520425,0.4753249236506327,0.08909667334410373,0.036624540921200675,0,0.010084505171518703,-0.034115138592750616,0.13195156243823392,0.12992616244265265,00153375,0.5220339697433521,0.0,1.0,1.0,0.0,1.0,1.0,-1.3580712104303794,287.0,1.0,0.3662454092120067,100.0,1.0,-0.10084505171518701,4.0,1.0
192080,더블유게임즈,5821,5821,2016,4,2017-03-31,2017-03-31,2017-03-31,2017-04-30,0.1,0.5203357269936855,0.5203357269936855,7.0,33450,2017-03-31,0,0,,0.0,,0.0,0.14438492496840205,0.42911286560905204,0.12416218573381564,0.0811383562131147,0,0.010084505171518703,0.31573575276438914,0.13195156243823392,0.12992616244265265,01010110,0.5203357269936855,0.0,1.0,1.0,0.0,1.0,1.0,-1.226036758883006,281.0,1.0,0.8113835621311469,54.0,1.0,-0.10084505171518701,4.0,1.0
121600,나노신소재,2049,2049,2016,4,2017-03-31,2017-03-31,2017-03-31,2017-04-30,0.1,0.5118304330484369,0.5118304330484369,8.0,12250,2017-03-31,0,0,,0.0,,0.0,0.0822337768764316,0.47892626373141906,0.07822195783292304,0.02281966414549911,0,0.010084505171518703,0.027888446215139417,0.13195156243823392,0.12992616244265265,00439965,0.5118304330484369,0.0,1.0,1.0,0.0,1.0,1.0,-1.3683607535183402,289.0,1.0,0.22819664145499108,121.0,1.0,-0.10084505171518701,4.0,1.0
213420,덕산네오룩스,262,262,2016,4,2017-03-31,2017-03-31,2017-03-31,2017-04-30,0.1,0.5084316998652358,0.5084316998652358,9.0,13377,2017-03-31,0,0,,0.0,,0.0,0.08482382902800475,0.47685036806504966,0.07717989987784005,0.021496826628667507,0,0.010084505171518703,0.5223953261927945,0.13195156243823392,0.12992616244265265,01061558,0.5084316998652358,0.0,1.0,1.0,0.0,1.0,1.0,-1.362429623042999,288.0,1.0,0.21496826628667506,124.0,1.0,-0.10084505171518701,4.0,1.0
035250,강원랜드,91249,91249,2016,4,2017-03-31,2017-03-31,2017-03-31,2017-04-30,0.1,0.5072162706352302,0.5072162706352302,10.0,38200,2017-03-31,0,0,,0.0,,0.0,0.20153354593766845,0.3833089328438244,0.1499092016855378,0.11382283261988711,0,0.010084505171518703,0.022630834512022746,0.13195156243823392,0.12992616244265265,00255619,0.5072162706352302,0.0,1.0,1.0,0.0,1.0,1.0,-1.095168379553784,269.0,1.0,1.138228326198871,35.0,1.0,-0.10084505171518701,4.0,1.0
145020,휴젤,211,211,2017,1,2017-05-31,2017-05-31,2017-05-31,2017-07-31,0.1,0.7289805884249468,0.7289805884249468,1.0,159424,2017-05-31,0,0,,0.0,,0.0,0.07065262664738002,0.5010545333694207,0.20076207305801855,0.20053665543688648,0,0.02738939961863959,0.2476402033830043,0.14787918461642646,0.14630734222391584,00888347,0.7289805884249468,0.0,1.0,1.0,0.0,1.0,1.0,-1.431584381055488,297.0,1.0,2.0053665543688646,4.0,1.0,-0.27389399618639587,22.0,1.0
104830,원익머트리얼즈,20121,20121,2017,1,2017-05-31,2017-05-31,2017-05-31,2017-07-31,0.1,0.6607628446545829,0.6607628446545829,2.0,39900,2017-05-31,0,0,,0.0,,0.0,0.10977971072334351,0.4691538895061466,0.17531235107465531,0.16421955552979667,0,0.02738939961863959,0.21732283464566904,0.14787918461642646,0.14630734222391584,00623661,0.6607628446545829,0.0,1.0,1.0,0.0,1.0,1.0,-1.3404396843032762,291.0,1.0,1.6421955552979666,13.0,1.0,-0.27389399618639587,22.0,1.0
192080,더블유게임즈,5821,5821,2017,1,2017-05-31,2017-05-31,2017-05-31,2017-07-31,0.1,0.5912681198515374,0.5912681198515374,3.0,46491,2017-05-31,0,0,,0.0,,0.0,0.16150193471078772,0.4269843211315494,0.15616386080326777,0.1368943991013484,0,0.02738939961863959,0.1496358229539283,0.14787918461642646,0.14630734222391584,01010110,0.5912681198515374,0.0,1.0,1.0,0.0,1.0,1.0,-1.2199552032329983,284.0,1.0,1.368943991013484,27.0,1.0,-0.27389399618639587,22.0,1.0
084370,유진테크,29271,29271,2017,1,2017-05-31,2017-05-31,2017-05-31,2017-07-31,0.1,0.5812464481047921,0.5812464481047921,4.0,18900,2017-05-31,0,0,,0.0,,0.0,0.1506387004704264,0.43584120824412576,0.14293444337606562,0.1180158402420267,0,0.02738939961863959,0.0058651026392961825,0.14787918461642646,0.14630734222391584,00531014,0.5812464481047921,0.0,1.0,1.0,0.0,1.0,1.0,-1.2452605949832165,285.0,1.0,1.180158402420267,40.0,1.0,-0.27389399618639587,22.0,1.0
058470,리노공업,2629,2629,2017,1,2017-05-31,2017-05-31,2017-05-31,,0.1,0.5766918281397981,0.5766918281397981,5.0,8599,2017-05-31,0,0,,0.0,,0.0,0.14875364763419174,0.4373781078269168,0.13866572480151101,0.11192432069424174,0,0.02738939961863959,,0.14787918461642646,0.14630734222391584,00369657,0.5766918281397981,0.0,1.0,1.0,0.0,1.0,1.0,-1.2496517366483337,286.0,1.0,1.1192432069424174,43.0,1.0,-0.27389399618639587,22.0,1.0
112610,씨에스윈드,2511,2511,2017,1,2017-05-31,2017-05-31,2017-05-31,2017-07-31,0.1,0.5733110232527879,0.5733110232527879,6.0,11151,2017-05-31,0,0,,0.0,,0.0,0.19520924641193171,0.3995024637031003,0.1628384718182999,0.14641915993104807,0,0.02738939961863959,0.3814231395980445,0.14787918461642646,0.14630734222391584,00670340,0.5733110232527879,0.0,1.0,1.0,0.0,1.0,1.0,-1.1414356105802865,278.0,1.0,1.4641915993104806,22.0,1.0,-0.27389399618639587,22.0,1.0
035900,JYP Ent.,59201,59201,2017,1,2017-05-31,2017-05-31,2017-05-31,2017-07-31,0.1,0.5714625895168206,0.5714625895168206,7.0,7650,2017-05-31,0,0,,0.0,,0.0,0.24909013758219267,0.35557291564576765,0.19232740851667868,0.18850027425241328,0,0.02738939961863959,0.007092198581560405,0.14787918461642646,0.14630734222391584,00258689,0.5714625895168206,0.0,1.0,1.0,0.0,1.0,1.0,-1.0159226161307648,262.0,1.0,1.8850027425241327,5.0,1.0,-0.27389399618639587,22.0,1.0
213420,덕산네오룩스,262,262,2017,1,2017-05-31,2017-05-31,2017-05-31,2017-07-31,0.1,0.5541639651568155,0.5541639651568155,8.0,23196,2017-05-31,0,0,,0.0,,0.0,0.11011133051057967,0.4688835170779305,0.10080114421207538,0.057891048460245356,0,0.02738939961863959,0.31116085705148677,0.14787918461642646,0.14630734222391584,01061558,0.5541639651568155,0.0,1.0,1.0,0.0,1.0,1.0,-1.3396671916512302,290.0,1.0,0.5789104846024535,81.0,1.0,-0.27389399618639587,22.0,1.0
017960,한국카본,2512,2512,2017,1,2017-05-31,2017-05-31,2017-05-31,2017-07-31,0.1,0.5522093293297066,0.5522093293297066,9.0,6630,2017-05-31,0,0,,0.0,,0.0,0.18775257634071948,0.4055819501244716,0.14379087482636788,0.11923797958659532,0,0.02738939961863959,-0.09909909909909909,0.14787918461642646,0.14630734222391584,00159795,0.5522093293297066,0.0,1.0,1.0,0.0,1.0,1.0,-1.1588055717842047,281.0,1.0,1.1923797958659532,39.0,1.0,-0.27389399618639587,22.0,1.0
000660,SK하이닉스,2612,2612,2017,1,2017-05-31,2017-05-31,2017-05-31,2017-07-31,0.1,0.5413391130405805,0.5413391130405805,10.0,57000,2017-05-31,0,0,,0.0,,0.0,0.3101038454780459,0.3058279215494877,0.20607746481520467,0.20812179187245317,0,0.02738939961863959,0.2222222222222221,0.14787918461642646,0.14630734222391584,00164779,0.5413391130405805,0.0,1.0,1.0,0.0,1.0,1.0,-0.8737940615699649,238.0,1.0,2.0812179187245317,1.0,1.0,-0.27389399618639587,22.0,1.0
145020,휴젤,211,211,2017,2,2017-08-31,2017-08-31,2017-08-31,2017-10-31,0.1,0.7423071217417742,0.7423071217417742,1.0,197788,2017-08-31,0,0,,0.0,,0.0,0.06311413888152596,0.5182954637067674,0.19921795153315677,0.19433803221054766,0,0.0296736258244591,-0.2621239250498071,-0.00921128767613677,-0.010979067594011793,00888347,0.7423071217417742,0.0,1.0,1.0,0.0,1.0,1.0,-1.4808441820193354,304.0,1.0,1.9433803221054764,11.0,1.0,-0.296736258244591,26.0,1.0
058470,리노공업,2629,2629,2017,2,2017-08-31,2017-08-31,2017-08-31,,0.1,0.7124081939342652,0.7124081939342652,2.0,10091,2017-08-31,0,0,,0.0,,0.0,0.11547757197932851,0.47316586824682,0.21015940855979878,0.20956869986298618,0,0.0296736258244591,,-0.00921128767613677,-0.010979067594011793,00369657,0.7124081939342652,0.0,1.0,1.0,0.0,1.0,1.0,-1.3519024807052,294.0,1.0,2.0956869986298616,9.0,1.0,-0.296736258244591,26.0,1.0
001800,오리온홀딩스,649,649,2017,2,2017-08-31,2017-08-31,2017-08-31,2017-10-31,0.1,0.7115018710075043,0.7115018710075043,3.0,27500,2017-08-31,0,0,,0.0,,0.0,0.17713067389496484,0.42002994144257955,0.24768028285006546,0.26179830374046564,0,0.0296736258244591,-0.06702898550724634,-0.00921128767613677,-0.010979067594011793,00117577,0.7115018710075043,0.0,1.0,1.0,0.0,1.0,1.0,-1.2000855469787988,285.0,1.0,2.6179830374046564,1.0,1.0,-0.296736258244591,26.0,1.0
237690,에스티팜,212,212,2017,2,2017-08-31,2017-08-31,2017-08-31,2017-10-31,0.1,0.6577626074988752,0.6577626074988752,4.0,34950,2017-08-31,0,0,,0.0,,0.0,0.11190762038876187,0.4762426426590887,0.1686926294859435,0.15184633901532732,0,0.0296736258244591,-0.15816326530612246,-0.00921128767613677,-0.010979067594011793,00871833,0.6577626074988752,0.0,1.0,1.0,0.0,1.0,1.0,-1.3606932647402536,297.0,1.0,1.5184633901532731,19.0,1.0,-0.296736258244591,26.0,1.0
214370,케어젠,211,211,2017,2,2017-08-31,2017-08-31,2017-08-31,2017-10-31,0.1,0.6538462288857346,0.6538462288857346,5.0,10912,2017-08-31,0,0,,0.0,,0.0,0.056234773819504806,0.5242244669042934,0.13140982814770946,0.0999481361569822,0,0.0296736258244591,0.01947148817802513,-0.00921128767613677,-0.010979067594011793,00549891,0.6538462288857346,0.0,1.0,1.0,0.0,1.0,1.0,-1.497784191155124,305.0,1.0,0.9994813615698219,48.0,1.0,-0.296736258244591,26.0,1.0
095610,테스,29271,29271,2017,2,2017-08-31,2017-08-31,2017-08-31,2017-10-31,0.1,0.6418372582488842,0.6418372582488842,6.0,30400,2017-08-31,0,0,,0.0,,0.0,0.25494793331003057,0.3529628828208813,0.2458142433820611,0.2592007496035437,0,0.0296736258244591,0.15551839464882944,-0.00921128767613677,-0.010979067594011793,00524421,0.6418372582488842,0.0,1.0,1.0,0.0,1.0,1.0,-1.0084653794882323,265.0,1.0,2.592007496035437,4.0,1.0,-0.296736258244591,26.0,1.0
104830,원익머트리얼즈,20121,20121,2017,2,2017-08-31,2017-08-31,2017-08-31,2017-10-31,0.1,0.6412926872396439,0.6412926872396439,7.0,39450,2017-08-31,0,0,,0.0,,0.0,0.11286890648163135,0.4754141551072614,0.1574560857106762,0.1362049063079234,0,0.0296736258244591,-0.10737386804657179,-0.00921128767613677,-0.010979067594011793,00623661,0.6412926872396439,0.0,1.0,1.0,0.0,1.0,1.0,-1.3583261574493184,295.0,1.0,1.362049063079234,26.0,1.0,-0.296736258244591,26.0,1.0
000660,SK하이닉스,2612,2612,2017,2,2017-08-31,2017-08-31,2017-08-31,2017-10-31,0.1,0.6050458651175562,0.6050458651175562,8.0,68600,2017-08-31,0,0,,0.0,,0.0,0.3006505478372178,0.31357393555263147,0.24768028285006546,0.26179830374046564,0,0.0296736258244591,0.24545454545454537,-0.00921128767613677,-0.010979067594011793,00164779,0.6050458651175562,0.0,1.0,1.0,0.0,1.0,1.0,-0.8959255301503757,244.0,1.0,2.6179830374046564,1.0,1.0,-0.296736258244591,26.0,1.0
010130,고려아연,24213,24213,2017,2,2017-08-31,2017-08-31,2017-08-31,2017-10-31,0.1,0.5966484156954615,0.5966484156954615,9.0,516000,2017-08-31,0,0,,0.0,,0.0,0.1271363685691244,0.46311769641162787,0.13421795772673395,0.10385709345937451,0,0.0296736258244591,0.037487335359675855,-0.00921128767613677,-0.010979067594011793,00102858,0.5966484156954615,0.0,1.0,1.0,0.0,1.0,1.0,-1.3231934183189369,293.0,1.0,1.038570934593745,46.0,1.0,-0.296736258244591,26.0,1.0
031980,피에스케이홀딩스,29271,29271,2017,2,2017-08-31,2017-08-31,2017-08-31,2017-10-31,0.1,0.5916845594309256,0.5916845594309256,10.0,20723,2017-08-31,0,0,,0.0,,0.0,0.20792279929763938,0.3934916478173477,0.18067019572242568,0.16851928578911882,0,0.0296736258244591,0.039383842246135226,-0.00921128767613677,-0.010979067594011793,00208444,0.5916845594309256,0.0,1.0,1.0,0.0,1.0,1.0,-1.1242618509067077,280.0,1.0,1.6851928578911881,15.0,1.0,-0.296736258244591,26.0,1.0
214370,케어젠,211,211,2017,3,2017-11-30,2017-11-30,2017-11-30,2018-02-28,0.1,0.8590056623758054,0.8590056623758054,1.0,12832,2017-11-30,0,0,,0.0,,0.0,0.07615039446564854,0.5049945372052572,0.29901010215821255,0.32380285221996435,0,0.030208272950583828,0.17326057298772168,0.0855794054714436,0.0849628588551179,00549891,0.8590056623758054,0.0,1.0,1.0,0.0,1.0,1.0,-1.4428415348721635,307.0,1.0,3.2380285221996434,4.0,1.0,-0.30208272950583825,27.0,1.0
240810,원익IPS,292,292,2017,3,2017-11-30,2017-11-30,2017-11-30,2018-02-28,0.1,0.6978507040231411,0.6978507040231411,2.0,34600,2017-11-30,0,0,,0.0,,0.0,0.28126718084643754,0.32693170328657656,0.3111800989597389,0.34071072778598077,0,0.030208272950583828,-0.01793103448275868,0.0855794054714436,0.0849628588551179,01135941,0.6978507040231411,0.0,1.0,1.0,0.0,1.0,1.0,-0.9340905808187902,250.0,1.0,3.4071072778598075,1.0,1.0,-0.30208272950583825,27.0,1.0
000660,SK하이닉스,2612,2612,2017,3,2017-11-30,2017-11-30,2017-11-30,2018-02-28,0.1,0.6753892839708407,0.6753892839708407,3.0,76800,2017-11-30,0,0,,0.0,,0.0,0.27607430396856103,0.3314396637971751,0.2917680046426196,0.31374134722308183,0,0.030208272950583828,-0.06569343065693423,0.0855794054714436,0.0849628588551179,00164779,0.6753892839708407,0.0,1.0,1.0,0.0,1.0,1.0,-0.9469704679919289,254.0,1.0,3.137413472230818,5.0,1.0,-0.30208272950583825,27.0,1.0
095610,테스,29271,29271,2017,3,2017-11-30,2017-11-30,2017-11-30,2018-02-28,0.1,0.6724617229266856,0.6724617229266856,4.0,38100,2017-11-30,0,0,,0.0,,0.0,0.23745324438560272,0.36496678480772476,0.26552855414074056,0.277286665168377,0,0.030208272950583828,-0.03183791606367581,0.0855794054714436,0.0849628588551179,00524421,0.6724617229266856,0.0,1.0,1.0,0.0,1.0,1.0,-1.0427622423077851,269.0,1.0,2.77286665168377,6.0,1.0,-0.30208272950583825,27.0,1.0
058470,리노공업,2629,2629,2017,3,2017-11-30,2017-11-30,2017-11-30,,0.1,0.6381628851054505,0.6381628851054505,5.0,11293,2017-11-30,0,0,,0.0,,0.0,0.10308025053436493,0.4816166042080242,0.1568783178406166,0.12633800794684244,0,0.030208272950583828,,0.0855794054714436,0.0849628588551179,00369657,0.6381628851054505,0.0,1.0,1.0,0.0,1.0,1.0,-1.376047440594355,300.0,1.0,1.2633800794684245,29.0,1.0,-0.30208272950583825,27.0,1.0
237690,에스티팜,212,212,2017,3,2017-11-30,2017-11-30,2017-11-30,2018-02-28,0.1,0.6248366576817567,0.6248366576817567,6.0,35100,2017-11-30,0,0,,0.0,,0.0,0.10195042162008806,0.48259741393047145,0.14658035961233293,0.11203097080070144,0,0.030208272950583828,0.20151515151515165,0.0855794054714436,0.0849628588551179,00871833,0.6248366576817567,0.0,1.0,1.0,0.0,1.0,1.0,-1.3788497540870615,302.0,1.0,1.1203097080070143,35.0,1.0,-0.30208272950583825,27.0,1.0
131970,두산테스나,739,739,2017,3,2017-11-30,2017-11-30,2017-11-30,2018-02-28,0.1,0.6196336310575864,0.6196336310575864,7.0,7497,2017-11-30,0,0,,0.0,,0.0,0.2775908629424438,0.3301231319157081,0.2525836655902089,0.25930222619129456,0,0.030208272950583828,0.29573128061581544,0.0855794054714436,0.0849628588551179,00563545,0.6196336310575864,0.0,1.0,1.0,0.0,1.0,1.0,-0.9432089483305945,252.0,1.0,2.5930222619129455,7.0,1.0,-0.30208272950583825,27.0,1.0
104830,원익머트리얼즈,20121,20121,2017,3,2017-11-30,2017-11-30,2017-11-30,2018-02-28,0.1,0.605408606439599,0.605408606439599,8.0,35900,2017-11-30,0,0,,0.0,,0.0,0.1331586255468465,0.4555054273078145,0.15209672792860132,0.11969490618120077,0,0.030208272950583828,-0.033333333333333326,0.0855794054714436,0.0849628588551179,00623661,0.605408606439599,0.0,1.0,1.0,0.0,1.0,1.0,-1.3014440780223273,295.0,1.0,1.1969490618120076,32.0,1.0,-0.30208272950583825,27.0,1.0
031980,피에스케이홀딩스,29271,29271,2017,3,2017-11-30,2017-11-30,2017-11-30,2018-02-28,0.1,0.5969734330678955,0.5969734330678955,9.0,22927,2017-11-30,0,0,,0.0,,0.0,0.21065880658118127,0.38822716058143547,0.19445097019412091,0.17853799953587624,0,0.030208272950583828,0.23607315535001017,0.0855794054714436,0.0849628588551179,00208444,0.5969734330678955,0.0,1.0,1.0,0.0,1.0,1.0,-1.1092204588041015,277.0,1.0,1.7853799953587624,18.0,1.0,-0.30208272950583825,27.0,1.0
001800,오리온홀딩스,649,649,2017,3,2017-11-30,2017-11-30,2017-11-30,2018-02-28,0.1,0.5865091800816249,0.5865091800816249,10.0,28850,2017-11-30,0,0,,0.0,,0.0,0.19217466915307346,0.4042733260419309,0.17536922888105286,0.15202758108911016,0,0.030208272950583828,-0.009708737864077888,0.0855794054714436,0.0849628588551179,00117577,0.5865091800816249,0.0,1.0,1.0,0.0,1.0,1.0,-1.1550666458340884,284.0,1.0,1.5202758108911014,24.0,1.0,-0.30208272950583825,27.0,1.0
214370,케어젠,211,211,2017,4,2018-03-31,2018-03-31,2018-03-31,2018-04-30,0.1,0.7175888839402116,0.7175888839402116,1.0,14576,2018-03-30,0,0,,0.0,,0.0,0.06725000142285525,0.5018422232856146,0.2158423398953619,0.20782854592440386,0,0.007918114730193241,0.041860465116279055,-0.0030268935069378555,-0.004224063357831764,00549891,0.7175888839402116,0.0,1.0,1.0,0.0,1.0,1.0,-1.4338349236731847,317.0,1.0,2.0782854592440385,11.0,1.0,-0.0791811473019324,3.0,1.0
082920,비츠로셀,28201,28201,2017,4,2018-03-31,2018-03-31,2018-03-31,2018-04-30,0.1,0.6258840218677693,0.6258840218677693,2.0,7011,2018-03-30,0,0,,0.0,,0.0,0.20639501823876952,0.38194359954039575,0.23694016990261776,0.23602230759718026,0,0.007918114730193241,0.0,-0.0030268935069378555,-0.004224063357831764,00154718,0.6258840218677693,0.0,1.0,1.0,0.0,1.0,1.0,-1.0912674272582736,285.0,1.0,2.3602230759718026,1.0,1.0,-0.0791811473019324,3.0,1.0
058470,리노공업,2629,2629,2017,4,2018-03-31,2018-03-31,2018-03-31,,0.1,0.6099542988770713,0.6099542988770713,3.0,11733,2018-03-30,0,0,,0.0,,0.0,0.07818627476125682,0.4924186438274251,0.14234951814480953,0.10961754031945302,0,0.007918114730193241,,-0.0030268935069378555,-0.004224063357831764,00369657,0.6099542988770713,0.0,1.0,1.0,0.0,1.0,1.0,-1.4069104109355004,312.0,1.0,1.09617540319453,41.0,1.0,-0.0791811473019324,3.0,1.0
237690,에스티팜,212,212,2017,4,2018-03-31,2018-03-31,2018-03-31,2018-04-30,0.1,0.6061774278305538,0.6061774278305538,4.0,44200,2018-03-30,0,0,,0.0,,0.0,0.08309998975477258,0.48818458874819637,0.14269163606139415,0.11007472435216425,0,0.007918114730193241,0.003783102143757766,-0.0030268935069378555,-0.004224063357831764,00871833,0.6061774278305538,0.0,1.0,1.0,0.0,1.0,1.0,-1.3948131107091326,309.0,1.0,1.1007472435216425,40.0,1.0,-0.0791811473019324,3.0,1.0
240810,원익IPS,292,292,2017,4,2018-03-31,2018-03-31,2018-03-31,2018-04-30,0.1,0.5710762160454647,0.5710762160454647,5.0,33300,2018-03-30,0,0,,0.0,,0.0,0.26752678226215415,0.3292675171247515,0.23534496814918754,0.23389058419051995,0,0.007918114730193241,-0.03932584269662931,-0.0030268935069378555,-0.004224063357831764,01135941,0.5710762160454647,0.0,1.0,1.0,0.0,1.0,1.0,-0.9407643346421473,261.0,1.0,2.3389058419051993,5.0,1.0,-0.0791811473019324,3.0,1.0
121600,나노신소재,2049,2049,2017,4,2018-03-31,2018-03-31,2018-03-31,2018-04-30,0.1,0.569960497379217,0.569960497379217,6.0,17650,2018-03-30,0,0,,0.0,,0.0,0.07042962841272668,0.49910239897258796,0.10741997711235679,0.06293998367643577,0,0.007918114730193241,0.016759776536312776,-0.0030268935069378555,-0.004224063357831764,00439965,0.569960497379217,0.0,1.0,1.0,0.0,1.0,1.0,-1.4260068542073943,316.0,1.0,0.6293998367643577,77.0,1.0,-0.0791811473019324,3.0,1.0
104830,원익머트리얼즈,20121,20121,2017,4,2018-03-31,2018-03-31,2018-03-31,2018-04-30,0.1,0.5575589583511639,0.5575589583511639,7.0,28650,2018-03-30,0,0,,0.0,,0.0,0.14515733504728193,0.4347109504956858,0.1463248343064777,0.11492989312528482,0,0.007918114730193241,-0.09295352323838091,-0.0030268935069378555,-0.004224063357831764,00623661,0.5575589583511639,0.0,1.0,1.0,0.0,1.0,1.0,-1.242031287130531,303.0,1.0,1.149298931252848,38.0,1.0,-0.0791811473019324,3.0,1.0
000660,SK하이닉스,2612,2612,2017,4,2018-03-31,2018-03-31,2018-03-31,2018-04-30,0.1,0.5496733449940018,0.5496733449940018,8.0,81300,2018-03-30,0,0,,0.0,,0.0,0.29483920203262604,0.30573292266662827,0.23694016990261776,0.23602230759718026,0,0.007918114730193241,0.10026041666666652,-0.0030268935069378555,-0.004224063357831764,00164779,0.5496733449940018,0.0,1.0,1.0,0.0,1.0,1.0,-0.8735226361903665,248.0,1.0,2.3602230759718026,1.0,1.0,-0.0791811473019324,3.0,1.0
215600,신라젠,70113,70113,2017,4,2018-03-31,2018-03-31,2018-03-31,2018-04-30,0.1,0.5490634739218648,0.5490634739218648,9.0,68597,2018-03-30,0,0,,0.0,,0.0,0.1513840742395326,0.4293454873504337,0.14398259073726716,0.11179987184123791,0,0.007918114730193241,-0.1787259322446989,-0.0030268935069378555,-0.004224063357831764,00919966,0.5490634739218648,0.0,1.0,1.0,0.0,1.0,1.0,-1.2267013924298107,301.0,1.0,1.117998718412379,39.0,1.0,-0.0791811473019324,3.0,1.0
263750,펄어비스,58211,58211,2017,4,2018-03-31,2018-03-31,2018-03-31,2018-04-30,0.1,0.5421217958123571,0.5421217958123571,10.0,45340,2018-03-30,0,0,,0.0,,0.0,0.07483059184527013,0.49531017219515994,0.08942562633116716,0.03889350888700391,0,0.007918114730193241,0.07838283828382853,-0.0030268935069378555,-0.004224063357831764,01152470,0.5421217958123571,0.0,1.0,1.0,0.0,1.0,1.0,-1.4151719205575999,315.0,1.0,0.388935088870039,99.0,1.0,-0.0791811473019324,3.0,1.0
214370,케어젠,211,211,2018,1,2018-05-31,2018-05-31,2018-05-31,2018-07-31,0.1,0.6781740901955724,0.6781740901955724,1.0,13808,2018-05-31,0,0,,0.0,,0.0,0.0787347604988184,0.5071123002131843,0.16254531523268154,0.14194693993993218,0,0.02911485004245583,-0.1774553571428571,0.0005139712755579673,-0.0008992055179345426,00549891,0.6781740901955724,0.0,1.0,1.0,0.0,1.0,1.0,-1.448892286323384,315.0,1.0,1.4194693993993217,27.0,1.0,-0.2911485004245583,26.0,1.0
131970,두산테스나,739,739,2018,1,2018-05-31,2018-05-31,2018-05-31,2018-07-31,0.1,0.6358193472756222,0.6358193472756222,2.0,11799,2018-05-31,0,0,,0.0,,0.0,0.28438415926053706,0.3251242437095756,0.2630649055848733,0.2815802535235907,0,0.02911485004245583,0.540341718082582,0.0005139712755579673,-0.0008992055179345426,00563545,0.6358193472756222,0.0,1.0,1.0,0.0,1.0,1.0,-0.9289264105987876,263.0,1.0,2.815802535235907,1.0,1.0,-0.2911485004245583,26.0,1.0
058470,리노공업,2629,2629,2018,1,2018-05-31,2018-05-31,2018-05-31,,0.1,0.6350703791566992,0.6350703791566992,3.0,12514,2018-05-31,0,0,,0.0,,0.0,0.1414222213464421,0.4516374520711593,0.17145108135599693,0.15431807704308398,0,0.02911485004245583,,0.0005139712755579673,-0.0008992055179345426,00369657,0.6350703791566992,0.0,1.0,1.0,0.0,1.0,1.0,-1.2903927202033123,305.0,1.0,1.5431807704308398,21.0,1.0,-0.2911485004245583,26.0,1.0
000660,SK하이닉스,2612,2612,2018,1,2018-05-31,2018-05-31,2018-05-31,2018-07-31,0.1,0.6216524150317193,0.6216524150317193,4.0,93400,2018-05-31,0,0,,0.0,,0.0,0.3003930180517668,0.31095731146567285,0.2630649055848733,0.2815802535235907,0,0.02911485004245583,0.02130177514792897,0.0005139712755579673,-0.0008992055179345426,00164779,0.6216524150317193,0.0,1.0,1.0,0.0,1.0,1.0,-0.8884494613304939,250.0,1.0,2.815802535235907,1.0,1.0,-0.2911485004245583,26.0,1.0
104830,원익머트리얼즈,20121,20121,2018,1,2018-05-31,2018-05-31,2018-05-31,2018-07-31,0.1,0.609025283225721,0.609025283225721,5.0,31350,2018-05-31,0,0,,0.0,,0.0,0.12516833971119984,0.4660212156379316,0.14234704958291014,0.11388921754533357,0,0.02911485004245583,-0.10413223140495864,0.0005139712755579673,-0.0008992055179345426,00623661,0.609025283225721,0.0,1.0,1.0,0.0,1.0,1.0,-1.3314891875369474,307.0,1.0,1.1388921754533357,35.0,1.0,-0.2911485004245583,26.0,1.0
237690,에스티팜,212,212,2018,1,2018-05-31,2018-05-31,2018-05-31,2018-07-31,0.1,0.6021624126584867,0.6021624126584867,6.0,35600,2018-05-31,0,0,,0.0,,0.0,0.09396801426948588,0.4936317344316028,0.11753025703051043,0.07941582818442801,0,0.02911485004245583,-0.17587939698492472,0.0005139712755579673,-0.0008992055179345426,00871833,0.6021624126584867,0.0,1.0,1.0,0.0,1.0,1.0,-1.4103763840902939,313.0,1.0,0.7941582818442801,53.0,1.0,-0.2911485004245583,26.0,1.0
053610,프로텍,29271,29271,2018,1,2018-05-31,2018-05-31,2018-05-31,2018-07-31,0.1,0.557813899150444,0.557813899150444,7.0,19868,2018-05-31,0,0,,0.0,,0.0,0.16445038424789452,0.4312588337211019,0.13050569943347887,0.09744021538688628,0,0.02911485004245583,-0.06560491757474152,0.0005139712755579673,-0.0008992055179345426,00325112,0.557813899150444,0.0,1.0,1.0,0.0,1.0,1.0,-1.2321680963460055,302.0,1.0,0.9744021538688628,45.0,1.0,-0.2911485004245583,26.0,1.0
030190,NICE평가정보,63991,63991,2018,1,2018-05-31,2018-05-31,2018-05-31,2018-07-31,0.1,0.5566581840670937,0.5566581840670937,8.0,12200,2018-05-31,0,0,,0.0,,0.0,0.2976773204846836,0.3133605498182328,0.21454664133499599,0.214182784206405,0,0.02911485004245583,0.022155085599194324,0.0005139712755579673,-0.0008992055179345426,00158325,0.5566581840670937,0.0,1.0,1.0,0.0,1.0,1.0,-0.8953158566235223,253.0,1.0,2.1418278420640497,9.0,1.0,-0.2911485004245583,26.0,1.0
012750,에스원,75320,75320,2018,1,2018-05-31,2018-05-31,2018-05-31,2018-07-31,0.1,0.539088137435742,0.539088137435742,9.0,88400,2018-05-31,0,0,,0.0,,0.0,0.2471337899349441,0.3580887082712305,0.16969924858868154,0.15188457912205566,0,0.02911485004245583,-0.11620795107033621,0.0005139712755579673,-0.0008992055179345426,00158501,0.539088137435742,0.0,1.0,1.0,0.0,1.0,1.0,-1.0231105950606587,282.0,1.0,1.5188457912205566,23.0,1.0,-0.2911485004245583,26.0,1.0
036570,엔씨소프트,582,582,2018,1,2018-05-31,2018-05-31,2018-05-31,2018-07-31,0.1,0.5314057855571473,0.5314057855571473,10.0,353000,2018-05-31,0,0,,0.0,,0.0,0.3147310047271692,0.2982690062970567,0.2072320188077058,0.20402192921763476,0,0.02911485004245583,0.0708333333333333,0.0005139712755579673,-0.0008992055179345426,00261443,0.5314057855571473,0.0,1.0,1.0,0.0,1.0,1.0,-0.8521971608487335,248.0,1.0,2.0402192921763476,12.0,1.0,-0.2911485004245583,26.0,1.0
214370,케어젠,211,211,2018,2,2018-08-31,2018-08-31,2018-08-31,2018-10-31,0.1,0.6639651125903144,0.6639651125903144,1.0,13408,2018-08-31,0,0,,0.0,,0.0,0.06409696840199669,0.5073278608045372,0.1524748732545187,0.13026477128310854,0,0.026372480502668744,-0.03663500678426068,-0.13414023357304528,-0.13464945215771995,00549891,0.6639651125903144,0.0,1.0,1.0,0.0,1.0,1.0,-1.4495081737272493,319.0,1.0,1.3026477128310854,29.0,1.0,-0.26372480502668744,22.0,1.0
000660,SK하이닉스,2612,2612,2018,2,2018-08-31,2018-08-31,2018-08-31,2018-10-31,0.1,0.6343537367833386,0.6343537367833386,2.0,83000,2018-08-31,0,0,,0.0,,0.0,0.266995978695486,0.3311715158596021,0.260451983558478,0.2768097404210678,0,0.026372480502668744,-0.20973348783314028,-0.13414023357304528,-0.13464945215771995,00164779,0.6343537367833386,0.0,1.0,1.0,0.0,1.0,1.0,-0.9462043310274345,262.0,1.0,2.7680974042106783,1.0,1.0,-0.26372480502668744,22.0,1.0
036570,엔씨소프트,582,582,2018,2,2018-08-31,2018-08-31,2018-08-31,2018-10-31,0.1,0.6322237628306743,0.6322237628306743,3.0,387500,2018-08-31,0,0,,0.0,,0.0,0.2111935601040466,0.37961901732319436,0.22318554122311757,0.2262322650048112,0,0.026372480502668744,0.11413748378728905,-0.13414023357304528,-0.13464945215771995,00261443,0.6322237628306743,0.0,1.0,1.0,0.0,1.0,1.0,-1.0846257637805554,291.0,1.0,2.262322650048112,6.0,1.0,-0.26372480502668744,22.0,1.0
104830,원익머트리얼즈,20121,20121,2018,2,2018-08-31,2018-08-31,2018-08-31,2018-10-31,0.1,0.6000161961166272,0.6000161961166272,4.0,30850,2018-08-31,0,0,,0.0,,0.0,0.12237149675434619,0.45673408066193744,0.1426345557244867,0.11690963495202095,0,0.026372480502668744,0.03321033210332103,-0.13414023357304528,-0.13464945215771995,00623661,0.6000161961166272,0.0,1.0,1.0,0.0,1.0,1.0,-1.3049545161769642,314.0,1.0,1.1690963495202094,39.0,1.0,-0.26372480502668744,22.0,1.0
237690,에스티팜,212,212,2018,2,2018-08-31,2018-08-31,2018-08-31,2018-10-31,0.1,0.5943205472586564,0.5943205472586564,5.0,34800,2018-08-31,0,0,,0.0,,0.0,0.06409696840199669,0.5073278608045372,0.10115943774606188,0.06062020595145047,0,0.026372480502668744,-0.3597560975609756,-0.13414023357304528,-0.13464945215771995,00871833,0.5943205472586564,0.0,1.0,1.0,0.0,1.0,1.0,-1.4495081737272493,319.0,1.0,0.6062020595145047,76.0,1.0,-0.26372480502668744,22.0,1.0
131970,두산테스나,739,739,2018,2,2018-08-31,2018-08-31,2018-08-31,2018-10-31,0.1,0.584487505752877,0.584487505752877,6.0,14768,2018-08-31,0,0,,0.0,,0.0,0.32443250717426364,0.28130528482914047,0.260451983558478,0.2768097404210678,0,0.026372480502668744,-0.15891234016330313,-0.13414023357304528,-0.13464945215771995,00563545,0.584487505752877,0.0,1.0,1.0,0.0,1.0,1.0,-0.8037293852261157,238.0,1.0,2.7680974042106783,1.0,1.0,-0.26372480502668744,22.0,1.0
058470,리노공업,2629,2629,2018,2,2018-08-31,2018-08-31,2018-08-31,,0.1,0.5837069543483778,0.5837069543483778,7.0,12294,2018-08-31,0,0,,0.0,,0.0,0.09887414644925414,0.47713441351545155,0.11558624549273792,0.08020006033025756,0,0.026372480502668744,,-0.13414023357304528,-0.13464945215771995,00369657,0.5837069543483778,0.0,1.0,1.0,0.0,1.0,1.0,-1.3632411814727188,316.0,1.0,0.8020006033025755,57.0,1.0,-0.26372480502668744,22.0,1.0
012750,에스원,75320,75320,2018,2,2018-08-31,2018-08-31,2018-08-31,2018-10-31,0.1,0.5713185166231657,0.5713185166231657,8.0,85700,2018-08-31,0,0,,0.0,,0.0,0.21291695491565515,0.3781227708384487,0.17941186442037677,0.1668232652820483,0,0.026372480502668744,0.11303344867358711,-0.13414023357304528,-0.13464945215771995,00158501,0.5713185166231657,0.0,1.0,1.0,0.0,1.0,1.0,-1.0803507738241391,290.0,1.0,1.668232652820483,18.0,1.0,-0.26372480502668744,22.0,1.0
121600,나노신소재,2049,2049,2018,2,2018-08-31,2018-08-31,2018-08-31,2018-10-31,0.1,0.5525057873464242,0.5525057873464242,9.0,17400,2018-08-31,0,0,,0.0,,0.0,0.07203937745559097,0.5004322838033731,0.0754303220548711,0.025701023040382315,0,0.026372480502668744,-0.4858387799564271,-0.13414023357304528,-0.13464945215771995,00439965,0.5525057873464242,0.0,1.0,1.0,0.0,1.0,1.0,-1.4298065251524947,318.0,1.0,0.25701023040382315,115.0,1.0,-0.26372480502668744,22.0,1.0
213420,덕산네오룩스,262,262,2018,2,2018-08-31,2018-08-31,2018-08-31,2018-10-31,0.1,0.546451168964258,0.546451168964258,10.0,17300,2018-08-31,0,0,,0.0,,0.0,0.12454838126499383,0.4548441157074104,0.10455939064906523,0.06523457275417896,0,0.026372480502668744,-0.2756598240469208,-0.13414023357304528,-0.13464945215771995,01061558,0.546451168964258,0.0,1.0,1.0,0.0,1.0,1.0,-1.299554616306887,311.0,1.0,0.6523457275417895,70.0,1.0,-0.26372480502668744,22.0,1.0
042700,한미반도체,29271,29271,2018,3,2018-11-30,2018-11-30,2018-11-30,2019-02-28,0.1,0.6910812867967313,0.6910812867967313,1.0,4110,2018-11-30,0,0,,0.0,,0.0,0.17429709132206447,0.40369792099683577,0.2694688057142922,0.26312771075818814,0,0.024255655041707472,-0.09902067464635467,0.03824579742983936,0.03673117018433891,00161383,0.6910812867967313,0.0,1.0,1.0,0.0,1.0,1.0,-1.1534226314195308,297.0,1.0,2.6312771075818815,1.0,1.0,-0.24255655041707472,19.0,1.0
058470,리노공업,2629,2629,2018,3,2018-11-30,2018-11-30,2018-11-30,,0.1,0.6434615585442394,0.6434615585442394,2.0,10071,2018-11-30,0,0,,0.0,,0.0,0.0995712999219314,0.4678796025223218,0.17597309961487645,0.15132630098021016,0,0.024255655041707472,,0.03824579742983936,0.03673117018433891,00369657,0.6434615585442394,0.0,1.0,1.0,0.0,1.0,1.0,-1.336798864349491,318.0,1.0,1.5132630098021016,15.0,1.0,-0.24255655041707472,19.0,1.0
000660,SK하이닉스,2612,2612,2018,3,2018-11-30,2018-11-30,2018-11-30,2019-02-28,0.1,0.6027465881855262,0.6027465881855262,3.0,69600,2018-11-30,0,0,,0.0,,0.0,0.2771438866213337,0.3153632223856306,0.2694688057142922,0.26312771075818814,0,0.024255655041707472,0.02639296187683282,0.03824579742983936,0.03673117018433891,00164779,0.6027465881855262,0.0,1.0,1.0,0.0,1.0,1.0,-0.9010377782446588,258.0,1.0,2.6312771075818815,1.0,1.0,-0.24255655041707472,19.0,1.0
131970,두산테스나,739,739,2018,3,2018-11-30,2018-11-30,2018-11-30,2019-02-28,0.1,0.5843837317940381,0.5843837317940381,4.0,11271,2018-11-30,0,0,,0.0,,0.0,0.2985234912625125,0.2970003659941425,0.2694688057142922,0.26312771075818814,0,0.024255655041707472,0.19580547669200454,0.03824579742983936,0.03673117018433891,00563545,0.5843837317940381,0.0,1.0,1.0,0.0,1.0,1.0,-0.8485724742689786,251.0,1.0,2.6312771075818815,1.0,1.0,-0.24255655041707472,19.0,1.0
035900,JYP Ent.,59201,59201,2018,3,2018-11-30,2018-11-30,2018-11-30,2019-02-28,0.1,0.5690530696308334,0.5690530696308334,5.0,32400,2018-11-30,0,0,,0.0,,0.0,0.21946790926778872,0.3649008872375786,0.19986540556444302,0.1798965273515473,0,0.024255655041707472,-0.0034965034965035446,0.03824579742983936,0.03673117018433891,00258689,0.5690530696308334,0.0,1.0,1.0,0.0,1.0,1.0,-1.0425739635359388,284.0,1.0,1.7989652735154729,10.0,1.0,-0.24255655041707472,19.0,1.0
010130,고려아연,24213,24213,2018,3,2018-11-30,2018-11-30,2018-11-30,2019-02-28,0.1,0.5586595153477991,0.5586595153477991,6.0,425500,2018-11-30,0,0,,0.0,,0.0,0.10524898810931137,0.46300305898607247,0.1091341300444758,0.07140080132001923,0,0.024255655041707472,0.2044854881266489,0.03824579742983936,0.03673117018433891,00102858,0.5586595153477991,0.0,1.0,1.0,0.0,1.0,1.0,-1.32286588281735,317.0,1.0,0.7140080132001924,61.0,1.0,-0.24255655041707472,19.0,1.0
140860,파크시스템스,27219,27219,2018,3,2018-11-30,2018-11-30,2018-11-30,2019-02-28,0.1,0.5555171829572444,0.5555171829572444,7.0,37850,2018-11-30,0,0,,0.0,,0.0,0.14550616701257718,0.4284263300271428,0.1354216438495849,0.10283519788839408,0,0.024255655041707472,-0.08165997322623852,0.03824579742983936,0.03673117018433891,00244747,0.5555171829572444,0.0,1.0,1.0,0.0,1.0,1.0,-1.2240752286489796,308.0,1.0,1.0283519788839408,36.0,1.0,-0.24255655041707472,19.0,1.0
104830,원익머트리얼즈,20121,20121,2018,3,2018-11-30,2018-11-30,2018-11-30,2019-02-28,0.1,0.5536373425478804,0.5536373425478804,8.0,24850,2018-11-30,0,0,,0.0,,0.0,0.135196451102139,0.4372813035347342,0.12644448507310171,0.0921003839714388,0,0.024255655041707472,-0.1428571428571429,0.03824579742983936,0.03673117018433891,00623661,0.5536373425478804,0.0,1.0,1.0,0.0,1.0,1.0,-1.2493751529563835,311.0,1.0,0.9210038397143879,39.0,1.0,-0.24255655041707472,19.0,1.0
012750,에스원,75320,75320,2018,3,2018-11-30,2018-11-30,2018-11-30,2019-02-28,0.1,0.5433888220713186,0.5433888220713186,9.0,96300,2018-11-30,0,0,,0.0,,0.0,0.2146651621602905,0.369025947401215,0.17495362345615154,0.15010721962839613,0,0.024255655041707472,0.05699481865284972,0.03824579742983936,0.03673117018433891,00158501,0.5433888220713186,0.0,1.0,1.0,0.0,1.0,1.0,-1.0543598497177573,287.0,1.0,1.5010721962839613,16.0,1.0,-0.24255655041707472,19.0,1.0
082920,비츠로셀,28201,28201,2018,3,2018-11-30,2018-11-30,2018-11-30,2019-02-28,0.1,0.5414294110208813,0.5414294110208813,10.0,5563,2018-11-30,0,0,,0.0,,0.0,0.24375040347491497,0.3440447506795727,0.1942059576733422,0.1731290052996011,0,0.024255655041707472,0.12988115449915094,0.03824579742983936,0.03673117018433891,00154718,0.5414294110208813,0.0,1.0,1.0,0.0,1.0,1.0,-0.9829850019416363,274.0,1.0,1.731290052996011,12.0,1.0,-0.24255655041707472,19.0,1.0
082920,비츠로셀,28201,28201,2018,4,2019-03-31,2019-03-31,2019-03-31,2019-04-30,0.1,9.33438881404987,9.33438881404987,1.0,5223,2019-03-29,0,0,42.122300940614345,7.319879333722766,2.9238518328777388,1.5381691972980385,0.1880581899062439,0.3912204791212919,0.1176271186771346,0.07736992638046998,0,0.007749877527302601,0.05691209616829451,0.14664588047532856,0.14405567862448998,00154718,9.33438881404987,7.319879333722766,1.0,1.0,6.152676789192154,1.0,1.0,-1.1177727974894054,297.0,1.0,0.7736992638046998,60.0,1.0,-0.07749877527302601,3.0,1.0
001800,오리온홀딩스,649,649,2018,4,2019-03-31,2019-03-31,2019-03-31,2019-04-30,0.1,9.18105939729825,9.18105939729825,2.0,18550,2019-03-29,0,0,42.122300940614345,7.319879333722766,2.9238518328777388,1.5381691972980385,0.31255831132807604,0.2812675684793085,0.08072418457070779,0.033993420270835746,0,0.007749877527302601,0.002624671916010346,0.14664588047532856,0.14405567862448998,00117577,9.18105939729825,7.319879333722766,1.0,1.0,6.152676789192154,1.0,1.0,-0.8036216242265958,250.0,1.0,0.33993420270835745,113.0,1.0,-0.07749877527302601,3.0,1.0
009150,삼성전기,2622,2622,2018,4,2019-03-31,2019-03-31,2019-03-31,2019-04-30,0.1,7.597307020743037,7.597307020743037,3.0,104500,2019-03-29,0,0,42.122300940614345,7.319879333722766,0.0645739103700409,0.054394897855691154,0.5582914332015914,0.06424712157076258,0.18029898317973325,0.15103579006651502,0,0.007749877527302601,0.014018691588784993,0.14664588047532856,0.14405567862448998,00126371,7.597307020743037,7.319879333722766,1.0,1.0,0.21757959142276462,72.0,1.0,-0.1835632044878931,171.0,1.0,1.5103579006651502,22.0,1.0,-0.07749877527302601,3.0,1.0
041960,코미팜,21230,21230,2018,4,2019-03-31,2019-03-31,2019-03-31,2019-04-30,0.1,7.457690713272616,7.457690713272616,4.0,19009,2019-03-29,0,1,41.69644646613936,7.2456694213056725,-0.01850420538479347,0.01128290372851385,0.35612133813240393,0.24279466147481263,-0.014422174711247826,-0.04670619975276477,0,0.00464992651638156,-0.11342768731294073,0.14664588047532856,0.14405567862448998,00187415,7.457690713272616,7.2456694213056725,4.0,1.0,0.0451316149140554,123.0,1.0,-0.693699032785179,233.0,1.0,-0.7784366625460795,283.0,0.6,-0.07749877527302601,3.0,0.6
003850,보령,212,212,2018,4,2019-03-31,2019-03-31,2019-03-31,2019-04-30,0.1,4.392574999209004,4.392574999209004,5.0,9023,2019-03-29,0,0,24.41793746096023,4.234695680679537,0.05594413387435626,0.04991662015017929,0.5637083226183878,0.05946316834083362,0.0864721070184467,0.04074965251115046,0,0.007749877527302601,0.30509376246841313,0.14664588047532856,0.14405567862448998,00123143,4.392574999209004,4.234695680679537,5.0,1.0,0.19966648060071715,74.0,1.0,-0.16989476668809608,170.0,1.0,0.4074965251115046,101.0,1.0,-0.07749877527302601,3.0,1.0
089010,켐트로닉스,204,204,2018,4,2019-03-31,2019-03-31,2019-03-31,2019-04-30,0.1,2.418794339102913,2.418794339102913,6.0,7450,2019-03-29,0,0,16.525543838511645,2.8593576847474345,-0.037290417661545616,0.001534114098555067,1.0786018924244118,-0.3952676867335443,0.005369885924386917,-0.05457965053683476,0,0.007749877527302601,0.5007112375533427,0.14664588047532856,0.14405567862448998,00371485,2.418794339102913,2.8593576847474345,6.0,1.0,0.006136456394220268,195.0,1.0,1.1293362478101265,41.0,1.0,-0.5457965053683476,264.0,1.0,-0.07749877527302601,3.0,1.0
005090,SGC에너지,351,351,2018,4,2019-03-31,2019-03-31,2019-03-31,2019-04-30,0.1,2.141281278714368,2.141281278714368,7.0,39000,2019-03-29,0,0,13.560659185621018,2.3426933226104447,0.00817249960274924,0.025126332148933443,0.8719465523666715,-0.21275898007879832,0.03348777728104724,-0.021529273493514516,0,0.007749877527302601,0.06427688504326334,0.14664588047532856,0.14405567862448998,00125150,2.141281278714368,2.3426933226104447,7.0,1.0,0.10050532859573377,99.0,1.0,0.6078828002251381,84.0,1.0,-0.21529273493514514,212.0,1.0,-0.07749877527302601,3.0,1.0
131970,두산테스나,739,739,2018,4,2019-03-31,2019-03-31,2019-03-31,2019-04-30,0.1,2.0111948102202764,2.0111948102202764,8.0,16454,2019-03-29,0,0,8.897049009572921,1.5300070096659288,-0.17528585454153256,-0.07007630231849121,0.31508420473873594,0.2790368129643604,0.27681041502772796,0.264477412381176,0,0.007749877527302601,0.5048632917209159,0.14664588047532856,0.14405567862448998,00563545,2.0111948102202764,1.5300070096659288,8.0,1.0,-0.28030520927396485,270.0,1.0,-0.7972480370410298,248.0,1.0,2.64477412381176,1.0,1.0,-0.07749877527302601,3.0,1.0
014620,성광벤드,24133,24133,2018,4,2019-03-31,2019-03-31,2019-03-31,2019-04-30,0.1,1.8641112960382484,1.8641112960382484,9.0,11000,2019-03-29,0,1,7.219871052503543,1.2377399636158795,0.44804120851335905,0.2533888176781598,0.13640067085902516,0.4368420778066517,-0.0453377339973719,-0.06850948957882405,0,0.00464992651638156,0.12019230769230771,0.14664588047532856,0.14405567862448998,00132318,1.8641112960382484,1.2377399636158795,10.0,1.0,1.0135552707126392,20.0,1.0,-1.2481202223047192,313.0,1.0,-1.1418248263137343,302.0,0.6,-0.07749877527302601,3.0,0.6
140410,메지온,70113,70113,2018,4,2019-03-31,2019-03-31,2019-03-31,2019-04-30,0.1,1.3709526490151962,1.3709526490151962,10.0,46197,2019-03-29,0,1,-1.0317089727936035,-0.20019028646516676,2.7788024326627565,1.4628982449732078,0.2696464559876485,0.31916539011870454,-0.2538602699054507,-0.21557062612793088,0,0.00464992651638156,0.029162384378211836,0.14664588047532856,0.14405567862448998,00808022,1.3709526490151962,-0.20019028646516676,281.0,1.0,5.851592979892831,4.0,1.0,-0.9119011146248702,267.0,1.0,-3.5928437687988475,331.0,0.6,-0.07749877527302601,3.0,0.6
200710,에이디테크놀로지,2611,2611,2019,1,2019-05-31,2019-05-31,2019-05-31,2019-07-31,0.1,5.824535852997016,5.824535852997016,1.0,11877,2019-05-31,0,1,17.778413347640374,4.673583436548061,1.3622811305286717,1.0017692758678596,0.42958202844907506,0.20137287506412668,-0.03176632880417348,-0.06651092595219728,0,0.014321191469166421,-0.03329214218216181,-0.11331784241200171,-0.11622327497388907,00657002,5.824535852997016,4.673583436548061,4.0,1.0,4.007077103471438,4.0,1.0,-0.5753510716117906,225.0,1.0,-1.1085154325366213,305.0,0.6,-0.23868652448610703,19.0,0.6
075580,세진중공업,31114,31114,2019,1,2019-05-31,2019-05-31,2019-05-31,2019-07-31,0.1,4.9562348676441506,4.9562348676441506,2.0,3341,2019-05-31,0,0,18.07830482211624,4.751444200399394,0.6346110231581072,0.482573815488452,0.9483672835287458,-0.23795256981166055,0.004790686105863091,-0.06369923088064626,0,0.023868652448610705,-0.1410115448048379,-0.11331784241200171,-0.11622327497388907,00415628,4.9562348676441506,4.751444200399394,1.0,1.0,1.930295261953808,11.0,1.0,0.679864485176173,71.0,1.0,-0.6369923088064626,268.0,1.0,-0.23868652448610703,19.0,1.0
131290,티에스이,27212,27212,2019,1,2019-05-31,2019-05-31,2019-05-31,2019-07-31,0.1,4.843098018955662,4.843098018955662,3.0,8220,2019-05-31,0,0,18.07830482211624,4.751444200399394,-0.548011543643216,-0.3612319995452624,0.23343086870361535,0.36748051724227954,0.10188560417276794,0.061536648410639695,0,0.023868652448610705,-0.24947807933194155,-0.11331784241200171,-0.11622327497388907,00372226,4.843098018955662,4.751444200399394,1.0,1.0,-1.4449279981810497,313.0,1.0,-1.0499443349779416,291.0,1.0,0.6153664841063969,68.0,1.0,-0.23868652448610703,19.0,1.0
003620,KG모빌리티,301,301,2019,1,2019-05-31,2019-05-31,2019-05-31,2019-07-31,0.1,4.493664474463788,4.493664474463788,4.0,20591,2019-05-31,0,0,18.07830482211624,4.751444200399394,0.11430431414290021,0.11133294879708995,1.2391505123356936,-0.48419794804318267,0.12489637799963617,0.0912166208618757,0,0.023868652448610705,-0.3693260229010481,-0.11331784241200171,-0.11622327497388907,00138242,4.493664474463788,4.751444200399394,1.0,1.0,0.4453317951883598,56.0,1.0,1.3834227086948077,33.0,1.0,0.9121662086187569,48.0,1.0,-0.23868652448610703,19.0,1.0
003570,SNT다이내믹스,303,303,2019,1,2019-05-31,2019-05-31,2019-05-31,2019-07-31,0.1,3.8959926986326274,3.8959926986326274,5.0,6950,2019-05-31,0,0,13.330746346861847,3.5188365380501034,0.11410398879164518,0.11119001587746466,0.31406129791905135,0.2991998580701966,0.009905211406388923,-0.05710236581374835,0,0.023868652448610705,-0.13671875,-0.11331784241200171,-0.11622327497388907,00134477,3.8959926986326274,3.5188365380501034,5.0,1.0,0.44476006350985864,57.0,1.0,-0.8548567373434189,262.0,1.0,-0.5710236581374835,260.0,1.0,-0.23868652448610703,19.0,1.0
060280,큐렉소,47812,47812,2019,1,2019-05-31,2019-05-31,2019-05-31,2019-07-31,0.1,3.3444091136533998,3.3444091136533998,6.0,6790,2019-05-31,0,1,10.895717299742813,2.8866304310234416,0.113124934341575,0.11049145670787404,0.06626085146275928,0.5090459173285898,-0.17334701312782946,-0.17607988287567222,0,0.014321191469166421,-0.1184210526315791,-0.11331784241200171,-0.11622327497388907,00356802,3.3444091136533998,2.8866304310234416,7.0,1.0,0.44196582683149616,58.0,1.0,-1.4544169066531139,330.0,1.0,-2.934664714594537,328.0,0.6,-0.23868652448610703,19.0,0.6
052690,한전기술,72129,72129,2019,1,2019-05-31,2019-05-31,2019-05-31,2019-07-31,0.1,3.218576651788833,3.218576651788833,7.0,21400,2019-05-31,0,0,11.313801408128946,2.9951775249011225,-0.05718120806958804,-0.011022640297042403,0.46718848745717767,0.16952641417849396,0.08598431679719959,0.04102670055764792,0,0.023868652448610705,-0.17324561403508765,-0.11331784241200171,-0.11622327497388907,00159209,3.218576651788833,2.9951775249011225,6.0,1.0,-0.04409056118816961,226.0,1.0,-0.48436118336712564,205.0,1.0,0.41026700557647916,97.0,1.0,-0.23868652448610703,19.0,1.0
028050,삼성E&A,72129,72129,2019,1,2019-05-31,2019-05-31,2019-05-31,2019-07-31,0.1,2.9129531733725633,2.9129531733725633,8.0,16700,2019-05-31,0,0,9.087681896548611,2.417210559021434,0.3812379862276244,0.3017911651852714,0.5667089498667752,0.08524901617182536,0.11994778530345852,0.08483378054542164,0,0.023868652448610705,-0.035190615835777206,-0.11331784241200171,-0.11622327497388907,00126308,2.9129531733725633,2.417210559021434,9.0,1.0,1.2071646607410855,20.0,1.0,-0.24356861763378673,179.0,1.0,0.8483378054542163,50.0,1.0,-0.23868652448610703,19.0,1.0
033500,동성화인텍,201,201,2019,1,2019-05-31,2019-05-31,2019-05-31,2019-07-31,0.1,2.2078358014758215,2.2078358014758215,9.0,9200,2019-05-31,0,0,9.405367565790888,2.4996912261196123,,0.014760383651772905,0.9983945099059016,-0.28031736963749687,0.015282104460241999,-0.05016709110667773,0,0.023868652448610705,-0.1386554621848739,-0.11331784241200171,-0.11622327497388907,00231105,2.2078358014758215,2.4996912261196123,8.0,1.0,0.05904153460709162,136.0,1.0,0.8009067703928483,61.0,1.0,-0.5016709110667773,255.0,1.0,-0.23868652448610703,19.0,1.0
100840,SNT에너지,29176,29176,2019,1,2019-05-31,2019-05-31,2019-05-31,2019-07-31,0.1,2.0943465521324995,2.0943465521324995,10.0,4573,2019-05-31,0,1,6.1802963393340535,1.6623666252593963,0.10914059931773756,0.10764861812476646,0.24006208088605024,0.361864975525184,-0.012828336204823269,-0.05185485824601382,0,0.014321191469166421,0.3103885135135134,-0.11331784241200171,-0.11622327497388907,00648721,2.0943465521324995,1.6623666252593963,11.0,1.0,0.43059447249906585,61.0,1.0,-1.0338999300719542,283.0,1.0,-0.8642476374335636,290.0,0.6,-0.23868652448610703,19.0,0.6
041960,코미팜,21230,21230,2019,2,2019-08-31,2019-08-31,2019-08-31,2019-10-31,0.1,6.141139707398006,6.141139707398006,1.0,11003,2019-08-30,0,0,28.203398067934497,6.01100849569265,-0.11285887712130149,-0.05108544629944457,0.40872105542591586,0.2101567072560889,0.01651214592619572,-0.05338560607886858,0,0.024445556827580858,-0.2727220794058842,0.039449681086549004,0.03651594835113836,00187415,6.141139707398006,6.01100849569265,1.0,1.0,-0.2043417851977783,243.0,1.0,-0.6004477350173969,229.0,1.0,-0.5338560607886857,259.0,1.0,-0.24445556827580858,20.0,1.0
009420,한올바이오파마,212,212,2019,2,2019-08-31,2019-08-31,2019-08-31,2019-10-31,0.1,6.064501558895109,6.064501558895109,2.0,26600,2019-08-30,0,0,26.48387517009056,5.643508597281846,0.10917042288115142,0.14707207273680561,0.3738474438542217,0.23839651521900873,0.0644856207900144,0.011078816829868209,0,0.024445556827580858,0.2547169811320755,0.039449681086549004,0.03651594835113836,00162586,6.064501558895109,5.643508597281846,4.0,1.0,0.5882882909472225,43.0,1.0,-0.6811329006257393,241.0,1.0,0.11078816829868209,143.0,1.0,-0.24445556827580858,20.0,1.0
090710,휴림로봇,29280,29280,2019,2,2019-08-31,2019-08-31,2019-08-31,2019-10-31,0.1,5.800426223079499,5.800426223079499,3.0,2162,2019-08-30,0,1,28.203398067934497,6.01100849569265,-0.5079205074543285,-0.4036714902690646,0.2915132146322847,0.3050687845141607,-0.10084033822806954,-0.1266469009547958,0,0.014667334096548515,-0.005714285714285783,0.039449681086549004,0.03651594835113836,00540429,5.800426223079499,6.01100849569265,1.0,1.0,-1.6146859610762585,310.0,1.0,-0.8716250986118877,263.0,1.0,-2.11078168257993,327.0,0.6,-0.24445556827580858,20.0,0.6
003620,KG모빌리티,301,301,2019,2,2019-08-31,2019-08-31,2019-08-31,2019-10-31,0.1,5.737343241453973,5.737343241453973,4.0,15589,2019-08-30,0,0,28.203398067934497,6.01100849569265,0.05617542518980534,0.09977490401297984,1.3121855167632395,-0.5214469821707173,0.1481934049717734,0.12356126709148028,0,0.024445556827580858,-0.3122597433319534,0.039449681086549004,0.03651594835113836,00138242,5.737343241453973,6.01100849569265,1.0,1.0,0.39909961605191935,59.0,1.0,1.4898485204877636,28.0,1.0,1.2356126709148028,30.0,1.0,-0.24445556827580858,20.0,1.0
124500,아이티센글로벌,62021,62021,2019,2,2019-08-31,2019-08-31,2019-08-31,2019-10-31,0.1,5.108392515711662,5.108392515711662,5.0,4460,2019-08-30,0,0,18.903602847662263,4.023437522967221,1.3616375221011079,1.2648784751044826,0.8360621011951117,-0.1358937453156391,0.005282622331907449,-0.06847529387198281,0,0.024445556827580858,0.0630952380952381,0.039449681086549004,0.03651594835113836,00620868,5.108392515711662,4.023437522967221,6.0,1.0,5.05951390041793,1.0,1.0,0.3882678437589689,102.0,1.0,-0.6847529387198281,277.0,1.0,-0.24445556827580858,20.0,1.0
082740,한화엔진,29111,29111,2019,2,2019-08-31,2019-08-31,2019-08-31,2019-10-31,0.1,3.822065512006735,3.822065512006735,6.0,2605,2019-08-30,0,0,20.65381368029761,4.397496108635067,-0.036800164077557374,0.01679571117694214,1.3779433407080568,-0.5746960790256123,0.025003166413126207,-0.04197578560724255,0,0.024445556827580858,0.27213382292941635,0.039449681086549004,0.03651594835113836,00361008,3.822065512006735,4.397496108635067,5.0,1.0,0.06718284470776856,202.0,1.0,1.6419887972160352,20.0,1.0,-0.4197578560724255,248.0,1.0,-0.24445556827580858,20.0,1.0
001800,오리온홀딩스,649,649,2019,2,2019-08-31,2019-08-31,2019-08-31,2019-10-31,0.1,2.8205773989099283,2.8205773989099283,7.0,15700,2019-08-30,0,0,5.55051547346878,1.1695887840875203,1.3616375221011079,1.2648784751044826,0.2631196524628776,0.328061205055373,0.0812480676163307,0.03360337783497138,0,0.024445556827580858,0.009584664536741005,0.039449681086549004,0.03651594835113836,00117577,2.8205773989099283,1.1695887840875203,15.0,1.0,5.05951390041793,1.0,1.0,-0.9373177287296373,277.0,1.0,0.3360337783497138,108.0,1.0,-0.24445556827580858,20.0,1.0
100090,SK오션플랜트,2413,2413,2019,2,2019-08-31,2019-08-31,2019-08-31,2019-10-31,0.1,2.1844425030192984,2.1844425030192984,8.0,4215,2019-08-30,0,0,8.062153980768773,1.7063812265928036,0.8330394458092083,0.7931133370610798,1.0084782520903055,-0.27551217803736194,0.008623905938353226,-0.06398543942480374,0,0.024445556827580858,-0.021978021978022122,0.039449681086549004,0.03651594835113836,00480367,2.1844425030192984,1.7063812265928036,9.0,1.0,3.172453348244319,5.0,1.0,0.7871776515353199,61.0,1.0,-0.6398543942480374,272.0,1.0,-0.24445556827580858,20.0,1.0
090460,비에이치,2622,2622,2019,2,2019-08-31,2019-08-31,2019-08-31,2019-10-31,0.1,2.030712384591054,2.030712384591054,9.0,15700,2019-08-30,0,0,11.211621510947676,2.3794917730357383,-0.709754413305713,-0.5838049503144938,0.727249294631349,-0.04777976391885315,0.24850846635496154,0.25835976896108154,0,0.024445556827580858,0.24184782608695654,0.039449681086549004,0.03651594835113836,00447609,2.030712384591054,2.3794917730357383,7.0,1.0,-2.335219801257975,329.0,1.0,0.13651361119672328,136.0,1.0,2.5835976896108153,6.0,1.0,-0.24445556827580858,20.0,1.0
003850,보령,212,212,2019,2,2019-08-31,2019-08-31,2019-08-31,2019-10-31,0.1,1.7077795764527541,1.7077795764527541,10.0,9249,2019-08-30,0,0,6.907110529034524,1.4595230127797498,0.06752907867417379,0.10990785406252228,0.5874807859459318,0.0654013970407866,0.09233522120881488,0.048501755742114884,0,0.024445556827580858,0.1494657876790182,0.039449681086549004,0.03651594835113836,00123143,1.7077795764527541,1.4595230127797498,10.0,1.0,0.4396314162500891,55.0,1.0,-0.18686113440224744,180.0,1.0,0.4850175574211488,86.0,1.0,-0.24445556827580858,20.0,1.0
001800,오리온홀딩스,649,649,2019,3,2019-11-30,2019-11-30,2019-11-30,2020-02-29,0.1,2.4866546254266044,2.4866546254266044,1.0,17400,2019-11-29,0,0,5.5595790506109735,0.6422909332558735,1.8293041017661844,1.4874133616633474,0.26875581530866016,0.31608619452306774,0.07249432189582158,0.01784949737093652,0,0.023014638613379337,-0.09810126582278489,0.13524541837233794,0.1330382948868467,00117577,2.4866546254266044,0.6422909332558735,12.0,1.0,5.9496534466533895,1.0,1.0,-0.9031034129230507,272.0,1.0,0.17849497370936518,132.0,1.0,-0.23014638613379335,18.0,1.0
124500,아이티센글로벌,62021,62021,2019,3,2019-11-30,2019-11-30,2019-11-30,2020-02-29,0.1,1.9027119225496514,1.9027119225496514,2.0,7210,2019-11-29,0,1,11.26425518031318,1.1923914542017042,1.0991529534023563,0.8988932941365291,0.8464751707236414,-0.1451741781130604,-0.01677434081154172,-0.05720743084354895,0,0.013808783168027602,0.32586786114221744,0.13524541837233794,0.1330382948868467,00620868,1.9027119225496514,1.1923914542017042,1.0,1.0,3.5955731765461163,6.0,1.0,0.41478336603731547,95.0,1.0,-0.9534571807258159,297.0,0.6,-0.23014638613379335,18.0,0.6
009540,HD한국조선해양,64992,64992,2019,3,2019-11-30,2019-11-30,2019-11-30,2020-02-29,0.1,1.6870110822944024,1.6870110822944024,3.0,120000,2019-11-29,0,1,10.475323040926035,1.1163149213713588,0.4722753930044563,0.3936143186762529,0.3799339871829411,0.2273197640632506,-0.025763720413533576,-0.06404670498448733,0,0.013808783168027602,-0.14754098360655743,0.13524541837233794,0.1330382948868467,00164830,1.6870110822944024,1.1163149213713588,4.0,1.0,1.5744572747050116,13.0,1.0,-0.6494850401807161,235.0,1.0,-1.067445083074789,303.0,0.6,-0.23014638613379335,18.0,0.6
200710,에이디테크놀로지,2611,2611,2019,3,2019-11-30,2019-11-30,2019-11-30,2020-02-29,0.1,1.6039151804423397,1.6039151804423397,4.0,11785,2019-11-29,0,1,5.946207228903516,0.6795733937243467,1.2900642495872443,1.0527725685499647,0.6917692100677411,-0.021654464964601994,-0.10007644494050684,-0.12058510003539719,0,0.013808783168027602,0.7573461070994496,0.13524541837233794,0.1330382948868467,00657002,1.6039151804423397,0.6795733937243467,11.0,1.0,4.211090274199859,4.0,1.0,0.061869899898862844,141.0,1.0,-2.00975166725662,329.0,0.6,-0.23014638613379335,18.0,0.6
112610,씨에스윈드,2511,2511,2019,3,2019-11-30,2019-11-30,2019-11-30,2020-02-29,0.1,1.5258790798806214,1.5258790798806214,5.0,16773,2019-11-29,0,0,9.331025440398651,1.0059705842249067,0.5880411138945708,0.48692438198055954,0.7208025264522326,-0.04483512908611763,0.1016380710309858,0.05480460414789338,0,0.023014638613379337,0.08882003614768896,0.13524541837233794,0.1330382948868467,00670340,1.5258790798806214,1.0059705842249067,7.0,1.0,1.9476975279222382,11.0,1.0,0.12810036881747894,134.0,1.0,0.5480460414789338,85.0,1.0,-0.23014638613379335,18.0,1.0
060280,큐렉소,47812,47812,2019,3,2019-11-30,2019-11-30,2019-11-30,2020-02-29,0.1,1.5097007903835706,1.5097007903835706,6.0,4710,2019-11-29,0,1,11.26425518031318,1.1923914542017042,-0.09026181776531028,-0.0598047275177339,0.06352349310577994,0.47994696278186927,-0.09489331020003425,-0.11664168225029677,0,0.013808783168027602,-0.1666666666666664,0.13524541837233794,0.1330382948868467,00356802,1.5097007903835706,1.1923914542017042,1.0,1.0,-0.2392189100709356,250.0,1.0,-1.3712770365196265,334.0,1.0,-1.9440280375049461,327.0,0.6,-0.23014638613379335,18.0,0.6
131290,티에스이,27212,27212,2019,3,2019-11-30,2019-11-30,2019-11-30,2020-02-29,0.1,1.4009145086851558,1.4009145086851558,7.0,8650,2019-11-29,0,0,9.543980517141298,1.026505790078969,-0.0656269675174368,-0.0399484227459344,0.2414532640869198,0.3378849880590933,0.10057572157649504,0.05345751467964859,0,0.023014638613379337,0.576971214017522,0.13524541837233794,0.1330382948868467,00372226,1.4009145086851558,1.026505790078969,6.0,1.0,-0.1597936909837376,232.0,1.0,-0.965385680168838,279.0,1.0,0.5345751467964859,90.0,1.0,-0.23014638613379335,18.0,1.0
100090,SK오션플랜트,2413,2413,2019,3,2019-11-30,2019-11-30,2019-11-30,2020-02-29,0.1,1.2204415211476425,1.2204415211476425,8.0,4620,2019-11-29,0,0,4.686623960757901,0.5581120879064956,1.1994900528597188,0.9797675031005445,1.0530077941055966,-0.31007312762851813,0.03445962847693234,-0.030379580844258958,0,0.023014638613379337,-0.062421972534332015,0.13524541837233794,0.1330382948868467,00480367,1.2204415211476425,0.5581120879064956,16.0,1.0,3.919070012402178,5.0,1.0,0.8859232217957662,53.0,1.0,-0.3037958084425896,226.0,1.0,-0.23014638613379335,18.0,1.0
039200,오스코텍,212,212,2019,3,2019-11-30,2019-11-30,2019-11-30,2020-02-29,0.1,1.1531748668388953,1.1531748668388953,9.0,21915,2019-11-29,0,0,-6.59987903941662,-0.5302426300285241,1.8293041017661844,1.4874133616633474,0.49339091794526696,0.13673393606378811,0.08700981742452096,0.0362555605269047,0,0.023014638613379337,-0.04480383055650561,0.13524541837233794,0.1330382948868467,00263654,1.1531748668388953,-0.5302426300285241,329.0,1.0,5.9496534466533895,1.0,1.0,-0.3906683887536804,207.0,1.0,0.36255560526904695,112.0,1.0,-0.23014638613379335,18.0,1.0
005090,SGC에너지,351,351,2019,3,2019-11-30,2019-11-30,2019-11-30,2020-02-29,0.1,1.1022215670384767,1.1022215670384767,10.0,30100,2019-11-29,0,0,11.26425518031318,1.1923914542017042,0.06987059811253227,0.06926600039503095,0.8653800681319793,-0.16026815054359114,0.04092415566319171,-0.0221823756280465,0,0.023014638613379337,-0.04599659284497448,0.13524541837233794,0.1330382948868467,00125150,1.1022215670384767,1.1923914542017042,1.0,1.0,0.2770640015801238,66.0,1.0,0.4579090015531176,89.0,1.0,-0.221823756280465,217.0,1.0,-0.23014638613379335,18.0,1.0
034230,파라다이스,91249,91249,2019,4,2020-03-31,2020-03-31,2020-03-31,2020-04-30,0.1,3.065468139479812,3.065468139479812,1.0,12950,2020-03-31,0,0,21.406492466230368,2.9695452256044903,0.06454780098736856,0.06852708442155811,,0.045237476227875356,0.04518297715260041,-0.025477714710146794,0,0.007636067936034347,-0.03963414634146334,-0.06760962163594497,-0.07003225042439687,00171265,3.065468139479812,2.9695452256044903,1.0,1.0,0.27410833768623244,88.0,1.0,-0.1292499320796439,172.0,1.0,-0.2547771471014679,221.0,1.0,-0.07636067936034346,3.0,1.0
009540,HD한국조선해양,64992,64992,2019,4,2020-03-31,2020-03-31,2020-03-31,2020-04-30,0.1,3.05129612978413,3.05129612978413,2.0,78600,2020-03-31,0,1,21.406492466230368,2.9695452256044903,0.3090664965084199,0.14995390757037158,0.6618231196809051,0.018189529937085717,-0.058435320747117346,-0.09097417408943873,0,0.004581640761620608,-0.20480769230769236,-0.06760962163594497,-0.07003225042439687,00164830,3.05129612978413,2.9695452256044903,1.0,1.0,0.5998156302814863,27.0,1.0,-0.05197008553453063,163.0,1.0,-1.5162362348239786,323.0,0.6,-0.07636067936034346,3.0,0.6
038500,삼표시멘트,239,239,2019,4,2020-03-31,2020-03-31,2020-03-31,2020-04-30,0.1,3.01043064501545,3.01043064501545,3.0,2500,2020-03-31,0,0,21.406492466230368,2.9695452256044903,0.17571239038507735,0.10554584628763555,0.7516682133745437,-0.051865883428020905,0.04932874978207238,-0.020430611384689733,0,0.007636067936034347,0.14729950900163646,-0.06760962163594497,-0.07003225042439687,00239639,3.01043064501545,2.9695452256044903,1.0,1.0,0.4221833851505422,40.0,1.0,0.14818823836577402,132.0,1.0,-0.2043061138468973,209.0,1.0,-0.07636067936034346,3.0,1.0
011210,현대위아,303,303,2019,4,2020-03-31,2020-03-31,2020-03-31,2020-04-30,0.1,2.711338175601701,2.711338175601701,4.0,26800,2020-03-31,0,0,19.96194957973474,2.776094835067001,-0.12430488386450889,0.005637520342035508,0.7843854409288519,-0.07737666878367801,0.06557392536747866,-0.0006535789596913323,0,0.007636067936034347,-0.14564369310793235,-0.06760962163594497,-0.07003225042439687,00106623,2.711338175601701,2.776094835067001,5.0,1.0,0.02255008136814203,248.0,1.0,0.22107619652479432,125.0,1.0,-0.006535789596913323,170.0,1.0,-0.07636067936034346,3.0,1.0
200710,에이디테크놀로지,2611,2611,2019,4,2020-03-31,2020-03-31,2020-03-31,2020-04-30,0.1,2.6859275926874107,2.6859275926874107,5.0,21049,2020-03-31,0,0,21.406492466230368,2.9695452256044903,-1.375988215718189,-0.4111837664065378,0.6815124022831167,0.0028370963777894433,0.16229285204608582,0.11709296917563419,0,0.007636067936034347,-0.0727827502034174,-0.06760962163594497,-0.07003225042439687,00657002,2.6859275926874107,2.9695452256044903,1.0,1.0,-1.6447350656261512,334.0,1.0,-0.008105989650826982,156.0,1.0,1.1709296917563419,29.0,1.0,-0.07636067936034346,3.0,1.0
082270,젬백스,29271,29271,2019,4,2020-03-31,2020-03-31,2020-03-31,2020-04-30,0.1,1.821635789399698,1.821635789399698,6.0,23650,2020-03-31,0,1,12.205031870593109,1.7373034123762385,-0.08358778538939848,0.01919666341533151,0.541471376655372,0.11203206223622873,-0.004363974954651105,-0.0514779893897215,0,0.004581640761620608,-0.19090909090909092,-0.06760962163594497,-0.07003225042439687,00492894,1.821635789399698,1.7373034123762385,6.0,1.0,0.07678665366132605,231.0,1.0,-0.32009160638922496,196.0,1.0,-0.8579664898286916,293.0,0.6,-0.07636067936034346,3.0,0.6
005850,에스엘,303,303,2019,4,2020-03-31,2020-03-31,2020-03-31,2020-04-30,0.1,1.6169399558843494,1.6169399558843494,7.0,10522,2020-03-31,0,1,9.453230364936209,1.368787474962712,0.34176916769648735,0.1608441776073934,0.5002220347357524,0.14419564046200534,-0.01804190863767316,-0.06146897790938198,0,0.004581640761620608,-0.11666806055030521,-0.06760962163594497,-0.07003225042439687,00125521,1.6169399558843494,1.368787474962712,7.0,1.0,0.6433767104295736,24.0,1.0,-0.4119875441771581,208.0,1.0,-1.0244829651563663,302.0,0.6,-0.07636067936034346,3.0,0.6
060280,큐렉소,47812,47812,2019,4,2020-03-31,2020-03-31,2020-03-31,2020-04-30,0.1,1.5814275421828399,1.5814275421828399,8.0,3700,2020-03-31,0,1,8.030841170780684,1.1783038640723382,0.002587414040164493,0.047893744057006395,0.07262762805109947,0.47760619947422034,-0.10769802385861503,-0.12695790618234581,0,0.004581640761620608,-0.06021505376344094,-0.06760962163594497,-0.07003225042439687,00356802,1.5814275421828399,1.1783038640723382,8.0,1.0,0.19157497622802558,143.0,1.0,-1.3645891413549154,341.0,1.0,-2.115965103039097,334.0,0.6,-0.07636067936034346,3.0,0.6
025320,시노펙스,2629,2629,2019,4,2020-03-31,2020-03-31,2020-03-31,2020-04-30,0.1,1.111395498729004,1.111395498729004,9.0,1787,2020-03-31,0,0,4.80735816272912,0.7466212517884537,0.39943719545217127,0.18004812554027722,0.6197314740997151,0.05100988226998797,0.16967508572384427,0.12608017119425077,0,0.007636067936034347,0.20981661272923402,-0.06760962163594497,-0.07003225042439687,00203023,1.111395498729004,0.7466212517884537,12.0,1.0,0.7201925021611089,22.0,1.0,-0.1457425207713942,176.0,1.0,1.2608017119425077,26.0,1.0,-0.07636067936034346,3.0,1.0
112040,위메이드,5821,5821,2019,4,2020-03-31,2020-03-31,2020-03-31,2020-04-30,0.1,1.1089377230176969,1.1089377230176969,10.0,10154,2020-03-31,0,1,6.310021378107103,0.9478550044023257,-0.2654518796135945,-0.04136564003535839,0.2330920611360199,0.35248637681040884,-0.1455677120055919,-0.1546196589213,0,0.004581640761620608,-0.21689826953329827,-0.06760962163594497,-0.07003225042439687,00444329,1.1089377230176969,0.9478550044023257,9.0,1.0,-0.16546256014143357,288.0,1.0,-1.0071039337440253,293.0,1.0,-2.576994315355,339.0,0.6,-0.07636067936034346,3.0,0.6
004800,효성,649,649,2020,1,2020-05-31,2020-05-31,2020-05-31,2020-07-31,0.1,3.5358140483060745,3.5358140483060745,1.0,51843,2020-05-29,0,0,9.366648410356914,2.1587670251165556,1.9455461428269956,1.3468380509238234,,0.041059019287822,0.033600638183215105,-0.030639123094351756,0,0.019789076072225145,-0.021480778887463026,0.3460294779932884,0.343498446675762,00117188,3.5358140483060745,2.1587670251165556,8.0,1.0,5.387352203695293,1.0,1.0,-0.11731148367949143,170.0,1.0,-0.30639123094351756,233.0,1.0,-0.19789076072225142,14.0,1.0
017960,한국카본,2512,2512,2020,1,2020-05-31,2020-05-31,2020-05-31,2020-07-31,0.1,3.452618923572102,3.452618923572102,2.0,8170,2020-05-29,0,0,11.716832935473136,2.6870662034130004,0.5402301252608338,0.3749652791009768,0.26264335514392967,0.33999225606389555,0.08214272421479318,0.030806108922004152,0,0.019789076072225145,0.2104499274310596,0.3460294779932884,0.343498446675762,00159795,3.452618923572102,2.6870662034130004,1.0,1.0,1.4998611164039073,17.0,1.0,-0.9714064458968444,288.0,1.0,0.3080610892200415,118.0,1.0,-0.19789076072225142,14.0,1.0
005850,에스엘,303,303,2020,1,2020-05-31,2020-05-31,2020-05-31,2020-07-31,0.1,3.0629138159036313,3.0629138159036313,3.0,11000,2020-05-29,0,1,11.716832935473136,2.6870662034130004,0.390186026420283,0.27119945531966355,0.5090709206679513,0.14567857494882416,-0.011851538362162914,-0.052903863421191896,0,0.011873445643335086,0.07934103389509573,0.3460294779932884,0.343498446675762,00125521,3.0629138159036313,2.6870662034130004,1.0,1.0,1.0847978212786542,28.0,1.0,-0.41622449985378335,209.0,1.0,-0.881731057019865,299.0,0.6,-0.19789076072225142,14.0,0.6
131290,티에스이,27212,27212,2020,1,2020-05-31,2020-05-31,2020-05-31,2020-07-31,0.1,3.042104791085758,3.042104791085758,4.0,18250,2020-05-29,0,0,10.167550479352057,2.3388022097687617,0.49345866180781695,0.3426195922518234,0.3388966650889321,0.27986480513885875,0.10601906687231656,0.06102910785408869,0,0.019789076072225145,2.2771084337349405,0.3460294779932884,0.343498446675762,00372226,3.042104791085758,2.3388022097687617,7.0,1.0,1.3704783690072937,20.0,1.0,-0.7996137289681678,257.0,1.0,0.6102910785408868,73.0,1.0,-0.19789076072225142,14.0,1.0
025320,시노펙스,2629,2629,2020,1,2020-05-31,2020-05-31,2020-05-31,2020-07-31,0.1,3.0364103932564324,3.0364103932564324,5.0,2480,2020-05-29,0,0,10.575254674204901,2.430450243711169,0.4406328589525632,0.3060869129092672,0.5753617869914385,0.0934067350179612,0.20528195915810116,0.18667742554580977,0,0.019789076072225145,0.6781096745430228,0.3460294779932884,0.343498446675762,00203023,3.0364103932564324,2.430450243711169,6.0,1.0,1.2243476516370688,23.0,1.0,-0.26687638576560346,191.0,1.0,1.8667742554580975,14.0,1.0,-0.19789076072225142,14.0,1.0
082270,젬백스,29271,29271,2020,1,2020-05-31,2020-05-31,2020-05-31,2020-07-31,0.1,3.0001751958501757,3.0001751958501757,6.0,22700,2020-05-29,0,0,11.521128398938059,2.6430736808108635,-0.03461734444719833,-0.022581320224105292,0.18953883923972972,0.3976368120261045,0.02798849290664122,-0.03774305283491234,0,0.019789076072225145,0.03820224719101106,0.3460294779932884,0.343498446675762,00492894,3.0001751958501757,2.6430736808108635,4.0,1.0,-0.09032528089642117,217.0,1.0,-1.1361051772174415,312.0,1.0,-0.3774305283491234,248.0,1.0,-0.19789076072225142,14.0,1.0
122640,예스티,29271,29271,2020,1,2020-05-31,2020-05-31,2020-05-31,2020-07-31,0.1,2.4006356789001275,2.4006356789001275,7.0,7670,2020-05-29,0,1,11.330239528923087,2.600163674342389,0.05307644799575284,0.03806497432307536,0.9521360288340929,-0.20368823374538364,-0.0024693225369186744,-0.04577818166328846,0,0.011873445643335086,0.01494396014943944,0.3460294779932884,0.343498446675762,00530556,2.4006356789001275,2.600163674342389,5.0,1.0,0.15225989729230144,93.0,1.0,0.5819663821296676,85.0,1.0,-0.762969694388141,294.0,0.6,-0.19789076072225142,14.0,0.6
207940,삼성바이오로직스,211,211,2020,1,2020-05-31,2020-05-31,2020-05-31,2020-07-31,0.1,2.3250652962034697,2.3250652962034697,8.0,904710,2020-05-29,0,0,7.666037518407003,1.7764858351854405,0.391472162756362,0.2720889071370932,0.30285264514111515,0.30828632601600525,0.017053395100861644,-0.05158484820729442,0,0.019789076072225145,0.2616181995680853,0.3460294779932884,0.343498446675762,00877059,2.3250652962034697,1.7764858351854405,10.0,1.0,1.0883556285483729,27.0,1.0,-0.8808180743314437,271.0,1.0,-0.5158484820729442,268.0,1.0,-0.19789076072225142,14.0,1.0
025980,아난티,551,551,2020,1,2020-05-31,2020-05-31,2020-05-31,2020-07-31,0.1,2.179552084008517,2.179552084008517,10.0,10350,2020-05-29,0,1,11.716832935473136,2.6870662034130004,-0.46554939182144606,-0.3206004974866223,0.8813088005435068,-0.14783937031545324,-0.009275900848215488,-0.050947697245742704,0,0.011873445643335086,0.040000000000000036,0.3460294779932884,0.343498446675762,00161781,2.179552084008517,2.6870662034130004,1.0,1.0,-1.2824019899464891,322.0,1.0,0.42239820090129504,103.0,1.0,-0.849128287429045,297.0,0.6,-0.19789076072225142,14.0,0.6
082740,한화엔진,29111,29111,2020,1,2020-05-31,2020-05-31,2020-05-31,2020-07-31,0.1,1.97964974238894,1.97964974238894,11.0,3542,2020-05-29,0,1,8.953102445318489,2.06580581667408,0.8111516710570238,0.5623261789756396,1.4623024922717016,-0.6059659711454872,-0.013807940622956582,-0.05438972775862793,0,0.011873445643335086,0.3783177570093459,0.3460294779932884,0.343498446675762,00361008,1.97964974238894,2.06580581667408,9.0,1.0,2.2493047159025585,9.0,1.0,1.7313313461299638,20.0,1.0,-0.9064954626437989,301.0,0.6,-0.19789076072225142,14.0,0.6
017960,한국카본,2512,2512,2020,2,2020-08-31,2020-08-31,2020-08-31,2020-10-31,0.1,6.2304528309279705,6.2304528309279705,1.0,9070,2020-08-31,0,0,16.95892202621527,5.320558404609286,0.49833660621843434,0.4026999927700674,0.25201175660816844,0.33958863743894574,0.1904791330605557,0.14867848643636394,0,0.01892730967330845,0.14028776978417268,0.0041623473053786775,0.0018091936284030385,00159795,6.2304528309279705,5.320558404609286,1.0,1.0,1.6107999710802696,15.0,1.0,-0.9702532498255593,286.0,1.0,1.4867848643636394,17.0,1.0,-0.18927309673308448,13.0,1.0
096530,씨젠,2130,2130,2020,2,2020-08-31,2020-08-31,2020-08-31,2020-10-31,0.1,5.276282277828536,5.276282277828536,2.0,132174,2020-08-31,0,0,12.961336060282346,4.063413034205175,1.1311957696987236,0.8644306816366135,0.4788710381171417,0.16209014842856276,0.20657898995898363,0.16742110388487716,0,0.01892730967330845,0.00806155821132748,0.0041623473053786775,0.0018091936284030385,00788773,5.276282277828536,4.063413034205175,5.0,1.0,3.457722726546454,1.0,1.0,-0.46311470979589364,212.0,1.0,1.6742110388487714,13.0,1.0,-0.18927309673308448,13.0,1.0
034220,LG디스플레이,2621,2621,2020,2,2020-08-31,2020-08-31,2020-08-31,2020-10-31,0.1,5.1357022482318975,5.1357022482318975,3.0,13494,2020-08-31,0,0,16.95892202621527,5.320558404609286,0.0736432645042322,0.09284598331186111,1.063627640728402,-0.2954331793010905,0.06173712896585961,-0.0011962700614664788,0,0.01892730967330845,0.1150609651382446,0.0041623473053786775,0.0018091936284030385,00105873,5.1357022482318975,5.320558404609286,1.0,1.0,0.37138393324744445,64.0,1.0,0.8440947980031157,57.0,1.0,-0.011962700614664786,194.0,1.0,-0.18927309673308448,13.0,1.0
032350,롯데관광개발,75210,75210,2020,2,2020-08-31,2020-08-31,2020-08-31,2020-10-31,0.1,4.9229115092778315,4.9229115092778315,4.0,18900,2020-08-31,0,1,16.95892202621527,5.320558404609286,-0.21972491323500087,-0.12119388308454027,0.9403111219023391,-0.19894827634250992,-0.06445437738379907,-0.08886112170838911,0,0.01135638580398507,-0.12462006079027355,0.0041623473053786775,0.0018091936284030385,00231372,4.9229115092778315,5.320558404609286,1.0,1.0,-0.48477553233816106,294.0,1.0,0.5684236466928855,86.0,1.0,-1.4810186951398185,326.0,0.6,-0.18927309673308448,13.0,0.6
033500,동성화인텍,201,201,2020,2,2020-08-31,2020-08-31,2020-08-31,2020-10-31,0.1,4.886796621760706,4.886796621760706,5.0,9190,2020-08-31,0,0,16.198745616114394,5.081501067808348,,0.00517693004861035,1.0821680314370619,-0.30993949050228814,0.14104583257251235,0.09113080473272948,0,0.01892730967330845,-0.05599999999999983,0.0041623473053786775,0.0018091936284030385,00231105,4.886796621760706,5.081501067808348,4.0,1.0,0.0207077201944414,148.0,1.0,0.885541401435109,53.0,1.0,0.9113080473272948,47.0,1.0,-0.18927309673308448,13.0,1.0
207940,삼성바이오로직스,211,211,2020,2,2020-08-31,2020-08-31,2020-08-31,2020-10-31,0.1,4.567811217309913,4.567811217309913,6.0,1131615,2020-08-31,0,0,11.221789585119158,3.5163671879143275,0.9792698431038498,0.7535863314377967,0.30584909401010885,0.2974654059025335,0.04684319244787632,-0.018535017618052433,0,0.01892730967330845,-0.06957666846126576,0.0041623473053786775,0.0018091936284030385,00877059,4.567811217309913,3.5163671879143275,6.0,1.0,3.014345325751187,6.0,1.0,-0.8499011597215244,270.0,1.0,-0.18535017618052432,235.0,1.0,-0.18927309673308448,13.0,1.0
140860,파크시스템스,27219,27219,2020,2,2020-08-31,2020-08-31,2020-08-31,2020-10-31,0.1,2.8138320383559248,2.8138320383559248,7.0,56200,2020-08-31,0,0,6.534062839618973,2.042189014875391,0.605350595110714,0.4807768314427655,0.33322372994033655,0.2760470337623019,0.05923583089745269,-0.00410815139784242,0,0.01892730967330845,0.01517706576728517,0.0041623473053786775,0.0018091936284030385,00244747,2.8138320383559248,2.042189014875391,7.0,1.0,1.923107325771062,13.0,1.0,-0.788705810749434,260.0,1.0,-0.041081513978424196,200.0,1.0,-0.18927309673308448,13.0,1.0
100840,SNT에너지,29176,29176,2020,2,2020-08-31,2020-08-31,2020-08-31,2020-10-31,0.1,2.0722161930402034,2.0722161930402034,8.0,5480,2020-08-31,0,1,4.979267159244286,1.5532428838442356,0.34033213707222787,0.28742077016757583,0.3285562237150372,0.2796989685516855,-0.022423203170403447,-0.05950281532727811,0,0.01135638580398507,-0.03217777777777786,0.0041623473053786775,0.0018091936284030385,00648721,2.0722161930402034,1.5532428838442356,10.0,1.0,1.1496830806703033,22.0,1.0,-0.7991399101476729,262.0,1.0,-0.9917135887879686,310.0,0.6,-0.18927309673308448,13.0,0.6
161580,필옵틱스,2927,2927,2020,2,2020-08-31,2020-08-31,2020-08-31,2020-10-31,0.1,1.748807871935798,1.748807871935798,9.0,13200,2020-08-31,0,1,4.3682119813248965,1.3610806152828516,1.1311957696987236,0.8644306816366135,1.20490981264044,-0.4059747091502891,-0.054753406340659956,-0.082085101637363,0,0.01135638580398507,0.015564202334630295,0.0041623473053786775,0.0018091936284030385,00938721,1.748807871935798,1.3610806152828516,12.0,1.0,3.457722726546454,1.0,1.0,1.1599277404293975,41.0,1.0,-1.3680850272893834,323.0,0.6,-0.18927309673308448,13.0,0.6
103590,일진전기,2830,2830,2020,2,2020-08-31,2020-08-31,2020-08-31,2020-10-31,0.1,1.6439433500541132,1.6439433500541132,10.0,2443,2020-08-31,0,0,5.767963000174268,1.801268900928452,0.03673462364623148,0.06591763471250738,1.0159387526117056,-0.25812059712682317,0.07646581534749923,0.01595010186666861,0,0.01892730967330845,-0.054565701559020185,0.0041623473053786775,0.0018091936284030385,00683469,1.6439433500541132,1.801268900928452,8.0,1.0,0.2636705388500295,89.0,1.0,0.7374874203623519,67.0,1.0,0.1595010186666861,146.0,1.0,-0.18927309673308448,13.0,1.0
082270,젬백스,29271,29271,2020,3,2020-11-30,2020-11-30,2020-11-30,2021-02-28,0.1,9.154662114787548,9.154662114787548,1.0,23550,2020-11-30,0,0,54.38867640090257,8.618671595145344,0.10157526647144999,0.13284787139697185,0.18378050194674672,0.38386318591584695,0.06421033354727265,-0.001850655425436491,0,0.02113011775482149,0.10046728971962615,0.030589701942511205,0.028860378177968604,00492894,9.154662114787548,8.618671595145344,1.0,1.0,0.5313914855878874,51.0,1.0,-1.0967519597595627,318.0,1.0,-0.01850655425436491,193.0,1.0,-0.2113011775482149,16.0,1.0
112040,위메이드,5821,5821,2020,3,2020-11-30,2020-11-30,2020-11-30,2021-02-28,0.1,8.736178244743014,8.736178244743014,2.0,20712,2020-11-30,0,1,54.15152862784712,8.580789850014819,-0.18924379014479042,-0.098071842862321,0.27661755571132496,0.31105725751504915,-0.033234784924810266,-0.0702750905774257,0,0.012678070652892894,-0.03663847039391366,0.030589701942511205,0.028860378177968604,00444329,8.736178244743014,8.580789850014819,4.0,1.0,-0.392287371449284,293.0,1.0,-0.888735021471569,280.0,1.0,-1.1712515096237617,324.0,0.6,-0.2113011775482149,16.0,0.6
103590,일진전기,2830,2830,2020,3,2020-11-30,2020-11-30,2020-11-30,2021-02-28,0.1,8.524892207498002,8.524892207498002,3.0,3072,2020-11-30,0,0,54.38867640090257,8.618671595145344,0.04038104004977572,0.08425768118031612,0.988892933531109,-0.2475329611136321,0.10665984454770656,0.048365774531151706,0,0.02113011775482149,0.3415783274440516,0.030589701942511205,0.028860378177968604,00683469,8.524892207498002,8.618671595145344,1.0,1.0,0.3370307247212645,79.0,1.0,0.7072370317532346,68.0,1.0,0.48365774531151706,91.0,1.0,-0.2113011775482149,16.0,1.0
082920,비츠로셀,28201,28201,2020,3,2020-11-30,2020-11-30,2020-11-30,2021-02-28,0.1,7.913114071289883,7.913114071289883,4.0,8327,2020-11-30,0,0,54.38867640090257,8.618671595145344,-1.5785045134426445,-1.20118968179724,0.1509008011774388,0.40964854901149544,0.12059742453237983,0.06485349117546209,0,0.02113011775482149,-0.15761980467862824,0.030589701942511205,0.028860378177968604,00154718,7.913114071289883,8.618671595145344,1.0,1.0,-4.80475872718896,348.0,1.0,-1.17042442574713,326.0,1.0,0.6485349117546209,70.0,1.0,-0.2113011775482149,16.0,1.0
096530,씨젠,2130,2130,2020,3,2020-11-30,2020-11-30,2020-11-30,2021-02-28,0.1,3.2617977248654477,3.2617977248654477,5.0,94432,2020-11-30,0,0,12.692276116649742,1.9581308357806295,1.1055316602591114,0.9300216408180039,0.5502017225095556,0.09650338649266026,0.2821894445930375,0.2560117440193327,0,0.02113011775482149,-0.5257157584348445,0.030589701942511205,0.028860378177968604,00788773,3.2617977248654477,1.9581308357806295,5.0,1.0,3.7200865632720155,1.0,1.0,-0.27572396140760075,189.0,1.0,2.5601174401933267,1.0,1.0,-0.2113011775482149,16.0,1.0
017960,한국카본,2512,2512,2020,3,2020-11-30,2020-11-30,2020-11-30,2021-02-28,0.1,1.5098509315945121,1.5098509315945121,6.0,13150,2020-11-30,0,0,4.9032900278808595,0.7139260851378602,0.2304046089318108,0.2351425260021398,0.2426832785082513,0.3376696547874242,0.23651688371058852,0.20198254791226644,0,0.02113011775482149,0.2355415352260779,0.030589701942511205,0.028860378177968604,00159795,1.5098509315945121,0.7139260851378602,8.0,1.0,0.9405701040085592,25.0,1.0,-0.9647704422497836,296.0,1.0,2.019825479122664,9.0,1.0,-0.2113011775482149,16.0,1.0
240810,원익IPS,292,292,2020,3,2020-11-30,2020-11-30,2020-11-30,2021-02-28,0.1,1.4833382842620815,1.4833382842620815,7.0,39850,2020-11-30,0,0,2.956770990834073,0.40299110521764336,0.8184379549961488,0.7020599757320481,0.4006517271095764,0.2137855040945532,0.18697120977111462,0.1433715814630153,0,0.02113011775482149,0.5522620904836193,0.030589701942511205,0.028860378177968604,01135941,1.4833382842620815,0.40299110521764336,19.0,1.0,2.8082399029281926,5.0,1.0,-0.6108157259844378,231.0,1.0,1.433715814630153,18.0,1.0,-0.2113011775482149,16.0,1.0
052690,한전기술,72129,72129,2020,3,2020-11-30,2020-11-30,2020-11-30,2021-02-28,0.1,1.2185631257093916,1.2185631257093916,8.0,16500,2020-11-30,0,0,4.857733031432907,0.7066488566565704,0.270418560510019,0.26691489460939366,0.33214632596434535,0.26750973519192817,0.028884095581242986,-0.043640478503322186,0,0.02113011775482149,0.12540192926045024,0.030589701942511205,0.028860378177968604,00159209,1.2185631257093916,0.7066488566565704,9.0,1.0,1.0676595784375746,20.0,1.0,-0.7643135291197948,258.0,1.0,-0.43640478503322183,268.0,1.0,-0.2113011775482149,16.0,1.0
100840,SNT에너지,29176,29176,2020,3,2020-11-30,2020-11-30,2020-11-30,2021-02-28,0.1,1.151438107319804,1.151438107319804,9.0,5553,2020-11-30,0,0,3.995853405490808,0.5689730779534058,0.2451861728146827,0.2468795646537797,0.3846340817730798,0.2263470782961173,0.1402554116407272,0.08810826866167974,0,0.02113011775482149,0.049963262307127554,0.030589701942511205,0.028860378177968604,00648721,1.151438107319804,0.5689730779534058,12.0,1.0,0.9875182586151188,22.0,1.0,-0.6467059379889066,238.0,1.0,0.8810826866167973,49.0,1.0,-0.2113011775482149,16.0,1.0
196170,알테오젠,70113,70113,2020,3,2020-11-30,2020-11-30,2020-11-30,2021-02-28,0.1,1.1383761558217418,1.1383761558217418,10.0,89362,2020-11-30,0,0,-1.651428897143557,-0.3331180785951989,1.104907614862684,0.9295261286383533,0.2303339902289601,0.34735438046326145,0.21242584253126395,0.17348360756050435,0,0.02113011775482149,-0.17877266324351337,0.030589701942511205,0.028860378177968604,00989619,1.1383761558217418,-0.3331180785951989,326.0,1.0,3.718104514553413,4.0,1.0,-0.9924410870378899,300.0,1.0,1.7348360756050434,13.0,1.0,-0.2113011775482149,16.0,1.0
122640,예스티,29271,29271,2020,4,2021-03-31,2021-03-31,2021-03-31,2021-04-30,0.1,6.717836324362323,6.717836324362323,1.0,14500,2021-03-31,0,0,34.78208043042387,6.512918896340646,0.6589552350991033,0.4144828604678574,0.9290798072066069,-0.21886846369025728,0.06959365953851508,0.001828651157063897,0,0.007474380087012924,0.2196078431372548,0.17403531545389916,0.17104643944034104,00530556,6.717836324362323,6.512918896340646,1.0,1.0,1.6579314418714295,15.0,1.0,0.6253384676864494,88.0,1.0,0.01828651157063897,186.0,1.0,-0.07474380087012923,3.0,1.0
096530,씨젠,2130,2130,2020,4,2021-03-31,2021-03-31,2021-03-31,2021-04-30,0.1,6.604531073198904,6.604531073198904,2.0,65384,2021-03-31,0,0,28.04540249616271,5.243110474212451,1.630709471272532,0.9966296123598625,0.5266934175802587,0.116782423380631,0.2761756573114745,0.2405341831589467,0,0.007474380087012924,0.4959484728859338,0.17403531545389916,0.17104643944034104,00788773,6.604531073198904,5.243110474212451,5.0,1.0,3.98651844943945,1.0,1.0,-0.3336640668018029,204.0,1.0,2.405341831589467,1.0,1.0,-0.07474380087012923,3.0,1.0
180640,한진칼,64992,64992,2020,4,2021-03-31,2021-03-31,2021-03-31,2021-04-30,0.1,6.042585836849271,6.042585836849271,3.0,57400,2021-03-31,0,1,34.78208043042387,6.512918896340646,-0.5825972909224307,-0.32929138143599596,0.7401080172468746,-0.06123751352254209,-0.053565104732769875,-0.08428879258504533,0,0.004484628052207754,-0.08415841584158412,0.17403531545389916,0.17104643944034104,00983040,6.042585836849271,6.512918896340646,1.0,1.0,-1.3171655257439838,331.0,1.0,0.17496432435012027,143.0,1.0,-1.4048132097507557,337.0,0.6,-0.07474380087012923,3.0,0.6
137400,피엔티,292,292,2020,4,2021-03-31,2021-03-31,2021-03-31,2021-04-30,0.1,6.024592914023775,6.024592914023775,4.0,23300,2021-03-31,0,0,34.78208043042387,6.512918896340646,-0.03852657178248653,-0.0033560881728758045,1.248839390832732,-0.48559614300662296,0.0620845455956223,-0.006848131224385233,0,0.007474380087012924,-0.07558139534883723,0.17403531545389916,0.17104643944034104,00612294,6.024592914023775,6.512918896340646,1.0,1.0,-0.013424352691503218,196.0,1.0,1.3874175514474942,32.0,1.0,-0.06848131224385233,201.0,1.0,-0.07474380087012923,3.0,1.0
006730,서부T&D,551,551,2020,4,2021-03-31,2021-03-31,2021-03-31,2021-04-30,0.1,5.7762316199603525,5.7762316199603525,5.0,6904,2021-03-31,0,1,34.78208043042387,6.512918896340646,-0.5209577347837483,-0.2923651031050674,1.1441744929198618,-0.3982898455390049,-0.004853389679510487,-0.05051695578842854,0,0.004484628052207754,0.03671093866587061,0.17403531545389916,0.17104643944034104,00130383,5.7762316199603525,6.512918896340646,1.0,1.0,-1.1694604124202697,328.0,1.0,1.1379709872542998,43.0,1.0,-0.8419492631404756,308.0,0.6,-0.07474380087012923,3.0,0.6
114810,한솔아이원스,2927,2927,2020,4,2021-03-31,2021-03-31,2021-03-31,2021-04-30,0.1,4.337814855334837,4.337814855334837,6.0,7760,2021-03-31,0,0,22.149712827093655,4.13182142802486,0.47912494947727235,0.30675231217737703,1.0828113340499728,-0.3471037238431993,0.2747358269037301,0.23887045888878622,0,0.007474380087012924,0.3621262458471761,0.17403531545389916,0.17104643944034104,00625942,4.337814855334837,4.13182142802486,6.0,1.0,1.2270092487095081,29.0,1.0,0.9917249252662838,53.0,1.0,2.388704588887862,6.0,1.0,-0.07474380087012923,3.0,1.0
043260,성호전자,26291,26291,2020,4,2021-03-31,2021-03-31,2021-03-31,2021-04-30,0.1,3.632829794045306,3.632829794045306,7.0,1860,2021-03-31,0,0,19.75542244035413,3.6805173686990886,-0.007204740941552323,0.015407814683017149,0.6627521366237574,0.0032889481587524503,0.004091835138870224,-0.07385871758256482,0,0.007474380087012924,0.08259587020648951,0.17403531545389916,0.17104643944034104,00317210,3.632829794045306,3.6805173686990886,7.0,1.0,0.061631258732068595,151.0,1.0,-0.009396994739292716,169.0,1.0,-0.7385871758256481,301.0,1.0,-0.07474380087012923,3.0,1.0
034220,LG디스플레이,2621,2621,2020,4,2021-03-31,2021-03-31,2021-03-31,2021-04-30,0.1,2.4948755657269928,2.4948755657269928,8.0,21028,2021-03-31,0,0,14.655581912707797,2.7192393446181824,0.06752124553162098,0.060173753114717524,1.0128831362406696,-0.28877306895261884,0.0652081177084896,-0.0032388431403011196,0,0.007474380087012924,0.07520704677102796,0.17403531545389916,0.17104643944034104,00105873,2.4948755657269928,2.7192393446181824,8.0,1.0,0.2406950124588701,100.0,1.0,0.8250659112931967,63.0,1.0,-0.032388431403011196,192.0,1.0,-0.07474380087012923,3.0,1.0
095340,ISC,465,465,2020,4,2021-03-31,2021-03-31,2021-03-31,2021-04-30,0.1,2.3402516695106073,2.3402516695106073,9.0,21750,2021-03-31,0,0,8.770545206830544,1.609958294435978,0.6320460376340453,0.3983624245415988,0.3267278120005942,0.28358387250222633,0.10338339670421869,0.04087269794379144,0,0.007474380087012924,0.09638554216867457,0.17403531545389916,0.17104643944034104,00572905,2.3402516695106073,1.609958294435978,11.0,1.0,1.5934496981663953,18.0,1.0,-0.8102396357206467,275.0,1.0,0.40872697943791436,117.0,1.0,-0.07474380087012923,3.0,1.0
042700,한미반도체,29271,29271,2020,4,2021-03-31,2021-03-31,2021-03-31,2021-04-30,0.1,2.2119306517508504,2.2119306517508504,10.0,12200,2021-03-31,0,0,4.614243991958781,0.8265296759021104,1.583714188104258,0.9684762476177784,0.24043051530295456,0.35556882262760126,0.11464157562485389,0.05388152551634759,0,0.007474380087012924,0.5553047404063205,0.17403531545389916,0.17104643944034104,00161383,2.2119306517508504,0.8265296759021104,18.0,1.0,3.8739049904711136,5.0,1.0,-1.0159109217931466,303.0,1.0,0.5388152551634758,96.0,1.0,-0.07474380087012923,3.0,1.0
006650,대한유화,20111,20111,2021,1,2021-05-31,2021-05-31,2021-05-31,2021-07-31,0.1,5.692641911341171,5.692641911341171,1.0,266500,2021-05-31,0,0,26.994806750516545,5.09507941634315,0.11165035017590974,0.0847626534499505,0.16052464504469127,0.40275479278099247,0.13932758746202653,0.08713536083446631,0,0.02290968793261032,-0.19206349206349216,0.004168544754353576,0.0023018675593540205,00260383,5.692641911341171,5.09507941634315,1.0,1.0,0.339050613799802,75.0,1.0,-1.1507279793742642,336.0,1.0,0.871353608344663,50.0,1.0,-0.22909687932610318,19.0,1.0
043260,성호전자,26291,26291,2021,1,2021-05-31,2021-05-31,2021-05-31,2021-07-31,0.1,5.1613759056612665,5.1613759056612665,2.0,1575,2021-05-31,0,1,26.994806750516545,5.09507941634315,0.29057846829257084,0.20015994843449503,0.782003975000082,-0.08420870864080925,-0.026010951142723997,-0.06340056323513549,0,0.013745812759566193,-0.010899182561307952,0.004168544754353576,0.0023018675593540205,00317210,5.1613759056612665,5.09507941634315,1.0,1.0,0.8006397937379801,36.0,1.0,0.24059631040231216,129.0,1.0,-1.0566760539189248,328.0,0.6,-0.22909687932610318,19.0,0.6
086900,메디톡스,211,211,2021,1,2021-05-31,2021-05-31,2021-05-31,2021-07-31,0.1,4.994475964286053,4.994475964286053,3.0,155371,2021-05-31,0,1,26.994806750516545,5.09507941634315,-0.31471805388250984,-0.19021794218309238,0.5084828851300038,0.13011022557925753,-0.012920400821788487,-0.05424154821282926,0,0.013745812759566193,0.1528836742454942,0.004168544754353576,0.0023018675593540205,00580199,4.994475964286053,5.09507941634315,1.0,1.0,-0.7608717687323695,315.0,1.0,-0.3717435016550215,205.0,1.0,-0.9040258035471543,316.0,0.6,-0.22909687932610318,19.0,0.6
100840,SNT에너지,29176,29176,2021,1,2021-05-31,2021-05-31,2021-05-31,2021-07-31,0.1,4.956113405393906,4.956113405393906,4.0,7404,2021-05-31,0,0,26.385970168282455,4.978752993249735,-0.701362353877617,-0.4395790085725426,0.32129859133886246,0.2767794947281514,0.16515265585965808,0.11725023805595214,0,0.02290968793261032,0.1648793565683646,0.004168544754353576,0.0023018675593540205,00648721,4.956113405393906,4.978752993249735,6.0,1.0,-1.7583160342901705,344.0,1.0,-0.7907985563661469,281.0,1.0,1.1725023805595214,35.0,1.0,-0.22909687932610318,19.0,1.0
038500,삼표시멘트,239,239,2021,1,2021-05-31,2021-05-31,2021-05-31,2021-07-31,0.1,4.9560970456840545,4.9560970456840545,5.0,5470,2021-05-31,0,0,26.994806750516545,5.09507941634315,-0.15057577659367893,-0.08435657734503925,0.7686556132259975,-0.07374952733831976,0.06135784663371245,-0.0037859539083474635,0,0.02290968793261032,0.04081632653061229,0.004168544754353576,0.0023018675593540205,00239639,4.9560970456840545,5.09507941634315,1.0,1.0,-0.337426309380157,279.0,1.0,0.2107129352523422,135.0,1.0,-0.037859539083474635,207.0,1.0,-0.22909687932610318,19.0,1.0
034220,LG디스플레이,2621,2621,2021,1,2021-05-31,2021-05-31,2021-05-31,2021-07-31,0.1,4.934567903999551,4.934567903999551,6.0,22183,2021-05-31,0,0,26.30930933870059,4.96410591001451,0.2726610777341314,0.18860436720227394,1.0113268442580816,-0.26389588726022567,0.08419426350965206,0.022843826110382718,0,0.02290968793261032,-0.09256455921638451,0.004168544754353576,0.0023018675593540205,00105873,4.934567903999551,4.96410591001451,7.0,1.0,0.7544174688090958,40.0,1.0,0.7539882493149306,67.0,1.0,0.22843826110382717,134.0,1.0,-0.22909687932610318,19.0,1.0
096530,씨젠,2130,2130,2021,1,2021-05-31,2021-05-31,2021-05-31,2021-07-31,0.1,3.5248152355909648,3.5248152355909648,7.0,67700,2021-05-31,0,0,10.64105604974225,1.9704752471884823,1.8801601074418302,1.225339351457805,,0.06827842286731603,0.2685410679447918,0.2378125261447509,0,0.02290968793261032,-0.25213675213675213,0.004168544754353576,0.0023018675593540205,00788773,3.5248152355909648,1.9704752471884823,12.0,1.0,4.90135740583122,1.0,1.0,-0.19508120819233155,177.0,1.0,2.378125261447509,1.0,1.0,-0.22909687932610318,19.0,1.0
032350,롯데관광개발,75210,75210,2021,1,2021-05-31,2021-05-31,2021-05-31,2021-07-31,0.1,3.503695099211265,3.503695099211265,8.0,22100,2021-05-31,0,1,26.887146391226814,5.074509455748517,-0.9071213202562131,-0.5722805000364204,1.838448047331939,-0.911991194272238,-0.07873311218964472,-0.10028847498815993,0,0.013745812759566193,0.05420054200542013,0.004168544754353576,0.0023018675593540205,00231372,3.503695099211265,5.074509455748517,5.0,1.0,-2.2891220001456816,353.0,1.0,2.6056891264921087,11.0,1.0,-1.671474583135999,347.0,0.6,-0.22909687932610318,19.0,0.6
114810,한솔아이원스,2927,2927,2021,1,2021-05-31,2021-05-31,2021-05-31,2021-07-31,0.1,3.214992351903346,3.214992351903346,9.0,8250,2021-05-31,0,0,14.348969768348203,2.678922066270383,0.42614703111784047,0.28759307856320043,0.5657933072903915,0.08520433330253903,0.1849732067742388,0.1403631858346132,0,0.02290968793261032,0.1634146341463416,0.004168544754353576,0.0023018675593540205,00625942,3.214992351903346,2.678922066270383,9.0,1.0,1.1503723142528017,28.0,1.0,-0.24344095229296867,189.0,1.0,1.403631858346132,23.0,1.0,-0.22909687932610318,19.0,1.0
033500,동성화인텍,201,201,2021,1,2021-05-31,2021-05-31,2021-05-31,2021-07-31,0.1,2.969368933182212,2.969368933182212,10.0,13050,2021-05-31,0,0,15.456279622302201,2.890488516653346,-0.11536435309721726,-0.061647441034794054,0.7854957116314056,-0.08694467782606626,0.24002774477923067,0.2045628474571168,0,0.02290968793261032,-0.08239700374531833,0.004168544754353576,0.0023018675593540205,00231105,2.969368933182212,2.890488516653346,8.0,1.0,-0.24658976413917622,263.0,1.0,0.24841336521733218,125.0,1.0,2.045628474571168,11.0,1.0,-0.22909687932610318,19.0,1.0
005090,SGC에너지,351,351,2021,2,2021-08-31,2021-08-31,2021-08-31,2021-10-31,0.1,2.844055355083431,2.844055355083431,1.0,46950,2021-08-31,0,0,10.159239923740445,2.524103518239593,1.0287781441845785,0.913133903947091,1.345083160201658,-0.5585657727279562,0.012312083158270903,-0.058695291631575434,0,0.024078997256278684,-0.0546875,-0.04900193095657279,-0.051645757607732934,00125150,2.844055355083431,2.524103518239593,1.0,1.0,3.652535615788364,1.0,1.0,1.5959022077941607,19.0,1.0,-0.5869529163157543,285.0,1.0,-0.2407899725627868,21.0,1.0
033240,자화전자,26292,26292,2021,2,2021-08-31,2021-08-31,2021-08-31,2021-10-31,0.1,2.661981784574173,2.661981784574173,2.0,17200,2021-08-31,0,0,10.159239923740445,2.524103518239593,-0.1083720128235981,-0.1319976872379471,0.36321588797999727,0.24059484896059896,0.06536426288002121,0.005202107355649711,0,0.024078997256278684,-0.058080808080807955,-0.04900193095657279,-0.051645757607732934,00146861,2.661981784574173,2.524103518239593,1.0,1.0,-0.5279907489517884,291.0,1.0,-0.6874138541731399,258.0,1.0,0.052021073556497106,165.0,1.0,-0.2407899725627868,21.0,1.0
122640,예스티,29271,29271,2021,2,2021-08-31,2021-08-31,2021-08-31,2021-10-31,0.1,2.657015696870571,2.657015696870571,3.0,11350,2021-08-31,0,0,10.08399129509935,2.505938151956425,0.3596778366251595,0.29817741399521414,0.8171603351369655,-0.12887925091563393,0.025924943380001522,-0.04229961542171301,0,0.024078997256278684,0.15537848605577675,-0.04900193095657279,-0.051645757607732934,00530556,2.657015696870571,2.505938151956425,5.0,1.0,1.1927096559808565,30.0,1.0,0.36822643118752557,114.0,1.0,-0.42299615421713005,262.0,1.0,-0.2407899725627868,21.0,1.0
114810,한솔아이원스,2927,2927,2021,2,2021-08-31,2021-08-31,2021-08-31,2021-10-31,0.1,2.4966967516995635,2.4966967516995635,4.0,9870,2021-08-31,0,0,7.575378150748257,1.9003473597672957,0.3796640466930322,0.31654633335143245,0.5346501161427979,0.10106123964975491,0.18945721193708853,0.15466282167480175,0,0.024078997256278684,-0.0943396226415093,-0.04900193095657279,-0.051645757607732934,00625942,2.4966967516995635,1.9003473597672957,7.0,1.0,1.2661853334057298,26.0,1.0,-0.28874639899929977,204.0,1.0,1.5466282167480174,20.0,1.0,-0.2407899725627868,21.0,1.0
007390,네이처셀,211,211,2021,2,2021-08-31,2021-08-31,2021-08-31,2021-10-31,0.1,2.342250298664015,2.342250298664015,5.0,22800,2021-08-31,0,1,10.159239923740445,2.524103518239593,0.16070412708702275,0.11530472266946587,0.8998474534252814,-0.1961798838284781,-0.09867898085515447,-0.11542545677033295,0,0.01444739835376721,-0.2823315118397085,-0.04900193095657279,-0.051645757607732934,00117276,2.342250298664015,2.524103518239593,1.0,1.0,0.4612188906778635,83.0,1.0,0.5605139537956517,87.0,1.0,-1.9237576128388825,354.0,0.6,-0.2407899725627868,21.0,0.6
023160,태광,2413,2413,2021,2,2021-08-31,2021-08-31,2021-08-31,2021-10-31,0.1,2.2035837089269874,2.2035837089269874,6.0,12500,2021-08-31,0,0,7.979834459036269,1.997984979459106,-0.32868846168814503,-0.33448605638336454,0.09724710091735685,0.4570719505323745,0.10997617947455031,0.05893383806259283,0,0.024078997256278684,-0.06772908366533859,-0.04900193095657279,-0.051645757607732934,00153375,2.2035837089269874,1.997984979459106,6.0,1.0,-1.3379442255334582,339.0,1.0,-1.3059198586639271,358.0,1.0,0.5893383806259282,79.0,1.0,-0.2407899725627868,21.0,1.0
122870,와이지엔터테인먼트,59201,59201,2021,2,2021-08-31,2021-08-31,2021-08-31,2021-10-31,0.1,1.954443506875314,1.954443506875314,7.0,60600,2021-08-31,0,0,4.962239666278158,1.2695236680101143,0.37343840618620094,0.31082447372810057,0.26774994124012913,0.3182964156643073,0.08738126973304333,0.031719952216513234,0,0.024078997256278684,0.33396584440227706,-0.04900193095657279,-0.051645757607732934,00613318,1.954443506875314,1.2695236680101143,11.0,1.0,1.2432978949124023,27.0,1.0,-0.9094183304694494,298.0,1.0,0.3171995221651323,119.0,1.0,-0.2407899725627868,21.0,1.0
039200,오스코텍,212,212,2021,2,2021-08-31,2021-08-31,2021-08-31,2021-10-31,0.1,1.866786613501168,1.866786613501168,8.0,36831,2021-08-31,0,0,4.3004088195040175,1.109754646750031,0.5433587038477118,0.46699476485028985,0.29835725924050005,0.2933845319775744,0.038273808361081504,-0.02742632733300623,0,0.024078997256278684,-0.11783011959970713,-0.04900193095657279,-0.051645757607732934,00263654,1.866786613501168,1.109754646750031,12.0,1.0,1.8679790594011594,11.0,1.0,-0.8382415199359269,290.0,1.0,-0.2742632733300623,241.0,1.0,-0.2407899725627868,21.0,1.0
004020,현대제철,2411,2411,2021,2,2021-08-31,2021-08-31,2021-08-31,2021-10-31,0.1,1.6507464076955367,1.6507464076955367,9.0,51000,2021-08-31,0,0,5.2378512206838055,1.33605756939895,0.11362435726152043,0.07203466334870828,0.4120132177659049,0.2008777654894191,0.07573875650422546,0.017697412202180362,0,0.024078997256278684,-0.17685185185185182,-0.04900193095657279,-0.051645757607732934,00145880,1.6507464076955367,1.33605756939895,10.0,1.0,0.28813865339483313,112.0,1.0,-0.5739364728269117,237.0,1.0,0.17697412202180363,143.0,1.0,-0.2407899725627868,21.0,1.0
042700,한미반도체,29271,29271,2021,2,2021-08-31,2021-08-31,2021-08-31,2021-10-31,0.1,1.6197561878372009,1.6197561878372009,10.0,17275,2021-08-31,0,0,1.1733333362203835,0.3548641912721722,0.9631527050622531,0.8528188970067723,0.24813129059103323,0.33426441204527085,0.10565532464990218,0.0537296902567068,0,0.024078997256278684,-0.12278308321964526,-0.04900193095657279,-0.051645757607732934,00161383,1.6197561878372009,0.3548641912721722,56.0,1.0,3.411275588027089,5.0,1.0,-0.9550411772722025,308.0,1.0,0.537296902567068,89.0,1.0,-0.2407899725627868,21.0,1.0
011200,HMM,50112,50112,2021,3,2021-11-30,2021-11-30,2021-11-30,2022-02-28,0.1,8.399477193737562,8.399477193737562,1.0,23600,2021-11-30,0,0,43.217800480457804,7.743842992600012,0.4031647954149218,0.3699201152663963,0.6923860101932219,-0.044561399678387605,0.32299405055058283,0.3082036171370927,0,0.022071868412449847,0.08255159474671658,-0.0026568036508302084,-0.005589828513195116,00164645,8.399477193737562,7.743842992600012,1.0,1.0,1.4796804610655852,22.0,1.0,0.12731828479539317,143.0,1.0,3.082036171370927,1.0,1.0,-0.22071868412449847,18.0,1.0
005090,SGC에너지,351,351,2021,3,2021-11-30,2021-11-30,2021-11-30,2022-02-28,0.1,7.701526681640594,7.701526681640594,2.0,42650,2021-11-30,0,0,43.217800480457804,7.743842992600012,0.6180972328376383,0.5694451441990289,1.335113704686094,-0.577325039339161,0.005149159817879204,-0.05650828423173635,0,0.022071868412449847,0.15702479338842967,-0.0026568036508302084,-0.005589828513195116,00125150,7.701526681640594,7.743842992600012,1.0,1.0,2.2777805767961157,10.0,1.0,1.649500112397603,20.0,1.0,-0.5650828423173635,283.0,1.0,-0.22071868412449847,18.0,1.0
052400,코나아이,58221,58221,2021,3,2021-11-30,2021-11-30,2021-11-30,2022-02-28,0.1,6.839530546033476,6.839530546033476,3.0,25100,2021-11-30,0,0,43.217800480457804,7.743842992600012,0.16357753281335352,0.14750763962666438,2.305991351698384,-1.3820955717427426,0.32299405055058283,0.3082036171370927,0,0.022071868412449847,-0.2246376811594204,-0.0026568036508302084,-0.005589828513195116,00349732,6.839530546033476,7.743842992600012,1.0,1.0,0.5900305585066575,64.0,1.0,3.9488444906935505,1.0,1.0,3.082036171370927,1.0,1.0,-0.22071868412449847,18.0,1.0
079160,CJ CGV,59141,59141,2021,3,2021-11-30,2021-11-30,2021-11-30,2022-02-28,0.1,5.806011621009844,5.806011621009844,4.0,15651,2021-11-30,0,1,43.217800480457804,7.743842992600012,-0.522999767320172,-0.48985244113307586,2.305991351698384,-1.3820955717427426,-0.06053476587678308,-0.07912647976181879,0,0.013243121047469908,-0.19092415893921078,-0.0026568036508302084,-0.005589828513195116,00303873,5.806011621009844,7.743842992600012,1.0,1.0,-1.9594097645323034,351.0,1.0,3.9488444906935505,1.0,1.0,-1.3187746626969798,335.0,0.6,-0.22071868412449847,18.0,0.6
007660,이수페타시스,2622,2622,2021,3,2021-11-30,2021-11-30,2021-11-30,2022-02-28,0.1,4.150316369363301,4.150316369363301,5.0,5027,2021-11-30,0,0,29.664266074144024,5.283581294545984,-0.007279084140262904,-0.011101139251860535,1.9671386899321557,-1.1012170925078342,0.016905396247164237,-0.043018561835437744,0,0.022071868412449847,0.7457669322709164,-0.0026568036508302084,-0.005589828513195116,00107613,4.150316369363301,5.283581294545984,5.0,1.0,-0.04440455700744214,219.0,1.0,3.1463345500223836,8.0,1.0,-0.4301856183543774,268.0,1.0,-0.22071868412449847,18.0,1.0
085660,차바이오텍,211,211,2021,3,2021-11-30,2021-11-30,2021-11-30,2022-02-28,0.1,2.392615003290466,2.392615003290466,6.0,16155,2021-11-30,0,1,14.704348221511328,2.568030369193148,-0.1382924771071714,-0.1327228513384046,0.6458824452069478,-0.006014113243442437,-0.01811476963337735,-0.049921522368305014,0,0.013243121047469908,-0.11763728043442134,-0.0026568036508302084,-0.005589828513195116,00525679,2.392615003290466,2.568030369193148,7.0,1.0,-0.5308914053536185,301.0,1.0,0.017183180695549822,152.0,1.0,-0.8320253728050835,305.0,0.6,-0.22071868412449847,18.0,0.6
033500,동성화인텍,201,201,2021,3,2021-11-30,2021-11-30,2021-11-30,2022-02-28,0.1,2.2114981371544693,2.2114981371544693,7.0,9800,2021-11-30,0,0,13.434326554685288,2.3374937749055884,-0.1775191888931098,-0.1691376005399329,0.698424977814533,-0.04956716245676277,0.1159559650118868,0.07063725683312694,0,0.022071868412449847,-0.12350597609561742,-0.0026568036508302084,-0.005589828513195116,00231105,2.2114981371544693,2.3374937749055884,8.0,1.0,-0.6765504021597316,313.0,1.0,0.14162046416217935,142.0,1.0,0.7063725683312694,71.0,1.0,-0.22071868412449847,18.0,1.0
005850,에스엘,303,303,2021,3,2021-11-30,2021-11-30,2021-11-30,2022-02-28,0.1,2.18974941942242,2.18974941942242,8.0,31050,2021-11-30,0,0,12.893741195111861,2.239365757901573,-0.27144121088490225,-0.25632683256109784,0.48922566570134757,0.12384031304324752,0.10738136644621417,0.06079831262624707,0,0.022071868412449847,-0.2763358778625954,-0.0026568036508302084,-0.005589828513195116,00125521,2.18974941942242,2.239365757901573,9.0,1.0,-1.0253073302443914,331.0,1.0,-0.3538294658378501,211.0,1.0,0.6079831262624706,81.0,1.0,-0.22071868412449847,18.0,1.0
025980,아난티,551,551,2021,3,2021-11-30,2021-11-30,2021-11-30,2022-02-28,0.1,2.0280298478565935,2.0280298478565935,9.0,9770,2021-11-30,0,0,14.735430490421868,2.5736724779890348,-0.03443645130955897,-0.03631173349795373,1.3006168846205648,-0.54873026806618,0.06949673839392699,0.017327503019242477,0,0.022071868412449847,-0.2954545454545455,-0.0026568036508302084,-0.005589828513195116,00161781,2.0280298478565935,2.5736724779890348,6.0,1.0,-0.14524693399181493,236.0,1.0,1.5678007659033715,23.0,1.0,0.17327503019242477,142.0,1.0,-0.22071868412449847,18.0,1.0
137400,피엔티,292,292,2021,3,2021-11-30,2021-11-30,2021-11-30,2022-02-28,0.1,1.9534891088697393,1.9534891088697393,10.0,47800,2021-11-30,0,0,12.298322617268587,2.1312843174844365,0.23470997717949071,0.21354096242516327,1.0848020353634875,-0.3698391053417196,0.016425749120207937,-0.04356893411059078,0,0.022071868412449847,0.22349570200573066,-0.0026568036508302084,-0.005589828513195116,00612294,1.9534891088697393,2.1312843174844365,10.0,1.0,0.8541638497006531,45.0,1.0,1.0566831581191989,47.0,1.0,-0.4356893411059078,269.0,1.0,-0.22071868412449847,18.0,1.0
066970,엘앤에프,28202,28202,2021,4,2022-03-31,2022-03-31,2022-03-31,2022-04-30,0.1,3.336871820552588,3.336871820552588,1.0,225800,2022-03-31,0,1,20.489016602374097,2.832312565842971,1.5720421874431736,0.7752878102396958,0.8805347903536364,-0.19098951401193812,-0.09011797310412117,-0.08515644480201072,0,0.005417403283869859,0.12461538461538457,0.02023609053111386,0.01817353418331935,00398701,3.336871820552588,2.832312565842971,1.0,1.0,3.1011512409587834,1.0,1.0,0.5456843257483946,97.0,1.0,-1.4192740800335122,345.0,0.6,-0.09029005473116433,4.0,0.6
004020,현대제철,2411,2411,2021,4,2022-03-31,2022-03-31,2022-03-31,2022-04-30,0.1,3.1986771698066736,3.1986771698066736,2.0,41550,2022-03-31,0,0,20.489016602374097,2.832312565842971,0.3891415160352927,0.1441505648209164,0.41014687529509636,0.20786618588919042,0.05407046432860676,0.0053188477804792505,0,0.009029005473116433,0.09571788413098248,0.02023609053111386,0.01817353418331935,00145880,3.1986771698066736,2.832312565842971,1.0,1.0,0.5766022592836656,70.0,1.0,-0.5939033882548298,242.0,1.0,0.0531884778047925,178.0,1.0,-0.09029005473116433,4.0,1.0
093370,후성,20129,20129,2021,4,2022-03-31,2022-03-31,2022-03-31,2022-04-30,0.1,2.980188760121543,2.980188760121543,3.0,19288,2022-03-31,0,0,20.489016602374097,2.832312565842971,0.40656600179325375,0.1534474079202017,0.7767238074369995,-0.10296513897354809,0.13539194380634806,0.08836491985880174,0,0.009029005473116433,-0.09482214781384957,0.02023609053111386,0.01817353418331935,00595191,2.980188760121543,2.832312565842971,1.0,1.0,0.6137896316808068,68.0,1.0,0.29418611135299455,127.0,1.0,0.8836491985880173,50.0,1.0,-0.09029005473116433,4.0,1.0
005090,SGC에너지,351,351,2021,4,2022-03-31,2022-03-31,2022-03-31,2022-04-30,0.1,2.418423898002587,2.418423898002587,4.0,50200,2022-03-31,0,0,15.437356277216383,2.145690000798245,1.5720421874431736,0.7752878102396958,1.2541497116620204,-0.5077885561672093,0.04514650547848173,-0.003794362341261282,0,0.009029005473116433,-0.09285714285714286,0.02023609053111386,0.01817353418331935,00125150,2.418423898002587,2.145690000798245,6.0,1.0,3.1011512409587834,1.0,1.0,1.4508244461920268,26.0,1.0,-0.03794362341261282,202.0,1.0,-0.09029005473116433,4.0,1.0
011200,HMM,50112,50112,2021,4,2022-03-31,2022-03-31,2022-03-31,2022-04-30,0.1,2.3655307298679036,2.3655307298679036,5.0,29150,2022-03-31,0,0,10.794686169475398,1.514657458456027,0.9875952238512395,0.4634558402267271,0.5456770736914232,0.09294615837875082,0.328376645756593,0.2854422673332818,0,0.009029005473116433,-0.015597920277296451,0.02023609053111386,0.01817353418331935,00164645,2.3655307298679036,1.514657458456027,11.0,1.0,1.8538233609069084,14.0,1.0,-0.26556045251071664,202.0,1.0,2.854422673332818,1.0,1.0,-0.09029005473116433,4.0,1.0
007660,이수페타시스,2622,2622,2021,4,2022-03-31,2022-03-31,2022-03-31,2022-04-30,0.1,2.1642304358799174,2.1642304358799174,6.0,7148,2022-03-31,0,0,20.489016602374097,2.832312565842971,-0.08657789032141994,-0.10966976259751661,1.2762921814615167,-0.5265638052896674,0.008833395950257922,-0.04087756754898647,0,0.009029005473116433,0.08187134502923987,0.02023609053111386,0.01817353418331935,00107613,2.1642304358799174,2.832312565842971,1.0,1.0,-0.43867905039006644,293.0,1.0,1.5044680151133354,24.0,1.0,-0.4087756754898647,272.0,1.0,-0.09029005473116433,4.0,1.0
015750,성우하이텍,303,303,2021,4,2022-03-31,2022-03-31,2022-03-31,2022-04-30,0.1,1.8768731244589338,1.8768731244589338,7.0,4985,2022-03-31,0,0,14.425975373108518,2.0082229293965046,0.25099986337592817,0.07044501688741116,0.9323715452643996,-0.23494341779784356,0.0724807777239126,0.024119590499745144,0,0.009029005473116433,0.025960539979231534,0.02023609053111386,0.01817353418331935,00132992,1.8768731244589338,2.0082229293965046,7.0,1.0,0.28178006754964463,108.0,1.0,0.6712669079938388,84.0,1.0,0.24119590499745142,138.0,1.0,-0.09029005473116433,4.0,1.0
178320,서진시스템,289,289,2021,4,2022-03-31,2022-03-31,2022-03-31,2022-04-30,0.1,1.7663217131526903,1.7663217131526903,8.0,19700,2022-03-31,0,1,11.731958976543332,1.642051744198223,1.062640986502775,0.5034965444592042,1.069941650149359,-0.35159314180815004,-0.005078729001573699,-0.03305083698045685,0,0.005417403283869859,0.14431958580926052,0.02023609053111386,0.01817353418331935,00838005,1.7663217131526903,1.642051744198223,10.0,1.0,2.013986177836817,13.0,1.0,1.0045518337375716,48.0,1.0,-0.5508472830076141,290.0,0.6,-0.09029005473116433,4.0,0.6
003240,태광산업,20501,20501,2021,4,2022-03-31,2022-03-31,2022-03-31,2022-04-30,0.1,1.7304423753474618,1.7304423753474618,9.0,1042000,2022-03-31,0,0,6.45180883024596,0.9243728022438669,0.8925636618845133,0.4127517027642483,0.21474745459338399,0.373551081715133,0.05937686631131949,0.010737783151097212,0,0.009029005473116433,0.0009852216748769127,0.02023609053111386,0.01817353418331935,00153393,1.7304423753474618,0.9243728022438669,18.0,1.0,1.651006811056993,17.0,1.0,-1.0672888049003801,331.0,1.0,0.1073778315109721,166.0,1.0,-0.09029005473116433,4.0,1.0
041510,에스엠,59201,59201,2021,4,2022-03-31,2022-03-31,2022-03-31,2022-04-30,0.1,1.7265210367219403,1.7265210367219403,10.0,81600,2022-03-31,0,0,10.234825386481464,1.4385610817909469,0.3283469493640834,0.11171359333824071,0.5114891636823881,0.12193508929784869,0.09320397516296745,0.0452822668217876,0,0.009029005473116433,-0.08086253369272223,0.02023609053111386,0.01817353418331935,00260930,1.7265210367219403,1.4385610817909469,12.0,1.0,0.44685437335296285,88.0,1.0,-0.34838596942242483,213.0,1.0,0.4528226682178759,95.0,1.0,-0.09029005473116433,4.0,1.0
105840,우진,27216,27216,2022,1,2022-05-31,2022-05-31,2022-05-31,2022-07-31,0.1,5.471140267060456,5.471140267060456,1.0,12850,2022-05-31,0,0,28.27536308201136,5.198043019789994,0.21066711617256573,0.016081544142841322,0.3558691544335817,0.25507872014665106,0.029297830345154784,-0.018533448943520988,0,0.02047043192449064,0.3374485596707819,0.004733107777444401,0.002729929268644682,00173944,5.471140267060456,5.198043019789994,1.0,1.0,0.06432617657136529,122.0,1.0,-0.728796343276146,278.0,1.0,-0.1853344894352099,218.0,1.0,-0.2047043192449064,16.0,1.0
122640,예스티,29271,29271,2022,1,2022-05-31,2022-05-31,2022-05-31,2022-07-31,0.1,4.772197838568774,4.772197838568774,2.0,7620,2022-05-31,0,1,28.27536308201136,5.198043019789994,-0.1986254365811826,-0.1687674066715602,0.878297835401088,-0.17716085386771305,-0.0927953486159344,-0.09219917983664032,0,0.012282259154694384,0.10586734693877564,0.004733107777444401,0.002729929268644682,00530556,4.772197838568774,5.198043019789994,1.0,1.0,-0.6750696266862408,328.0,1.0,0.5061738681934659,98.0,1.0,-1.5366529972773386,350.0,0.6,-0.2047043192449064,16.0,0.6
007660,이수페타시스,2622,2622,2022,1,2022-05-31,2022-05-31,2022-05-31,2022-07-31,0.1,4.630404344501039,4.630404344501039,3.0,7459,2022-05-31,0,0,28.27536308201136,5.198043019789994,-0.06495071330282887,-0.10839584070447617,1.1991677981280155,-0.44263765683772144,0.012544775199993728,-0.03707560967124751,0,0.02047043192449064,-0.06275543836519448,0.004733107777444401,0.002729929268644682,00107613,4.630404344501039,5.198043019789994,1.0,1.0,-0.43358336281790466,295.0,1.0,1.264679019536347,37.0,1.0,-0.3707560967124751,257.0,1.0,-0.2047043192449064,16.0,1.0
052400,코나아이,58221,58221,2022,1,2022-05-31,2022-05-31,2022-05-31,2022-07-31,0.1,4.2355493393940185,4.2355493393940185,4.0,22200,2022-05-31,0,1,28.27536308201136,5.198043019789994,0.3161054056773702,0.06370067881679795,1.8464407506310123,-0.9781690996038136,-0.04477121194060796,-0.06030751876365405,0,0.012282259154694384,-0.2848232848232849,0.004733107777444401,0.002729929268644682,00349732,4.2355493393940185,5.198043019789994,1.0,1.0,0.2548027152671918,92.0,1.0,2.7947688560108963,9.0,1.0,-1.0051253127275674,325.0,0.6,-0.2047043192449064,16.0,0.6
093370,후성,20129,20129,2022,1,2022-05-31,2022-05-31,2022-05-31,2022-07-31,0.1,3.8771466465569007,3.8771466465569007,5.0,22755,2022-05-31,0,0,19.220213814418745,3.5203461835042975,0.720319309648195,0.24625595755541396,0.6999472643704883,-0.029599707904748935,0.15416965012396835,0.11967378147744721,0,0.02047043192449064,-0.03141585803892144,0.004733107777444401,0.002729929268644682,00595191,3.8771466465569007,3.5203461835042975,5.0,1.0,0.9850238302216558,33.0,1.0,0.0845705940135684,144.0,1.0,1.196737814774472,34.0,1.0,-0.2047043192449064,16.0,1.0
011200,HMM,50112,50112,2022,1,2022-05-31,2022-05-31,2022-05-31,2022-07-31,0.1,3.4855483501631404,3.4855483501631404,6.0,32450,2022-05-31,0,0,14.960647981473983,2.7311532159783227,0.7969563677042593,0.28086758114801086,0.4681751872310228,0.16216056012965074,0.30887139763224686,0.29089656098266503,0,0.02047043192449064,-0.12499999999999989,0.004733107777444401,0.002729929268644682,00164645,3.4855483501631404,2.7311532159783227,8.0,1.0,1.1234703245920434,26.0,1.0,-0.46331588608471647,228.0,1.0,2.9089656098266503,1.0,1.0,-0.2047043192449064,16.0,1.0
007390,네이처셀,211,211,2022,1,2022-05-31,2022-05-31,2022-05-31,2022-07-31,0.1,2.953439268342277,2.953439268342277,7.0,17650,2022-05-31,0,1,14.085315980460976,2.568975687436093,0.35304690157375906,0.08038458061764608,0.1336282904207284,0.43895318931170574,-0.17555288702327082,-0.14715644817786194,0,0.012282259154694384,0.38953488372093026,0.004733107777444401,0.002729929268644682,00117276,2.953439268342277,2.568975687436093,11.0,1.0,0.32153832247058434,82.0,1.0,-1.2541519694620165,361.0,1.0,-2.4526074696310323,365.0,0.6,-0.2047043192449064,16.0,0.6
042520,한스바이오메드,213,213,2022,1,2022-05-31,2022-05-31,2022-05-31,2022-07-31,0.1,2.5956348772244406,2.5956348772244406,8.0,10450,2022-05-31,0,1,17.602310338805392,3.220588392413374,-0.39603491424188364,-0.2579235239301962,0.9983059541751594,-0.2764514556798218,-0.10885016776818883,-0.1028607947336104,0,0.012282259154694384,-0.044642857142856984,0.004733107777444401,0.002729929268644682,00349060,2.5956348772244406,3.220588392413374,6.0,1.0,-1.0316940957207847,346.0,1.0,0.789861301942348,68.0,1.0,-1.7143465788935066,352.0,0.6,-0.2047043192449064,16.0,0.6
015760,한국전력,35120,35120,2022,1,2022-05-31,2022-05-31,2022-05-31,2022-07-31,0.1,2.367316951711986,2.367316951711986,9.0,23350,2022-05-31,0,1,16.199778023885074,2.9607335895829574,0.06617332362900408,-0.04917624217935694,1.2864869606095177,-0.5148825372765178,-0.016660859699764986,-0.041640117569791135,0,0.012282259154694384,-0.032467532467532534,0.004733107777444401,0.002729929268644682,00159193,2.367316951711986,2.9607335895829574,7.0,1.0,-0.19670496871742776,241.0,1.0,1.4710929636471937,24.0,1.0,-0.694001959496519,305.0,0.6,-0.2047043192449064,16.0,0.6
050890,쏠리드,2642,2642,2022,1,2022-05-31,2022-05-31,2022-05-31,2022-07-31,0.1,2.2084761410635214,2.2084761410635214,10.0,6640,2022-05-31,0,1,11.56877336933419,2.102722128019286,0.5604343738225166,0.1740470633559973,0.7227756123788437,-0.04848710015187736,-0.002277095037627028,-0.0320882093145787,0,0.012282259154694384,-0.2063253012048193,0.004733107777444401,0.002729929268644682,00364403,2.2084761410635214,2.102722128019286,12.0,1.0,0.6961882534239892,54.0,1.0,0.13853457186250676,140.0,1.0,-0.5348034885763118,281.0,0.6,-0.2047043192449064,16.0,0.6
011200,HMM,50112,50112,2022,2,2022-08-31,2022-08-31,2022-08-31,2022-10-31,0.1,6.358344609353252,6.358344609353252,1.0,22250,2022-08-31,0,0,27.32070850300483,5.52462179801708,0.5571916175025866,0.30570196688055473,0.3760884467166794,0.24198922677646834,0.30155534708952986,0.2663649588375773,0,0.0196666588415716,-0.23138832997987935,-0.11256155184637862,-0.11431924511856706,00164645,6.358344609353252,5.52462179801708,1.0,1.0,1.222807867522219,28.0,1.0,-0.6913977907899096,270.0,1.0,2.663649588375773,1.0,1.0,-0.196666588415716,15.0,1.0
023160,태광,2413,2413,2022,2,2022-08-31,2022-08-31,2022-08-31,2022-10-31,0.1,6.12756960943092,6.12756960943092,2.0,19450,2022-08-31,0,0,27.32070850300483,5.52462179801708,0.23170728757383718,0.09273618324364338,0.1077563317033295,0.48306303774476544,0.04829117202812313,0.0074819315838599125,0,0.0196666588415716,0.2567049808429118,-0.11256155184637862,-0.11431924511856706,00153375,6.12756960943092,5.52462179801708,1.0,1.0,0.37094473297457353,90.0,1.0,-1.3801801078421871,368.0,1.0,0.07481931583859912,159.0,1.0,-0.196666588415716,15.0,1.0
000250,삼천당제약,212,212,2022,2,2022-08-31,2022-08-31,2022-08-31,2022-10-31,0.1,5.7973091603994815,5.7973091603994815,3.0,35150,2022-08-31,0,1,27.32070850300483,5.52462179801708,0.16937329457849448,0.051950786083734386,0.3781849206631521,0.24010572146497486,-0.00984943483783004,-0.031169140471250776,0,0.01179999530494296,-0.12589413447782538,-0.11256155184637862,-0.11431924511856706,00128546,5.7973091603994815,5.52462179801708,1.0,1.0,0.20780314433493755,110.0,1.0,-0.6860163470427854,269.0,1.0,-0.5194856745208463,291.0,0.6,-0.196666588415716,15.0,0.6
066970,엘앤에프,28202,28202,2022,2,2022-08-31,2022-08-31,2022-08-31,2022-10-31,0.1,5.714445860599392,5.714445860599392,4.0,230500,2022-08-31,0,1,24.4312763652632,4.931781211110216,1.5889172447481865,0.9807644399425963,0.7654247386659967,-0.10779664825313025,-0.12550681900599273,-0.10210313750523416,0,0.01179999530494296,-0.01617839965019685,-0.11256155184637862,-0.11431924511856706,00398701,5.714445860599392,4.931781211110216,6.0,1.0,3.9230577597703853,1.0,1.0,0.30799042358037215,124.0,1.0,-1.7017189584205694,358.0,0.6,-0.196666588415716,15.0,0.6
005850,에스엘,303,303,2022,2,2022-08-31,2022-08-31,2022-08-31,2022-10-31,0.1,5.475969810921708,5.475969810921708,5.0,38450,2022-08-31,0,0,27.32070850300483,5.52462179801708,-0.19751584518630416,-0.18810634101355736,0.5403413952046949,0.09442178315230393,0.06578699466194766,0.025365911924310383,0,0.0196666588415716,-0.019138755980861233,-0.11256155184637862,-0.11431924511856706,00125521,5.475969810921708,5.52462179801708,1.0,1.0,-0.7524253640542294,335.0,1.0,-0.26977652329229695,214.0,1.0,0.2536591192431038,131.0,1.0,-0.196666588415716,15.0,1.0
034230,파라다이스,91249,91249,2022,2,2022-08-31,2022-08-31,2022-08-31,2022-10-31,0.1,5.425946584291682,5.425946584291682,6.0,16000,2022-08-31,0,1,26.630779047137928,5.383065200027499,0.37221463512026365,0.18467073930512554,0.7788154820478289,-0.11982710364083586,-0.014077476347003093,-0.03376224670504884,0,0.01179999530494296,0.04797047970479684,-0.11256155184637862,-0.11431924511856706,00171265,5.425946584291682,5.383065200027499,5.0,1.0,0.7386829572205021,53.0,1.0,0.34236315325953104,120.0,1.0,-0.562704111750814,300.0,0.6,-0.196666588415716,15.0,0.6
105840,우진,27216,27216,2022,2,2022-08-31,2022-08-31,2022-08-31,2022-10-31,0.1,3.859135405688372,3.859135405688372,7.0,13200,2022-08-31,0,0,17.64505475482438,3.5394150261209854,0.11731326884072257,0.017887689467595034,0.3103879578591879,0.3010155838361428,0.02253119198956889,-0.01884955257792224,0,0.0196666588415716,-0.3538461538461537,-0.11256155184637862,-0.11431924511856706,00173944,3.859135405688372,3.5394150261209854,8.0,1.0,0.07155075787038014,143.0,1.0,-0.8600445252461223,303.0,1.0,-0.18849552577922238,226.0,1.0,-0.196666588415716,15.0,1.0
031980,피에스케이홀딩스,29271,29271,2022,2,2022-08-31,2022-08-31,2022-08-31,2022-10-31,0.1,3.4864415312185666,3.4864415312185666,8.0,8560,2022-08-31,0,0,13.869884315397677,2.7648426699304576,0.4749316269760646,0.25187890465116697,0.2017201085678146,0.3986444962646703,0.0912646438626175,0.05140880153070043,0,0.0196666588415716,-0.24593716143011934,-0.11256155184637862,-0.11431924511856706,00208444,3.4864415312185666,2.7648426699304576,10.0,1.0,1.0075156186046679,34.0,1.0,-1.1389842750419152,344.0,1.0,0.5140880153070043,93.0,1.0,-0.196666588415716,15.0,1.0
073240,금호타이어,221,221,2022,2,2022-08-31,2022-08-31,2022-08-31,2022-10-31,0.1,3.3476394188823,3.3476394188823,9.0,3475,2022-08-31,0,1,19.499197927179505,3.919839716547356,0.17206693474886237,0.05371324632212385,1.3053674549563752,-0.5928897140392352,-0.03211330251087702,-0.044823825252887424,0,0.01179999530494296,-0.13220815752461323,-0.11256155184637862,-0.11431924511856706,00481454,3.3476394188823,3.919839716547356,7.0,1.0,0.2148529852884954,108.0,1.0,1.693970611540672,22.0,1.0,-0.7470637542147903,312.0,0.6,-0.196666588415716,15.0,0.6
093370,후성,20129,20129,2022,2,2022-08-31,2022-08-31,2022-08-31,2022-10-31,0.1,2.631040111264393,2.631040111264393,10.0,15821,2022-08-31,0,0,10.884832660675551,2.1523833040164586,0.5504354433579781,0.30128137335640887,0.6376519179268976,0.0069964723251174435,0.18841284078166115,0.1507123027248365,0,0.0196666588415716,-0.3297171638899653,-0.11256155184637862,-0.11431924511856706,00595191,2.631040111264393,2.1523833040164586,11.0,1.0,1.2051254934256355,29.0,1.0,-0.019989920928906984,156.0,1.0,1.5071230272483647,20.0,1.0,-0.196666588415716,15.0,1.0
023160,태광,2413,2413,2022,3,2022-11-30,2022-11-30,2022-11-30,2023-02-28,0.1,3.232997721969743,3.232997721969743,1.0,17800,2022-11-30,0,0,17.273174109923204,2.82323388992982,0.016419588607854863,-0.08682792685517184,0.11953965396024949,0.4579921253867448,0.05885356915371368,0.01827070017601013,0,0.020328933332339517,-0.010365853658536484,0.1325899277989,0.13026016330351298,00153375,3.232997721969743,2.82323388992982,1.0,1.0,-0.34731170742068734,276.0,1.0,-1.3085489296764137,366.0,1.0,0.1827070017601013,151.0,1.0,-0.20328933332339516,16.0,1.0
225570,넥슨게임즈,582,582,2022,3,2022-11-30,2022-11-30,2022-11-30,2023-02-28,0.1,3.126988825193243,3.126988825193243,2.0,14000,2022-11-30,0,0,17.273174109923204,2.82323388992982,0.07200732896726092,-0.04978329956495088,0.31014692776636793,0.29288039233271673,0.08079432386274843,0.04032890916331702,0,0.020328933332339517,-0.0006825938566553669,0.1325899277989,0.13026016330351298,01096341,3.126988825193243,2.82323388992982,1.0,1.0,-0.19913319825980352,233.0,1.0,-0.8368011209506193,301.0,1.0,0.40328909163317017,110.0,1.0,-0.20328933332339516,16.0,1.0
007390,네이처셀,211,211,2022,3,2022-11-30,2022-11-30,2022-11-30,2023-02-28,0.1,2.9511465312565894,2.9511465312565894,3.0,18450,2022-11-30,0,1,17.273174109923204,2.82323388992982,0.4440226213036459,0.1981340966407765,0.5386782025825636,0.09491735509663624,-0.25330634592508877,-0.1773361704100468,0,0.01219735999940371,-0.06242774566473985,0.1325899277989,0.13026016330351298,00117276,2.9511465312565894,2.82323388992982,1.0,1.0,0.792536386563106,37.0,1.0,-0.2711924431332464,216.0,1.0,-2.9556028401674466,371.0,0.6,-0.20328933332339516,16.0,0.6
066970,엘앤에프,28202,28202,2022,3,2022-11-30,2022-11-30,2022-11-30,2023-02-28,0.1,2.661700196986393,2.661700196986393,4.0,220100,2022-11-30,0,1,10.218275311514525,1.6861600272091375,2.011164655821469,1.2425045316359442,0.8369173315211673,-0.16342944594761594,-0.1511798965297551,-0.11573227591047615,0,0.01219735999940371,0.1644444444444444,0.1325899277989,0.13026016330351298,00398701,2.661700196986393,1.6861600272091375,8.0,1.0,4.970018126543777,1.0,1.0,0.4669412741360455,102.0,1.0,-1.9288712651746025,361.0,0.6,-0.20328933332339516,16.0,0.6
122640,예스티,29271,29271,2022,3,2022-11-30,2022-11-30,2022-11-30,2023-02-28,0.1,2.6318293501964125,2.6318293501964125,5.0,8700,2022-11-30,0,1,17.273174109923204,2.82323388992982,0.09446022180429492,-0.03482030518242327,0.7498073231263515,-0.08797123197069848,-0.09328662462647158,-0.08081036257968927,0,0.01219735999940371,0.030902348578492278,0.1325899277989,0.13026016330351298,00530556,2.6318293501964125,2.82323388992982,1.0,1.0,-0.13928122072969307,218.0,1.0,0.25134637705913854,129.0,1.0,-1.3468393763281543,357.0,0.6,-0.20328933332339516,16.0,0.6
005420,코스모화학,2049,2049,2022,3,2022-11-30,2022-11-30,2022-11-30,2023-02-28,0.1,2.234289772701138,2.234289772701138,6.0,22631,2022-11-30,0,0,12.590519962195406,2.068506743348655,0.4237220019802621,0.18460541438578432,0.6846729861844453,-0.03154923380108869,0.0331185503242618,-0.00760208456455184,0,0.020328933332339517,0.6567856422665859,0.1325899277989,0.13026016330351298,00160302,2.234289772701138,2.068506743348655,6.0,1.0,0.7384216575431373,40.0,1.0,0.09014066800311055,142.0,1.0,-0.07602084564551839,218.0,1.0,-0.20328933332339516,16.0,1.0
036930,주성엔지니어링,29229,29229,2022,3,2022-11-30,2022-11-30,2022-11-30,2023-02-28,0.1,2.0480786709707903,2.0480786709707903,7.0,12550,2022-11-30,0,0,6.966807383789713,1.162104430986495,1.1731505632218937,0.6840375113255746,0.5638606518828811,0.07310329856304366,0.1486068940282191,0.10850449676333768,0,0.020328933332339517,0.02358078602620073,0.1325899277989,0.13026016330351298,00252135,2.0480786709707903,1.162104430986495,14.0,1.0,2.736150045302298,13.0,1.0,-0.20886656732298192,208.0,1.0,1.0850449676333767,42.0,1.0,-0.20328933332339516,16.0,1.0
010060,OCI홀딩스,64992,64992,2022,3,2022-11-30,2022-11-30,2022-11-30,2023-02-28,0.1,1.9984928613283268,1.9984928613283268,8.0,75572,2022-11-30,0,0,8.824625033518874,1.4615383352240288,0.49258857285642366,0.2304992829684692,0.3482049109963383,0.2599130273305117,0.06675385924681985,0.02621328247297765,0,0.020328933332339517,-0.1098019863055949,0.1325899277989,0.13026016330351298,00148896,1.9984928613283268,1.4615383352240288,10.0,1.0,0.9219971318738768,31.0,1.0,-0.7426086495157477,280.0,1.0,0.2621328247297765,133.0,1.0,-0.20328933332339516,16.0,1.0
232140,와이씨,292,292,2022,3,2022-11-30,2022-11-30,2022-11-30,2023-02-28,0.1,1.880546779619934,1.880546779619934,9.0,3225,2022-11-30,0,0,15.461162677748007,2.5311828063703743,-1.1905709192832177,-0.8911871833848974,0.42554762417359016,0.19291563968209371,0.06784133884701099,0.027306583620023944,0,0.020328933332339517,0.24316109422492405,0.1325899277989,0.13026016330351298,01109539,1.880546779619934,2.5311828063703743,5.0,1.0,-3.5647487335395898,374.0,1.0,-0.5511875419488392,244.0,1.0,0.27306583620023944,131.0,1.0,-0.20328933332339516,16.0,1.0
031980,피에스케이홀딩스,29271,29271,2022,3,2022-11-30,2022-11-30,2022-11-30,2023-02-28,0.1,1.742994701830915,1.742994701830915,10.0,7840,2022-11-30,0,0,5.5689742479373505,0.9368085665608948,0.7115943524427385,0.37644850534599844,0.20632686805271436,0.38281352889564974,0.06713371102947704,0.026595167696032585,0,0.020328933332339517,0.2931034482758621,0.1325899277989,0.13026016330351298,00208444,1.742994701830915,0.9368085665608948,20.0,1.0,1.5057940213839938,19.0,1.0,-1.0937529397018564,340.0,1.0,0.26595167696032584,132.0,1.0,-0.20328933332339516,16.0,1.0
319400,현대무벡스,291,291,2022,4,2023-03-31,2023-03-31,2023-03-31,2023-04-30,0.1,7.034510773188195,7.034510773188195,1.0,3570,2023-03-31,0,1,51.860979119905195,6.863133368517372,,0.009901653178837498,0.35040123719390187,0.2548281053685562,-0.11844172695244169,-0.0964302889328256,0,0.0030779350562554625,0.30652503793626695,0.09805640173963637,0.09520074672900591,01358463,7.034510773188195,6.863133368517372,1.0,1.0,0.039606612715349994,177.0,1.0,-0.7280803010530178,275.0,1.0,-1.60717148221376,358.0,0.6,-0.051298917604257706,2.0,0.6
001430,세아베스틸지주,2411,2411,2022,4,2023-03-31,2023-03-31,2023-03-31,2023-04-30,0.1,6.9636652522949465,6.9636652522949465,2.0,22650,2023-03-31,0,0,51.860979119905195,6.863133368517372,-0.23846462067774343,-0.0871703174266458,0.39448553046875656,0.2178167213791748,0.008616671215362416,-0.03524441193538012,0,0.005129891760425771,0.028888888888888742,0.09805640173963637,0.09520074672900591,00106669,6.9636652522949465,6.863133368517372,1.0,1.0,-0.3486812697065832,313.0,1.0,-0.6223334896547852,253.0,1.0,-0.35244411935380116,265.0,1.0,-0.051298917604257706,2.0,1.0
196170,알테오젠,70113,70113,2022,4,2023-03-31,2023-03-31,2023-03-31,2023-04-30,0.1,6.8076816069877815,6.8076816069877815,3.0,39650,2023-03-31,0,1,51.860979119905195,6.863133368517372,-0.268803688328369,-0.09830794978829904,0.5238919171438474,0.10917236956777676,-0.07281198989167222,-0.06939411636532339,0,0.0030779350562554625,0.15537848605577698,0.09805640173963637,0.09520074672900591,00989619,6.8076816069877815,6.863133368517372,1.0,1.0,-0.39323179915319617,322.0,1.0,-0.3119210559079336,214.0,1.0,-1.1565686060887233,347.0,0.6,-0.051298917604257706,2.0,0.6
034220,LG디스플레이,2621,2621,2022,4,2023-03-31,2023-03-31,2023-03-31,2023-04-30,0.1,6.361830632722072,6.361830632722072,4.0,15186,2023-03-31,0,0,51.860979119905195,6.863133368517372,-0.3578106595036288,-0.13098288014509493,1.1482562032064276,-0.415018552506029,0.08437534038190138,0.039568805095399597,0,0.005129891760425771,-0.02943673931502966,0.09805640173963637,0.09520074672900591,00105873,6.361830632722072,6.863133368517372,1.0,1.0,-0.5239315205803797,332.0,1.0,1.1857672928743686,40.0,1.0,0.39568805095399595,117.0,1.0,-0.051298917604257706,2.0,1.0
034730,SK,64992,64992,2022,4,2023-03-31,2023-03-31,2023-03-31,2023-04-30,0.1,3.9481474844128166,3.9481474844128166,5.0,172500,2023-03-31,0,0,31.630418090244138,4.17378975585095,0.1667160704584012,0.061573659477400455,0.9964553991799756,-0.2875727565012982,0.03947309865111519,-0.004773066174661811,0,0.005129891760425771,-0.09014557670772683,0.09805640173963637,0.09520074672900591,00181712,3.9481474844128166,4.17378975585095,5.0,1.0,0.24629463790960182,89.0,1.0,0.8216364471465664,68.0,1.0,-0.04773066174661811,209.0,1.0,-0.051298917604257706,2.0,1.0
329180,HD현대중공업,31113,31113,2022,4,2023-03-31,2023-03-31,2023-03-31,2023-04-30,0.1,3.337894822367085,3.337894822367085,6.0,100000,2023-03-31,0,0,24.977927209453604,3.289442859472497,0.08842666335730975,0.03283320363528491,,0.049924908231598605,0.00437207070318254,-0.03943604073272082,0,0.005129891760425771,0.03007518796992481,0.09805640173963637,0.09520074672900591,01390344,3.337894822367085,3.289442859472497,8.0,1.0,0.13133281454113965,140.0,1.0,-0.1426425949474246,189.0,1.0,-0.3943604073272082,278.0,1.0,-0.051298917604257706,2.0,1.0
039200,오스코텍,212,212,2022,4,2023-03-31,2023-03-31,2023-03-31,2023-04-30,0.1,3.1894388551898003,3.1894388551898003,7.0,18130,2023-03-31,0,1,18.797125972348518,2.4677998855678935,1.207357360213145,0.4435985865158557,0.16542338085440103,0.4101280083936313,-0.1838163743826202,-0.13516556034383545,0,0.0030779350562554625,0.180400890868597,0.09805640173963637,0.09520074672900591,00263654,3.1894388551898003,2.4677998855678935,10.0,1.0,1.7743943460634228,13.0,1.0,-1.1717943096960894,350.0,1.0,-2.2527593390639242,366.0,0.6,-0.051298917604257706,2.0,0.6
001060,JW중외제약,212,212,2022,4,2023-03-31,2023-03-31,2023-03-31,2023-04-30,0.1,3.120720716398884,3.120720716398884,8.0,20352,2023-03-31,0,0,25.600960963741482,3.3722656662702457,0.01995297083740577,0.007696148584226004,1.0230285655879983,-0.30988250885706625,0.09039315497837101,0.04551151864105314,0,0.005129891760425771,0.12370665724524299,0.09805640173963637,0.09520074672900591,00149947,3.120720716398884,3.3722656662702457,6.0,1.0,0.030784594336904017,210.0,1.0,0.885378596734475,60.0,1.0,0.4551151864105314,105.0,1.0,-0.051298917604257706,2.0,1.0
122640,예스티,29271,29271,2022,4,2023-03-31,2023-03-31,2023-03-31,2023-04-30,0.1,3.104092835254904,3.104092835254904,9.0,10580,2023-03-31,0,1,25.468861446212433,3.354705056202033,-0.045998151842954194,-0.01651485772324679,0.8390737892664698,-0.15544154230537313,-0.09363795959569211,-0.08173375597476451,0,0.0030779350562554625,0.2086330935251799,0.09805640173963637,0.09520074672900591,00530556,3.104092835254904,3.354705056202033,7.0,1.0,-0.06605943089298716,236.0,1.0,0.44411869230106615,113.0,1.0,-1.3622292662460753,351.0,0.6,-0.051298917604257706,2.0,0.6
009540,HD한국조선해양,64992,64992,2022,4,2023-03-31,2023-03-31,2023-03-31,2023-04-30,0.1,2.288471188703371,2.288471188703371,10.0,77500,2023-03-31,0,0,18.878097811464514,2.47856385291478,0.07716711253182496,0.028699762914702547,0.886720755678896,-0.19544400211174004,0.0154682729130814,-0.028478316774797365,0,0.005129891760425771,0.043050430504305126,0.09805640173963637,0.09520074672900591,00164830,2.288471188703371,2.47856385291478,9.0,1.0,0.11479905165881019,145.0,1.0,0.5584114346049716,99.0,1.0,-0.28478316774797363,255.0,1.0,-0.051298917604257706,2.0,1.0
336370,솔루스첨단소재,26299,26299,2023,1,2023-05-31,2023-05-31,2023-05-31,2023-07-31,0.1,5.8551732169840065,5.8551732169840065,1.0,19675,2023-05-31,0,1,28.762675692680858,5.885382929024879,-0.268011066414545,-0.10580389060729349,0.5194419393316717,0.11767836735570888,-0.04044164283445663,-0.05193514061020859,0,0.009850951820920344,-0.11042183622828772,0.37947708235055977,0.3760841548497049,01412822,5.8551732169840065,5.885382929024879,1.0,1.0,-0.42321556242917396,304.0,1.0,-0.3362239067305968,219.0,1.0,-0.8655856768368099,334.0,0.6,-0.16418253034867242,11.0,0.6
043260,성호전자,26291,26291,2023,1,2023-05-31,2023-05-31,2023-05-31,2023-07-31,0.1,5.820992760525438,5.820992760525438,2.0,1714,2023-05-31,0,0,28.762675692680858,5.885382929024879,0.10449545494851664,0.07564394208096951,0.9395335065141032,-0.23564489595752983,0.1238453713787061,0.07919253234225233,0,0.016418253034867242,0.3196994991652755,0.37947708235055977,0.3760841548497049,00317210,5.820992760525438,5.885382929024879,1.0,1.0,0.30257576832387806,98.0,1.0,0.6732711313072282,79.0,1.0,0.7919253234225233,62.0,1.0,-0.16418253034867242,11.0,1.0
009540,HD한국조선해양,64992,64992,2023,1,2023-05-31,2023-05-31,2023-05-31,2023-07-31,0.1,5.752752391837866,5.752752391837866,3.0,96200,2023-05-31,0,0,28.762675692680858,5.885382929024879,0.08641858189371376,0.06683870177115492,0.909138687669841,-0.21008095366300203,0.03959710075209492,-0.005806538330032804,0,0.016418253034867242,0.45400943396226423,0.37947708235055977,0.3760841548497049,00164830,5.752752391837866,5.885382929024879,1.0,1.0,0.2673548070846197,112.0,1.0,0.6002312961800058,85.0,1.0,-0.05806538330032804,219.0,1.0,-0.16418253034867242,11.0,1.0
066970,엘앤에프,28202,28202,2023,1,2023-05-31,2023-05-31,2023-05-31,2023-07-31,0.1,5.406652168426444,5.406652168426444,4.0,270000,2023-05-31,0,1,28.762675692680858,5.885382929024879,-0.058540231186692715,-0.003770699552230842,1.0196488658452911,-0.30302692028680056,-0.25494496151068313,-0.18178409258032452,0,0.009850951820920344,-0.028301886792452935,0.37947708235055977,0.3760841548497049,00398701,5.406652168426444,5.885382929024879,1.0,1.0,-0.015082798208923368,223.0,1.0,0.8657912008194303,58.0,1.0,-3.029734876338742,373.0,0.6,-0.16418253034867242,11.0,0.6
023160,태광,2413,2413,2023,1,2023-05-31,2023-05-31,2023-05-31,2023-07-31,0.1,3.919306544512347,3.919306544512347,5.0,17960,2023-05-31,0,0,15.332271915659678,3.14713216105671,0.46299715653833373,0.25027003058675085,0.11064664419788262,0.4615007598700649,0.08894916547869086,0.04398533996395437,0,0.016418253034867242,0.18806306306306309,0.37947708235055977,0.3760841548497049,00153375,3.919306544512347,3.14713216105671,8.0,1.0,1.0010801223470034,23.0,1.0,-1.3185735996287569,371.0,1.0,0.4398533996395437,107.0,1.0,-0.16418253034867242,11.0,1.0
267260,HD현대일렉트릭,281,281,2023,1,2023-05-31,2023-05-31,2023-05-31,2023-07-31,0.1,3.4278255467211487,3.4278255467211487,6.0,48900,2023-05-31,0,1,17.970771335197696,3.6850812191628397,0.32207087699805714,0.18162487533460675,1.1121548609857077,-0.38083024373427365,-0.06681678607679227,-0.06790125586294449,0,0.009850951820920344,0.46837944664031617,0.37947708235055977,0.3760841548497049,01205851,3.4278255467211487,3.6850812191628397,6.0,1.0,0.726499501338427,44.0,1.0,1.0880864106693533,45.0,1.0,-1.1316875977157415,348.0,0.6,-0.16418253034867242,11.0,0.6
031980,피에스케이홀딩스,29271,29271,2023,1,2023-05-31,2023-05-31,2023-05-31,2023-07-31,0.1,3.2984294019841096,3.2984294019841096,7.0,10670,2023-05-31,0,0,16.297783752215146,3.343985030994531,-1.0049451564640608,-0.4647643001708543,0.17332756074929587,0.4087821915542372,0.03941350184217444,-0.005991773428671802,0,0.016418253034867242,2.546961325966851,0.37947708235055977,0.3760841548497049,00208444,3.2984294019841096,3.343985030994531,7.0,1.0,-1.8590572006834172,368.0,1.0,-1.167949118726392,349.0,1.0,-0.05991773428671802,220.0,1.0,-0.16418253034867242,11.0,1.0
036930,주성엔지니어링,29229,29229,2023,1,2023-05-31,2023-05-31,2023-05-31,2023-07-31,0.1,3.2383837979725056,3.2383837979725056,8.0,16740,2023-05-31,0,0,18.73364540197384,3.840619394626101,-1.6019777407141904,-0.7555787215132265,0.5571416615901843,0.08597054474046484,0.09585659526897476,0.050954327084299325,0,0.016418253034867242,0.7763578274760385,0.37947708235055977,0.3760841548497049,00252135,3.2383837979725056,3.840619394626101,5.0,1.0,-3.022314886052906,376.0,1.0,-0.24563012782989957,209.0,1.0,0.5095432708429932,97.0,1.0,-0.16418253034867242,11.0,1.0
108490,로보티즈,29299,29299,2023,1,2023-05-31,2023-05-31,2023-05-31,2023-07-31,0.1,2.9134166828484758,2.9134166828484758,9.0,31698,2023-05-31,0,1,12.94260338676569,2.6599158574315735,-0.20707220850471963,-0.0761205882753621,0.2460502956676289,0.34761782638798583,-0.0006499630926817438,-0.027847364516641736,0,0.009850951820920344,-0.17758085671326662,0.37947708235055977,0.3760841548497049,00946030,2.9134166828484758,2.6599158574315735,9.0,1.0,-0.3044823531014484,281.0,1.0,-0.9931937896799596,326.0,1.0,-0.4641227419440289,296.0,0.6,-0.16418253034867242,11.0,0.6
085660,차바이오텍,211,211,2023,1,2023-05-31,2023-05-31,2023-05-31,2023-07-31,0.1,2.4429549170513014,2.4429549170513014,10.0,14078,2023-05-31,0,1,12.85567117822429,2.64219173008948,0.09042886240268011,0.06879210839652436,0.9426107551720769,-0.2382330544039226,-0.02014201193125316,-0.03964681885170107,0,0.009850951820920344,-0.030926111668338363,0.37947708235055977,0.3760841548497049,00525679,2.4429549170513014,2.64219173008948,10.0,1.0,0.27516843358609744,108.0,1.0,0.6806658697254931,77.0,1.0,-0.6607803141950178,315.0,0.6,-0.16418253034867242,11.0,0.6
014620,성광벤드,24133,24133,2023,2,2023-08-31,2023-08-31,2023-08-31,2023-10-31,0.1,4.942147508183476,4.942147508183476,1.0,15270,2023-08-31,0,0,15.75174554762642,4.199359338237128,0.4403590314650814,0.2452455474958086,0.09436216379560372,0.4552119673060329,0.08002254630214309,0.028667766480437958,0,0.013662888664068666,-0.15960099750623447,-0.028716238726016363,-0.030873238435834782,00132318,4.942147508183476,4.199359338237128,1.0,1.0,0.9809821899832344,29.0,1.0,-1.30060562087438,371.0,1.0,0.28667766480437956,152.0,1.0,-0.13662888664068665,8.0,1.0
082270,젬백스,29271,29271,2023,2,2023-08-31,2023-08-31,2023-08-31,2023-10-31,0.1,4.794257838484917,4.794257838484917,2.0,13250,2023-08-31,0,0,15.75174554762642,4.199359338237128,0.16347052681290464,0.09403738358499646,0.09166331563988658,0.45745420680604587,0.08103572708413229,0.02974402119267699,0,0.013662888664068666,0.08819018404907975,-0.028716238726016363,-0.030873238435834782,00492894,4.794257838484917,4.199359338237128,1.0,1.0,0.3761495343399858,62.0,1.0,-1.3070120194458454,372.0,1.0,0.2974402119267699,148.0,1.0,-0.13662888664068665,8.0,1.0
042000,카페24,63112,63112,2023,2,2023-08-31,2023-08-31,2023-08-31,2023-10-31,0.1,4.384470539400712,4.384470539400712,3.0,13560,2023-08-31,0,0,15.75174554762642,4.199359338237128,-0.05941756426414546,-0.027681280942746227,0.4138106775272985,0.1898098274367324,0.061808435805646864,0.009319766005528083,0,0.013662888664068666,-0.02208201892744477,-0.028716238726016363,-0.030873238435834782,00260879,4.384470539400712,4.199359338237128,1.0,1.0,-0.11072512377098491,232.0,1.0,-0.5423137926763782,247.0,1.0,0.09319766005528084,186.0,1.0,-0.13662888664068665,8.0,1.0
035250,강원랜드,91249,91249,2023,2,2023-08-31,2023-08-31,2023-08-31,2023-10-31,0.1,4.346727886750156,4.346727886750156,4.0,15510,2023-08-31,0,0,15.75174554762642,4.199359338237128,0.05533804093472039,0.03498648629588241,,0.05681269163407988,0.09248540654148796,0.04190648191899673,0,0.013662888664068666,-0.059615384615384626,-0.028716238726016363,-0.030873238435834782,00255619,4.346727886750156,4.199359338237128,1.0,1.0,0.13994594518352965,117.0,1.0,-0.1623219760973711,184.0,1.0,0.41906481918996724,120.0,1.0,-0.13662888664068665,8.0,1.0
267260,HD현대일렉트릭,281,281,2023,2,2023-08-31,2023-08-31,2023-08-31,2023-10-31,0.1,4.203451967098092,4.203451967098092,5.0,70400,2023-08-31,0,1,15.594955099380156,4.158355996024695,0.01671070888226245,0.013892190728204313,,0.05681269163407988,-7.487398256638317e-06,-0.03380664448732835,0,0.0081977331984412,0.009421265141319024,-0.028716238726016363,-0.030873238435834782,01205851,4.203451967098092,4.158355996024695,5.0,1.0,0.05556876291281725,137.0,1.0,-0.1623219760973711,184.0,1.0,-0.5634440747888059,300.0,0.6,-0.13662888664068665,8.0,0.6
025980,아난티,551,551,2023,2,2023-08-31,2023-08-31,2023-08-31,2023-10-31,0.1,3.901562666332318,3.901562666332318,6.0,8180,2023-08-31,0,0,11.471426506439464,3.0799838380885416,1.9548569661003383,1.0723093226084173,0.9692099396779363,-0.27162338110971534,0.05984113877468762,0.007229998081005485,0,0.013662888664068666,-0.010416666666666852,-0.028716238726016363,-0.030873238435834782,00161781,3.901562666332318,3.0799838380885416,7.0,1.0,4.289237290433669,6.0,1.0,0.7760668031706154,62.0,1.0,0.07229998081005484,199.0,1.0,-0.13662888664068665,8.0,1.0
189300,인텔리안테크,26429,26429,2023,2,2023-08-31,2023-08-31,2023-08-31,2023-10-31,0.1,3.805671315719078,3.805671315719078,7.0,86200,2023-08-31,0,1,14.520438123583455,3.877351714421649,0.13225885780688973,0.07699276423931423,0.7425243543996763,-0.08328993511063379,-0.062413057193845024,-0.07358096102969255,0,0.0081977331984412,-0.0926640926640927,-0.028716238726016363,-0.030873238435834782,00664181,3.805671315719078,3.877351714421649,6.0,1.0,0.3079710569572569,78.0,1.0,0.23797124317323942,137.0,1.0,-1.226349350494876,354.0,0.6,-0.13662888664068665,8.0,0.6
010950,S-Oil,19210,19210,2023,2,2023-08-31,2023-08-31,2023-08-31,2023-10-31,0.1,2.317322305622529,2.317322305622529,8.0,73000,2023-08-31,0,0,9.570596344821087,2.5828847451505874,-0.39677706258425594,-0.21191251287105084,0.8323208750221078,-0.15789409728879242,0.13830761890043017,0.09058128196771612,0,0.013662888664068666,-0.1134846461949266,-0.028716238726016363,-0.030873238435834782,00138279,2.317322305622529,2.5828847451505874,9.0,1.0,-0.8476500514842034,342.0,1.0,0.45112599225369265,106.0,1.0,0.9058128196771611,50.0,1.0,-0.13662888664068665,8.0,1.0
022100,포스코DX,72129,72129,2023,2,2023-08-31,2023-08-31,2023-08-31,2023-10-31,0.1,2.1800591615462523,2.1800591615462523,9.0,56100,2023-08-31,0,1,7.128970463682383,1.9443584657829938,0.3972733717203182,0.22171656961687658,0.575979632089215,0.05507766963665149,-0.024302745735960855,-0.04929127668871037,0,0.0081977331984412,0.4115107913669067,-0.028716238726016363,-0.030873238435834782,00155212,2.1800591615462523,1.9443584657829938,13.0,1.0,0.8868662784675063,34.0,1.0,-0.15736477039043284,183.0,1.0,-0.8215212781451727,325.0,0.6,-0.13662888664068665,8.0,0.6
336370,솔루스첨단소재,26299,26299,2023,2,2023-08-31,2023-08-31,2023-08-31,2023-10-31,0.1,2.1656322449864813,2.1656322449864813,10.0,16350,2023-08-31,0,1,8.41773208515901,2.281391329625933,-0.27331336067245937,-0.1444892744120691,0.5549437667913518,0.07255455064898385,-0.02858737536135187,-0.05202209407480755,0,0.0081977331984412,-0.38912133891213396,-0.028716238726016363,-0.030873238435834782,01412822,2.1656322449864813,2.281391329625933,11.0,1.0,-0.5779570976482764,320.0,1.0,-0.20729871613995385,203.0,1.0,-0.8670349012467924,331.0,0.6,-0.13662888664068665,8.0,0.6
206650,유바이오로직스,212,212,2023,3,2023-11-30,2023-11-30,2023-11-30,2024-02-29,0.1,6.977395144466345,6.977395144466345,1.0,8950,2023-11-30,0,0,21.190582427750012,6.189277031008811,0.16349396554438922,0.18109161860462528,0.33388133025395766,0.5034741604862047,0.11320230195489277,0.06861660490383525,0,0.03493572946286871,0.25156576200417513,0.2851650325939963,0.2818879560136489,00927558,6.977395144466345,6.189277031008811,1.0,1.0,0.7243664744185011,47.0,1.0,-1.4384976013891566,394.0,1.0,0.6861660490383525,81.0,1.0,-0.3493572946286871,47.0,1.0
099320,쎄트렉아이,3131,3131,2023,3,2023-11-30,2023-11-30,2023-11-30,2024-02-29,0.1,6.561498041628413,6.561498041628413,2.0,29850,2023-11-30,0,0,21.190582427750012,6.189277031008811,0.2678516045310303,0.2546314915015104,1.113662800530169,-0.032746989078701105,0.15212481338237216,0.1154007787339238,0,0.03493572946286871,0.26601941747572844,0.2851650325939963,0.2818879560136489,00449254,6.561498041628413,6.189277031008811,1.0,1.0,1.0185259660060415,27.0,1.0,0.09356282593914601,147.0,1.0,1.154007787339238,40.0,1.0,-0.3493572946286871,47.0,1.0
042660,한화오션,3111,3111,2023,3,2023-11-30,2023-11-30,2023-11-30,2024-02-29,0.1,6.213561640199459,6.213561640199459,3.0,27300,2023-11-30,0,1,21.190582427750012,6.189277031008811,0.5970512286156873,0.48661545307797993,1.6019956108153879,-0.36855181502390866,-0.10298282278665065,-0.11474046654114488,0,0.020961437677721222,2.220446049250313e-16,0.2851650325939963,0.2818879560136489,00111704,6.213561640199459,6.189277031008811,1.0,1.0,1.9464618123119197,8.0,1.0,1.0530051857825962,54.0,1.0,-1.9123411090190814,405.0,0.6,-0.3493572946286871,47.0,0.6
006730,서부T&D,551,551,2023,3,2023-11-30,2023-11-30,2023-11-30,2024-02-29,0.1,6.12960551652634,6.12960551652634,4.0,6924,2023-11-30,0,0,21.190582427750012,6.189277031008811,0.05575631704452211,0.10516988394460922,1.3006725000186006,-0.16134526931733525,0.02414237630378436,-0.03843185857261434,0,0.03493572946286871,0.11408597352372474,0.2851650325939963,0.2818879560136489,00130383,6.12960551652634,6.189277031008811,1.0,1.0,0.42067953577843686,82.0,1.0,0.460986483763815,93.0,1.0,-0.38431858572614336,310.0,1.0,-0.3493572946286871,47.0,1.0
039200,오스코텍,212,212,2023,3,2023-11-30,2023-11-30,2023-11-30,2024-02-29,0.1,4.917170450807936,4.917170450807936,5.0,19100,2023-11-30,0,1,13.464386954000641,3.951014284979449,1.2605951537794535,0.9542087830141828,0.8242088990058638,0.16629762757066813,-0.18697076321466718,-0.17531168243408465,0,0.020961437677721222,0.1657894736842105,0.2851650325939963,0.2818879560136489,00263654,4.917170450807936,3.951014284979449,7.0,1.0,3.816835132056731,5.0,1.0,-0.4751360787733375,302.0,1.0,-2.921861373901411,414.0,0.6,-0.3493572946286871,47.0,0.6
015760,한국전력,35120,35120,2023,3,2023-11-30,2023-11-30,2023-11-30,2024-02-29,0.1,4.431172985986478,4.431172985986478,6.0,18850,2023-11-30,0,1,17.093973285658503,5.002497889976148,0.11195889079627519,0.1447753231852461,2.033395409752929,-0.6652063328934065,-0.043518371307261106,-0.07185533195922994,0,0.020961437677721222,0.46572104018912563,0.2851650325939963,0.2818879560136489,00159193,4.431172985986478,5.002497889976148,5.0,1.0,0.5791012927409844,61.0,1.0,1.90058952255259,34.0,1.0,-1.1975888659871656,385.0,0.6,-0.3493572946286871,47.0,0.6
083650,비에이치아이,29176,29176,2023,3,2023-11-30,2023-11-30,2023-11-30,2024-02-29,0.1,4.170756261937966,4.170756261937966,7.0,6970,2023-11-30,0,0,15.555558791977493,4.556822413493952,0.15200646222492598,0.17299648017279456,2.0354633252328154,-0.666628346698678,0.11654126980667012,0.07262998550702891,0,0.03493572946286871,0.20609579100145137,0.2851650325939963,0.2818879560136489,00409788,4.170756261937966,4.556822413493952,6.0,1.0,0.6919859206911783,48.0,1.0,1.9046524191390801,32.0,1.0,0.726299855070289,75.0,1.0,-0.3493572946286871,47.0,1.0
014620,성광벤드,24133,24133,2023,3,2023-11-30,2023-11-30,2023-11-30,2024-02-29,0.1,3.4646915349564233,3.4646915349564233,8.0,12600,2023-11-30,0,0,7.978739868502833,2.3618337431395124,0.40785137872551647,0.3532880508088081,0.10466679272342372,0.661094836915044,0.1006584991241683,0.05353917463019027,0,0.03493572946286871,-0.14391691394658757,0.2851650325939963,0.2818879560136489,00132318,3.4646915349564233,2.3618337431395124,12.0,1.0,1.4131522032352324,18.0,1.0,-1.88884239118584,417.0,1.0,0.5353917463019027,102.0,1.0,-0.3493572946286871,47.0,1.0
025320,시노펙스,2629,2629,2023,3,2023-11-30,2023-11-30,2023-11-30,2024-02-29,0.1,2.991514780103841,2.991514780103841,9.0,3566,2023-11-30,0,0,8.572808435761232,2.5339341704713414,0.12672779309919946,0.15518283344256995,0.9537553649051208,0.07721426573858377,0.21439444565472454,0.19024778098847714,0,0.03493572946286871,1.5010927255697788,0.2851650325939963,0.2818879560136489,00203023,2.991514780103841,2.5339341704713414,10.0,1.0,0.6207313337702798,56.0,1.0,-0.22061218782452505,226.0,1.0,1.9024778098847712,12.0,1.0,-0.3493572946286871,47.0,1.0
000210,DL,20111,20111,2023,3,2023-11-30,2023-11-30,2023-11-30,2024-02-29,0.1,2.7115420231709493,2.7115420231709493,11.0,48000,2023-11-30,0,0,5.599048794288619,1.6724421924637325,1.312665789665987,0.9909024834652427,0.9788267708587233,0.05997377127429863,0.01725351095975833,-0.04671215349519348,0,0.03493572946286871,0.11999999999999988,0.2851650325939963,0.2818879560136489,00109693,2.7115420231709493,1.6724421924637325,17.0,1.0,3.9636099338609707,1.0,1.0,-0.1713536322122818,210.0,1.0,-0.4671215349519348,321.0,1.0,-0.3493572946286871,47.0,1.0
039130,하나투어,75210,75210,2023,4,2024-03-31,2024-03-31,2024-03-31,2024-04-30,0.1,5.895894298024734,5.895894298024734,1.0,64500,2024-03-29,0,0,12.389944942550217,5.480683410232988,0.7243855048619574,0.504014922827171,1.3978095259433845,-0.2366722082860056,0.18108479302169367,0.14786817325058052,0,-0.0,-0.054711246200607966,0.16354795899135444,0.16104381853891048,00269940,5.895894298024734,5.480683410232988,1.0,1.0,2.016059691308684,9.0,1.0,0.6762063093885875,72.0,1.0,1.478681732505805,20.0,1.0,0.0,1.0,1.0
034230,파라다이스,91249,91249,2023,4,2024-03-31,2024-03-31,2024-03-31,2024-04-30,0.1,5.746055557621131,5.746055557621131,2.0,14220,2024-03-29,0,0,12.389944942550217,5.480683410232988,0.27404055690577045,0.2675049527017148,1.1074131963837583,-0.03699719393912708,0.07949672522172059,0.03486438862555561,0,-0.0,0.18957345971563977,0.16354795899135444,0.16104381853891048,00171265,5.746055557621131,5.480683410232988,1.0,1.0,1.0700198108068593,26.0,1.0,0.10570626839750595,153.0,1.0,0.3486438862555561,152.0,1.0,0.0,1.0,1.0
336370,솔루스첨단소재,26299,26299,2023,4,2024-03-31,2024-03-31,2024-03-31,2024-04-30,0.1,5.47965722743636,5.47965722743636,3.0,16890,2024-03-29,0,0,12.389944942550217,5.480683410232988,-0.27895978386044107,-0.02291707749436515,0.9604501206330839,0.06405385689019148,0.010250728166685341,-0.04216296219245439,0,-0.0,0.47024793388429753,0.16354795899135444,0.16104381853891048,01412822,5.47965722743636,5.480683410232988,1.0,1.0,-0.0916683099774606,299.0,1.0,-0.18301101968626138,229.0,1.0,-0.4216296219245439,317.0,1.0,0.0,1.0,1.0
073240,금호타이어,221,221,2023,4,2024-03-31,2024-03-31,2024-03-31,2024-04-30,0.1,5.242251313121919,5.242251313121919,4.0,5890,2024-03-29,0,0,12.389944942550217,5.480683410232988,-0.23276682607882382,0.0013423154765528516,1.493584036153028,-0.30252626618396955,0.10456698009524464,0.0627518535963476,0,-0.0,0.11568938193343903,0.16354795899135444,0.16104381853891048,00481454,5.242251313121919,5.480683410232988,1.0,1.0,0.0053692619062114064,284.0,1.0,0.8643607605256273,61.0,1.0,0.6275185359634761,91.0,1.0,0.0,1.0,1.0
043260,성호전자,26291,26291,2023,4,2024-03-31,2024-03-31,2024-03-31,2024-04-30,0.1,4.894317746976847,4.894317746976847,5.0,2135,2024-03-29,0,0,10.977231755520755,4.864245624434739,0.20196287543850766,0.22965154640083424,1.2931906868127758,-0.16473683556267776,0.01683159306582875,-0.034842588296048964,0,-0.0,0.04020752269779493,0.16354795899135444,0.16104381853891048,00317210,4.894317746976847,4.864245624434739,5.0,1.0,0.918606185603337,33.0,1.0,0.4706766730362222,93.0,1.0,-0.3484258829604896,306.0,1.0,0.0,1.0,1.0
002350,넥센타이어,221,221,2023,4,2024-03-31,2024-03-31,2024-03-31,2024-04-30,0.1,3.851008441596371,3.851008441596371,6.0,8330,2024-03-29,0,0,8.906530899024553,3.9606947389835385,-0.2089643807259034,0.013842767996072834,1.2477992662790591,-0.1335259295569457,0.057141334484899046,0.009996864173705293,0,-0.0,0.0021505376344086446,0.16354795899135444,0.16104381853891048,00173874,3.851008441596371,3.9606947389835385,7.0,1.0,0.05537107198429134,270.0,1.0,0.38150265587698773,107.0,1.0,0.09996864173705292,216.0,1.0,0.0,1.0,1.0
071320,지역난방공사,35300,35300,2023,4,2024-03-31,2024-03-31,2024-03-31,2024-04-30,0.1,3.533287069133241,3.533287069133241,7.0,36600,2024-03-29,0,1,9.397979547113515,4.175138491079119,-0.6975566522306554,-0.24275374554660814,1.5700166262676287,-0.3550809198562308,-0.01779589784126065,-0.04401675654303929,0,-0.0,-0.12676056338028174,0.16354795899135444,0.16104381853891048,00159698,3.533287069133241,4.175138491079119,6.0,1.0,-0.9710149821864326,390.0,1.0,1.0145169138749452,52.0,1.0,-0.733612609050655,359.0,0.6,0.0,1.0,0.6
099320,쎄트렉아이,3131,3131,2023,4,2024-03-31,2024-03-31,2024-03-31,2024-04-30,0.1,3.327828088128108,3.327828088128108,8.0,43500,2024-03-29,0,0,6.6522464861149455,2.977037118447344,0.12917764003303844,0.1914265503629158,0.8911331655885711,0.1117158366885729,0.09098945151869695,0.04764858262927521,0,-0.0,0.5828220858895705,0.16354795899135444,0.16104381853891048,00449254,3.327828088128108,2.977037118447344,8.0,1.0,0.7657062014516632,44.0,1.0,-0.31918810482449406,260.0,1.0,0.47648582629275205,126.0,1.0,0.0,1.0,1.0
100840,SNT에너지,29176,29176,2023,4,2024-03-31,2024-03-31,2024-03-31,2024-04-30,0.1,2.8776098450770635,2.8776098450770635,9.0,11088,2024-03-29,0,0,5.5657402200413335,2.502939811886014,0.40112330682731123,0.3342456534108267,0.9294523998326493,0.08536772939999003,0.007751217310360194,-0.044943349619767516,0,-0.0,0.30841121495327095,0.16354795899135444,0.16104381853891048,00648721,2.8776098450770635,2.502939811886014,10.0,1.0,1.3369826136433067,18.0,1.0,-0.24390779828568582,246.0,1.0,-0.44943349619767514,322.0,1.0,0.0,1.0,1.0
014620,성광벤드,24133,24133,2023,4,2024-03-31,2024-03-31,2024-03-31,2024-04-30,0.1,2.660127384437737,2.660127384437737,10.0,11140,2024-03-29,0,0,4.999393160906937,2.2558141176322115,-0.7385119964749229,-0.2642624741060142,0.10771717237320909,0.6503886219888174,0.06450420429941965,0.01818711892272222,0,-0.0,-0.0034662045060659397,0.16354795899135444,0.16104381853891048,00132318,2.660127384437737,2.2558141176322115,14.0,1.0,-1.057049896424057,396.0,1.0,-1.8582532056823355,424.0,1.0,0.1818711892272222,194.0,1.0,0.0,1.0,1.0
277810,레인보우로보틱스,29280,29280,2024,1,2024-05-31,2024-05-31,2024-05-31,2024-07-31,0.1,6.824954662793555,6.824954662793555,1.0,158500,2024-05-31,0,1,22.778403030036166,6.503559140093684,0.027018256324085055,0.1020118736547746,0.7053971039859589,0.23913152224966863,-0.0021875988556916506,-0.04173209777499041,0,0.021984224570417984,-0.20972300734878468,-0.07899152052210057,-0.08138486426706315,01261644,6.824954662793555,6.503559140093684,1.0,1.0,0.4080474946190984,87.0,1.0,-0.683232920713339,357.0,1.0,-0.6955349629165068,371.0,0.6,-0.36640374284029975,52.0,0.6
060280,큐렉소,47812,47812,2024,1,2024-05-31,2024-05-31,2024-05-31,2024-07-31,0.1,6.632560632900588,6.632560632900588,2.0,10390,2024-05-31,0,0,22.778403030036166,6.503559140093684,-0.39043396703876776,-0.09792047773919875,0.7268658407822816,0.22450160304798952,0.02882251035983857,-0.034220006785917204,0,0.036640374284029976,-0.19152404237978826,-0.07899152052210057,-0.08138486426706315,00356802,6.632560632900588,6.503559140093684,1.0,1.0,-0.391681910956795,358.0,1.0,-0.6414331515656844,352.0,1.0,-0.342200067859172,329.0,1.0,-0.36640374284029975,52.0,1.0
298020,효성티앤씨,2050,2050,2024,1,2024-05-31,2024-05-31,2024-05-31,2024-07-31,0.1,6.571008116432325,6.571008116432325,3.0,401500,2024-05-31,0,0,22.778403030036166,6.503559140093684,-0.0037925412433321704,0.08725551385782833,1.2955725267982519,-0.16304485321549594,0.15241007598718348,0.10659794141227896,0,0.036640374284029976,-0.17934782608695665,-0.07899152052210057,-0.08138486426706315,01316227,6.571008116432325,6.503559140093684,1.0,1.0,0.3490220554313133,103.0,1.0,0.4658424377585599,94.0,1.0,1.0659794141227896,41.0,1.0,-0.36640374284029975,52.0,1.0
002350,넥센타이어,221,221,2024,1,2024-05-31,2024-05-31,2024-05-31,2024-07-31,0.1,6.393972312642697,6.393972312642697,4.0,8290,2024-05-31,0,0,22.778403030036166,6.503559140093684,-0.26291703986539106,-0.03684819769016662,1.2455711322968428,-0.12897128994687376,0.0760503697287905,0.019592285902023526,0,0.036640374284029976,-0.1673819742489271,-0.07899152052210057,-0.08138486426706315,00173874,6.393972312642697,6.503559140093684,1.0,1.0,-0.14739279076066647,321.0,1.0,0.3684893998482108,110.0,1.0,0.19592285902023526,157.0,1.0,-0.36640374284029975,52.0,1.0
009540,HD한국조선해양,64992,64992,2024,1,2024-05-31,2024-05-31,2024-05-31,2024-07-31,0.1,6.273543773488028,6.273543773488028,5.0,130400,2024-05-31,0,0,21.188783766656822,6.049192940312594,0.044567465848757815,0.11041679888695762,0.9511701315753468,0.07164893723792784,0.0638094203582988,0.005644722766519476,0,0.036640374284029976,0.5741444866920153,-0.07899152052210057,-0.08138486426706315,00164830,6.273543773488028,6.049192940312594,5.0,1.0,0.44166719554783046,78.0,1.0,-0.20471124925122242,231.0,1.0,0.056447227665194756,252.0,1.0,-0.36640374284029975,52.0,1.0
222080,씨아이에스,292,292,2024,1,2024-05-31,2024-05-31,2024-05-31,2024-07-31,0.1,5.133022630285583,5.133022630285583,6.0,10980,2024-05-31,0,1,15.04873043388699,4.294160925078332,1.2856132696560603,0.7047966868272005,0.766714764195832,0.19734646414321708,-0.06586565889016911,-0.0852656703335843,0,0.021984224570417984,-0.1762652705061083,-0.07899152052210057,-0.08138486426706315,01090471,5.133022630285583,4.294160925078332,7.0,1.0,2.819186747308802,6.0,1.0,-0.5638470404091916,333.0,1.0,-1.4210945055597384,407.0,0.6,-0.36640374284029975,52.0,0.6
006730,서부T&D,551,551,2024,1,2024-05-31,2024-05-31,2024-05-31,2024-07-31,0.1,5.063933222261851,5.063933222261851,7.0,7100,2024-05-31,0,0,18.129081097007973,5.1746278752712005,-0.16834115425896345,0.008447474811318294,1.222089978402475,-0.11297000456637409,0.021281390578212652,-0.04281249753832369,0,0.036640374284029976,-0.12236842105263157,-0.07899152052210057,-0.08138486426706315,00130383,5.063933222261851,5.1746278752712005,6.0,1.0,0.033789899245273175,279.0,1.0,0.3227714416182117,121.0,1.0,-0.42812497538323685,339.0,1.0,-0.36640374284029975,52.0,1.0
009420,한올바이오파마,212,212,2024,1,2024-05-31,2024-05-31,2024-05-31,2024-07-31,0.1,3.56968011507182,3.56968011507182,8.0,31550,2024-05-31,0,0,11.233714166096984,3.203702043739822,0.04696087568689866,0.11156308588702236,0.8078333528257337,0.16932610900776338,0.10137576017317908,0.04844850215318279,0,0.036640374284029976,-0.01939058171745167,-0.07899152052210057,-0.08138486426706315,00162586,3.56968011507182,3.203702043739822,10.0,1.0,0.44625234354808946,76.0,1.0,-0.4837888828793239,311.0,1.0,0.4844850215318279,107.0,1.0,-0.36640374284029975,52.0,1.0
161580,필옵틱스,2927,2927,2024,1,2024-05-31,2024-05-31,2024-05-31,2024-07-31,0.1,3.3069291371814074,3.3069291371814074,9.0,24800,2024-05-31,0,0,12.679549524905719,3.6169700083557514,-0.8942585418100504,-0.3392195445225495,1.1444081248444726,-0.060033529925494884,0.10499455971207179,0.05257182898967077,0,0.036640374284029976,-0.4019999999999999,-0.07899152052210057,-0.08138486426706315,00938721,3.3069291371814074,3.6169700083557514,8.0,1.0,-1.356878178090198,403.0,1.0,0.1715243712156997,142.0,1.0,0.5257182898967077,100.0,1.0,-0.36640374284029975,52.0,1.0
014620,성광벤드,24133,24133,2024,1,2024-05-31,2024-05-31,2024-05-31,2024-07-31,0.1,3.102680959518574,3.102680959518574,10.0,10670,2024-05-31,0,0,9.718117126209826,2.7704938640974595,-0.9146008284894355,-0.3489621712973616,0.11969636167324291,0.638258616577186,0.06434087840963609,0.006250275857259947,0,0.036640374284029976,0.2443478260869565,-0.07899152052210057,-0.08138486426706315,00132318,3.102680959518574,2.7704938640974595,11.0,1.0,-1.3958486851894465,405.0,1.0,-1.8235960473633885,426.0,1.0,0.06250275857259946,249.0,1.0,-0.36640374284029975,52.0,1.0
060370,LS마린솔루션,423,423,2024,2,2024-08-31,2024-08-31,2024-08-31,2024-10-31,0.1,7.557462926842192,7.557462926842192,1.0,15025,2024-08-30,0,0,20.250402351771797,6.622830914159921,0.32358694735356064,0.29294719431420313,0.21272617101747687,0.5706088180893116,0.08562436051003737,0.03337306173591514,0,0.03770293854284099,-0.2782446838513172,-0.0624644220029561,-0.06421603610769988,00225742,7.557462926842192,6.622830914159921,1.0,1.0,1.1717887772568125,18.0,1.0,-1.6303109088266048,416.0,1.0,0.3337306173591513,129.0,1.0,-0.3770293854284099,55.0,1.0
002350,넥센타이어,221,221,2024,2,2024-08-31,2024-08-31,2024-08-31,2024-10-31,0.1,6.558887922205754,6.558887922205754,2.0,7700,2024-08-30,0,0,20.250402351771797,6.622830914159921,-0.13076686656658,0.022934153166442654,1.2461691420687169,-0.14409994002961957,0.07416116679782903,0.019519856366168573,0,0.03770293854284099,-0.1301546391752577,-0.0624644220029561,-0.06421603610769988,00173874,6.558887922205754,6.622830914159921,1.0,1.0,0.09173661266577061,268.0,1.0,0.4117141143703416,106.0,1.0,0.19519856366168573,164.0,1.0,-0.3770293854284099,55.0,1.0
006730,서부T&D,551,551,2024,2,2024-08-31,2024-08-31,2024-08-31,2024-10-31,0.1,6.523540088040696,6.523540088040696,3.0,6120,2024-08-30,0,0,20.250402351771797,6.622830914159921,-0.10905629347680779,0.03583629613395052,1.2260156706501273,-0.13016219703571869,0.022702326529201233,-0.042667863760298096,0,0.03770293854284099,-0.07346326836581718,-0.0624644220029561,-0.06421603610769988,00130383,6.523540088040696,6.622830914159921,1.0,1.0,0.14334518453580208,257.0,1.0,0.3718919915306248,118.0,1.0,-0.4266786376029809,331.0,1.0,-0.3770293854284099,55.0,1.0
196170,알테오젠,70113,70113,2024,2,2024-08-31,2024-08-31,2024-08-31,2024-10-31,0.1,6.434445632453955,6.434445632453955,4.0,319000,2024-08-30,0,0,20.250402351771797,6.622830914159921,-0.6124132464891705,-0.26329829347824785,0.9742317898075438,0.04396656462039543,0.052418122040328176,-0.006756491390954283,0,0.03770293854284099,0.1952380952380952,-0.0624644220029561,-0.06421603610769988,00989619,6.434445632453955,6.622830914159921,1.0,1.0,-1.0531931739129914,399.0,1.0,-0.12561875605827266,210.0,1.0,-0.06756491390954282,277.0,1.0,-0.3770293854284099,55.0,1.0
085660,차바이오텍,211,211,2024,2,2024-08-31,2024-08-31,2024-08-31,2024-10-31,0.1,5.853263984628896,5.853263984628896,5.0,16745,2024-08-30,0,0,20.035829730854605,6.552869600500071,-1.32417786822284,-0.6862852349490922,1.0210468058777642,0.011590223657110595,0.006197757359634734,-0.06261354312203551,0,0.03770293854284099,0.05835773223316498,-0.0624644220029561,-0.06421603610769988,00525679,5.853263984628896,6.552869600500071,5.0,1.0,-2.745140939796369,416.0,1.0,-0.0331149247346017,182.0,1.0,-0.6261354312203551,363.0,1.0,-0.3770293854284099,55.0,1.0
222080,씨아이에스,292,292,2024,2,2024-08-31,2024-08-31,2024-08-31,2024-10-31,0.1,4.644196566145148,4.644196566145148,6.0,10670,2024-08-30,0,1,11.607624906658142,3.8048569287313767,0.931717564442557,0.654346597828675,0.6968036886504668,0.23583036281679978,-0.043300417920188156,-0.07345908635740907,0,0.022621763125704596,-0.06779661016949157,-0.0624644220029561,-0.06421603610769988,01090471,4.644196566145148,3.8048569287313767,6.0,1.0,2.6173863913147,1.0,1.0,-0.673801036619428,354.0,1.0,-1.2243181059568178,406.0,0.6,-0.3770293854284099,55.0,0.6
161580,필옵틱스,2927,2927,2024,2,2024-08-31,2024-08-31,2024-08-31,2024-10-31,0.1,3.5142713597194546,3.5142713597194546,7.0,16150,2024-08-30,0,1,10.387789353345783,3.407130054753094,0.24087084317884355,0.2437907304399152,1.0339021884073654,0.002699694871057725,-0.16536938427613251,-0.1619708834703171,0,0.022621763125704596,0.14548494983277593,-0.0624644220029561,-0.06421603610769988,00938721,3.5142713597194546,3.407130054753094,7.0,1.0,0.9751629217596608,33.0,1.0,-0.007713413917307786,177.0,1.0,-2.6995147245052853,421.0,0.6,-0.3770293854284099,55.0,0.6
071970,HD현대마린엔진,29119,29119,2024,2,2024-08-31,2024-08-31,2024-08-31,2024-10-31,0.1,2.549478115847599,2.549478115847599,8.0,19380,2024-08-30,0,0,5.996051586442952,1.9752057854369724,0.12852220121361912,0.17702426440297975,0.6851365856623522,0.24389910092916886,0.15370325688130862,0.11564602653563737,0,0.03770293854284099,-0.1700650759219089,-0.0624644220029561,-0.06421603610769988,00406046,2.549478115847599,1.9752057854369724,10.0,1.0,0.708097057611919,51.0,1.0,-0.6968545740833396,356.0,1.0,1.1564602653563736,39.0,1.0,-0.3770293854284099,55.0,1.0
200710,에이디테크놀로지,2611,2611,2024,2,2024-08-31,2024-08-31,2024-08-31,2024-10-31,0.1,2.203331100212609,2.203331100212609,9.0,21400,2024-08-30,0,0,5.6476456270984245,1.8616081675373894,0.29508358578829075,0.2760082381452879,1.0508902406294798,-0.009048906693454675,0.08867576145540472,0.03706066268054483,0,0.03770293854284099,-0.18318181818181822,-0.0624644220029561,-0.06421603610769988,00657002,2.203331100212609,1.8616081675373894,11.0,1.0,1.1040329525811516,23.0,1.0,0.025854019124156215,168.0,1.0,0.37060662680544826,119.0,1.0,-0.3770293854284099,55.0,1.0
073240,금호타이어,221,221,2024,2,2024-08-31,2024-08-31,2024-08-31,2024-10-31,0.1,2.013106512251818,2.013106512251818,10.0,4630,2024-08-30,0,0,6.479449423930756,2.132817448968028,-0.14587286240353725,0.013956973377171307,1.4047816822686132,-0.2537932417442202,0.12621150059534808,0.08242239310799786,0,0.03770293854284099,-0.1320939334637965,-0.0624644220029561,-0.06421603610769988,00481454,2.013106512251818,2.132817448968028,9.0,1.0,0.05582789350868523,274.0,1.0,0.7251235478406292,76.0,1.0,0.8242239310799785,62.0,1.0,-0.3770293854284099,55.0,1.0
060370,LS마린솔루션,423,423,2024,3,2024-11-30,2024-11-30,2024-11-30,2025-02-28,0.1,5.525899281805672,5.525899281805672,1.0,11848,2024-11-29,0,1,12.549045690144052,4.813232811400617,0.03413312261386503,0.10845202064367437,0.1043964240700097,0.6323618382967832,-0.01462020195032497,-0.039844751883840415,0,0.011697363348437694,0.1378555798687089,0.011035806022678063,0.0091306631486483,00225742,5.525899281805672,4.813232811400617,1.0,1.0,0.4338080825746975,88.0,1.0,-1.8067481094193805,428.0,1.0,-0.6640791980640068,375.0,0.6,-0.19495605580729491,17.0,0.6
033240,자화전자,26292,26292,2024,3,2024-11-30,2024-11-30,2024-11-30,2025-02-28,0.1,5.371972431207913,5.371972431207913,2.0,12310,2024-11-29,0,0,12.549045690144052,4.813232811400617,0.6180386005161025,0.5701199937011379,1.0075792124816714,0.009158011814897187,0.010221791810511499,-0.04003399128946758,0,0.01949560558072949,-0.16646039603960405,0.011035806022678063,0.0091306631486483,00146861,5.371972431207913,4.813232811400617,1.0,1.0,2.2804799748045514,12.0,1.0,-0.026165748042563393,188.0,1.0,-0.4003399128946758,336.0,1.0,-0.19495605580729491,17.0,1.0
200710,에이디테크놀로지,2611,2611,2024,3,2024-11-30,2024-11-30,2024-11-30,2025-02-28,0.1,5.019777875973595,5.019777875973595,3.0,13980,2024-11-29,0,0,12.549045690144052,4.813232811400617,0.1008745076709282,0.1612214518691525,1.0117868728003963,0.0062546903114208035,0.0663667978530568,0.01957331681167605,0,0.01949560558072949,0.059543683917640644,0.011035806022678063,0.0091306631486483,00657002,5.019777875973595,4.813232811400617,1.0,1.0,0.64488580747661,52.0,1.0,-0.017870543746916583,186.0,1.0,0.19573316811676048,174.0,1.0,-0.19495605580729491,17.0,1.0
071320,지역난방공사,35300,35300,2024,3,2024-11-30,2024-11-30,2024-11-30,2025-02-28,0.1,4.217259776832319,4.217259776832319,4.0,59100,2024-11-29,0,0,12.549045690144052,4.813232811400617,-0.4665681850898936,-0.2874301325179681,1.5079356058046838,-0.33609216669210357,0.055516261658402996,0.008053659061043118,0,0.01949560558072949,0.08187772925764203,0.011035806022678063,0.0091306631486483,00159698,4.217259776832319,4.813232811400617,1.0,1.0,-1.1497205300718725,405.0,1.0,0.9602633334060102,60.0,1.0,0.08053659061043117,229.0,1.0,-0.19495605580729491,17.0,1.0
225570,넥슨게임즈,582,582,2024,3,2024-11-30,2024-11-30,2024-11-30,2025-02-28,0.1,3.558410469864458,3.558410469864458,5.0,13480,2024-11-29,0,0,8.073737312311707,3.129204350102104,0.2943457946403638,0.31419055436993915,0.9630181763410037,0.039905506775135643,0.10031447768607522,0.05561445303654934,0,0.01949560558072949,-0.04778636683063964,0.011035806022678063,0.0091306631486483,01096341,3.558410469864458,3.129204350102104,7.0,1.0,1.2567622174797566,22.0,1.0,-0.1140157336432447,212.0,1.0,0.5561445303654934,108.0,1.0,-0.19495605580729491,17.0,1.0
002350,넥센타이어,221,221,2024,3,2024-11-30,2024-11-30,2024-11-30,2025-02-28,0.1,3.137836208879076,3.137836208879076,6.0,6270,2024-11-29,0,0,8.464925735129663,3.276405924192289,-0.09207184140737978,0.008667394305174067,1.2628403043200227,-0.16697431845831626,0.04815797063383665,0.00024160325919958867,0,0.01949560558072949,-0.24296296296296294,0.011035806022678063,0.0091306631486483,00173874,3.137836208879076,3.276405924192289,6.0,1.0,0.03466957722069627,264.0,1.0,0.477069481309475,94.0,1.0,0.0024160325919958866,248.0,1.0,-0.19495605580729491,17.0,1.0
043260,성호전자,26291,26291,2024,3,2024-11-30,2024-11-30,2024-11-30,2025-02-28,0.1,3.057117973722879,3.057117973722879,7.0,1170,2024-11-29,0,0,8.038635364138743,3.115995722946241,-0.08907426924856665,0.011037440682585251,1.1376775979930756,-0.08061098368645217,0.03964172792273936,-0.008799811800223958,0,0.01949560558072949,-0.23865877712031558,0.011035806022678063,0.0091306631486483,00317210,3.057117973722879,3.115995722946241,8.0,1.0,0.044149762730341005,260.0,1.0,0.23031709624700622,131.0,1.0,-0.08799811800223957,272.0,1.0,-0.19495605580729491,17.0,1.0
112040,위메이드,5821,5821,2024,3,2024-11-30,2024-11-30,2024-11-30,2025-02-28,0.1,2.7860988026981346,2.7860988026981346,8.0,45500,2024-11-29,0,1,9.284085704927449,3.584650314752939,-0.5662211660250468,-0.3662212921466658,1.5240480144306396,-0.34720986605304255,-0.10405966790496307,-0.09681771720353394,0,0.011697363348437694,-0.007712082262210651,0.011035806022678063,0.0091306631486483,00444329,2.7860988026981346,3.584650314752939,5.0,1.0,-1.4648851685866633,412.0,1.0,0.9920281887229788,57.0,1.0,-1.6136286200588987,414.0,0.6,-0.19495605580729491,17.0,0.6
071970,HD현대마린엔진,29119,29119,2024,3,2024-11-30,2024-11-30,2024-11-30,2025-02-28,0.1,2.4391745983488615,2.4391745983488615,9.0,19730,2024-11-29,0,0,4.073082960344724,1.6237850082972407,0.21196740754860754,0.2490576442814303,0.3895957129437297,0.4355718967517454,0.15273202759521354,0.11126444343771585,0,0.01949560558072949,0.28332462101411404,0.011035806022678063,0.0091306631486483,00406046,2.4391745983488615,1.6237850082972407,12.0,1.0,0.9962305771257212,35.0,1.0,-1.2444911335764155,396.0,1.0,1.1126444343771584,39.0,1.0,-0.19495605580729491,17.0,1.0
034230,파라다이스,91249,91249,2024,3,2024-11-30,2024-11-30,2024-11-30,2025-02-28,0.1,2.264994133270137,2.264994133270137,10.0,10050,2024-11-29,0,0,5.620807048827762,2.2061831795949187,0.01075395606923335,0.08996715821489595,1.0877116493679144,-0.046134053018011545,0.04367505864245784,-0.00451775710239588,0,0.01949560558072949,0.031190926275992403,0.011035806022678063,0.0091306631486483,00171265,2.264994133270137,2.2061831795949187,9.0,1.0,0.3598686328595838,99.0,1.0,0.13181158005146157,146.0,1.0,-0.04517757102395879,259.0,1.0,-0.19495605580729491,17.0,1.0
277810,레인보우로보틱스,29280,29280,2024,4,2025-03-31,2025-03-31,2025-03-31,2025-04-30,0.1,4.440138532726195,4.440138532726195,1.0,264000,2025-03-31,0,1,13.309816374138952,4.246744522491855,0.14731321632760097,0.02047009293814536,0.7196465556042575,0.2099696497100172,-0.013679341649795318,-0.037045732413822675,0,-0.0,-0.2102189781021898,0.04753164331610993,0.04396785793755398,01261644,4.440138532726195,4.246744522491855,1.0,1.0,0.08188037175258144,125.0,1.0,-0.5999132848857635,353.0,1.0,-0.6174288735637112,367.0,0.6,0.0,1.0,0.6
298380,에이비엘바이오,211,211,2024,4,2025-03-31,2025-03-31,2025-03-31,2025-04-30,0.1,4.238997384193892,4.238997384193892,2.0,34450,2025-03-31,0,1,13.309816374138952,4.246744522491855,-0.4643378634098634,-0.2818098270789794,0.3269648762882842,0.48474469231472994,-0.2991807603303223,-0.2106820035337129,0,-0.0,0.6158612143742257,0.04753164331610993,0.04396785793755398,01256864,4.238997384193892,4.246744522491855,1.0,1.0,-1.1272393083159176,422.0,1.0,-1.3849848351849428,408.0,1.0,-3.5113667255618815,435.0,0.6,0.0,1.0,0.6
009240,한샘,46431,46431,2024,4,2025-03-31,2025-03-31,2025-03-31,2025-04-30,0.1,3.922564047359473,3.922564047359473,3.0,40850,2025-03-31,0,0,13.309816374138952,4.246744522491855,-0.012798305243652774,-0.058657533150821166,1.3971149448238434,-0.2640820194063567,0.04581155751502005,-0.0014409225752034201,0,-0.0,-0.07314410480349343,0.04753164331610993,0.04396785793755398,00161693,3.922564047359473,4.246744522491855,1.0,1.0,-0.23463013260328466,291.0,1.0,0.7545200554467335,60.0,1.0,-0.0144092257520342,252.0,1.0,0.0,1.0,1.0
042700,한미반도체,29271,29271,2024,4,2025-03-31,2025-03-31,2025-03-31,2025-04-30,0.1,3.862474371403817,3.862474371403817,4.0,68200,2025-03-31,0,0,7.078302993700959,2.2689708115124207,2.763549347356834,1.3134223571160728,0.8390940429721587,0.1263874757524407,0.1988596352965747,0.15369372702288298,0,-0.0,-0.18609625668449215,0.04753164331610993,0.04396785793755398,00161383,3.862474371403817,2.2689708115124207,9.0,1.0,5.253689428464291,1.0,1.0,-0.361107073578402,285.0,1.0,1.5369372702288298,17.0,1.0,0.0,1.0,1.0
302440,SK바이오사이언스,211,211,2024,4,2025-03-31,2025-03-31,2025-03-31,2025-04-30,0.1,3.6693170700068762,3.6693170700068762,5.0,39200,2025-03-31,0,1,11.651944668653563,3.7205649453800134,-0.08496904923249371,-0.09432454567352788,0.8779714282851103,0.0991834176860333,-0.045020413309804524,-0.056106747385642294,0,-0.0,-0.06933019976498256,0.04753164331610993,0.04396785793755398,01319899,3.6693170700068762,3.7205649453800134,5.0,1.0,-0.37729818269411153,344.0,1.0,-0.2833811933886666,262.0,1.0,-0.9351124564273716,395.0,0.6,0.0,1.0,0.6
097230,HJ중공업,41221,41221,2024,4,2025-03-31,2025-03-31,2025-03-31,2025-04-30,0.1,3.3878892145238493,3.3878892145238493,6.0,5900,2025-03-31,0,1,13.309816374138952,4.246744522491855,-0.3368094652292549,-0.21878488478918134,1.8593365851722345,-0.587516948025353,-0.039177945853552096,-0.05255347515347116,0,-0.0,0.28688524590163933,0.04753164331610993,0.04396785793755398,00633835,3.3878892145238493,4.246744522491855,1.0,1.0,-0.8751395391567254,408.0,1.0,1.6786198515010087,37.0,1.0,-0.8758912525578526,387.0,0.6,0.0,1.0,0.6
011200,HMM,50112,50112,2024,4,2025-03-31,2025-03-31,2025-03-31,2025-04-30,0.1,2.998194377152612,2.998194377152612,7.0,19560,2025-03-31,0,0,5.948466812078567,1.9103805042620345,0.9406393638198032,0.4125344125406996,0.19486450393023896,0.5771805948656432,0.1440125285085966,0.09809886548423469,0,-0.0,-0.06789178152118436,0.04753164331610993,0.04396785793755398,00164645,2.998194377152612,1.9103805042620345,13.0,1.0,1.6501376501627985,20.0,1.0,-1.6490874139018379,428.0,1.0,0.9809886548423469,55.0,1.0,0.0,1.0,1.0
206650,유바이오로직스,212,212,2024,4,2025-03-31,2025-03-31,2025-03-31,2025-04-30,0.1,2.684086121598393,2.684086121598393,8.0,11180,2025-03-31,0,0,6.500793887008005,2.085679488949576,0.13389676047001453,0.013839637539807395,0.42563926000135516,0.4156982880210984,0.21383051082530338,0.16886870708791066,0,-0.0,0.07295081967213135,0.04753164331610993,0.04396785793755398,00927558,2.684086121598393,2.085679488949576,11.0,1.0,0.05535855015922958,132.0,1.0,-1.1877093943459955,400.0,1.0,1.6886870708791064,14.0,1.0,0.0,1.0,1.0
082740,한화엔진,29111,29111,2024,4,2025-03-31,2025-03-31,2025-03-31,2025-04-30,0.1,2.6433303697050037,2.6433303697050037,9.0,21250,2025-03-31,0,0,8.490670177496972,2.717231533399128,0.2891516133628238,0.09056708243347544,1.2789805597294945,-0.18141867551436466,0.06395554451518794,0.016950429386764936,0,-0.0,0.20309050772626946,0.04753164331610993,0.04396785793755398,00361008,2.6433303697050037,2.717231533399128,7.0,1.0,0.3622683297339018,83.0,1.0,0.5183390728981848,85.0,1.0,0.16950429386764934,192.0,1.0,0.0,1.0,1.0
089030,테크윙,29271,29271,2024,4,2025-03-31,2025-03-31,2025-03-31,2025-04-30,0.1,2.5609543574832094,2.5609543574832094,10.0,31400,2025-03-31,0,0,7.352626839959767,2.3560364179393622,0.8890106404443969,0.3870193323103129,1.3051721296917569,-0.19974596229993946,0.06464034842869125,0.017644569533473386,0,-0.0,-0.10317460317460314,0.04753164331610993,0.04396785793755398,00535676,2.5609543574832094,2.3560364179393622,8.0,1.0,1.5480773292412515,23.0,1.0,0.5707027494283985,78.0,1.0,0.17644569533473384,189.0,1.0,0.0,1.0,1.0
042700,한미반도체,29271,29271,2025,1,2025-05-31,2025-05-31,2025-05-31,2025-07-31,0.1,2.5144462908847256,2.5144462908847256,1.0,80400,2025-05-30,0,0,4.1812365345969695,0.9194337525259602,2.27686306104126,1.2756197871190003,0.839297232835923,0.12161703899679244,0.21489613387859866,0.18038764984058211,0,0.017388062402390325,0.20762155059132748,0.10847993982912363,0.10658587852100698,00161383,2.5144462908847256,0.9194337525259602,17.0,1.0,5.102479148476001,5.0,1.0,-0.34747725427654985,279.0,1.0,1.803876498405821,12.0,1.0,-0.17388062402390325,14.0,1.0
131290,티에스이,27212,27212,2025,1,2025-05-31,2025-05-31,2025-05-31,2025-07-31,0.1,2.466778545653521,2.466778545653521,2.0,39800,2025-05-30,0,0,9.972442404536595,2.051976937808076,0.551790359790361,0.27474752739727687,0.833883399184363,0.12529528213602958,0.045319427606514494,-0.002629264090251558,0,0.017388062402390325,-0.04878048780487809,0.10847993982912363,0.10658587852100698,00372226,2.466778545653521,2.051976937808076,1.0,1.0,1.0989901095891075,29.0,1.0,-0.35798652038865597,284.0,1.0,-0.02629264090251558,252.0,1.0,-0.17388062402390325,14.0,1.0
206650,유바이오로직스,212,212,2025,1,2025-05-31,2025-05-31,2025-05-31,2025-07-31,0.1,2.4449346609998757,2.4449346609998757,3.0,13030,2025-05-30,0,0,7.327159347342343,1.5346585473294407,0.5290958483573234,0.26158036816694763,0.38747172409682046,0.4285943465047685,0.23558228984084278,0.20271333659632892,0,0.017388062402390325,-0.01145912910618796,0.10847993982912363,0.10658587852100698,00927558,2.4449346609998757,1.5346585473294407,6.0,1.0,1.0463214726677905,30.0,1.0,-1.2245552757279101,397.0,1.0,2.027133365963289,1.0,1.0,-0.17388062402390325,14.0,1.0
005440,현대지에프홀딩스,64992,64992,2025,1,2025-05-31,2025-05-31,2025-05-31,2025-07-31,0.1,2.4431004214020713,2.4431004214020713,4.0,7460,2025-05-30,0,0,7.151208657115258,1.500249175665289,1.5708684888717008,0.8660078430622454,,0.054337170738364755,,0.0051181695337821015,0,0.017388062402390325,0.5669724770642202,0.10847993982912363,0.10658587852100698,00105280,2.4431004214020713,1.500249175665289,7.0,1.0,3.4640313722489817,8.0,1.0,-0.15524905925247073,219.0,1.0,0.051181695337821013,215.0,1.0,-0.17388062402390325,14.0,1.0
089970,브이엠,29271,29271,2025,1,2025-05-31,2025-05-31,2025-05-31,2025-07-31,0.1,2.339283520102867,2.339283520102867,5.0,12130,2025-05-30,0,0,1.6102755818739887,0.4166499848573479,2.412561417853919,1.3543507999772562,0.2779940302712845,0.5029752015754179,0.09215601701222802,0.04791947129045431,0,0.017388062402390325,-0.04568965517241386,0.10847993982912363,0.10658587852100698,00544577,2.339283520102867,0.4166499848573479,45.0,1.0,5.417403199909025,1.0,1.0,-1.437072004501194,416.0,1.0,0.4791947129045431,119.0,1.0,-0.17388062402390325,14.0,1.0
011200,HMM,50112,50112,2025,1,2025-05-31,2025-05-31,2025-05-31,2025-07-31,0.1,2.2781147437910416,2.2781147437910416,6.0,21300,2025-05-30,0,0,5.335109736818924,1.1450881777363269,0.8641068086316336,0.4559508295383179,0.203593279076294,0.5535242339710127,0.14612272525844033,0.10616344014299346,0,0.017388062402390325,0.28422782037239847,0.10847993982912363,0.10658587852100698,00164645,2.2781147437910416,1.1450881777363269,10.0,1.0,1.8238033181532716,15.0,1.0,-1.5814978113457505,425.0,1.0,1.0616344014299346,49.0,1.0,-0.17388062402390325,14.0,1.0
225570,넥슨게임즈,582,582,2025,1,2025-05-31,2025-05-31,2025-05-31,2025-07-31,0.1,2.266003200004692,2.266003200004692,7.0,13050,2025-05-30,0,0,9.972442404536595,2.051976937808076,0.14338776814704168,0.03779587632897436,0.9173634968378609,0.06857759995007054,0.13139156221021742,0.09026472351518079,0,0.017388062402390325,0.07757951900698234,0.10847993982912363,0.10658587852100698,01096341,2.266003200004692,2.051976937808076,1.0,1.0,0.15118350531589744,132.0,1.0,-0.19593599985734442,236.0,1.0,0.9026472351518079,66.0,1.0,-0.17388062402390325,14.0,1.0
302440,SK바이오사이언스,211,211,2025,1,2025-05-31,2025-05-31,2025-05-31,2025-07-31,0.1,2.1424310450608215,2.1424310450608215,8.0,45100,2025-05-30,0,1,9.972442404536595,2.051976937808076,0.126015834838476,0.027716830887195974,0.884728702184196,0.09075018914676089,-0.011615078172475838,-0.03844575022264515,0,0.010432837441434195,0.15530303030303028,0.10847993982912363,0.10658587852100698,01319899,2.1424310450608215,2.051976937808076,1.0,1.0,0.1108673235487839,147.0,1.0,-0.25928625470503114,252.0,1.0,-0.6407625037107525,363.0,0.6,-0.17388062402390325,14.0,0.6
095340,ISC,465,465,2025,1,2025-05-31,2025-05-31,2025-05-31,2025-07-31,0.1,1.9227462395947135,1.9227462395947135,9.0,50800,2025-05-30,0,0,4.352074954487122,0.9528433553921373,0.6247247018589154,0.317063401797549,0.1295410668559082,0.603836463543579,0.07704885635101477,0.03161495645905795,0,0.017388062402390325,0.22098890010090821,0.10847993982912363,0.10658587852100698,00572905,1.9227462395947135,0.9528433553921373,14.0,1.0,1.268253607190196,21.0,1.0,-1.72524703869594,437.0,1.0,0.31614956459057947,155.0,1.0,-0.17388062402390325,14.0,1.0
042000,카페24,63112,63112,2025,1,2025-05-31,2025-05-31,2025-05-31,2025-07-31,0.1,1.8983862207806417,1.8983862207806417,10.0,45400,2025-05-30,0,0,6.074911117431828,1.2897656474882664,0.1357263841640569,0.03335080761153106,0.47268703794240635,0.37069773133630035,0.2211933546763672,0.18718397194215358,0,0.017388062402390325,-0.2807308970099668,0.10847993982912363,0.10658587852100698,00260879,1.8983862207806417,1.2897656474882664,9.0,1.0,0.13340323044612423,139.0,1.0,-1.0591363752465726,386.0,1.0,1.8718397194215357,8.0,1.0,-0.17388062402390325,14.0,1.0
000660,SK하이닉스,2612,2612,2025,2,2025-08-31,2025-08-31,2025-08-31,2025-10-31,0.1,7.854429874579425,7.854429874579425,1.0,269000,2025-08-29,0,0,25.893882850541853,6.775570541868917,0.6202956218469027,0.416613909331599,0.3929481082020811,0.40649064364508714,0.2575555875041705,0.24135401794276334,0,0.014400761791058567,1.043875685557587,0.3623367487364444,0.35904334078170774,00164779,7.854429874579425,6.775570541868917,1.0,1.0,1.666455637326396,20.0,1.0,-1.1614018389859633,391.0,1.0,2.4135401794276334,1.0,1.0,-0.14400761791058567,10.0,1.0
042000,카페24,63112,63112,2025,2,2025-08-31,2025-08-31,2025-08-31,2025-10-31,0.1,7.425468683283514,7.425468683283514,2.0,38400,2025-08-29,0,0,25.893882850541853,6.775570541868917,0.12953074905166084,0.05267476166851863,0.4375206125085095,0.37654624310789153,0.22712876395909162,0.20627637484712702,0,0.014400761791058567,-0.17205542725173206,0.3623367487364444,0.35904334078170774,00260879,7.425468683283514,6.775570541868917,1.0,1.0,0.21069904667407452,113.0,1.0,-1.0758464088796902,383.0,1.0,2.06276374847127,9.0,1.0,-0.14400761791058567,10.0,1.0
277810,레인보우로보틱스,29280,29280,2025,2,2025-08-31,2025-08-31,2025-08-31,2025-10-31,0.1,7.24320541018704,7.24320541018704,3.0,273500,2025-08-29,0,1,25.893882850541853,6.775570541868917,0.5048575214577891,0.3310078560210401,0.7186882019263935,0.1876541212355158,-0.03805892280682082,-0.05966756601306894,0,0.00864045707463514,0.5758122743682312,0.3623367487364444,0.35904334078170774,01261644,7.24320541018704,6.775570541868917,1.0,1.0,1.3240314240841604,29.0,1.0,-0.5361546321014737,339.0,1.0,-0.994459433551149,391.0,0.6,-0.14400761791058567,10.0,0.6
009540,HD한국조선해양,64992,64992,2025,2,2025-08-31,2025-08-31,2025-08-31,2025-10-31,0.1,6.899822550333418,6.899822550333418,4.0,406500,2025-08-29,0,0,25.893882850541853,6.775570541868917,-0.03619854021146285,-0.07022599920642333,0.8900832994776474,0.07250861772279861,0.1415083252402651,0.10756862815706712,0,0.014400761791058567,0.32033426183844016,0.3623367487364444,0.35904334078170774,00164830,6.899822550333418,6.775570541868917,1.0,1.0,-0.28090399682569334,322.0,1.0,-0.20716747920799605,235.0,1.0,1.0756862815706711,50.0,1.0,-0.14400761791058567,10.0,1.0
326030,SK바이오팜,7011,7011,2025,2,2025-08-31,2025-08-31,2025-08-31,2025-10-31,0.1,4.983682846483315,4.983682846483315,5.0,98600,2025-08-29,0,0,17.787323490642514,4.638174069417101,-0.0946396458568155,-0.11356448440793364,0.4393151441217622,0.37534065292981966,0.10834122226435751,0.06933184675326952,0,0.014400761791058567,0.17021276595744683,0.3623367487364444,0.35904334078170774,00878696,4.983682846483315,4.638174069417101,6.0,1.0,-0.45425793763173455,358.0,1.0,-1.0724018655137706,381.0,1.0,0.6933184675326951,89.0,1.0,-0.14400761791058567,10.0,1.0
206650,유바이오로직스,212,212,2025,2,2025-08-31,2025-08-31,2025-08-31,2025-10-31,0.1,4.851582509897432,4.851582509897432,6.0,13600,2025-08-29,0,0,13.359646014328781,3.4707611388659028,1.000487964043222,0.698555190456437,0.3631470345343549,0.4265114008412711,0.2575555875041705,0.24135401794276334,0,0.014400761791058567,-0.04559505409582698,0.3623367487364444,0.35904334078170774,00927558,4.851582509897432,3.4707611388659028,7.0,1.0,2.794220761825748,8.0,1.0,-1.2186040024036318,396.0,1.0,2.4135401794276334,1.0,1.0,-0.14400761791058567,10.0,1.0
348370,엔켐,20119,20119,2025,2,2025-08-31,2025-08-31,2025-08-31,2025-10-31,0.1,4.3907890557983675,4.3907890557983675,7.0,74900,2025-08-29,0,1,17.797043879580386,4.640736972382993,-0.1488109635468462,-0.15373659997848158,1.093056509855517,-0.06385148150094652,-0.011071845147745774,-0.041000292179832525,0,0.00864045707463514,0.28315946348733223,0.3623367487364444,0.35904334078170774,01011526,4.3907890557983675,4.640736972382993,5.0,1.0,-0.6149463999139263,388.0,1.0,0.18243280428841865,146.0,1.0,-0.6833382029972087,364.0,0.6,-0.14400761791058567,10.0,0.6
253590,네오셈,292,292,2025,2,2025-08-31,2025-08-31,2025-08-31,2025-10-31,0.1,3.973428539063828,3.973428539063828,8.0,7910,2025-08-29,0,0,12.586338923631182,3.2668689850681725,0.6919097310071487,0.4697211696372991,0.7606958945687281,0.15943279524769033,0.10285307976431989,0.0630048273196077,0,0.014400761791058567,0.4632438739789966,0.3623367487364444,0.35904334078170774,01170865,3.973428539063828,3.2668689850681725,8.0,1.0,1.8788846785491964,14.0,1.0,-0.4555222721362581,320.0,1.0,0.6300482731960769,95.0,1.0,-0.14400761791058567,10.0,1.0
003160,디아이,27212,27212,2025,2,2025-08-31,2025-08-31,2025-08-31,2025-10-31,0.1,2.7613618090362846,2.7613618090362846,9.0,12940,2025-08-29,0,0,9.336381243185022,2.409976711366304,0.6294458594594496,0.4233995002779469,1.135818822268355,-0.09257977107569304,0.053549101185975286,0.0061646066766682115,0,0.014400761791058567,0.7727930535455863,0.3623367487364444,0.35904334078170774,00118275,2.7613618090362846,2.409976711366304,9.0,1.0,1.6935980011117877,19.0,1.0,0.26451363164483727,130.0,1.0,0.06164606676668211,228.0,1.0,-0.14400761791058567,10.0,1.0
171090,선익시스템,292,292,2025,2,2025-08-31,2025-08-31,2025-08-31,2025-10-31,0.1,2.3761024501335952,2.3761024501335952,10.0,36850,2025-08-29,0,0,7.705400938246704,1.9799482127583776,0.9074469593214112,0.6295582719049738,1.5514183390115022,-0.3717850476485615,0.1557439898469539,0.12398025132774722,0,0.014400761791058567,0.27722772277227725,0.3623367487364444,0.35904334078170774,00327819,2.3761024501335952,1.9799482127583776,11.0,1.0,2.5182330876198953,9.0,1.0,1.0622429932816044,52.0,1.0,1.2398025132774722,36.0,1.0,-0.14400761791058567,10.0,1.0
000660,SK하이닉스,2612,2612,2025,3,2025-11-30,2025-11-30,2025-11-30,2026-02-28,0.1,6.990266637030294,6.990266637030294,1.0,530000,2025-11-28,0,0,25.161374215101283,5.919523532146888,0.8039327249277868,0.39554835349366313,0.39491438007363217,0.4011465262359494,0.269966159598519,0.2613771767018343,0,0.01267104845195925,0.8980322003577819,0.44837770337678085,0.44518555202813515,00164779,6.990266637030294,5.919523532146888,5.0,1.0,1.5821934139746525,19.0,1.0,-1.1461329321027125,391.0,1.0,2.613771767018343,1.0,1.0,-0.1267104845195925,8.0,1.0
277810,레인보우로보틱스,29280,29280,2025,3,2025-11-30,2025-11-30,2025-11-30,2026-02-28,0.1,6.952505706541744,6.952505706541744,2.0,435000,2025-11-28,0,1,27.58698354151494,6.497413842152365,0.6622824520113078,0.31871023020629846,0.729443662311428,0.17767436975083864,-0.015219490498503416,-0.04889536463893435,0,0.0076026290711755495,0.970217640320733,0.44837770337678085,0.44518555202813515,01261644,6.952505706541744,6.497413842152365,1.0,1.0,1.2748409208251938,25.0,1.0,-0.5076410564309676,336.0,1.0,-0.8149227439822391,378.0,0.6,-0.1267104845195925,8.0,0.6
042520,한스바이오메드,213,213,2025,3,2025-11-30,2025-11-30,2025-11-30,2026-02-28,0.1,6.285669043414683,6.285669043414683,3.0,31000,2025-11-28,0,1,27.58698354151494,6.497413842152365,-0.08086411319193298,-0.08440927123890618,1.1270466773247683,-0.08793228385998894,-0.012600145718792278,-0.04700587270996285,0,0.0076026290711755495,0.8770949720670389,0.44837770337678085,0.44518555202813515,00349060,6.285669043414683,6.497413842152365,1.0,1.0,-0.3376370849556247,354.0,1.0,0.25123509674282557,132.0,1.0,-0.783431211832714,373.0,0.6,-0.1267104845195925,8.0,0.6
348370,엔켐,20119,20119,2025,3,2025-11-30,2025-11-30,2025-11-30,2026-02-28,0.1,6.195143583027597,6.195143583027597,4.0,76000,2025-11-28,0,0,27.58698354151494,6.497413842152365,-0.2505872972984151,-0.17647553187214496,1.11027924388894,-0.07673130771954585,0.0012142945714642746,-0.06173446798503586,0,0.01267104845195925,-0.11730545876887344,0.44837770337678085,0.44518555202813515,01011526,6.195143583027597,6.497413842152365,1.0,1.0,-0.7059021274885798,405.0,1.0,0.219232307770131,141.0,1.0,-0.6173446798503586,352.0,1.0,-0.1267104845195925,8.0,1.0
003670,포스코퓨처엠,282,282,2025,3,2025-11-30,2025-11-30,2025-11-30,2026-02-28,0.1,6.010162667545256,6.010162667545256,5.0,206500,2025-11-28,0,1,27.58698354151494,6.497413842152365,-0.6096485455094225,-0.3712481354803288,1.111697772359195,-0.07767891270695643,-0.011104198575092379,-0.04592675549099915,0,0.0076026290711755495,0.14087759815242507,0.44837770337678085,0.44518555202813515,00155276,6.010162667545256,6.497413842152365,1.0,1.0,-1.4849925419213152,426.0,1.0,0.2219397505913041,140.0,1.0,-0.7654459248499859,372.0,0.6,-0.1267104845195925,8.0,0.6
005420,코스모화학,2049,2049,2025,3,2025-11-30,2025-11-30,2025-11-30,2026-02-28,0.1,4.667512493412081,4.667512493412081,6.0,16970,2025-11-28,0,0,20.85888346007134,4.894474819996639,-0.11408591810439106,-0.10243042353980837,1.1170833924736434,-0.08127661313226586,0.006045273873884651,-0.05592633836444277,0,0.01267104845195925,-0.11508553654743392,0.44837770337678085,0.44518555202813515,00160302,4.667512493412081,4.894474819996639,6.0,1.0,-0.4097216941592335,372.0,1.0,0.23221889466361678,136.0,1.0,-0.5592633836444276,342.0,1.0,-0.1267104845195925,8.0,1.0
095610,테스,29271,29271,2025,3,2025-11-30,2025-11-30,2025-11-30,2026-02-28,0.1,3.5254821845935322,3.5254821845935322,7.0,39450,2025-11-28,0,0,11.980670617844199,2.7792812825133986,0.9320601180170444,0.465050997039475,0.8021325407293387,0.12911676575314812,0.16847869411339644,0.1393620908355508,0,0.01267104845195925,0.6613995485327313,0.44837770337678085,0.44518555202813515,00524421,3.5254821845935322,2.7792812825133986,8.0,1.0,1.8602039881579,15.0,1.0,-0.3689050450089947,297.0,1.0,1.3936209083555078,28.0,1.0,-0.1267104845195925,8.0,1.0
010950,S-Oil,19210,19210,2025,3,2025-11-30,2025-11-30,2025-11-30,2026-02-28,0.1,3.1748810197927835,3.1748810197927835,8.0,76700,2025-11-28,0,0,13.183286473651536,3.0657990008293794,0.1360346254357524,0.03324734654519629,1.0613340054758023,-0.0440349234009776,0.14172629309309887,0.10719854736722592,0,0.01267104845195925,0.5320334261838442,0.44837770337678085,0.44518555202813515,00138279,3.1748810197927835,3.0657990008293794,7.0,1.0,0.13298938618078515,118.0,1.0,0.125814066859936,158.0,1.0,1.0719854736722592,53.0,1.0,-0.1267104845195925,8.0,1.0
033240,자화전자,26292,26292,2025,3,2025-11-30,2025-11-30,2025-11-30,2026-02-28,0.1,2.889768899752686,2.889768899752686,9.0,17750,2025-11-28,0,0,11.678031495626481,2.7071788980718092,-0.35198018711466683,-0.2314760568111758,0.5773028195112068,0.2793074525189407,0.15411040029899145,0.1220875575211523,0,0.01267104845195925,0.9262672811059911,0.44837770337678085,0.44518555202813515,00146861,2.889768899752686,2.7071788980718092,9.0,1.0,-0.9259042272447032,418.0,1.0,-0.7980212929112591,359.0,1.0,1.220875575211523,42.0,1.0,-0.1267104845195925,8.0,1.0
114090,GKL,91249,91249,2025,3,2025-11-30,2025-11-30,2025-11-30,2026-02-28,0.1,2.341226204131942,2.341226204131942,10.0,14510,2025-11-28,0,0,10.212559508740146,2.358036910702298,-0.339424388846852,-0.2246651700023485,0.9003536501704213,0.06350312801020114,0.16208926448548994,0.13168028696983228,0,0.01267104845195925,-0.15612903225806452,0.44837770337678085,0.44518555202813515,00557508,2.341226204131942,2.358036910702298,10.0,1.0,-0.898660680009394,415.0,1.0,-0.1814375086005747,229.0,1.0,1.3168028696983227,33.0,1.0,-0.1267104845195925,8.0,1.0
000810,삼성화재,65121,65121,2025,4,2026-03-31,2026-03-31,2026-03-31,2026-03-31,0.1,8.891862404523662,8.891862404523662,1.0,474000,2026-03-13,0,0,10902855.240438659,9.327981343754345,-0.1846834034590148,-0.09781933162738815,1.510679522139583,-0.30456589693158553,0.03538779011239871,-0.03373371067171039,0,-0.0,-0.10566037735849054,-0.035356461683541784,-0.0383564616835419,00139214,8.891862404523662,9.327981343754345,1.0,1.0,-0.3912773265095526,71.0,1.0,0.8701882769473873,18.0,1.0,-0.3373371067171039,57.0,1.0,0.0,1.0,1.0
006400,삼성SDI,28202,28202,2025,4,2026-03-31,2026-03-31,2026-03-31,2026-03-31,0.1,1.0995283117721377,1.0995283117721377,2.0,388000,2026-03-13,0,0,0.575705678922938,-0.10599943333851794,3.0581652797457624,1.143264877831064,,0.07044078749229754,,-0.008177920212705829,0,-0.0,-0.1673819742489271,-0.035356461683541784,-0.0383564616835419,00126362,1.0995283117721377,-0.10599943333851794,22.0,1.0,4.573059511324256,2.0,1.0,-0.20125939283513586,45.0,1.0,-0.08177920212705828,45.0,1.0,0.0,1.0,1.0
100790,미래에셋벤처투자,649,649,2025,4,2026-03-31,2026-03-31,2026-03-31,2026-03-31,0.1,0.9905451347491818,0.9905451347491818,3.0,22000,2026-03-13,0,0,1.7442101775414525,-0.10599842225937245,3.1085434732629063,1.1625453273935085,1.0674187146765506,-0.04575008254769812,0.04437141923106663,-0.020251687837256005,0,-0.0,0.006864988558352492,-0.035356461683541784,-0.0383564616835419,00340096,0.9905451347491818,-0.10599842225937245,12.0,1.0,4.650181309574034,1.0,1.0,0.13071452156485178,33.0,1.0,-0.20251687837256002,52.0,1.0,0.0,1.0,1.0
100840,SNT에너지,29176,29176,2025,4,2026-03-31,2026-03-31,2026-03-31,2026-03-31,0.1,0.7774313569795075,0.7774313569795075,4.0,45050,2026-03-13,0,0,3.934856679672202,-0.10599652674506671,1.1457911592997267,0.41137216394809056,0.48065433668749946,0.2968561162946319,0.17460869397357323,0.17519960348185173,0,-0.0,-0.019586507072905324,-0.035356461683541784,-0.0383564616835419,00648721,0.7774313569795075,-0.10599652674506671,10.0,1.0,1.6454886557923623,5.0,1.0,-0.8481603322703768,70.0,1.0,1.7519960348185173,6.0,1.0,0.0,1.0,1.0
298380,에이비엘바이오,211,211,2025,4,2026-03-31,2026-03-31,2026-03-31,2026-03-31,0.1,0.6959532680121178,0.6959532680121178,5.0,188000,2026-03-13,0,1,-22.008015571864437,-0.10601897449527979,1.8659246162706418,0.6869774571516195,0.5838037860418026,0.23662812345520176,-0.07721624587596501,-0.12163333809942375,0,-0.0,-0.030927835051546393,-0.035356461683541784,-0.0383564616835419,01256864,0.6959532680121178,-0.10601897449527979,87.0,1.0,2.747909828606478,3.0,1.0,-0.6760803527291479,66.0,1.0,-2.0272223016570625,89.0,0.6,0.0,1.0,0.6
302440,SK바이오사이언스,211,211,2025,4,2026-03-31,2026-03-31,2026-03-31,2026-03-31,0.1,0.5408296035214712,0.5408296035214712,6.0,43700,2026-03-13,0,0,-10.655564131682699,-0.10600915148910821,1.7105495153716566,0.6275132011511901,0.8963754398416763,0.05412047610747247,0.03468066097194015,-0.03479492224808322,0,-0.0,-0.10725229826353422,-0.035356461683541784,-0.0383564616835419,01319899,0.5408296035214712,-0.10600915148910821,86.0,1.0,2.5100528046047605,4.0,1.0,-0.15462993173563563,41.0,1.0,-0.34794922248083215,59.0,1.0,0.0,1.0,1.0
041920,메디아나,27112,27112,2025,4,2026-03-31,2026-03-31,2026-03-31,2026-03-31,0.1,0.5041077137836003,0.5041077137836003,7.0,21600,2026-03-13,0,0,4.40571443774348,-0.10599611932304971,0.4112630857650592,0.13025784671547036,0.11487249556336529,0.5104326913119841,0.03748477013146562,-0.030586704920804383,0,-0.0,0.04854368932038833,-0.035356461683541784,-0.0383564616835419,00273439,0.5041077137836003,-0.10599611932304971,9.0,1.0,0.5210313868618814,10.0,1.0,-1.4583791180342405,89.0,1.0,-0.3058670492080438,55.0,1.0,0.0,1.0,1.0
052400,코나아이,58221,58221,2025,4,2026-03-31,2026-03-31,2026-03-31,2026-03-31,0.1,0.49272615135184883,0.49272615135184883,8.0,66500,2026-03-13,0,0,1.6685067152136313,-0.10599848776377752,0.4650182364658152,0.150830705713577,0.7737476951916037,0.12572166227892273,0.2725426578069681,0.32217227112312663,0,-0.0,-0.004491017964071808,-0.035356461683541784,-0.0383564616835419,00349732,0.49272615135184883,-0.10599848776377752,13.0,1.0,0.603322822854308,9.0,1.0,-0.3592047493683507,57.0,1.0,3.221722711231266,2.0,1.0,0.0,1.0,1.0
004000,롯데정밀화학,20119,20119,2025,4,2026-03-31,2026-03-31,2026-03-31,2026-03-31,0.1,0.4919564817770219,0.4919564817770219,9.0,51400,2026-03-13,0,0,1.150773573044683,-0.10599893574594926,0.10462138249003905,0.012901715401945308,0.11995721242448422,0.5074637729840724,0.10956733308316133,0.07758992913695345,0,-0.0,0.005870841487279899,-0.035356461683541784,-0.0383564616835419,00157681,0.4919564817770219,-0.10599893574594926,14.0,1.0,0.05160686160778123,20.0,1.0,-1.4498964942402068,88.0,1.0,0.7758992913695344,14.0,1.0,0.0,1.0,1.0
030190,NICE평가정보,63991,63991,2025,4,2026-03-31,2026-03-31,2026-03-31,2026-03-31,0.1,0.46049907646430743,0.46049907646430743,10.0,17460,2026-03-13,0,0,-0.12567396526100705,-0.10600004022563918,0.023903679227687658,-0.017990095079836385,0.31985053546651265,0.39074794266032153,0.1869637722349089,0.19374126910946143,0,-0.0,0.020455873758036258,-0.035356461683541784,-0.0383564616835419,00158325,0.46049907646430743,-0.10600004022563918,54.0,1.0,-0.07196038031934554,32.0,1.0,-1.1164226933152044,77.0,1.0,1.9374126910946141,4.0,1.0,0.0,1.0,1.0
