ticker,name,industry4,group_value,year,quarter,rebalance_month,rebalance_month_end,hold_start_month,hold_end_month,w,score,score_adj,hold_bonus_applied,score_rank,current_price,price_date,CFO_isnull,CFO_warn,OpIncome_acc2_log1p__raw,OpIncome_acc2_log1p__contrib,Revenue_acc2__raw,Revenue_acc2__contrib,Debt_to_Equity_log__raw,Debt_to_Equity_log__contrib,op_growth_streak2__raw,op_growth_streak2__contrib,rev_growth_streak2__raw,rev_growth_streak2__contrib,stock_forward_ret_to_next_rebalance,portfolio_gross_ret_to_next_rebalance,portfolio_net_ret_to_next_rebalance,corp_code,score_total,OpIncome_acc2_log1p__z,OpIncome_acc2_log1p__rank,OpIncome_acc2_log1p__mult,Revenue_acc2__z,Revenue_acc2__rank,Revenue_acc2__mult,Debt_to_Equity_log__z,Debt_to_Equity_log__rank,Debt_to_Equity_log__mult,op_growth_streak2__z,op_growth_streak2__rank,op_growth_streak2__mult,rev_growth_streak2__z,rev_growth_streak2__rank,rev_growth_streak2__mult,selection_bucket,kept_from_previous
192080,더블유게임즈,105802,105802,2016,1,2016-05-31,2016-05-31,2016-05-31,2016-07-31,0.1,0.4650944690737143,0.4650944690737143,0.0,1.0,34212.0,2016-05-31,1,0,,0.0,,0.0,0.03849848439947489,0.4650944690737143,0,0.0,0,0.0,0.039893444220648444,0.060396279732516156,0.05722944104704575,01010110,0.4650944690737143,0.0,1.0,1.0,0.0,1.0,1.0,-1.3288413402106125,247.0,1.0,0.0,1.0,1.0,0.0,1.0,1.0,new_or_rank_fill,0.0
214370,케어젠,032101,032101,2016,1,2016-05-31,2016-05-31,2016-05-31,2016-07-31,0.1,0.45486002026101674,0.45486002026101674,0.0,2.0,18400.0,2016-05-31,1,0,,0.0,,0.0,0.054161289345080355,0.45486002026101674,0,0.0,0,0.0,0.26912442396313363,0.060396279732516156,0.05722944104704575,00549891,0.45486002026101674,0.0,1.0,1.0,0.0,1.0,1.0,-1.2996000578886193,246.0,1.0,0.0,1.0,1.0,0.0,1.0,1.0,new_or_rank_fill,0.0
214450,파마리서치,032103,032103,2016,1,2016-05-31,2016-05-31,2016-05-31,2016-07-31,0.1,0.4510707025114588,0.4510707025114588,0.0,3.0,54000.0,2016-05-31,1,0,,0.0,,0.0,0.05996046288871186,0.4510707025114588,0,0.0,0,0.0,-0.09446254071661253,0.060396279732516156,0.05722944104704575,00970453,0.4510707025114588,0.0,1.0,1.0,0.0,1.0,1.0,-1.2887734357470253,245.0,1.0,0.0,1.0,1.0,0.0,1.0,1.0,new_or_rank_fill,0.0
145020,휴젤,032101,032101,2016,1,2016-05-31,2016-05-31,2016-05-31,2016-07-31,0.1,0.4393847078415421,0.4393847078415421,0.0,4.0,115945.0,2016-05-31,1,0,,0.0,,0.0,0.07784471424997752,0.4393847078415421,0,0.0,0,0.0,0.15050447620240703,0.060396279732516156,0.05722944104704575,00888347,0.4393847078415421,0.0,1.0,1.0,0.0,1.0,1.0,-1.2553848795472633,244.0,1.0,0.0,1.0,1.0,0.0,1.0,1.0,new_or_rank_fill,0.0
213420,덕산네오룩스,032602,032602,2016,1,2016-05-31,2016-05-31,2016-05-31,2016-07-31,0.1,0.431484171088207,0.431484171088207,0.0,5.0,12575.0,2016-05-31,1,0,,0.0,,0.0,0.08993569915768918,0.431484171088207,0,0.0,0,0.0,0.11946870184193137,0.060396279732516156,0.05722944104704575,01061558,0.431484171088207,0.0,1.0,1.0,0.0,1.0,1.0,-1.2328119173948773,243.0,1.0,0.0,1.0,1.0,0.0,1.0,1.0,new_or_rank_fill,0.0
000240,한국앤컴퍼니,116409,116409,2016,1,2016-05-31,2016-05-31,2016-05-31,2016-07-31,0.1,0.4299825970738362,0.4299825970738362,0.0,6.0,23350.0,2016-05-31,1,0,,0.0,,0.0,0.09223370868696651,0.4299825970738362,0,0.0,0,0.0,-0.09030837004405301,0.060396279732516156,0.05722944104704575,00160047,0.4299825970738362,0.0,1.0,1.0,0.0,1.0,1.0,-1.2285217059252462,242.0,1.0,0.0,1.0,1.0,0.0,1.0,1.0,new_or_rank_fill,0.0
023160,태광,032401,032401,2016,1,2016-05-31,2016-05-31,2016-05-31,2016-07-31,0.1,0.419796207800452,0.419796207800452,0.0,7.0,9490.0,2016-05-31,1,0,,0.0,,0.0,0.10782296329255671,0.419796207800452,0,0.0,0,0.0,-0.19069767441860463,0.060396279732516156,0.05722944104704575,00153375,0.419796207800452,0.0,1.0,1.0,0.0,1.0,1.0,-1.19941773657272,241.0,1.0,0.0,1.0,1.0,0.0,1.0,1.0,new_or_rank_fill,0.0
026960,동서,074603,074603,2016,1,2016-05-31,2016-05-31,2016-05-31,2016-07-31,0.1,0.4196777706162977,0.4196777706162977,0.0,8.0,33300.0,2016-05-31,1,0,,0.0,,0.0,0.1080042196110617,0.4196777706162977,0,0.0,0,0.0,0.010852713178294504,0.060396279732516156,0.05722944104704575,00144395,0.4196777706162977,0.0,1.0,1.0,0.0,1.0,1.0,-1.1990793446179935,240.0,1.0,0.0,1.0,1.0,0.0,1.0,1.0,new_or_rank_fill,0.0
140860,파크시스템스,032702,032702,2016,1,2016-05-31,2016-05-31,2016-05-31,2016-07-31,0.1,0.41820520372145614,0.41820520372145614,0.0,9.0,14700.0,2016-05-31,1,0,,0.0,,0.0,0.1102578366319062,0.41820520372145614,0,0.0,0,0.0,0.3730769230769231,0.060396279732516156,0.05722944104704575,00244747,0.41820520372145614,0.0,1.0,1.0,0.0,1.0,1.0,-1.194872010632732,239.0,1.0,0.0,1.0,1.0,0.0,1.0,1.0,new_or_rank_fill,0.0
121600,나노신소재,032004,032004,2016,1,2016-05-31,2016-05-31,2016-05-31,2016-07-31,0.1,0.41701144360137415,0.41701144360137415,0.0,10.0,14250.0,2016-05-31,1,0,,0.0,,0.0,0.11208476764254255,0.41701144360137415,0,0.0,0,0.0,0.015432098765432167,0.060396279732516156,0.05722944104704575,00439965,0.41701144360137415,0.0,1.0,1.0,0.0,1.0,1.0,-1.1914612674324976,238.0,1.0,0.0,1.0,1.0,0.0,1.0,1.0,new_or_rank_fill,0.0
214370,케어젠,032101,032101,2016,2,2016-08-31,2016-08-31,2016-08-31,2016-10-31,0.1,0.5178678771789447,1.0178678771789447,0.5,1.0,19152.0,2016-08-31,1,0,,0.0,,0.0,0.03427247828369094,0.5178678771789447,0,0.0,0,0.0,-0.3129992737835876,-0.08927745997717917,-0.0901223007652997,00549891,0.5178678771789447,0.0,1.0,1.0,0.0,1.0,1.0,-1.4796225062255564,151.0,1.0,0.0,1.0,1.0,0.0,1.0,1.0,keep_current_top_n,1.0
192080,더블유게임즈,105802,105802,2016,2,2016-08-31,2016-08-31,2016-08-31,2016-10-31,0.1,0.5151275252981753,1.0151275252981753,0.5,2.0,31968.0,2016-08-31,1,0,,0.0,,0.0,0.03805862984857294,0.5151275252981753,0,0.0,0,0.0,-0.06085598250546709,-0.08927745997717917,-0.0901223007652997,01010110,0.5151275252981753,0.0,1.0,1.0,0.0,1.0,1.0,-1.471792929423358,150.0,1.0,0.0,1.0,1.0,0.0,1.0,1.0,keep_current_top_n,1.0
214450,파마리서치,032103,032103,2016,2,2016-08-31,2016-08-31,2016-08-31,2016-10-31,0.1,0.5096195363928424,1.0096195363928424,0.5,3.0,49550.0,2016-08-31,1,0,,0.0,,0.0,0.04566863094355016,0.5096195363928424,0,0.0,0,0.0,-0.23471223021582732,-0.08927745997717917,-0.0901223007652997,00970453,0.5096195363928424,0.0,1.0,1.0,0.0,1.0,1.0,-1.456055818265264,149.0,1.0,0.0,1.0,1.0,0.0,1.0,1.0,keep_current_top_n,1.0
145020,휴젤,032101,032101,2016,2,2016-08-31,2016-08-31,2016-08-31,2016-10-31,0.1,0.49816165492330994,0.9981616549233099,0.5,4.0,142646.0,2016-08-31,1,0,,0.0,,0.0,0.06149918035602988,0.49816165492330994,0,0.0,0,0.0,-0.020278250090041805,-0.08927745997717917,-0.0901223007652997,00888347,0.49816165492330994,0.0,1.0,1.0,0.0,1.0,1.0,-1.4233190140665999,148.0,1.0,0.0,1.0,1.0,0.0,1.0,1.0,new_or_rank_fill,1.0
000240,한국앤컴퍼니,116409,116409,2016,2,2016-08-31,2016-08-31,2016-08-31,2016-10-31,0.1,0.4905384613050197,0.9905384613050197,0.5,5.0,21400.0,2016-08-31,1,0,,0.0,,0.0,0.07203161111787185,0.4905384613050197,0,0.0,0,0.0,0.04842615012106544,-0.08927745997717917,-0.0901223007652997,00160047,0.4905384613050197,0.0,1.0,1.0,0.0,1.0,1.0,-1.401538460871485,147.0,1.0,0.0,1.0,1.0,0.0,1.0,1.0,new_or_rank_fill,1.0
026960,동서,074603,074603,2016,2,2016-08-31,2016-08-31,2016-08-31,2016-10-31,0.1,0.468847618095701,0.9688476180957011,0.5,7.0,30850.0,2016-08-31,1,0,,0.0,,0.0,0.10200032445606959,0.468847618095701,0,0.0,0,0.0,-0.16717791411042948,-0.08927745997717917,-0.0901223007652997,00144395,0.468847618095701,0.0,1.0,1.0,0.0,1.0,1.0,-1.3395646231305745,145.0,1.0,0.0,1.0,1.0,0.0,1.0,1.0,new_or_rank_fill,1.0
023160,태광,032401,032401,2016,2,2016-08-31,2016-08-31,2016-08-31,2016-10-31,0.1,0.466606668180574,0.9666066681805741,0.5,8.0,8200.0,2016-08-31,1,0,,0.0,,0.0,0.10509648742970866,0.466606668180574,0,0.0,0,0.0,-0.027586206896551668,-0.08927745997717917,-0.0901223007652997,00153375,0.466606668180574,0.0,1.0,1.0,0.0,1.0,1.0,-1.3331619090873543,144.0,1.0,0.0,1.0,1.0,0.0,1.0,1.0,new_or_rank_fill,1.0
058470,리노공업,032602,032602,2016,2,2016-08-31,2016-08-31,2016-08-31,2016-10-31,0.1,0.4799235701237971,0.4799235701237971,0.0,6.0,8259.0,2016-08-31,1,0,,0.0,,0.0,0.08669746010568605,0.4799235701237971,0,0.0,0,0.0,0.022568000950231593,-0.08927745997717917,-0.0901223007652997,00369657,0.4799235701237971,0.0,1.0,1.0,0.0,1.0,1.0,-1.371210200353706,146.0,1.0,0.0,1.0,1.0,0.0,1.0,1.0,new_or_rank_fill,0.0
064760,티씨케이,032309,032309,2016,2,2016-08-31,2016-08-31,2016-08-31,2016-10-31,0.1,0.455157135017371,0.455157135017371,0.0,9.0,33050.0,2016-08-31,1,0,,0.0,,0.0,0.12091550257416403,0.455157135017371,0,0.0,0,0.0,-0.10312075983717772,-0.08927745997717917,-0.0901223007652997,00245472,0.455157135017371,0.0,1.0,1.0,0.0,1.0,1.0,-1.3004489571924887,143.0,1.0,0.0,1.0,1.0,0.0,1.0,1.0,new_or_rank_fill,0.0
031980,피에스케이홀딩스,032902,032902,2016,2,2016-08-31,2016-08-31,2016-08-31,2016-10-31,0.1,0.45417692644183083,0.45417692644183083,0.0,10.0,11612.0,2016-08-31,1,0,,0.0,,0.0,0.12226978786074914,0.45417692644183083,0,0.0,0,0.0,-0.04483319772172489,-0.08927745997717917,-0.0901223007652997,00208444,0.45417692644183083,0.0,1.0,1.0,0.0,1.0,1.0,-1.297648361262374,142.0,1.0,0.0,1.0,1.0,0.0,1.0,1.0,new_or_rank_fill,0.0
145020,휴젤,032101,032101,2016,3,2016-11-30,2016-11-30,2016-11-30,2017-02-28,0.1,0.6373728475932158,1.1373728475932157,0.5,1.0,94563.0,2016-11-30,1,0,,0.0,,0.0,0.07998311902593205,0.4373728475932157,1,0.15,1,0.05,0.07463579782504626,0.05578954303238559,0.053439216636948395,00888347,0.6373728475932158,0.0,1.0,1.0,0.0,1.0,1.0,-1.2496367074091879,111.0,1.0,1.0,1.0,1.0,1.0,1.0,1.0,keep_current_top_n,1.0
214450,파마리서치,032103,032103,2016,3,2016-11-30,2016-11-30,2016-11-30,2017-02-28,0.1,0.6106440341173,1.1106440341172998,0.5,2.0,40450.0,2016-11-30,1,0,,0.0,,0.0,0.044871413976505056,0.4606440341172999,1,0.15,0,0.0,-0.11398354876615746,0.05578954303238559,0.053439216636948395,00970453,0.6106440341173,0.0,1.0,1.0,0.0,1.0,1.0,-1.3161258117637142,113.0,1.0,1.0,1.0,1.0,0.0,44.0,1.0,keep_current_top_n,1.0
064760,티씨케이,032309,032309,2016,3,2016-11-30,2016-11-30,2016-11-30,2017-02-28,0.1,0.5965661928051097,1.0965661928051098,0.5,3.0,30450.0,2016-11-30,1,0,,0.0,,0.0,0.1415524431981617,0.39656619280510963,1,0.15,1,0.05,-0.009077155824508298,0.05578954303238559,0.053439216636948395,00245472,0.5965661928051097,0.0,1.0,1.0,0.0,1.0,1.0,-1.1330462651574562,108.0,1.0,1.0,1.0,1.0,1.0,1.0,1.0,keep_current_top_n,1.0
000250,삼천당제약,032102,032102,2016,3,2016-11-30,2016-11-30,2016-11-30,2017-02-28,0.1,0.5766688230710436,0.5766688230710436,0.0,4.0,8780.0,2016-11-30,1,0,,0.0,,0.0,0.17157371334864957,0.37666882307104355,1,0.15,1,0.05,0.422805247225025,0.05578954303238559,0.053439216636948395,00128546,0.5766688230710436,0.0,1.0,1.0,0.0,1.0,1.0,-1.0761966373458387,105.0,1.0,1.0,1.0,1.0,1.0,1.0,1.0,new_or_rank_fill,0.0
053610,프로텍,032902,032902,2016,3,2016-11-30,2016-11-30,2016-11-30,2017-02-28,0.1,0.5294970951153856,0.5294970951153856,0.0,5.0,8849.0,2016-11-30,1,0,,0.0,,0.0,0.23655971684669755,0.3294970951153855,1,0.15,1,0.05,0.25953130465197605,0.05578954303238559,0.053439216636948395,00325112,0.5294970951153856,0.0,1.0,1.0,0.0,1.0,1.0,-0.9414202717582443,100.0,1.0,1.0,1.0,1.0,1.0,1.0,1.0,new_or_rank_fill,0.0
003670,포스코퓨처엠,032802,032802,2016,3,2016-11-30,2016-11-30,2016-11-30,2017-02-28,0.1,0.4876488889087405,0.4876488889087405,0.0,6.0,11145.0,2016-11-30,1,0,,0.0,,0.0,0.2267201367634111,0.3376488889087405,1,0.15,0,0.0,0.10077590984666562,0.05578954303238559,0.053439216636948395,00155276,0.4876488889087405,0.0,1.0,1.0,0.0,1.0,1.0,-0.96471111116783,102.0,1.0,1.0,1.0,1.0,0.0,44.0,1.0,new_or_rank_fill,0.0
018260,삼성에스디에스,106201,106201,2016,3,2016-11-30,2016-11-30,2016-11-30,2017-02-28,0.1,0.45976193907198315,0.45976193907198315,0.0,7.0,135000.0,2016-11-30,1,0,,0.0,,0.0,0.2603809337797736,0.30976193907198313,1,0.15,0,0.0,-0.15857605177993517,0.05578954303238559,0.053439216636948395,00126186,0.45976193907198315,0.0,1.0,1.0,0.0,1.0,1.0,-0.8850341116342375,99.0,1.0,1.0,1.0,1.0,0.0,44.0,1.0,new_or_rank_fill,0.0
102710,이엔에프테크놀로지,032004,032004,2016,3,2016-11-30,2016-11-30,2016-11-30,2017-02-28,0.1,0.4492538298514454,0.4492538298514454,0.0,8.0,23150.0,2016-11-30,1,0,,0.0,,0.0,0.33341693069729256,0.2492538298514454,1,0.15,1,0.05,-0.22457627118644075,0.05578954303238559,0.053439216636948395,00530185,0.4492538298514454,0.0,1.0,1.0,0.0,1.0,1.0,-0.7121537995755584,88.0,1.0,1.0,1.0,1.0,1.0,1.0,1.0,new_or_rank_fill,0.0
000100,유한양행,032102,032102,2016,3,2016-11-30,2016-11-30,2016-11-30,2017-02-28,0.1,0.4474426619073067,0.4474426619073067,0.0,9.0,27774.0,2016-11-30,1,0,,0.0,,0.0,0.3356030914960558,0.24744266190730668,1,0.15,1,0.05,0.11362177863343148,0.05578954303238559,0.053439216636948395,00145109,0.4474426619073067,0.0,1.0,1.0,0.0,1.0,1.0,-0.7069790340208763,87.0,1.0,1.0,1.0,1.0,1.0,1.0,1.0,new_or_rank_fill,0.0
005690,파미셀,032101,032101,2016,3,2016-11-30,2016-11-30,2016-11-30,2017-02-28,0.1,0.4393445044879572,0.4393445044879572,0.0,10.0,4670.0,2016-11-30,1,0,,0.0,,0.0,0.07700827134142811,0.4393445044879572,0,0.0,0,0.0,0.07158351409978314,0.05578954303238559,0.053439216636948395,00145163,0.4393445044879572,0.0,1.0,1.0,0.0,1.0,1.0,-1.255270012822735,112.0,1.0,0.0,51.0,1.0,0.0,44.0,1.0,new_or_rank_fill,0.0
145020,휴젤,032101,032101,2016,4,2017-03-31,2017-03-31,2017-03-31,2017-04-30,0.1,0.6061530171423624,1.1061530171423624,0.5,1.0,125868.0,2017-03-31,1,0,,0.0,,0.0,0.07170087624479107,0.40615301714236235,1,0.15,1,0.05,0.26423650336520876,0.19222563458560482,0.19021950453672543,00888347,0.6061530171423624,0.0,1.0,1.0,0.0,1.0,1.0,-1.1604371918353211,123.0,1.0,1.0,1.0,1.0,1.0,1.0,1.0,keep_current_top_n,1.0
053610,프로텍,032902,032902,2016,4,2017-03-31,2017-03-31,2017-03-31,2017-04-30,0.1,0.5202706095004538,1.0202706095004537,0.5,4.0,12870.0,2017-03-31,1,0,,0.0,,0.0,0.20646359522765192,0.3202706095004538,1,0.15,1,0.05,0.32176247338702213,0.19222563458560482,0.19021950453672543,00325112,0.5202706095004538,0.0,1.0,1.0,0.0,1.0,1.0,-0.9150588842870108,114.0,1.0,1.0,1.0,1.0,1.0,1.0,1.0,keep_current_top_n,1.0
003670,포스코퓨처엠,032802,032802,2016,4,2017-03-31,2017-03-31,2017-03-31,2017-04-30,0.1,0.49539022055114884,0.9953902205511489,0.5,6.0,13964.0,2017-03-31,1,0,,0.0,,0.0,0.2400197066412481,0.29539022055114883,1,0.15,1,0.05,0.0993538642275742,0.19222563458560482,0.19021950453672543,00155276,0.49539022055114884,0.0,1.0,1.0,0.0,1.0,1.0,-0.8439720587175682,108.0,1.0,1.0,1.0,1.0,1.0,1.0,1.0,keep_current_top_n,1.0
000100,유한양행,032102,032102,2016,4,2017-03-31,2017-03-31,2017-03-31,2017-04-30,0.1,0.39150554578098085,0.8915055457809808,0.5,13.0,32751.0,2017-03-31,1,0,,0.0,,0.0,0.3126938177155316,0.24150554578098082,1,0.15,0,0.0,0.03569803766946711,0.19222563458560482,0.19021950453672543,00145109,0.39150554578098085,0.0,1.0,1.0,0.0,1.0,1.0,-0.6900158450885167,92.0,1.0,1.0,1.0,1.0,0.0,42.0,1.0,new_or_rank_fill,1.0
213420,덕산네오룩스,032602,032602,2016,4,2017-03-31,2017-03-31,2017-03-31,2017-04-30,0.1,0.5483689407245583,0.5483689407245583,0.0,2.0,13377.0,2017-03-31,1,0,,0.0,,0.0,0.08482382902800475,0.39836894072455836,1,0.15,0,0.0,0.5223953261927945,0.19222563458560482,0.19021950453672543,01061558,0.5483689407245583,0.0,1.0,1.0,0.0,1.0,1.0,-1.1381969734987383,121.0,1.0,1.0,1.0,1.0,0.0,42.0,1.0,new_or_rank_fill,0.0
030530,원익홀딩스,032001,032001,2016,4,2017-03-31,2017-03-31,2017-03-31,2017-04-30,0.1,0.5414757896572622,0.5414757896572622,0.0,3.0,5490.0,2017-03-31,1,0,,0.0,,0.0,0.17786422769617596,0.34147578965726216,1,0.15,1,0.05,0.17889087656529523,0.19222563458560482,0.19021950453672543,00216647,0.5414757896572622,0.0,1.0,1.0,0.0,1.0,1.0,-0.9756451133064633,117.0,1.0,1.0,1.0,1.0,1.0,1.0,1.0,new_or_rank_fill,0.0
095610,테스,032902,032902,2016,4,2017-03-31,2017-03-31,2017-03-31,2017-04-30,0.1,0.5093362846062048,0.5093362846062048,0.0,5.0,23050.0,2017-03-31,1,0,,0.0,,0.0,0.2212106888173656,0.30933628460620477,1,0.15,1,0.05,0.19495412844036686,0.19222563458560482,0.19021950453672543,00524421,0.5093362846062048,0.0,1.0,1.0,0.0,1.0,1.0,-0.883817956017728,111.0,1.0,1.0,1.0,1.0,1.0,1.0,1.0,new_or_rank_fill,0.0
000660,SK하이닉스,032601,032601,2016,4,2017-03-31,2017-03-31,2017-03-31,2017-04-30,0.1,0.45578862840752005,0.45578862840752005,0.0,7.0,50500.0,2017-03-31,1,0,,0.0,,0.0,0.29343026388113136,0.2557886284075201,1,0.15,1,0.05,0.15631691648822277,0.19222563458560482,0.19021950453672543,00164779,0.45578862840752005,0.0,1.0,1.0,0.0,1.0,1.0,-0.7308246525929145,98.0,1.0,1.0,1.0,1.0,1.0,1.0,1.0,new_or_rank_fill,0.0
042520,한스바이오메드,032103,032103,2016,4,2017-03-31,2017-03-31,2017-03-31,2017-04-30,0.1,0.44421900163726463,0.44421900163726463,0.0,8.0,16950.0,2017-03-31,1,0,,0.0,,0.0,0.3090341873450072,0.24421900163726465,1,0.15,1,0.05,0.011869436201780381,0.19222563458560482,0.19021950453672543,00349060,0.44421900163726463,0.0,1.0,1.0,0.0,1.0,1.0,-0.6977685761064705,95.0,1.0,1.0,1.0,1.0,1.0,1.0,1.0,new_or_rank_fill,0.0
099320,쎄트렉아이,033103,033103,2016,4,2017-03-31,2017-03-31,2017-03-31,2017-04-30,0.1,0.43843725970798525,0.43843725970798525,0.0,9.0,20533.0,2017-03-31,1,0,,0.0,,0.0,0.31683200661298055,0.23843725970798527,1,0.15,1,0.05,0.10925061762283828,0.19222563458560482,0.19021950453672543,00449254,0.43843725970798525,0.0,1.0,1.0,0.0,1.0,1.0,-0.6812493134513865,91.0,1.0,1.0,1.0,1.0,1.0,1.0,1.0,new_or_rank_fill,0.0
145020,휴젤,032101,032101,2017,1,2017-05-31,2017-05-31,2017-05-31,2017-07-31,0.1,0.6273022926200504,1.1273022926200504,0.5,1.0,159424.0,2017-05-31,1,0,,0.0,,0.0,0.07065262664738002,0.42730229262005043,1,0.15,1,0.05,0.2476402033830043,0.19351330167287073,0.1922356189779948,00888347,0.6273022926200504,0.0,1.0,1.0,0.0,1.0,1.0,-1.2208636932001442,152.0,1.0,1.0,1.0,1.0,1.0,1.0,1.0,keep_current_top_n,1.0
213420,덕산네오룩스,032602,032602,2017,1,2017-05-31,2017-05-31,2017-05-31,2017-07-31,0.1,0.6011952213226994,1.1011952213226994,0.5,2.0,23196.0,2017-05-31,1,0,,0.0,,0.0,0.11011133051057967,0.40119522132269936,1,0.15,1,0.05,0.31116085705148677,0.19351330167287073,0.1922356189779948,01061558,0.6011952213226994,0.0,1.0,1.0,0.0,1.0,1.0,-1.1462720609219983,147.0,1.0,1.0,1.0,1.0,1.0,1.0,1.0,keep_current_top_n,1.0
095610,테스,032902,032902,2017,1,2017-05-31,2017-05-31,2017-05-31,2017-07-31,0.1,0.5081807113323078,1.0081807113323078,0.5,4.0,28400.0,2017-05-31,1,0,,0.0,,0.0,0.2380538707207018,0.30818071133230773,1,0.15,1,0.05,0.147792706333973,0.19351330167287073,0.1922356189779948,00524421,0.5081807113323078,0.0,1.0,1.0,0.0,1.0,1.0,-0.8805163180923078,133.0,1.0,1.0,1.0,1.0,1.0,1.0,1.0,keep_current_top_n,1.0
000660,SK하이닉스,032601,032601,2017,1,2017-05-31,2017-05-31,2017-05-31,2017-07-31,0.1,0.448592659654164,0.9485926596541641,0.5,11.0,57000.0,2017-05-31,1,0,,0.0,,0.0,0.3101038454780459,0.24859265965416405,1,0.15,1,0.05,0.2222222222222221,0.19351330167287073,0.1922356189779948,00164779,0.448592659654164,0.0,1.0,1.0,0.0,1.0,1.0,-0.7102647418690402,122.0,1.0,1.0,1.0,1.0,1.0,1.0,1.0,new_or_rank_fill,1.0
000100,유한양행,032102,032102,2017,1,2017-05-31,2017-05-31,2017-05-31,2017-07-31,0.1,0.3940819239970802,0.8940819239970802,0.5,22.0,36798.0,2017-05-31,1,0,,0.0,,0.0,0.31555793201179216,0.24408192399708023,1,0.15,0,0.0,0.019415485533559762,0.19351330167287073,0.1922356189779948,00145109,0.3940819239970802,0.0,1.0,1.0,0.0,1.0,1.0,-0.6973769257059436,118.0,1.0,1.0,1.0,1.0,0.0,49.0,1.0,new_or_rank_fill,1.0
042520,한스바이오메드,032103,032103,2017,1,2017-05-31,2017-05-31,2017-05-31,2017-07-31,0.1,0.38351266022508984,0.8835126602250898,0.5,24.0,18250.0,2017-05-31,1,0,,0.0,,0.0,0.38879432425724464,0.18351266022508986,1,0.15,1,0.05,-0.026392961876832932,0.19351330167287073,0.1922356189779948,00349060,0.38351266022508984,0.0,1.0,1.0,0.0,1.0,1.0,-0.5243218863573996,102.0,1.0,1.0,1.0,1.0,1.0,1.0,1.0,new_or_rank_fill,1.0
192080,더블유게임즈,105802,105802,2017,1,2017-05-31,2017-05-31,2017-05-31,2017-07-31,0.1,0.5171936440656205,0.5171936440656205,0.0,3.0,46491.0,2017-05-31,1,0,,0.0,,0.0,0.16150193471078772,0.3671936440656205,1,0.15,0,0.0,0.1496358229539283,0.19351330167287073,0.1922356189779948,01010110,0.5171936440656205,0.0,1.0,1.0,0.0,1.0,1.0,-1.0491246973303443,143.0,1.0,1.0,1.0,1.0,0.0,49.0,1.0,new_or_rank_fill,0.0
181710,NHN,105802,105802,2017,1,2017-05-31,2017-05-31,2017-05-31,2017-07-31,0.1,0.5004080541806077,0.5004080541806077,0.0,5.0,36932.0,2017-05-31,1,0,,0.0,,0.0,0.18687198150378218,0.3504080541806077,1,0.15,0,0.0,0.2331258090365531,0.19351330167287073,0.1922356189779948,00983271,0.5004080541806077,0.0,1.0,1.0,0.0,1.0,1.0,-1.0011658690874508,142.0,1.0,1.0,1.0,1.0,0.0,49.0,1.0,new_or_rank_fill,0.0
240810,원익IPS,032902,032902,2017,1,2017-05-31,2017-05-31,2017-05-31,2017-07-31,0.1,0.48709115745024095,0.48709115745024095,0.0,6.0,29300.0,2017-05-31,1,0,,0.0,,0.0,0.26355397992135043,0.28709115745024094,1,0.15,1,0.05,0.26254826254826247,0.19351330167287073,0.1922356189779948,01135941,0.48709115745024095,0.0,1.0,1.0,0.0,1.0,1.0,-0.8202604498578313,130.0,1.0,1.0,1.0,1.0,1.0,1.0,1.0,new_or_rank_fill,0.0
131970,두산테스나,137309,137309,2017,1,2017-05-31,2017-05-31,2017-05-31,2017-07-31,0.1,0.48570313469971677,0.48570313469971677,0.0,7.0,10567.0,2017-05-31,1,0,,0.0,,0.0,0.2652322862482305,0.2857031346997168,1,0.15,1,0.05,0.27093858016484984,0.19351330167287073,0.1922356189779948,00563545,0.48570313469971677,0.0,1.0,1.0,0.0,1.0,1.0,-0.8162946705706196,129.0,1.0,1.0,1.0,1.0,1.0,1.0,1.0,new_or_rank_fill,0.0
145020,휴젤,032101,032101,2017,2,2017-08-31,2017-08-31,2017-08-31,2017-10-31,0.1,0.636606155275897,1.136606155275897,0.5,2.0,197788.0,2017-08-31,1,0,,0.0,,0.0,0.06311413888152596,0.43660615527589697,1,0.15,1,0.05,-0.2621239250498071,-0.0491674613281019,-0.05005314997621624,00888347,0.636606155275897,0.0,1.0,1.0,0.0,1.0,1.0,-1.2474461579311342,133.0,1.0,1.0,1.0,1.0,1.0,1.0,1.0,keep_current_top_n,1.0
213420,덕산네오룩스,032602,032602,2017,2,2017-08-31,2017-08-31,2017-08-31,2017-10-31,0.1,0.5648918673564677,1.0648918673564678,0.5,8.0,25000.0,2017-08-31,1,0,,0.0,,0.0,0.17077789015587214,0.3648918673564676,1,0.15,1,0.05,-0.1077235772357723,-0.0491674613281019,-0.05005314997621624,01061558,0.5648918673564677,0.0,1.0,1.0,0.0,1.0,1.0,-1.0425481924470503,122.0,1.0,1.0,1.0,1.0,1.0,1.0,1.0,keep_current_top_n,1.0
181710,NHN,105802,105802,2017,2,2017-08-31,2017-08-31,2017-08-31,2017-10-31,0.1,0.5165279408175866,1.0165279408175865,0.5,12.0,33437.0,2017-08-31,1,0,,0.0,,0.0,0.16832167381049923,0.3665279408175866,1,0.15,0,0.0,-0.1056235941014746,-0.0491674613281019,-0.05005314997621624,00983271,0.5165279408175866,0.0,1.0,1.0,0.0,1.0,1.0,-1.0472226880502475,124.0,1.0,1.0,1.0,1.0,0.0,39.0,1.0,keep_current_top_n,1.0
095610,테스,032902,032902,2017,2,2017-08-31,2017-08-31,2017-08-31,2017-10-31,0.1,0.4985332765972565,0.9985332765972565,0.5,13.0,30400.0,2017-08-31,1,0,,0.0,,0.0,0.25494793331003057,0.29853327659725654,1,0.15,1,0.05,0.15551839464882944,-0.0491674613281019,-0.05005314997621624,00524421,0.4985332765972565,0.0,1.0,1.0,0.0,1.0,1.0,-0.8529522188493044,113.0,1.0,1.0,1.0,1.0,1.0,1.0,1.0,new_or_rank_fill,1.0
131970,두산테스나,137309,137309,2017,2,2017-08-31,2017-08-31,2017-08-31,2017-10-31,0.1,0.47953968600831426,0.9795396860083143,0.5,16.0,9233.0,2017-08-31,1,0,,0.0,,0.0,0.2777598027134844,0.2795396860083143,1,0.15,1,0.05,-0.25261506276150625,-0.0491674613281019,-0.05005314997621624,00563545,0.47953968600831426,0.0,1.0,1.0,0.0,1.0,1.0,-0.7986848171666123,109.0,1.0,1.0,1.0,1.0,1.0,1.0,1.0,new_or_rank_fill,1.0
000660,SK하이닉스,032601,032601,2017,2,2017-08-31,2017-08-31,2017-08-31,2017-10-31,0.1,0.46048042201436074,0.9604804220143608,0.5,17.0,68600.0,2017-08-31,1,0,,0.0,,0.0,0.3006505478372178,0.2604804220143608,1,0.15,1,0.05,0.24545454545454537,-0.0491674613281019,-0.05005314997621624,00164779,0.46048042201436074,0.0,1.0,1.0,0.0,1.0,1.0,-0.7442297771838879,103.0,1.0,1.0,1.0,1.0,1.0,1.0,1.0,new_or_rank_fill,1.0
240810,원익IPS,032902,032902,2017,2,2017-08-31,2017-08-31,2017-08-31,2017-10-31,0.1,0.4396062414521424,0.9396062414521424,0.5,18.0,30400.0,2017-08-31,1,0,,0.0,,0.0,0.3257210619487868,0.23960624145214238,1,0.15,1,0.05,0.10856269113149852,-0.0491674613281019,-0.05005314997621624,01135941,0.4396062414521424,0.0,1.0,1.0,0.0,1.0,1.0,-0.6845892612918354,100.0,1.0,1.0,1.0,1.0,1.0,1.0,1.0,new_or_rank_fill,1.0
214370,케어젠,032101,032101,2017,2,2017-08-31,2017-08-31,2017-08-31,2017-10-31,0.1,0.6511716306569538,0.6511716306569538,0.0,1.0,10912.0,2017-08-31,1,0,,0.0,,0.0,0.041247175350067104,0.45117163065695376,1,0.15,1,0.05,0.01947148817802513,-0.0491674613281019,-0.05005314997621624,00549891,0.6511716306569538,0.0,1.0,1.0,0.0,1.0,1.0,-1.2890618018770108,134.0,1.0,1.0,1.0,1.0,1.0,1.0,1.0,new_or_rank_fill,0.0
237690,에스티팜,032102,032102,2017,2,2017-08-31,2017-08-31,2017-08-31,2017-10-31,0.1,0.6041050605250303,0.6041050605250303,0.0,3.0,34950.0,2017-08-31,1,0,,0.0,,0.0,0.11190762038876187,0.40410506052503026,1,0.15,1,0.05,-0.15816326530612246,-0.0491674613281019,-0.05005314997621624,00871833,0.6041050605250303,0.0,1.0,1.0,0.0,1.0,1.0,-1.1545858872143722,129.0,1.0,1.0,1.0,1.0,1.0,1.0,1.0,new_or_rank_fill,0.0
104830,원익머트리얼즈,032001,032001,2017,2,2017-08-31,2017-08-31,2017-08-31,2017-10-31,0.1,0.6034647526514795,0.6034647526514795,0.0,4.0,39450.0,2017-08-31,1,0,,0.0,,0.0,0.11286890648163135,0.4034647526514794,1,0.15,1,0.05,-0.10737386804657179,-0.0491674613281019,-0.05005314997621624,00623661,0.6034647526514795,0.0,1.0,1.0,0.0,1.0,1.0,-1.1527564361470841,128.0,1.0,1.0,1.0,1.0,1.0,1.0,1.0,new_or_rank_fill,0.0
104830,원익머트리얼즈,032001,032001,2017,3,2017-11-30,2017-11-30,2017-11-30,2018-02-28,0.1,0.5967935928100448,1.096793592810045,0.5,3.0,35900.0,2017-11-30,1,0,,0.0,,0.0,0.1331586255468465,0.39679359281004484,1,0.15,1,0.05,-0.033333333333333326,0.21385133137813495,0.21155270441650598,00623661,0.5967935928100448,0.0,1.0,1.0,0.0,1.0,1.0,-1.133695979457271,127.0,1.0,1.0,1.0,1.0,1.0,1.0,1.0,keep_current_top_n,1.0
213420,덕산네오룩스,032602,032602,2017,3,2017-11-30,2017-11-30,2017-11-30,2018-02-28,0.1,0.5676054330707214,1.0676054330707214,0.5,4.0,23000.0,2017-11-30,1,0,,0.0,,0.0,0.17243592964383558,0.3676054330707214,1,0.15,1,0.05,-0.09567198177676528,0.21385133137813495,0.21155270441650598,01061558,0.5676054330707214,0.0,1.0,1.0,0.0,1.0,1.0,-1.0503012373449183,125.0,1.0,1.0,1.0,1.0,1.0,1.0,1.0,keep_current_top_n,1.0
000660,SK하이닉스,032601,032601,2017,3,2017-11-30,2017-11-30,2017-11-30,2018-02-28,0.1,0.4757357547162057,0.9757357547162058,0.5,11.0,76800.0,2017-11-30,1,0,,0.0,,0.0,0.27607430396856103,0.2757357547162057,1,0.15,1,0.05,-0.06569343065693423,0.21385133137813495,0.21155270441650598,00164779,0.4757357547162057,0.0,1.0,1.0,0.0,1.0,1.0,-0.7878164420463021,111.0,1.0,1.0,1.0,1.0,1.0,1.0,1.0,keep_current_top_n,1.0
121600,나노신소재,032004,032004,2017,3,2017-11-30,2017-11-30,2017-11-30,2018-02-28,0.1,0.6367224873967936,0.6367224873967936,0.0,1.0,16400.0,2017-11-30,1,0,,0.0,,0.0,0.07942795705158426,0.43672248739679354,1,0.15,1,0.05,0.2740213523131674,0.21385133137813495,0.21155270441650598,00439965,0.6367224873967936,0.0,1.0,1.0,0.0,1.0,1.0,-1.2477785354194102,131.0,1.0,1.0,1.0,1.0,1.0,1.0,1.0,new_or_rank_fill,0.0
064760,티씨케이,032309,032309,2017,3,2017-11-30,2017-11-30,2017-11-30,2018-02-28,0.1,0.5973354043670139,0.5973354043670139,0.0,2.0,68000.0,2017-11-30,1,0,,0.0,,0.0,0.13242953205563662,0.39733540436701387,1,0.15,1,0.05,0.4269230769230772,0.21385133137813495,0.21155270441650598,00245472,0.5973354043670139,0.0,1.0,1.0,0.0,1.0,1.0,-1.1352440124771825,128.0,1.0,1.0,1.0,1.0,1.0,1.0,1.0,new_or_rank_fill,0.0
026960,동서,074603,074603,2017,3,2017-11-30,2017-11-30,2017-11-30,2018-02-28,0.1,0.5645491587937044,0.5645491587937044,0.0,5.0,29850.0,2017-11-30,1,0,,0.0,,0.0,0.10926569187844537,0.4145491587937044,1,0.15,0,0.0,0.012727272727272476,0.21385133137813495,0.21155270441650598,00144395,0.5645491587937044,0.0,1.0,1.0,0.0,1.0,1.0,-1.1844261679820127,130.0,1.0,1.0,1.0,1.0,0.0,66.0,1.0,new_or_rank_fill,0.0
009420,한올바이오파마,032102,032102,2017,3,2017-11-30,2017-11-30,2017-11-30,2018-02-28,0.1,0.5514489799732349,0.5514489799732349,0.0,6.0,14300.0,2017-11-30,1,0,,0.0,,0.0,0.1941770029799452,0.3514489799732349,1,0.15,1,0.05,1.7863247863247866,0.21385133137813495,0.21155270441650598,00162586,0.5514489799732349,0.0,1.0,1.0,0.0,1.0,1.0,-1.0041399427806712,122.0,1.0,1.0,1.0,1.0,1.0,1.0,1.0,new_or_rank_fill,0.0
214450,파마리서치,032103,032103,2017,3,2017-11-30,2017-11-30,2017-11-30,2018-02-28,0.1,0.5039569598809642,0.5039569598809642,0.0,7.0,57600.0,2017-11-30,1,0,,0.0,,0.0,0.056236237437963646,0.4539569598809642,0,0.0,1,0.05,0.32214765100671117,0.21385133137813495,0.21155270441650598,00970453,0.5039569598809642,0.0,1.0,1.0,0.0,1.0,1.0,-1.2970198853741834,132.0,1.0,0.0,58.0,1.0,1.0,1.0,1.0,new_or_rank_fill,0.0
036570,엔씨소프트,105802,105802,2017,3,2017-11-30,2017-11-30,2017-11-30,2018-02-28,0.1,0.49917000255149285,0.49917000255149285,0.0,8.0,436500.0,2017-11-30,1,0,,0.0,,0.0,0.25084670245531493,0.2991700025514929,1,0.15,1,0.05,-0.12075029308323593,0.21385133137813495,0.21155270441650598,00261443,0.49917000255149285,0.0,1.0,1.0,0.0,1.0,1.0,-0.8547714358614084,114.0,1.0,1.0,1.0,1.0,1.0,1.0,1.0,new_or_rank_fill,0.0
131290,티에스이,032702,032702,2017,3,2017-11-30,2017-11-30,2017-11-30,2018-02-28,0.1,0.4918744560585789,0.4918744560585789,0.0,9.0,15750.0,2017-11-30,1,0,,0.0,,0.0,0.258700555544103,0.29187445605857887,1,0.15,1,0.05,-0.06481481481481477,0.21385133137813495,0.21155270441650598,00372226,0.4918744560585789,0.0,1.0,1.0,0.0,1.0,1.0,-0.8339270173102254,113.0,1.0,1.0,1.0,1.0,1.0,1.0,1.0,new_or_rank_fill,0.0
104830,원익머트리얼즈,032001,032001,2017,4,2018-03-31,2018-03-31,2018-03-31,2018-04-30,0.1,0.5547189988738949,1.054718998873895,0.5,1.0,28650.0,2018-03-30,1,0,,0.0,,0.0,0.14515733504728193,0.35471899887389485,1,0.15,1,0.05,-0.09295352323838091,-0.002903662420045139,-0.005027904572078135,00623661,0.5547189988738949,0.0,1.0,1.0,0.0,1.0,1.0,-1.013482853925414,91.0,1.0,1.0,1.0,1.0,1.0,1.0,1.0,keep_current_top_n,1.0
000660,SK하이닉스,032601,032601,2017,4,2018-03-31,2018-03-31,2018-03-31,2018-04-30,0.1,0.4302484505056282,0.9302484505056282,0.5,7.0,81300.0,2018-03-30,1,0,,0.0,,0.0,0.29483920203262604,0.23024845050562823,1,0.15,1,0.05,0.10026041666666652,-0.002903662420045139,-0.005027904572078135,00164779,0.4302484505056282,0.0,1.0,1.0,0.0,1.0,1.0,-0.6578527157303664,75.0,1.0,1.0,1.0,1.0,1.0,1.0,1.0,keep_current_top_n,1.0
009420,한올바이오파마,032102,032102,2017,4,2018-03-31,2018-03-31,2018-03-31,2018-04-30,0.1,0.27788182142694773,0.7778818214269477,0.5,24.0,32400.0,2018-03-30,1,0,,0.0,,0.0,0.41678422238518875,0.1278818214269477,1,0.15,0,0.0,-0.06288343558282206,-0.002903662420045139,-0.005027904572078135,00162586,0.27788182142694773,0.0,1.0,1.0,0.0,1.0,1.0,-0.3653766326484221,63.0,1.0,1.0,1.0,1.0,0.0,36.0,1.0,keep_current_top_n,1.0
053610,프로텍,032902,032902,2017,4,2018-03-31,2018-03-31,2018-03-31,2018-04-30,0.1,0.5187626821879554,0.5187626821879554,0.0,2.0,17802.0,2018-03-30,1,0,,0.0,,0.0,0.189395954744523,0.3187626821879554,1,0.15,1,0.05,0.04095166075271939,-0.002903662420045139,-0.005027904572078135,00325112,0.5187626821879554,0.0,1.0,1.0,0.0,1.0,1.0,-0.9107505205370154,90.0,1.0,1.0,1.0,1.0,1.0,1.0,1.0,new_or_rank_fill,0.0
140860,파크시스템스,032702,032702,2017,4,2018-03-31,2018-03-31,2018-03-31,2018-04-30,0.1,0.5155075065133865,0.5155075065133865,0.0,3.0,44850.0,2018-03-30,1,0,,0.0,,0.0,0.19327370736233523,0.31550750651338644,1,0.15,1,0.05,0.010660980810234477,-0.002903662420045139,-0.005027904572078135,00244747,0.5155075065133865,0.0,1.0,1.0,0.0,1.0,1.0,-0.9014500186096757,89.0,1.0,1.0,1.0,1.0,1.0,1.0,1.0,new_or_rank_fill,0.0
108320,LX세미콘,032601,032601,2017,4,2018-03-31,2018-03-31,2018-03-31,2018-04-30,0.1,0.44445173442490055,0.44445173442490055,0.0,4.0,37300.0,2018-03-30,1,0,,0.0,,0.0,0.27791943274650804,0.2444517344249006,1,0.15,1,0.05,-0.1417142857142858,-0.002903662420045139,-0.005027904572078135,00525934,0.44445173442490055,0.0,1.0,1.0,0.0,1.0,1.0,-0.6984335269282874,81.0,1.0,1.0,1.0,1.0,1.0,1.0,1.0,new_or_rank_fill,0.0
112040,위메이드,105802,105802,2017,4,2018-03-31,2018-03-31,2018-03-31,2018-04-30,0.1,0.44132656015013405,0.44132656015013405,0.0,5.0,25864.0,2018-03-30,1,0,,0.0,,0.0,0.28164232021454016,0.24132656015013407,1,0.15,1,0.05,0.11319230204201558,-0.002903662420045139,-0.005027904572078135,00444329,0.44132656015013405,0.0,1.0,1.0,0.0,1.0,1.0,-0.6895044575718117,80.0,1.0,1.0,1.0,1.0,1.0,1.0,1.0,new_or_rank_fill,0.0
006650,대한유화,032001,032001,2017,4,2018-03-31,2018-03-31,2018-03-31,2018-04-30,0.1,0.4335637663953746,0.4335637663953746,0.0,6.0,298000.0,2018-03-30,1,0,,0.0,,0.0,0.29088980692907573,0.2335637663953746,1,0.15,1,0.05,-0.11980830670926512,-0.002903662420045139,-0.005027904572078135,00260383,0.4335637663953746,0.0,1.0,1.0,0.0,1.0,1.0,-0.6673250468439275,77.0,1.0,1.0,1.0,1.0,1.0,1.0,1.0,new_or_rank_fill,0.0
018260,삼성에스디에스,106201,106201,2017,4,2018-03-31,2018-03-31,2018-03-31,2018-04-30,0.1,0.4254821700350666,0.4254821700350666,0.0,8.0,255500.0,2018-03-30,1,0,,0.0,,0.0,0.24095419186588726,0.2754821700350666,1,0.15,0,0.0,0.02941176470588225,-0.002903662420045139,-0.005027904572078135,00126186,0.4254821700350666,0.0,1.0,1.0,0.0,1.0,1.0,-0.7870919143859046,87.0,1.0,1.0,1.0,1.0,0.0,36.0,1.0,new_or_rank_fill,0.0
006400,삼성SDI,032802,032802,2017,4,2018-03-31,2018-03-31,2018-03-31,2018-04-30,0.1,0.4101599729143541,0.4101599729143541,0.0,9.0,188463.0,2018-03-30,1,0,,0.0,,0.0,0.31876975274790903,0.21015997291435412,1,0.15,1,0.05,0.07310021861970939,-0.002903662420045139,-0.005027904572078135,00126362,0.4101599729143541,0.0,1.0,1.0,0.0,1.0,1.0,-0.6004570654695832,73.0,1.0,1.0,1.0,1.0,1.0,1.0,1.0,new_or_rank_fill,0.0
112040,위메이드,105802,105802,2018,1,2018-05-31,2018-05-31,2018-05-31,2018-07-31,0.1,0.4242723378468361,0.924272337846836,0.5,6.0,27026.0,2018-05-31,1,0,,0.0,,0.0,0.3413579429612863,0.22427233784683615,1,0.15,1,0.05,-0.3575057736720555,-0.024504383756188353,-0.027087749541386152,00444329,0.4242723378468361,0.0,1.0,1.0,0.0,1.0,1.0,-0.6407781081338176,114.0,1.0,1.0,1.0,1.0,1.0,1.0,1.0,keep_current_top_n,1.0
084370,유진테크,032902,032902,2018,1,2018-05-31,2018-05-31,2018-05-31,2018-07-31,0.1,0.515562935160135,0.515562935160135,0.0,1.0,18400.0,2018-05-31,1,0,,0.0,,0.0,0.2376589363371211,0.31556293516013495,1,0.15,1,0.05,-0.11845730027548218,-0.024504383756188353,-0.027087749541386152,00531014,0.515562935160135,0.0,1.0,1.0,0.0,1.0,1.0,-0.9016083861718142,139.0,1.0,1.0,1.0,1.0,1.0,1.0,1.0,new_or_rank_fill,0.0
057050,현대홈쇼핑,074709,074709,2018,1,2018-05-31,2018-05-31,2018-05-31,2018-07-31,0.1,0.4813992588054107,0.4813992588054107,0.0,2.0,106500.0,2018-05-31,1,0,,0.0,,0.0,0.2196701063926966,0.33139925880541066,1,0.15,0,0.0,0.013824884792626557,-0.024504383756188353,-0.027087749541386152,00412597,0.4813992588054107,0.0,1.0,1.0,0.0,1.0,1.0,-0.9468550251583162,143.0,1.0,1.0,1.0,1.0,0.0,41.0,1.0,new_or_rank_fill,0.0
131970,두산테스나,137309,137309,2018,1,2018-05-31,2018-05-31,2018-05-31,2018-07-31,0.1,0.47442875606683527,0.47442875606683527,0.0,3.0,11799.0,2018-05-31,1,0,,0.0,,0.0,0.28438415926053706,0.27442875606683526,1,0.15,1,0.05,0.540341718082582,-0.024504383756188353,-0.027087749541386152,00563545,0.47442875606683527,0.0,1.0,1.0,0.0,1.0,1.0,-0.7840821601909579,127.0,1.0,1.0,1.0,1.0,1.0,1.0,1.0,new_or_rank_fill,0.0
181710,NHN,105802,105802,2018,1,2018-05-31,2018-05-31,2018-05-31,2018-07-31,0.1,0.4579636783919244,0.4579636783919244,0.0,4.0,34585.0,2018-05-31,1,0,,0.0,,0.0,0.2462911000115567,0.30796367839192446,1,0.15,0,0.0,0.01948152989138885,-0.024504383756188353,-0.027087749541386152,00983271,0.4579636783919244,0.0,1.0,1.0,0.0,1.0,1.0,-0.879896223976927,136.0,1.0,1.0,1.0,1.0,0.0,41.0,1.0,new_or_rank_fill,0.0
214370,케어젠,032101,032101,2018,1,2018-05-31,2018-05-31,2018-05-31,2018-07-31,0.1,0.4343764574485918,0.4343764574485918,0.0,5.0,13808.0,2018-05-31,1,0,,0.0,,0.0,0.0787347604988184,0.4343764574485918,0,0.0,0,0.0,-0.1774553571428571,-0.024504383756188353,-0.027087749541386152,00549891,0.4343764574485918,0.0,1.0,1.0,0.0,1.0,1.0,-1.2410755927102624,151.0,1.0,0.0,34.0,1.0,0.0,41.0,1.0,new_or_rank_fill,0.0
000240,한국앤컴퍼니,116409,116409,2018,1,2018-05-31,2018-05-31,2018-05-31,2018-07-31,0.1,0.42383761042861556,0.42383761042861556,0.0,7.0,17950.0,2018-05-31,1,0,,0.0,,0.0,0.09369889699122438,0.42383761042861556,0,0.0,0,0.0,0.010928961748633892,-0.024504383756188353,-0.027087749541386152,00160047,0.42383761042861556,0.0,1.0,1.0,0.0,1.0,1.0,-1.210964601224616,150.0,1.0,0.0,34.0,1.0,0.0,41.0,1.0,new_or_rank_fill,0.0
026960,동서,074603,074603,2018,1,2018-05-31,2018-05-31,2018-05-31,2018-07-31,0.1,0.4085742584551699,0.4085742584551699,0.0,8.0,25950.0,2018-05-31,1,0,,0.0,,0.0,0.1153713704439029,0.4085742584551699,0,0.0,0,0.0,-0.07441016333938288,-0.024504383756188353,-0.027087749541386152,00144395,0.4085742584551699,0.0,1.0,1.0,0.0,1.0,1.0,-1.1673550241576285,149.0,1.0,0.0,34.0,1.0,0.0,41.0,1.0,new_or_rank_fill,0.0
263750,펄어비스,105802,105802,2018,1,2018-05-31,2018-05-31,2018-05-31,2018-07-31,0.1,0.4030107153146677,0.4030107153146677,0.0,9.0,44720.0,2018-05-31,1,0,,0.0,,0.0,0.12327105992398163,0.4030107153146677,0,0.0,0,0.0,-0.16220351951032885,-0.024504383756188353,-0.027087749541386152,01152470,0.4030107153146677,0.0,1.0,1.0,0.0,1.0,1.0,-1.1514591866133363,148.0,1.0,0.0,34.0,1.0,0.0,41.0,1.0,new_or_rank_fill,0.0
058470,리노공업,032602,032602,2018,1,2018-05-31,2018-05-31,2018-05-31,2018-07-31,0.1,0.3902273306159728,0.3902273306159728,0.0,10.0,12514.0,2018-05-31,1,0,,0.0,,0.0,0.1414222213464421,0.3902273306159728,0,0.0,0,0.0,0.16752375141636877,-0.024504383756188353,-0.027087749541386152,00369657,0.3902273306159728,0.0,1.0,1.0,0.0,1.0,1.0,-1.114935230331351,147.0,1.0,0.0,34.0,1.0,0.0,41.0,1.0,new_or_rank_fill,0.0
214370,케어젠,032101,032101,2018,2,2018-08-31,2018-08-31,2018-08-31,2018-10-31,0.1,0.6774368710619774,1.1774368710619774,0.5,1.0,13408.0,2018-08-31,1,0,,0.0,,0.0,0.0476713879381113,0.47743687106197735,1,0.15,1,0.05,-0.03663500678426068,-0.15360134635372247,-0.1551021977780318,00549891,0.6774368710619774,0.0,1.0,1.0,0.0,1.0,1.0,-1.364105345891364,165.0,1.0,1.0,1.0,1.0,1.0,1.0,1.0,keep_current_top_n,1.0
058470,리노공업,032602,032602,2018,2,2018-08-31,2018-08-31,2018-08-31,2018-10-31,0.1,0.6397895244081795,1.1397895244081795,0.5,2.0,12294.0,2018-08-31,1,0,,0.0,,0.0,0.09887414644925414,0.4397895244081795,1,0.15,1,0.05,-0.10466592011944753,-0.15360134635372247,-0.1551021977780318,00369657,0.6397895244081795,0.0,1.0,1.0,0.0,1.0,1.0,-1.2565414983090843,160.0,1.0,1.0,1.0,1.0,1.0,1.0,1.0,keep_current_top_n,1.0
263750,펄어비스,105802,105802,2018,2,2018-08-31,2018-08-31,2018-08-31,2018-10-31,0.1,0.6141020097479086,1.1141020097479086,0.5,3.0,51000.0,2018-08-31,1,0,,0.0,,0.0,0.13381078147951106,0.41410200974790856,1,0.15,1,0.05,-0.061187214611872265,-0.15360134635372247,-0.1551021977780318,01152470,0.6141020097479086,0.0,1.0,1.0,0.0,1.0,1.0,-1.1831485992797388,156.0,1.0,1.0,1.0,1.0,1.0,1.0,1.0,keep_current_top_n,1.0
000240,한국앤컴퍼니,116409,116409,2018,2,2018-08-31,2018-08-31,2018-08-31,2018-10-31,0.1,0.5958976035520915,1.0958976035520915,0.5,4.0,18200.0,2018-08-31,1,0,,0.0,,0.0,0.090566774770482,0.44589760355209157,1,0.15,0,0.0,-0.08648648648648649,-0.15360134635372247,-0.1551021977780318,00160047,0.5958976035520915,0.0,1.0,1.0,0.0,1.0,1.0,-1.273993153005976,161.0,1.0,1.0,1.0,1.0,0.0,67.0,1.0,new_or_rank_fill,1.0
000250,삼천당제약,032102,032102,2018,2,2018-08-31,2018-08-31,2018-08-31,2018-10-31,0.1,0.5924298747939791,0.5924298747939791,0.0,5.0,45900.0,2018-08-31,1,0,,0.0,,0.0,0.16328624764373822,0.39242987479397906,1,0.15,1,0.05,-0.18853503184713383,-0.15360134635372247,-0.1551021977780318,00128546,0.5924298747939791,0.0,1.0,1.0,0.0,1.0,1.0,-1.121228213697083,151.0,1.0,1.0,1.0,1.0,1.0,1.0,1.0,new_or_rank_fill,0.0
031980,피에스케이홀딩스,032902,032902,2018,2,2018-08-31,2018-08-31,2018-08-31,2018-10-31,0.1,0.5490696918982699,0.5490696918982699,0.0,6.0,18138.0,2018-08-31,1,0,,0.0,,0.0,0.22200576713397066,0.34906969189826986,1,0.15,1,0.05,-0.4392452830188679,-0.15360134635372247,-0.1551021977780318,00208444,0.5490696918982699,0.0,1.0,1.0,0.0,1.0,1.0,-0.9973419768521996,149.0,1.0,1.0,1.0,1.0,1.0,1.0,1.0,new_or_rank_fill,0.0
218410,RFHIC,032604,032604,2018,2,2018-08-31,2018-08-31,2018-08-31,2018-10-31,0.1,0.5339548663089481,0.5339548663089481,0.0,7.0,26587.0,2018-08-31,1,0,,0.0,,0.0,0.23845145764608042,0.33395486630894805,1,0.15,1,0.05,-0.028542423177540854,-0.15360134635372247,-0.1551021977780318,01078178,0.5339548663089481,0.0,1.0,1.0,0.0,1.0,1.0,-0.9541567608827087,147.0,1.0,1.0,1.0,1.0,1.0,1.0,1.0,new_or_rank_fill,0.0
200710,에이디테크놀로지,032601,032601,2018,2,2018-08-31,2018-08-31,2018-08-31,2018-10-31,0.1,0.5261857048859765,0.5261857048859765,0.0,8.0,10777.0,2018-08-31,1,0,,0.0,,0.0,0.24690469606062612,0.3261857048859764,1,0.15,1,0.05,-0.1968578296703296,-0.15360134635372247,-0.1551021977780318,00657002,0.5261857048859765,0.0,1.0,1.0,0.0,1.0,1.0,-0.9319591568170755,143.0,1.0,1.0,1.0,1.0,1.0,1.0,1.0,new_or_rank_fill,0.0
033780,케이티앤지,031201,031201,2018,2,2018-08-31,2018-08-31,2018-08-31,2018-10-31,0.1,0.5088875553330862,0.5088875553330862,0.0,9.0,101000.0,2018-08-31,1,0,,0.0,,0.0,0.2657259528656006,0.3088875553330861,1,0.15,1,0.05,-0.08144796380090502,-0.15360134635372247,-0.1551021977780318,00244455,0.5088875553330862,0.0,1.0,1.0,0.0,1.0,1.0,-0.882535872380246,137.0,1.0,1.0,1.0,1.0,1.0,1.0,1.0,new_or_rank_fill,0.0
004000,롯데정밀화학,032001,032001,2018,2,2018-08-31,2018-08-31,2018-08-31,2018-10-31,0.1,0.4986975497154808,0.4986975497154808,0.0,10.0,60800.0,2018-08-31,1,0,,0.0,,0.0,0.27681319153160194,0.29869754971548085,1,0.15,1,0.05,-0.33739837398373984,-0.15360134635372247,-0.1551021977780318,00157681,0.4986975497154808,0.0,1.0,1.0,0.0,1.0,1.0,-0.8534215706156596,134.0,1.0,1.0,1.0,1.0,1.0,1.0,1.0,new_or_rank_fill,0.0
263750,펄어비스,105802,105802,2018,3,2018-11-30,2018-11-30,2018-11-30,2019-02-28,0.1,0.5628528620426854,1.0628528620426854,0.5,5.0,38400.0,2018-11-30,1,0,,0.0,,0.0,0.16544205830452108,0.3628528620426853,1,0.15,1,0.05,-0.1240272373540856,0.18594146098481334,0.18351075262572403,01152470,0.5628528620426854,0.0,1.0,1.0,0.0,1.0,1.0,-1.036722462979101,110.0,1.0,1.0,1.0,1.0,1.0,1.0,1.0,keep_current_top_n,1.0
033780,케이티앤지,031201,031201,2018,3,2018-11-30,2018-11-30,2018-11-30,2019-02-28,0.1,0.4715982360878593,0.9715982360878592,0.5,9.0,104000.0,2018-11-30,1,0,,0.0,,0.0,0.2609214588148403,0.2715982360878593,1,0.15,1,0.05,0.039408866995073843,0.18594146098481334,0.18351075262572403,00244455,0.4715982360878593,0.0,1.0,1.0,0.0,1.0,1.0,-0.7759949602510267,101.0,1.0,1.0,1.0,1.0,1.0,1.0,1.0,keep_current_top_n,1.0
218410,RFHIC,032604,032604,2018,3,2018-11-30,2018-11-30,2018-11-30,2019-02-28,0.1,0.3246994409652959,0.8246994409652959,0.5,29.0,23709.0,2018-11-30,1,0,,0.0,,0.0,0.3588578435670383,0.1746994409652959,1,0.15,0,0.0,0.13721864951768503,0.18594146098481334,0.18351075262572403,01078178,0.3246994409652959,0.0,1.0,1.0,0.0,1.0,1.0,-0.49914125990084546,86.0,1.0,1.0,1.0,1.0,0.0,68.0,1.0,keep_current_top_n,1.0
064760,티씨케이,032309,032309,2018,3,2018-11-30,2018-11-30,2018-11-30,2019-02-28,0.1,0.5942957472165818,0.5942957472165818,0.0,1.0,50300.0,2018-11-30,1,0,,0.0,,0.0,0.1257175899014969,0.39429574721658184,1,0.15,1,0.05,0.14590747330960863,0.18594146098481334,0.18351075262572403,00245472,0.5942957472165818,0.0,1.0,1.0,0.0,1.0,1.0,-1.1265592777616624,115.0,1.0,1.0,1.0,1.0,1.0,1.0,1.0,new_or_rank_fill,0.0
104830,원익머트리얼즈,032001,032001,2018,3,2018-11-30,2018-11-30,2018-11-30,2019-02-28,0.1,0.5867929974934817,0.5867929974934817,0.0,2.0,24850.0,2018-11-30,1,0,,0.0,,0.0,0.135196451102139,0.3867929974934816,1,0.15,1,0.05,-0.1428571428571429,0.18594146098481334,0.18351075262572403,00623661,0.5867929974934817,0.0,1.0,1.0,0.0,1.0,1.0,-1.105122849981376,114.0,1.0,1.0,1.0,1.0,1.0,1.0,1.0,new_or_rank_fill,0.0
053610,프로텍,032902,032902,2018,3,2018-11-30,2018-11-30,2018-11-30,2019-02-28,0.1,0.569689742780349,0.569689742780349,0.0,3.0,12494.0,2018-11-30,1,0,,0.0,,0.0,0.1568044459691228,0.36968974278034894,1,0.15,1,0.05,0.6941473847948667,0.18594146098481334,0.18351075262572403,00325112,0.569689742780349,0.0,1.0,1.0,0.0,1.0,1.0,-1.0562564079438541,111.0,1.0,1.0,1.0,1.0,1.0,1.0,1.0,new_or_rank_fill,0.0
121600,나노신소재,032004,032004,2018,3,2018-11-30,2018-11-30,2018-11-30,2019-02-28,0.1,0.5681622605724921,0.5681622605724921,0.0,4.0,13850.0,2018-11-30,1,0,,0.0,,0.0,0.09556499574692798,0.41816226057249206,1,0.15,0,0.0,0.47881355932203373,0.18594146098481334,0.18351075262572403,00439965,0.5681622605724921,0.0,1.0,1.0,0.0,1.0,1.0,-1.194749315921406,117.0,1.0,1.0,1.0,1.0,0.0,68.0,1.0,new_or_rank_fill,0.0
041920,메디아나,032701,032701,2018,3,2018-11-30,2018-11-30,2018-11-30,2019-02-28,0.1,0.5581014792146212,0.5581014792146212,0.0,6.0,3670.0,2018-11-30,1,0,,0.0,,0.0,0.1714448839351921,0.3581014792146211,1,0.15,1,0.05,0.2715314751017852,0.18594146098481334,0.18351075262572403,00273439,0.5581014792146212,0.0,1.0,1.0,0.0,1.0,1.0,-1.023147083470346,109.0,1.0,1.0,1.0,1.0,1.0,1.0,1.0,new_or_rank_fill,0.0
213420,덕산네오룩스,032602,032602,2018,3,2018-11-30,2018-11-30,2018-11-30,2019-02-28,0.1,0.5580676827067307,0.5580676827067307,0.0,7.0,14400.0,2018-11-30,1,0,,0.0,,0.0,0.1083183336563644,0.40806768270673066,1,0.15,0,0.0,0.5303643724696356,0.18594146098481334,0.18351075262572403,01061558,0.5580676827067307,0.0,1.0,1.0,0.0,1.0,1.0,-1.1659076648763733,116.0,1.0,1.0,1.0,1.0,0.0,68.0,1.0,new_or_rank_fill,0.0
020150,롯데에너지머티리얼즈,032602,032602,2018,3,2018-11-30,2018-11-30,2018-11-30,2019-02-28,0.1,0.4771590832349863,0.4771590832349863,0.0,8.0,38550.0,2018-11-30,1,0,,0.0,,0.0,0.2553010662696044,0.27715908323498634,1,0.15,1,0.05,-0.1034103410341034,0.18594146098481334,0.18351075262572403,00113997,0.4771590832349863,0.0,1.0,1.0,0.0,1.0,1.0,-0.7918830949571039,102.0,1.0,1.0,1.0,1.0,1.0,1.0,1.0,new_or_rank_fill,0.0
001800,오리온홀딩스,116409,116409,2018,4,2019-03-31,2019-03-31,2019-03-31,2019-04-30,0.1,3.925712126754781,3.925712126754781,0.0,1.0,18550.0,2019-03-29,1,0,3.8716098314351757,2.8,17.67082963553951,0.7,0.31255831132807604,0.22571212675478128,1,0.15,1,0.05,0.002624671916010346,0.11402159143641599,0.11100974771876992,00117577,3.925712126754781,2.8,1.0,1.0,2.8,1.0,1.0,-0.6448917907279466,75.0,1.0,1.0,1.0,1.0,1.0,1.0,1.0,new_or_rank_fill,0.0
006400,삼성SDI,032802,032802,2018,4,2019-03-31,2019-03-31,2019-03-31,2019-04-30,0.1,3.4775271296199737,3.4775271296199737,0.0,2.0,210002.0,2019-03-29,1,0,1.979973495659379,2.8,0.23324340004680066,0.42768701170117895,0.4591770432778562,0.09984011791879518,1,0.15,0,0.0,-0.004210390504042705,0.11402159143641599,0.11100974771876992,00126362,3.4775271296199737,2.8,1.0,1.0,1.7107480468047158,11.0,1.0,-0.28525747976798627,59.0,1.0,1.0,1.0,1.0,0.0,40.0,1.0,new_or_rank_fill,0.0
041510,에스엠,105902,105902,2018,4,2019-03-31,2019-03-31,2019-03-31,2019-04-30,0.1,3.4155474763641345,3.4155474763641345,0.0,3.0,39400.0,2019-03-29,1,0,1.5759646763323312,2.4970240202728173,0.6312126218007528,0.7,0.5538966394278562,0.01852345609131776,1,0.15,1,0.05,-0.11075268817204309,0.11402159143641599,0.11100974771876992,00260930,3.4155474763641345,2.4970240202728173,5.0,1.0,2.8,1.0,1.0,-0.05292416026090788,51.0,1.0,1.0,1.0,1.0,1.0,1.0,1.0,new_or_rank_fill,0.0
124500,아이티센글로벌,106201,106201,2018,4,2019-03-31,2019-03-31,2019-03-31,2019-04-30,0.1,3.0348154285793503,3.0348154285793503,0.0,4.0,4670.0,2019-03-29,1,0,1.5870151890075463,2.5054253705162988,1.1017751691532085,0.7,0.8324449513995207,-0.22060994193694794,0,0.0,1,0.05,0.20120481927710854,0.11402159143641599,0.11100974771876992,00620868,3.0348154285793503,2.5054253705162988,4.0,1.0,2.8,1.0,1.0,0.6303141198198513,30.0,1.0,0.0,36.0,1.0,1.0,1.0,1.0,new_or_rank_fill,0.0
131970,두산테스나,137309,137309,2018,4,2019-03-31,2019-03-31,2019-03-31,2019-04-30,0.1,2.8328665265878388,2.8328665265878388,0.0,5.0,16454.0,2019-03-29,1,0,2.292236632864799,2.8,-0.17528585454153256,-0.1906771236463961,0.31508420473873594,0.22354365023423517,0,0.0,0,0.0,0.5048632917209159,0.11402159143641599,0.11100974771876992,00563545,2.8328665265878388,2.8,1.0,1.0,-0.7627084945855844,77.0,1.0,-0.6386961435263863,74.0,1.0,0.0,36.0,1.0,0.0,40.0,1.0,new_or_rank_fill,0.0
101490,에스앤에스텍,032602,032602,2018,4,2019-03-31,2019-03-31,2019-03-31,2019-04-30,0.1,2.532344113360114,2.532344113360114,0.0,6.0,5560.0,2019-03-29,1,0,1.0254716167318796,1.9177527135299022,0.13414206549400953,0.29906373136002257,0.44090380850140504,0.1155276684701895,1,0.15,1,0.05,0.3079237713139418,0.11402159143641599,0.11100974771876992,00411048,2.532344113360114,1.9177527135299022,9.0,1.0,1.1962549254400903,16.0,1.0,-0.33007905277197,61.0,1.0,1.0,1.0,1.0,1.0,1.0,1.0,new_or_rank_fill,0.0
017960,한국카본,032501,032501,2018,4,2019-03-31,2019-03-31,2019-03-31,2019-04-30,0.1,2.1395558129975605,2.1395558129975605,0.0,7.0,8150.0,2019-03-29,1,0,0.7348062376952729,1.5150364940316159,0.020364753253633183,0.12674068773975825,0.17037232204701172,0.34777863122618624,1,0.15,0,0.0,0.0641509433962264,0.11402159143641599,0.11100974771876992,00159795,2.1395558129975605,1.5150364940316159,11.0,1.0,0.506962750959033,27.0,1.0,-0.9936532320748178,94.0,1.0,1.0,1.0,1.0,0.0,40.0,1.0,new_or_rank_fill,0.0
042660,한화오션,033101,033101,2018,4,2019-03-31,2019-03-31,2019-03-31,2019-04-30,0.1,2.101257044525061,2.101257044525061,0.0,8.0,24831.0,2019-03-29,1,0,1.056730797408353,1.953400741757996,0.0026920173461835173,0.09806895900778759,0.5174797139486618,0.04978734375927735,0,0.0,0,0.0,-0.08071525254684053,0.11402159143641599,0.11100974771876992,00111704,2.101257044525061,1.953400741757996,8.0,1.0,0.39227583603115035,30.0,1.0,-0.14224955359793529,54.0,1.0,0.0,36.0,1.0,0.0,40.0,1.0,new_or_rank_fill,0.0
067310,하나마이크론,032601,032601,2018,4,2019-03-31,2019-03-31,2019-03-31,2019-04-30,0.1,2.063147877463296,2.063147877463296,0.0,9.0,2755.0,2019-03-29,1,0,1.523302456959005,2.4569866244923766,-0.13794339610591733,-0.1300938136225348,1.075976123690727,-0.4137449334065458,1,0.15,0,0.0,0.23583305055989134,0.11402159143641599,0.11100974771876992,00445054,2.063147877463296,2.4569866244923766,6.0,1.0,-0.5203752544901392,70.0,1.0,1.1821283811615595,8.0,1.0,1.0,1.0,1.0,0.0,40.0,1.0,new_or_rank_fill,0.0
041920,메디아나,032701,032701,2018,4,2019-03-31,2019-03-31,2019-03-31,2019-04-30,0.1,0.4905805552024228,0.9905805552024227,0.5,31.0,3724.0,2019-03-29,1,0,-0.14743233350267576,-0.033048582541500615,-0.08640657654656725,-0.04648198816141167,0.1385024167931775,0.370111125905335,1,0.15,1,0.05,0.045320197044334876,0.11402159143641599,0.11100974771876992,00273439,0.4905805552024228,-0.033048582541500615,57.0,1.0,-0.18592795264564668,64.0,1.0,-1.0574603597295287,97.0,1.0,1.0,1.0,1.0,1.0,1.0,1.0,keep_current_top_n,1.0
001800,오리온홀딩스,116409,116409,2019,1,2019-05-31,2019-05-31,2019-05-31,2019-07-31,0.1,3.9462266795548757,4.446226679554876,0.5,1.0,16450.0,2019-05-31,1,0,1.0337370962642187,2.7887587695133105,2.7590457335760217,0.7,0.30577040755790175,0.3074679100415652,1,0.15,0,0.0,-0.18062827225130873,-0.10705033484374038,-0.10940460836265198,00117577,3.9462266795548757,2.7887587695133105,9.0,1.0,2.8,1.0,1.0,-0.8784797429759007,118.0,1.0,1.0,1.0,1.0,0.0,24.0,1.0,keep_current_top_n,1.0
101490,에스앤에스텍,032602,032602,2019,1,2019-05-31,2019-05-31,2019-05-31,2019-07-31,0.1,3.163749808770803,3.663749808770803,0.5,4.0,5820.0,2019-05-31,1,0,0.8811887744908307,2.5846166138993345,0.06288147429770485,0.17309400251918475,0.4168049179116729,0.2060391923522841,1,0.15,1,0.05,0.23159509202453954,-0.10705033484374038,-0.10940460836265198,00411048,3.163749808770803,2.5846166138993345,10.0,1.0,0.692376010076739,27.0,1.0,-0.5886834067208118,102.0,1.0,1.0,1.0,1.0,1.0,1.0,1.0,keep_current_top_n,1.0
112610,씨에스윈드,032501,032501,2019,1,2019-05-31,2019-05-31,2019-05-31,2019-07-31,0.1,3.5624978415953903,3.5624978415953903,0.0,2.0,16655.0,2019-05-31,1,0,1.3114710782732135,2.8,0.7586555625597062,0.7,0.6286755754933979,0.01249784159539057,0,0.0,1,0.05,-0.12993693992698307,-0.10705033484374038,-0.10940460836265198,00670340,3.5624978415953903,2.8,1.0,1.0,2.8,1.0,1.0,-0.035708118843973055,77.0,1.0,0.0,23.0,1.0,1.0,1.0,1.0,new_or_rank_fill,0.0
028050,삼성E&A,137201,137201,2019,1,2019-05-31,2019-05-31,2019-05-31,2019-07-31,0.1,3.495444527230125,3.495444527230125,0.0,3.0,16700.0,2019-05-31,1,0,2.3113150653094414,2.8,0.3812379862276244,0.6263409028306802,0.5667089498667752,0.06910362439944488,0,0.0,0,0.0,-0.035190615835777206,-0.10705033484374038,-0.10940460836265198,00126308,3.495444527230125,2.8,1.0,1.0,2.505363611322721,6.0,1.0,-0.1974389268555568,83.0,1.0,0.0,23.0,1.0,0.0,24.0,1.0,new_or_rank_fill,0.0
009420,한올바이오파마,032102,032102,2019,1,2019-05-31,2019-05-31,2019-05-31,2019-07-31,0.1,3.14270288117913,3.14270288117913,0.0,5.0,27450.0,2019-05-31,1,0,1.5520052204384387,2.8,-0.004342415903176633,0.037369716346592544,0.30810732351636405,0.30533316483253753,0,0.0,0,0.0,-0.18836140888208275,-0.10705033484374038,-0.10940460836265198,00162586,3.14270288117913,2.8,1.0,1.0,0.14947886538637017,53.0,1.0,-0.8723804709501073,115.0,1.0,0.0,23.0,1.0,0.0,24.0,1.0,new_or_rank_fill,0.0
000270,기아,033001,033001,2019,1,2019-05-31,2019-05-31,2019-05-31,2019-07-31,0.1,3.0037785039119567,3.0037785039119567,0.0,6.0,39350.0,2019-05-31,1,0,1.165220699200624,2.8,0.008434243113061513,0.06316564870735909,0.6526331764900377,-0.009387144795402183,1,0.15,0,0.0,-0.03314917127071826,-0.10705033484374038,-0.10940460836265198,00106641,3.0037785039119567,2.8,1.0,1.0,0.25266259482943637,45.0,1.0,0.0268204137011491,68.0,1.0,1.0,1.0,1.0,0.0,24.0,1.0,new_or_rank_fill,0.0
048410,현대바이오,032004,032004,2019,1,2019-05-31,2019-05-31,2019-05-31,2019-07-31,0.1,2.8385453410779586,2.8385453410779586,0.0,7.0,8222.0,2019-05-31,1,0,0.813545807437776,2.494095912355014,0.034189672273282734,0.1151655735464895,0.39135887251329865,0.22928385517645505,0,0.0,0,0.0,-0.21992072624984027,-0.10705033484374038,-0.10940460836265198,00313649,2.8385453410779586,2.494095912355014,11.0,1.0,0.460662294185958,34.0,1.0,-0.6550967290755859,104.0,1.0,0.0,23.0,1.0,0.0,24.0,1.0,new_or_rank_fill,0.0
114810,한솔아이원스,032902,032902,2019,1,2019-05-31,2019-05-31,2019-05-31,2019-07-31,0.1,2.6913521892329904,2.6913521892329904,0.0,8.0,3254.0,2019-05-31,1,0,0.7736290661162636,2.4406788080320707,0.14753555428693144,0.3252077183133664,0.7239501246348965,-0.07453433711244659,0,0.0,0,0.0,-0.34251675353685773,-0.10705033484374038,-0.10940460836265198,00625942,2.6913521892329904,2.4406788080320707,13.0,1.0,1.3008308732534657,18.0,1.0,0.21295524889270454,59.0,1.0,0.0,23.0,1.0,0.0,24.0,1.0,new_or_rank_fill,0.0
007340,DN오토모티브,032802,032802,2019,1,2019-05-31,2019-05-31,2019-05-31,2019-07-31,0.1,2.567405885610608,2.567405885610608,0.0,9.0,6840.0,2019-05-31,1,0,0.5590226194821537,2.0302344894029294,0.17187368181590856,0.36451844520854537,0.4533529986293659,0.17265295099913314,0,0.0,0,0.0,-0.08884120171673826,-0.10705033484374038,-0.10940460836265198,00116949,2.567405885610608,2.0302344894029294,17.0,1.0,1.4580737808341815,15.0,1.0,-0.49329414571180896,96.0,1.0,0.0,23.0,1.0,0.0,24.0,1.0,new_or_rank_fill,0.0
089010,켐트로닉스,032004,032004,2019,1,2019-05-31,2019-05-31,2019-05-31,2019-07-31,0.1,2.4969486761686532,2.4969486761686532,0.0,10.0,9500.0,2019-05-31,1,0,1.2060616487092626,2.8,0.02129657958094766,0.08913456288948803,1.0832300940858652,-0.3921858867208345,0,0.0,0,0.0,-0.11563981042654026,-0.10705033484374038,-0.10940460836265198,00371485,2.4969486761686532,2.8,1.0,1.0,0.3565382515579521,38.0,1.0,1.12053110491667,19.0,1.0,0.0,23.0,1.0,0.0,24.0,1.0,new_or_rank_fill,0.0
100840,SNT에너지,032901,032901,2019,2,2019-08-31,2019-08-31,2019-08-31,2019-10-31,0.1,3.900741021622743,3.900741021622743,0.0,1.0,6206.0,2019-08-30,1,0,1.7657016421617695,2.8,0.42840904507504407,0.5857589336866157,0.27287059462708757,0.314982087936128,1,0.15,1,0.05,0.02336448598130847,0.12710339841963014,0.12482044615943111,00648721,3.900741021622743,2.8,1.0,1.0,2.3430357347464628,9.0,1.0,-0.8999488226746514,150.0,1.0,1.0,1.0,1.0,1.0,1.0,1.0,new_or_rank_fill,0.0
009420,한올바이오파마,032102,032102,2019,2,2019-08-31,2019-08-31,2019-08-31,2019-10-31,0.1,3.3416280778303,3.8416280778303,0.5,3.0,26600.0,2019-08-30,1,0,1.6811595615049508,2.8,0.02807416977549182,0.11887302647460254,0.3738474438542217,0.22275505135569756,1,0.15,1,0.05,0.2547169811320755,0.12710339841963014,0.12482044615943111,00162586,3.3416280778303,2.8,1.0,1.0,0.4754921058984102,47.0,1.0,-0.6364430038734217,132.0,1.0,1.0,1.0,1.0,1.0,1.0,1.0,keep_current_top_n,1.0
041920,메디아나,032701,032701,2019,2,2019-08-31,2019-08-31,2019-08-31,2019-10-31,0.1,3.421347323459343,3.421347323459343,0.0,2.0,4655.0,2019-08-30,1,0,1.2032277869491672,2.526765073687495,0.31860830176709753,0.4858044973107664,0.1540877610554539,0.40877775246108183,0,0.0,0,0.0,-0.15090583316742978,0.12710339841963014,0.12482044615943111,00273439,3.421347323459343,2.526765073687495,14.0,1.0,1.9432179892430657,12.0,1.0,-1.167936435603091,167.0,1.0,0.0,82.0,1.0,0.0,34.0,1.0,new_or_rank_fill,0.0
075580,세진중공업,033101,033101,2019,2,2019-08-31,2019-08-31,2019-08-31,2019-10-31,0.1,3.2299392526048987,3.2299392526048987,0.0,4.0,3189.0,2019-08-30,1,0,2.800933865993664,2.8,0.8734162356389144,0.7,0.9134179261369441,-0.27006074739510155,0,0.0,0,0.0,0.09728000000000003,0.12710339841963014,0.12482044615943111,00415628,3.2299392526048987,2.8,1.0,1.0,2.8,1.0,1.0,0.7716021354145759,42.0,1.0,0.0,82.0,1.0,0.0,34.0,1.0,new_or_rank_fill,0.0
085660,차바이오텍,032101,032101,2019,2,2019-08-31,2019-08-31,2019-08-31,2019-10-31,0.1,3.013795236522516,3.013795236522516,0.0,5.0,13062.0,2019-08-30,1,0,1.6547287231299563,2.8,0.05773600156749503,0.16387623849491006,0.5630808914962642,0.049918998027606014,0,0.0,0,0.0,0.0932670653102432,0.12710339841963014,0.12482044615943111,00525679,3.013795236522516,2.8,1.0,1.0,0.6555049539796403,38.0,1.0,-0.1426257086503029,98.0,1.0,0.0,82.0,1.0,0.0,34.0,1.0,new_or_rank_fill,0.0
089010,켐트로닉스,032004,032004,2019,2,2019-08-31,2019-08-31,2019-08-31,2019-10-31,0.1,2.482595684734201,2.982595684734201,0.5,10.0,8760.0,2019-08-30,1,0,2.3821160346619936,2.8,-0.09409259746463716,-0.06647954940458872,1.0706363774783534,-0.4009247658612101,1,0.15,0,0.0,0.527331189710611,0.12710339841963014,0.12482044615943111,00371485,2.482595684734201,2.8,1.0,1.0,-0.2659181976183549,114.0,1.0,1.145499331032029,21.0,1.0,1.0,1.0,1.0,0.0,34.0,1.0,keep_current_top_n,1.0
101490,에스앤에스텍,032602,032602,2019,2,2019-08-31,2019-08-31,2019-08-31,2019-10-31,0.1,2.3717512040750552,2.8717512040750552,0.5,11.0,9400.0,2019-08-30,1,0,0.6807262119527396,1.7636018597662018,0.1047792019535092,0.2352506275053816,0.4284337751921825,0.17289871680347232,1,0.15,1,0.05,0.20547945205479468,0.12710339841963014,0.12482044615943111,00411048,2.3717512040750552,1.7636018597662018,19.0,1.0,0.9410025100215264,30.0,1.0,-0.4939963337242067,121.0,1.0,1.0,1.0,1.0,1.0,1.0,1.0,keep_current_top_n,1.0
077970,STX엔진,032901,032901,2019,2,2019-08-31,2019-08-31,2019-08-31,2019-10-31,0.1,2.8627275906046146,2.8627275906046146,0.0,6.0,7190.0,2019-08-30,1,0,2.452505763863726,2.8,0.5485352648234806,0.6634086109533844,1.3440209230987772,-0.6006810203487698,0,0.0,0,0.0,0.0843373493975903,0.12710339841963014,0.12482044615943111,00480455,2.8627275906046146,2.8,1.0,1.0,2.6536344438135377,5.0,1.0,1.7162314867107709,11.0,1.0,0.0,82.0,1.0,0.0,34.0,1.0,new_or_rank_fill,0.0
006400,삼성SDI,032802,032802,2019,2,2019-08-31,2019-08-31,2019-08-31,2019-10-31,0.1,2.743386988571981,2.743386988571981,0.0,7.0,244268.0,2019-08-30,1,0,1.537170251091075,2.8,-0.18444271959827874,-0.20355961010189033,0.45684803652662487,0.14694659867387103,0,0.0,0,0.0,-0.08634459900155456,0.12710339841963014,0.12482044615943111,00126362,2.743386988571981,2.8,1.0,1.0,-0.8142384404075613,126.0,1.0,-0.41984742478248865,113.0,1.0,0.0,82.0,1.0,0.0,34.0,1.0,new_or_rank_fill,0.0
012450,한화에어로스페이스,033103,033103,2019,2,2019-08-31,2019-08-31,2019-08-31,2019-10-31,0.1,2.656369331180757,2.656369331180757,0.0,8.0,39625.0,2019-08-30,1,0,1.7555092495301212,2.8,0.13505146670026824,0.2749439953471693,1.0947918635771126,-0.41857466416641254,0,0.0,0,0.0,0.17390243902439018,0.12710339841963014,0.12482044615943111,00126566,2.656369331180757,2.8,1.0,1.0,1.0997759813886772,28.0,1.0,1.1959276119040358,19.0,1.0,0.0,82.0,1.0,0.0,34.0,1.0,new_or_rank_fill,0.0
100840,SNT에너지,032901,032901,2019,3,2019-11-30,2019-11-30,2019-11-30,2020-02-29,0.1,3.9766418492514486,4.476641849251449,0.5,1.0,6587.0,2019-11-29,1,0,4.007710506897064,2.8,0.5952306559015786,0.7,0.2729186746797798,0.2766418492514488,1,0.15,1,0.05,-0.0628247520075581,0.2279048152331835,0.22582384763198893,00648721,3.9766418492514486,2.8,1.0,1.0,2.8,1.0,1.0,-0.790405283575568,100.0,1.0,1.0,1.0,1.0,1.0,1.0,1.0,keep_current_top_n,1.0
068760,셀트리온제약,032102,032102,2019,3,2019-11-30,2019-11-30,2019-11-30,2020-02-29,0.1,3.353731285991923,3.353731285991923,0.0,2.0,27324.0,2019-11-29,1,0,1.6365168583249916,2.7548031009011176,0.16857214995936043,0.30797903375913793,0.5040094737172823,0.09094915133166749,1,0.15,1,0.05,0.04699510264975837,0.2279048152331835,0.22582384763198893,00541349,3.353731285991923,2.7548031009011176,8.0,1.0,1.2319161350365517,17.0,1.0,-0.25985471809047855,72.0,1.0,1.0,1.0,1.0,1.0,1.0,1.0,new_or_rank_fill,0.0
206650,유바이오로직스,032102,032102,2019,3,2019-11-30,2019-11-30,2019-11-30,2020-02-29,0.1,3.3537215358150605,3.3537215358150605,0.0,3.0,6562.0,2019-11-29,1,0,1.9872880977462923,2.8,0.5642523037413056,0.7,0.7992344332209493,-0.14627846418493934,0,0.0,0,0.0,-0.04621781544858483,0.2279048152331835,0.22582384763198893,00927558,3.3537215358150605,2.8,1.0,1.0,2.8,1.0,1.0,0.41793846909982674,45.0,1.0,0.0,73.0,1.0,0.0,75.0,1.0,new_or_rank_fill,0.0
006400,삼성SDI,032802,032802,2019,3,2019-11-30,2019-11-30,2019-11-30,2020-02-29,0.1,2.666089552349219,3.166089552349219,0.5,9.0,226156.0,2019-11-29,1,0,2.4827873054417116,2.8,-0.3359699899190043,-0.47908838750861443,0.43652284547753717,0.1451779398578341,1,0.15,1,0.05,0.29670004040766873,0.2279048152331835,0.22582384763198893,00126362,2.666089552349219,2.8,1.0,1.0,-1.9163535500344577,108.0,1.0,-0.41479411387952597,80.0,1.0,1.0,1.0,1.0,1.0,1.0,1.0,keep_current_top_n,1.0
006120,SK디스커버리,116409,116409,2019,3,2019-11-30,2019-11-30,2019-11-30,2020-02-29,0.1,3.113675632334988,3.113675632334988,0.0,4.0,26450.0,2019-11-29,1,0,2.3191762906631133,2.8,0.1418579624418319,0.2710872249872322,0.7508653993321813,-0.10741159265224343,1,0.15,0,0.0,-0.03786191536748329,0.2279048152331835,0.22582384763198893,00131832,3.113675632334988,2.8,1.0,1.0,1.0843488999489288,19.0,1.0,0.3068902647206955,52.0,1.0,1.0,1.0,1.0,0.0,75.0,1.0,new_or_rank_fill,0.0
089010,켐트로닉스,032004,032004,2019,3,2019-11-30,2019-11-30,2019-11-30,2020-02-29,0.1,2.4880887522592303,2.9880887522592303,0.5,10.0,16050.0,2019-11-29,1,0,1.9364417101732667,2.8,-0.04935441039918431,-0.05371699527081347,1.143288715304726,-0.40819425246995616,1,0.15,0,0.0,0.06315789473684208,0.2279048152331835,0.22582384763198893,00371485,2.4880887522592303,2.8,1.0,1.0,-0.2148679810832539,76.0,1.0,1.1662692927713034,16.0,1.0,1.0,1.0,1.0,0.0,75.0,1.0,keep_current_top_n,1.0
096530,씨젠,032103,032103,2019,3,2019-11-30,2019-11-30,2019-11-30,2020-02-29,0.1,2.925457688723172,2.925457688723172,0.0,5.0,14147.0,2019-11-29,1,0,1.1687450425719055,2.307063449698121,0.12471262440606234,0.246762279894969,0.2169293947721236,0.32163195913008247,0,0.0,1,0.05,0.7177638355651279,0.2279048152331835,0.22582384763198893,00788773,2.925457688723172,2.307063449698121,11.0,1.0,0.987049119579876,23.0,1.0,-0.9189484546573785,110.0,1.0,0.0,73.0,1.0,1.0,1.0,1.0,new_or_rank_fill,0.0
034230,파라다이스,189102,189102,2019,3,2019-11-30,2019-11-30,2019-11-30,2020-02-29,0.1,2.8052997337346977,2.8052997337346977,0.0,6.0,18800.0,2019-11-29,1,0,1.426142113473435,2.567369946009371,0.051426947769089404,0.12025454096238274,0.7196453361270805,-0.08232475323705558,1,0.15,1,0.05,-0.12064343163538871,0.2279048152331835,0.22582384763198893,00171265,2.8052997337346977,2.567369946009371,10.0,1.0,0.48101816384953094,35.0,1.0,0.23521358067730166,57.0,1.0,1.0,1.0,1.0,1.0,1.0,1.0,new_or_rank_fill,0.0
101490,에스앤에스텍,032602,032602,2019,3,2019-11-30,2019-11-30,2019-11-30,2020-02-29,0.1,2.230282127412025,2.730282127412025,0.5,12.0,8990.0,2019-11-29,1,0,0.6145451241023884,1.4885569452415877,0.24269639040431978,0.41034326632521934,0.4536917177505509,0.13138191584521788,1,0.15,1,0.05,0.8078512396694213,0.2279048152331835,0.22582384763198893,00411048,2.230282127412025,1.4885569452415877,17.0,1.0,1.6413730653008773,12.0,1.0,-0.37537690241490823,77.0,1.0,1.0,1.0,1.0,1.0,1.0,1.0,new_or_rank_fill,1.0
083450,GST,032902,032902,2019,3,2019-11-30,2019-11-30,2019-11-30,2020-02-29,0.1,2.7095241079882335,2.7095241079882335,0.0,7.0,4395.0,2019-11-29,1,0,0.7534691679686756,1.7361054031189913,0.3386352522576066,0.5196248217526098,0.3013525054637849,0.2537938831166328,1,0.15,1,0.05,0.6972566156834183,0.2279048152331835,0.22582384763198893,00540863,2.7095241079882335,1.7361054031189913,13.0,1.0,2.0784992870104393,8.0,1.0,-0.7251253803332366,94.0,1.0,1.0,1.0,1.0,1.0,1.0,1.0,new_or_rank_fill,0.0
005850,에스엘,033003,033003,2019,4,2020-03-31,2020-03-31,2020-03-31,2020-04-30,0.1,3.3089218164529433,3.3089218164529433,0.0,1.0,10522.0,2020-03-31,1,0,2.3469110564724907,2.8,0.34176916769648735,0.4910076064359873,0.5002220347357524,0.01791421001695624,0,0.0,0,0.0,-0.11666806055030521,0.3299112374730624,0.3272470816420785,00125521,3.3089218164529433,2.8,1.0,1.0,1.9640304257439491,8.0,1.0,-0.05118345719130354,61.0,1.0,0.0,39.0,1.0,0.0,37.0,1.0,new_or_rank_fill,0.0
033100,제룡전기,032801,032801,2019,4,2020-03-31,2020-03-31,2020-03-31,2020-04-30,0.1,3.1844175783679316,3.1844175783679316,0.0,2.0,4680.0,2020-03-31,1,0,1.6845670830830957,2.4055777799829867,0.1724107792752777,0.2763880132127755,0.13709530447577142,0.30245178517216975,1,0.15,1,0.05,0.17547568710359407,0.3299112374730624,0.3272470816420785,00185356,3.1844175783679316,2.4055777799829867,6.0,1.0,1.105552052851102,18.0,1.0,-0.8641479576347707,102.0,1.0,1.0,1.0,1.0,1.0,1.0,1.0,new_or_rank_fill,0.0
009540,HD한국조선해양,116409,116409,2019,4,2020-03-31,2020-03-31,2020-03-31,2020-04-30,0.1,3.1492335162530822,3.1492335162530822,0.0,3.0,78600.0,2020-03-31,1,0,3.5869080228446846,2.8,0.3090664965084199,0.4579461200204621,0.6618231196809051,-0.10871260376737976,0,0.0,0,0.0,-0.20480769230769236,0.3299112374730624,0.3272470816420785,00164830,3.1492335162530822,2.8,1.0,1.0,1.8317844800818484,9.0,1.0,0.31060743933537077,50.0,1.0,0.0,39.0,1.0,0.0,37.0,1.0,new_or_rank_fill,0.0
068760,셀트리온제약,032102,032102,2019,4,2020-03-31,2020-03-31,2020-03-31,2020-04-30,0.1,2.5664176507247873,3.0664176507247873,0.5,7.0,64648.0,2020-03-31,1,0,1.5510839915582193,2.252603731143031,0.10021026036998326,0.161330505928047,0.5199148103757951,0.0024834136537094753,1,0.15,0,0.0,0.7695310079920699,0.3299112374730624,0.3272470816420785,00541349,2.5664176507247873,2.252603731143031,8.0,1.0,0.645322023712188,28.0,1.0,-0.007095467582027073,58.0,1.0,1.0,1.0,1.0,0.0,37.0,1.0,keep_current_top_n,1.0
005690,파미셀,032101,032101,2019,4,2020-03-31,2020-03-31,2020-03-31,2020-04-30,0.1,3.0454574035829283,3.0454574035829283,0.0,4.0,20600.0,2020-03-31,1,0,2.152390301536937,2.769516605630063,0.020490680507589287,0.027006727934767695,0.20539458939194566,0.2489340700180976,0,0.0,0,0.0,1.454780361757106,0.3299112374730624,0.3272470816420785,00145163,3.0454574035829283,2.769516605630063,5.0,1.0,0.10802691173907078,48.0,1.0,-0.7112402000517074,93.0,1.0,0.0,39.0,1.0,0.0,37.0,1.0,new_or_rank_fill,0.0
038500,삼표시멘트,032309,032309,2019,4,2020-03-31,2020-03-31,2020-03-31,2020-04-30,0.1,2.901725353413936,2.901725353413936,0.0,5.0,2500.0,2020-03-31,1,0,4.181715904934925,2.8,0.17571239038507735,0.28083846193313644,0.7516682133745437,-0.17911310851920043,0,0.0,0,0.0,0.14729950900163646,0.3299112374730624,0.3272470816420785,00239639,2.901725353413936,2.8,1.0,1.0,1.1233538477325458,16.0,1.0,0.511751738626287,39.0,1.0,0.0,39.0,1.0,0.0,37.0,1.0,new_or_rank_fill,0.0
017960,한국카본,032501,032501,2019,4,2020-03-31,2020-03-31,2020-03-31,2020-04-30,0.1,2.822626221445648,2.822626221445648,0.0,6.0,5560.0,2020-03-31,1,0,1.3427343945181993,2.00947821488052,0.2577493167383407,0.3914211810267173,0.24011646302112535,0.22172682553841094,1,0.15,1,0.05,-0.15356265356265353,0.3299112374730624,0.3272470816420785,00159795,2.822626221445648,2.00947821488052,11.0,1.0,1.5656847241068692,12.0,1.0,-0.6335052158240313,92.0,1.0,1.0,1.0,1.0,1.0,1.0,1.0,new_or_rank_fill,0.0
007390,네이처셀,032101,032101,2019,4,2020-03-31,2020-03-31,2020-03-31,2020-04-30,0.1,2.3684992538485656,2.3684992538485656,0.0,8.0,8900.0,2020-03-31,1,0,1.5622230145129246,2.2656019838154493,-0.11800366079259361,-0.2063497848095604,0.12842318426338833,0.30924705484267667,0,0.0,0,0.0,0.5220385674931132,0.3299112374730624,0.3272470816420785,00117276,2.3684992538485656,2.2656019838154493,7.0,1.0,-0.8253991392382416,89.0,1.0,-0.8835630138362192,106.0,1.0,0.0,39.0,1.0,0.0,37.0,1.0,new_or_rank_fill,0.0
035720,카카오,106301,106301,2019,4,2020-03-31,2020-03-31,2020-03-31,2020-04-30,0.1,2.2170502251611675,2.2170502251611675,0.0,9.0,31211.0,2020-03-31,1,0,1.2218832752040771,1.8684556682014184,0.04476716685567572,0.06791147640817884,0.4201164293270006,0.08068308055157065,1,0.15,1,0.05,0.06975060104857622,0.3299112374730624,0.3272470816420785,00258801,2.2170502251611675,1.8684556682014184,14.0,1.0,0.27164590563271535,42.0,1.0,-0.23052308729020188,70.0,1.0,1.0,1.0,1.0,1.0,1.0,1.0,new_or_rank_fill,0.0
206650,유바이오로직스,032102,032102,2019,4,2020-03-31,2020-03-31,2020-03-31,2020-04-30,0.1,1.2260765430778477,1.7260765430778477,0.5,21.0,6321.0,2020-03-31,1,0,1.4032147935160886,2.0800534808710758,-0.8232019944163467,-0.7,0.9760981981823784,-0.3539769377932279,1,0.15,1,0.05,0.043594902749832354,0.3299112374730624,0.3272470816420785,00927558,1.2260765430778477,2.0800534808710758,10.0,1.0,-2.8,108.0,1.0,1.0113626794092228,25.0,1.0,1.0,1.0,1.0,1.0,1.0,1.0,keep_current_top_n,1.0
005850,에스엘,033003,033003,2020,1,2020-05-31,2020-05-31,2020-05-31,2020-07-31,0.1,3.476633971776931,3.976633971776931,0.5,2.0,11000.0,2020-05-29,1,0,3.4434453441082344,2.8,0.390186026420283,0.49166162694950327,0.5090709206679513,0.03497234482742824,1,0.15,0,0.0,0.07934103389509573,0.8424673802906459,0.839426441716185,00125521,3.476633971776931,2.8,1.0,1.0,1.966646507798013,14.0,1.0,-0.09992098522122354,83.0,1.0,1.0,1.0,1.0,0.0,32.0,1.0,keep_current_top_n,1.0
131290,티에스이,032702,032702,2020,1,2020-05-31,2020-05-31,2020-05-31,2020-07-31,0.1,3.706527262629645,3.706527262629645,0.0,1.0,18250.0,2020-05-29,1,0,2.4130122944355823,2.8,0.49345866180781695,0.5818102150044614,0.3388966650889321,0.17471704762518384,1,0.15,0,0.0,2.2771084337349405,0.8424673802906459,0.839426441716185,00372226,3.706527262629645,2.8,1.0,1.0,2.3272408600178456,9.0,1.0,-0.49919156464338243,104.0,1.0,1.0,1.0,1.0,0.0,32.0,1.0,new_or_rank_fill,0.0
083450,GST,032902,032902,2020,1,2020-05-31,2020-05-31,2020-05-31,2020-07-31,0.1,3.391665274378525,3.391665274378525,0.0,3.0,9421.0,2020-05-29,1,0,1.7500548410283303,2.4638899960711824,0.9195844508529067,0.7,0.2742849500978916,0.22777527830734262,0,0.0,0,0.0,0.5074475777295735,0.8424673802906459,0.839426441716185,00540863,3.391665274378525,2.4638899960711824,7.0,1.0,2.8,1.0,1.0,-0.6507865094495504,113.0,1.0,0.0,41.0,1.0,0.0,32.0,1.0,new_or_rank_fill,0.0
025320,시노펙스,032602,032602,2020,1,2020-05-31,2020-05-31,2020-05-31,2020-07-31,0.1,3.3162328161540544,3.3162328161540544,0.0,4.0,2480.0,2020-05-29,1,0,2.4488696018213916,2.8,0.4406328589525632,0.5356975974422147,0.5753617869914385,-0.019464781288160232,0,0.0,0,0.0,0.6781096745430228,0.8424673802906459,0.839426441716185,00203023,3.3162328161540544,2.8,1.0,1.0,2.1427903897688587,11.0,1.0,0.05561366082331495,72.0,1.0,0.0,41.0,1.0,0.0,32.0,1.0,new_or_rank_fill,0.0
007810,코리아써키트,032602,032602,2020,1,2020-05-31,2020-05-31,2020-05-31,2020-07-31,0.1,3.155128724210176,3.155128724210176,0.0,5.0,9020.0,2020-05-29,1,0,1.7911739081044113,2.4947457597710145,0.13576540962466888,0.19928863058016033,0.2337106359265306,0.2610943338590019,1,0.15,1,0.05,1.0506329113924053,0.8424673802906459,0.839426441716185,00152686,3.155128724210176,2.4947457597710145,6.0,1.0,0.7971545223206413,35.0,1.0,-0.7459838110257198,125.0,1.0,1.0,1.0,1.0,1.0,1.0,1.0,new_or_rank_fill,0.0
096530,씨젠,032103,032103,2020,1,2020-05-31,2020-05-31,2020-05-31,2020-07-31,0.1,2.9070737681739973,2.9070737681739973,0.0,6.0,58750.0,2020-05-29,1,0,1.3996869619747143,2.1014607079360745,0.518720431567848,0.6025744531486507,0.36529560835085906,0.15303860708927222,0,0.0,1,0.05,1.8030328992460594,0.8424673802906459,0.839426441716185,00788773,2.9070737681739973,2.1014607079360745,14.0,1.0,2.4102978125946026,7.0,1.0,-0.43725316311220636,99.0,1.0,0.0,41.0,1.0,1.0,1.0,1.0,new_or_rank_fill,0.0
082740,한화엔진,032901,032901,2020,1,2020-05-31,2020-05-31,2020-05-31,2020-07-31,0.1,2.841315199265548,2.841315199265548,0.0,7.0,3542.0,2020-05-29,1,0,2.297884306119474,2.8,0.8111516710570238,0.7,1.4623024922717016,-0.6586848007344519,0,0.0,0,0.0,0.3783177570093459,0.8424673802906459,0.839426441716185,00361008,2.841315199265548,2.8,1.0,1.0,2.8,1.0,1.0,1.8819565735270054,8.0,1.0,0.0,41.0,1.0,0.0,32.0,1.0,new_or_rank_fill,0.0
035720,카카오,106301,106301,2020,1,2020-05-31,2020-05-31,2020-05-31,2020-07-31,0.1,2.1951018190090466,2.6951018190090466,0.5,10.0,52888.0,2020-05-29,1,0,1.1960758551724064,1.8722759290160345,0.026479815680476637,0.04029294645650262,0.4511539526672123,0.08253294353650968,1,0.15,1,0.05,0.8668868971866457,0.8424673802906459,0.839426441716185,00258801,2.1951018190090466,1.8722759290160345,17.0,1.0,0.16117178582601047,61.0,1.0,-0.2358084101043134,89.0,1.0,1.0,1.0,1.0,1.0,1.0,1.0,keep_current_top_n,1.0
112040,위메이드,105802,105802,2020,1,2020-05-31,2020-05-31,2020-05-31,2020-07-31,0.1,2.564971537496589,2.564971537496589,0.0,8.0,15812.0,2020-05-29,1,0,1.7209505936304657,2.442050157664626,-0.07826809717686312,-0.11210102848755801,0.26545975007087025,0.23502240831952112,0,0.0,0,0.0,0.5603080271197787,0.8424673802906459,0.839426441716185,00444329,2.564971537496589,2.442050157664626,8.0,1.0,-0.44840411395023205,102.0,1.0,-0.6714925951986318,116.0,1.0,0.0,41.0,1.0,0.0,32.0,1.0,new_or_rank_fill,0.0
005690,파미셀,032101,032101,2020,1,2020-05-31,2020-05-31,2020-05-31,2020-07-31,0.1,1.7943363240575312,2.2943363240575314,0.5,18.0,24100.0,2020-05-29,1,0,0.9212370555423036,1.483889624111558,-0.08782460004058756,-0.1260044411498297,0.20283235783087875,0.28645114109580305,1,0.15,0,0.0,0.19210526315789456,0.8424673802906459,0.839426441716185,00145163,1.7943363240575312,1.483889624111558,20.0,1.0,-0.5040177645993188,104.0,1.0,-0.8184318317022945,131.0,1.0,1.0,1.0,1.0,0.0,32.0,1.0,keep_current_top_n,1.0
096530,씨젠,032103,032103,2020,2,2020-08-31,2020-08-31,2020-08-31,2020-10-31,0.1,3.833359090037967,4.333359090037967,0.5,2.0,132174.0,2020-08-31,1,0,2.5654320822383077,2.8,2.658566532975467,0.7,0.4788710381171417,0.13335909003796734,1,0.15,1,0.05,0.00806155821132748,-0.03266917212243825,-0.03469992816896217,00788773,3.833359090037967,2.8,1.0,1.0,2.8,1.0,1.0,-0.3810259715370496,97.0,1.0,1.0,1.0,1.0,1.0,1.0,1.0,keep_current_top_n,1.0
131290,티에스이,032702,032702,2020,2,2020-08-31,2020-08-31,2020-08-31,2020-10-31,0.1,3.73637052974775,4.2363705297477505,0.5,4.0,36150.0,2020-08-31,1,0,1.9055079663302081,2.7915329021894477,0.5012586293137613,0.5247593101792987,0.3145130307713067,0.2700783173790036,1,0.15,0,0.0,-0.12132352941176483,-0.03266917212243825,-0.03469992816896217,00372226,3.73637052974775,2.7915329021894477,6.0,1.0,2.0990372407171947,17.0,1.0,-0.7716523353685818,126.0,1.0,1.0,1.0,1.0,0.0,44.0,1.0,keep_current_top_n,1.0
039030,이오테크닉스,032902,032902,2020,2,2020-08-31,2020-08-31,2020-08-31,2020-10-31,0.1,3.8731217273897287,3.8731217273897287,0.0,1.0,112300.0,2020-08-31,1,0,2.0202337629215497,2.8,0.44521196643387717,0.48010612191919627,0.15379520105162964,0.39301560547053305,1,0.15,1,0.05,-0.20848375451263546,-0.03266917212243825,-0.03469992816896217,00246417,3.8731217273897287,2.8,1.0,1.0,1.920424487676785,22.0,1.0,-1.1229017299158088,153.0,1.0,1.0,1.0,1.0,1.0,1.0,1.0,new_or_rank_fill,0.0
017960,한국카본,032501,032501,2020,2,2020-08-31,2020-08-31,2020-08-31,2020-10-31,0.1,3.8220692489399726,3.8220692489399726,0.0,3.0,9070.0,2020-08-31,1,0,2.1160002217434797,2.8,0.7878036014387169,0.7,0.25201175660816844,0.3220692489399726,0,0.0,0,0.0,0.14028776978417268,-0.03266917212243825,-0.03469992816896217,00159795,3.8220692489399726,2.8,1.0,1.0,2.8,1.0,1.0,-0.9201978541142074,134.0,1.0,0.0,77.0,1.0,0.0,44.0,1.0,new_or_rank_fill,0.0
140860,파크시스템스,032702,032702,2020,2,2020-08-31,2020-08-31,2020-08-31,2020-10-31,0.1,3.6932763102754698,3.6932763102754698,0.0,5.0,56200.0,2020-08-31,1,0,1.9889484142560871,2.8,0.6686762999091456,0.6387622624730477,0.33322372994033655,0.2545140478024222,0,0.0,0,0.0,0.01517706576728517,-0.03266917212243825,-0.03469992816896217,00244747,3.6932763102754698,2.8,1.0,1.0,2.5550490498921907,10.0,1.0,-0.7271829937212063,120.0,1.0,0.0,77.0,1.0,0.0,44.0,1.0,new_or_rank_fill,0.0
100840,SNT에너지,032901,032901,2020,2,2020-08-31,2020-08-31,2020-08-31,2020-10-31,0.1,3.524450213674793,3.524450213674793,0.0,6.0,5480.0,2020-08-31,1,0,1.7045649074401963,2.6144821363844835,0.40939649967138125,0.45157142069360073,0.3285562237150372,0.2583966565967091,1,0.15,1,0.05,-0.03217777777777786,-0.03266917212243825,-0.03469992816896217,00648721,3.524450213674793,2.6144821363844835,9.0,1.0,1.806285682774403,26.0,1.0,-0.7382761617048831,122.0,1.0,1.0,1.0,1.0,1.0,1.0,1.0,new_or_rank_fill,0.0
033100,제룡전기,032801,032801,2020,2,2020-08-31,2020-08-31,2020-08-31,2020-10-31,0.1,3.1738528652165003,3.1738528652165003,0.0,7.0,4915.0,2020-08-31,1,0,1.880410963964715,2.769419953811113,0.04144441697259316,0.0140311098565438,0.15772295514771234,0.3904018015488436,0,0.0,0,0.0,-0.12589285714285703,-0.03266917212243825,-0.03469992816896217,00185356,3.1738528652165003,2.769419953811113,8.0,1.0,0.0561244394261752,67.0,1.0,-1.1154337187109817,150.0,1.0,0.0,77.0,1.0,0.0,44.0,1.0,new_or_rank_fill,0.0
042700,한미반도체,032902,032902,2020,2,2020-08-31,2020-08-31,2020-08-31,2020-10-31,0.1,3.072465569654859,3.072465569654859,0.0,8.0,5050.0,2020-08-31,1,0,1.040447722361656,1.843993536889478,0.703817725901617,0.6574273845926077,0.18681088245184455,0.3710446481727737,1,0.15,1,0.05,-0.08438818565400841,-0.03266917212243825,-0.03469992816896217,00161383,3.072465569654859,1.843993536889478,15.0,1.0,2.629709538370431,9.0,1.0,-1.060127566207925,143.0,1.0,1.0,1.0,1.0,1.0,1.0,1.0,new_or_rank_fill,0.0
000100,유한양행,032102,032102,2020,2,2020-08-31,2020-08-31,2020-08-31,2020-10-31,0.1,3.0222394575107803,3.0222394575107803,0.0,9.0,56174.0,2020-08-31,1,0,1.884790729492338,2.773278961656396,-0.0050861025517277,-0.0477547884586021,0.2824912084413306,0.29671528431298627,0,0.0,0,0.0,0.03836226635027673,-0.03266917212243825,-0.03469992816896217,00145109,3.0222394575107803,2.773278961656396,7.0,1.0,-0.1910191538344084,104.0,1.0,-0.8477579551799608,133.0,1.0,0.0,77.0,1.0,0.0,44.0,1.0,new_or_rank_fill,0.0
035720,카카오,106301,106301,2020,2,2020-08-31,2020-08-31,2020-08-31,2020-10-31,0.1,2.4549596681619015,2.9549596681619015,0.5,13.0,81691.0,2020-08-31,1,0,1.1919033935627008,2.0441647400136986,0.04263462763374948,0.015611539983599862,0.40454851126214414,0.1951833881646031,1,0.15,1,0.05,-0.03930612363298813,-0.03266917212243825,-0.03469992816896217,00258801,2.4549596681619015,2.0441647400136986,13.0,1.0,0.06244615993439945,66.0,1.0,-0.5576668233274374,111.0,1.0,1.0,1.0,1.0,1.0,1.0,1.0,keep_current_top_n,1.0
039030,이오테크닉스,032902,032902,2020,3,2020-11-30,2020-11-30,2020-11-30,2021-02-28,0.1,4.044123102215703,4.544123102215703,0.5,1.0,102900.0,2020-11-30,0,0,2.7483255099588333,2.8,0.572662995351256,0.635438144293864,0.13743224922963718,0.4086849579218393,1,0.15,1,0.05,0.15393386545039878,0.2618001292935115,0.2598343824409146,00246417,4.044123102215703,2.8,1.0,1.0,2.541752577175456,12.0,1.0,-1.1676713083481123,163.0,1.0,1.0,1.0,1.0,1.0,1.0,1.0,keep_current_top_n,1.0
017960,한국카본,032501,032501,2020,3,2020-11-30,2020-11-30,2020-11-30,2021-02-28,0.1,3.991716210872119,4.491716210872119,0.5,2.0,13150.0,2020-11-30,0,0,2.3689742054770706,2.8,0.7168401543253538,0.7,0.2426832785082513,0.34171621087211934,1,0.15,0,0.0,0.2355415352260779,0.2618001292935115,0.2598343824409146,00159795,3.991716210872119,2.8,1.0,1.0,2.8,1.0,1.0,-0.9763320310631982,148.0,1.0,1.0,1.0,1.0,0.0,71.0,1.0,keep_current_top_n,1.0
042700,한미반도체,032902,032902,2020,3,2020-11-30,2020-11-30,2020-11-30,2021-02-28,0.1,3.8328259938736986,4.332825993873699,0.5,5.0,6100.0,2020-11-30,0,0,1.6897083472430583,2.5666044191662536,1.244244748844515,0.7,0.20586248452118558,0.36622157470744493,1,0.15,1,0.05,1.0414746543778803,0.2618001292935115,0.2598343824409146,00161383,3.8328259938736986,2.5666044191662536,13.0,1.0,2.8,1.0,1.0,-1.0463473563069856,154.0,1.0,1.0,1.0,1.0,1.0,1.0,1.0,keep_current_top_n,1.0
096530,씨젠,032103,032103,2020,3,2020-11-30,2020-11-30,2020-11-30,2021-02-28,0.1,3.803183611256492,4.303183611256491,0.5,6.0,94432.0,2020-11-30,0,0,2.778696689759229,2.8,4.739986691980235,0.7,0.5502017225095556,0.1031836112564922,1,0.15,1,0.05,-0.5257157584348445,0.2618001292935115,0.2598343824409146,00788773,3.803183611256492,2.8,1.0,1.0,2.8,1.0,1.0,-0.294810317875692,100.0,1.0,1.0,1.0,1.0,1.0,1.0,1.0,new_or_rank_fill,1.0
214370,케어젠,032101,032101,2020,3,2020-11-30,2020-11-30,2020-11-30,2021-02-28,0.1,3.9856631224429697,3.9856631224429697,0.0,3.0,13120.0,2020-11-30,0,0,1.987223749923347,2.7988942755582116,7.1331945289369125,0.7,0.09217473595210796,0.43676884688475826,0,0.0,1,0.05,0.1153846153846152,0.2618001292935115,0.2598343824409146,00549891,3.9856631224429697,2.7988942755582116,8.0,1.0,2.8,1.0,1.0,-1.2479109910993094,168.0,1.0,0.0,84.0,1.0,1.0,1.0,1.0,new_or_rank_fill,0.0
240810,원익IPS,032902,032902,2020,3,2020-11-30,2020-11-30,2020-11-30,2021-02-28,0.1,3.919184943440362,3.919184943440362,0.0,4.0,39850.0,2020-11-30,0,0,2.214361073932933,2.8,1.1841181821956577,0.7,0.4006517271095764,0.21918494344036218,1,0.15,1,0.05,0.5522620904836193,0.2618001292935115,0.2598343824409146,01135941,3.919184943440362,2.8,1.0,1.0,2.8,1.0,1.0,-0.626242695543892,120.0,1.0,1.0,1.0,1.0,1.0,1.0,1.0,new_or_rank_fill,0.0
007810,코리아써키트,032602,032602,2020,3,2020-11-30,2020-11-30,2020-11-30,2021-02-28,0.1,3.6369033396122767,3.6369033396122767,0.0,7.0,14150.0,2020-11-30,0,0,1.9729241801198405,2.787729660260318,0.5493622721580901,0.6223394470301087,0.45525065742979204,0.1768342323218503,0,0.0,1,0.05,0.15936254980079712,0.2618001292935115,0.2598343824409146,00152686,3.6369033396122767,2.787729660260318,9.0,1.0,2.4893577881204347,13.0,1.0,-0.5052406637767152,113.0,1.0,0.0,84.0,1.0,1.0,1.0,1.0,new_or_rank_fill,0.0
011930,신성이엔지,032601,032601,2020,3,2020-11-30,2020-11-30,2020-11-30,2021-02-28,0.1,3.1052638865224553,3.1052638865224553,0.0,8.0,4045.0,2020-11-30,0,0,2.52436654746414,2.8,0.38240054155501313,0.4927207615971643,0.9893586029075324,-0.2374568750747088,0,0.0,1,0.05,0.026755852842809347,0.2618001292935115,0.2598343824409146,00136271,3.1052638865224553,2.8,1.0,1.0,1.9708830463886573,20.0,1.0,0.678448214499168,38.0,1.0,0.0,84.0,1.0,1.0,1.0,1.0,new_or_rank_fill,0.0
033500,동성화인텍,032001,032001,2020,3,2020-11-30,2020-11-30,2020-11-30,2021-02-28,0.1,3.0965153853848606,3.0965153853848606,0.0,9.0,11950.0,2020-11-30,0,0,1.679459730539683,2.558602649574507,0.4937144474294872,0.5865848323949886,0.9393569060685173,-0.19867209658463492,1,0.15,0,0.0,0.18644067796610164,0.2618001292935115,0.2598343824409146,00231105,3.0965153853848606,2.558602649574507,14.0,1.0,2.3463393295799544,15.0,1.0,0.5676345616703855,50.0,1.0,1.0,1.0,1.0,0.0,71.0,1.0,new_or_rank_fill,0.0
171090,선익시스템,032902,032902,2020,3,2020-11-30,2020-11-30,2020-11-30,2021-02-28,0.1,2.9905250106238226,2.9905250106238226,0.0,10.0,6470.0,2020-11-30,0,0,1.0312790350754029,1.8787879791443514,0.5268449876982478,0.6096811664309966,0.22869069018112714,0.3520558650484745,1,0.15,0,0.0,1.0281456953642385,0.2618001292935115,0.2598343824409146,00327819,2.9905250106238226,1.8787879791443514,20.0,1.0,2.4387246657239863,14.0,1.0,-1.0058739001384986,151.0,1.0,1.0,1.0,1.0,0.0,71.0,1.0,new_or_rank_fill,0.0
096530,씨젠,032103,032103,2020,4,2021-03-31,2021-03-31,2021-03-31,2021-04-30,0.1,3.7848836695936208,4.28488366959362,0.5,1.0,65384.0,2021-03-31,0,0,3.3688602090232154,2.8,8.034086199961838,0.7,0.5266934175802587,0.08488366959362106,1,0.15,1,0.05,0.4959484728859338,0.09832558509976796,0.09613575105790373,00788773,3.7848836695936208,2.8,1.0,1.0,2.8,1.0,1.0,-0.24252477026748875,70.0,1.0,1.0,1.0,1.0,1.0,1.0,1.0,keep_current_top_n,1.0
000100,유한양행,032102,032102,2020,4,2021-03-31,2021-03-31,2021-03-31,2021-04-30,0.1,3.337755720949126,3.337755720949126,0.0,2.0,55199.0,2021-03-31,0,0,2.0110419127057297,2.73650610005364,0.11957047585140856,0.26452860627242786,0.25947282011092854,0.28672101462305866,0,0.0,1,0.05,0.03709294405684527,0.09832558509976796,0.09613575105790373,00145109,3.337755720949126,2.73650610005364,4.0,1.0,1.0581144250897114,22.0,1.0,-0.8192028989230248,99.0,1.0,0.0,64.0,1.0,1.0,1.0,1.0,new_or_rank_fill,0.0
122870,와이지엔터테인먼트,105902,105902,2020,4,2021-03-31,2021-03-31,2021-03-31,2021-04-30,0.1,3.2330271971783944,3.2330271971783944,0.0,3.0,44500.0,2021-03-31,0,0,1.8073702347356653,2.589639355982071,0.04004069177905012,0.14986045725716524,0.250461593397756,0.29352738393915834,1,0.15,1,0.05,-0.09080962800875281,0.09832558509976796,0.09613575105790373,00613318,3.2330271971783944,2.589639355982071,6.0,1.0,0.5994418290286609,39.0,1.0,-0.8386496683975954,101.0,1.0,1.0,1.0,1.0,1.0,1.0,1.0,new_or_rank_fill,0.0
039200,오스코텍,032102,032102,2020,4,2021-03-31,2021-03-31,2021-03-31,2021-04-30,0.1,3.2295720307748716,3.2295720307748716,0.0,4.0,38569.0,2021-03-31,0,0,1.4194001726799932,2.264813796260656,9.717342988608475,0.7,0.28855023005167324,0.2647582345142158,0,0.0,0,0.0,0.05136237366274621,0.09832558509976796,0.09613575105790373,00263654,3.2295720307748716,2.264813796260656,8.0,1.0,2.8,1.0,1.0,-0.7564520986120453,97.0,1.0,0.0,64.0,1.0,0.0,63.0,1.0,new_or_rank_fill,0.0
011930,신성이엔지,032601,032601,2020,4,2021-03-31,2021-03-31,2021-03-31,2021-04-30,0.1,2.6152250047770327,3.1152250047770327,0.5,8.0,3290.0,2021-03-31,0,0,1.6573052760307614,2.4814281795245225,0.00692157447002506,0.10059587571185595,0.7937093008100603,-0.11679905045934591,1,0.15,0,0.0,0.032573289902280145,0.09832558509976796,0.09613575105790373,00136271,2.6152250047770327,2.4814281795245225,7.0,1.0,0.4023835028474238,45.0,1.0,0.33371157274098834,43.0,1.0,1.0,1.0,1.0,0.0,63.0,1.0,keep_current_top_n,1.0
043260,성호전자,032602,032602,2020,4,2021-03-31,2021-03-31,2021-03-31,2021-04-30,0.1,2.8616986801706146,2.8616986801706146,0.0,5.0,1860.0,2021-03-31,0,0,3.0328075349646544,2.8,-0.007204740941552323,0.07958302651557705,0.6627521366237574,-0.017884346344962592,0,0.0,0,0.0,0.08259587020648951,0.09832558509976796,0.09613575105790373,00317210,2.8616986801706146,2.8,1.0,1.0,0.3183321060623082,48.0,1.0,0.051098132414178835,60.0,1.0,0.0,64.0,1.0,0.0,63.0,1.0,new_or_rank_fill,0.0
012630,HDC,116409,116409,2020,4,2021-03-31,2021-03-31,2021-03-31,2021-04-30,0.1,2.7866329173005275,2.7866329173005275,0.0,6.0,11250.0,2021-03-31,0,0,1.3631790071185896,2.2040025463887503,1.3999304044972656,0.7,0.7944647128577638,-0.11736962908822282,0,0.0,0,0.0,0.10958904109589063,0.09832558509976796,0.09613575105790373,00164636,2.7866329173005275,2.2040025463887503,9.0,1.0,2.8,1.0,1.0,0.33534179739492237,42.0,1.0,0.0,64.0,1.0,0.0,63.0,1.0,new_or_rank_fill,0.0
103140,풍산,032402,032402,2020,4,2021-03-31,2021-03-31,2021-03-31,2021-04-30,0.1,2.687755385958722,2.687755385958722,0.0,7.0,33500.0,2021-03-31,0,0,1.2706989735328083,2.103972133031258,0.17455052835751372,0.3299547287087118,0.5678085764244213,0.05382852421875213,1,0.15,1,0.05,0.02732240437158473,0.09832558509976796,0.09613575105790373,00684714,2.687755385958722,2.103972133031258,11.0,1.0,1.3198189148348471,16.0,1.0,-0.15379578348214895,65.0,1.0,1.0,1.0,1.0,1.0,1.0,1.0,new_or_rank_fill,0.0
207940,삼성바이오로직스,032101,032101,2020,4,2021-03-31,2021-03-31,2021-03-31,2021-04-30,0.1,2.466622622861276,2.466622622861276,0.0,9.0,1087979.0,2021-03-31,0,0,0.933615613241473,1.7191575438634015,0.3507770923546871,0.5172479182338806,0.3342805499952909,0.23021716076399384,0,0.0,0,0.0,0.07199999266653156,0.09832558509976796,0.09613575105790373,00877059,2.466622622861276,1.7191575438634015,13.0,1.0,2.0689916729355224,12.0,1.0,-0.6577633164685539,92.0,1.0,0.0,64.0,1.0,0.0,63.0,1.0,new_or_rank_fill,0.0
171090,선익시스템,032902,032902,2020,4,2021-03-31,2021-03-31,2021-03-31,2021-04-30,0.1,-0.39162491882203704,0.10837508117796296,0.5,84.0,15300.0,2021-03-31,0,0,-0.7050413167692693,-1.044098951684915,0.006127740310382879,0.09941504992697045,0.17063283196705367,0.35305898293590754,1,0.15,1,0.05,0.11428571428571455,0.09832558509976796,0.09613575105790373,00327819,-0.39162491882203704,-1.044098951684915,104.0,1.0,0.3976601997078818,46.0,1.0,-1.0087399512454502,112.0,1.0,1.0,1.0,1.0,1.0,1.0,1.0,keep_current_top_n,1.0
122870,와이지엔터테인먼트,105902,105902,2021,1,2021-05-31,2021-05-31,2021-05-31,2021-07-31,0.1,3.521815352536731,4.021815352536731,0.5,1.0,50900.0,2021-05-31,0,0,2.3744132313303505,2.6461389201035272,0.2608135348839177,0.37474296774162513,0.23292205485345577,0.3009334646915789,1,0.15,1,0.05,0.26835138387484947,0.008689354261043336,0.006288050108637755,00613318,3.521815352536731,2.6461389201035272,9.0,1.0,1.4989718709665005,29.0,1.0,-0.8598098991187969,164.0,1.0,1.0,1.0,1.0,1.0,1.0,1.0,keep_current_top_n,1.0
006650,대한유화,032001,032001,2021,1,2021-05-31,2021-05-31,2021-05-31,2021-07-31,0.1,3.520837683218607,3.520837683218607,0.0,2.0,266500.0,2021-05-31,0,0,3.332308441146339,2.8,0.11165035017590974,0.16149966613890043,0.16052464504469127,0.35933801707970653,1,0.15,1,0.05,-0.19206349206349216,0.008689354261043336,0.006288050108637755,00260383,3.520837683218607,2.8,1.0,1.0,0.6459986645556017,50.0,1.0,-1.0266800487991616,182.0,1.0,1.0,1.0,1.0,1.0,1.0,1.0,new_or_rank_fill,0.0
112040,위메이드,105802,105802,2021,1,2021-05-31,2021-05-31,2021-05-31,2021-07-31,0.1,3.471232672759804,3.471232672759804,0.0,3.0,29805.0,2021-05-31,0,0,2.3945384879280507,2.6595312695279056,0.4632306299631642,0.5925739619110668,0.3900271403498763,0.16912744132083193,0,0.0,1,0.05,0.08446369542915755,0.008689354261043336,0.006288050108637755,00444329,3.471232672759804,2.6595312695279056,8.0,1.0,2.3702958476442673,16.0,1.0,-0.4832212609166627,131.0,1.0,0.0,63.0,1.0,1.0,1.0,1.0,new_or_rank_fill,0.0
103140,풍산,032402,032402,2021,1,2021-05-31,2021-05-31,2021-05-31,2021-07-31,0.1,2.9198153143723093,3.4198153143723093,0.5,5.0,40200.0,2021-05-31,0,0,2.140448624948067,2.4904472027633044,0.20306873246893797,0.29904328701291727,0.6150688378681701,-0.019675175403912004,1,0.15,0,0.0,0.025265957446808374,0.008689354261043336,0.006288050108637755,00684714,2.9198153143723093,2.4904472027633044,10.0,1.0,1.196173148051669,36.0,1.0,0.056214786868320016,93.0,1.0,1.0,1.0,1.0,0.0,76.0,1.0,keep_current_top_n,1.0
114810,한솔아이원스,032902,032902,2021,1,2021-05-31,2021-05-31,2021-05-31,2021-07-31,0.1,3.3777787036023805,3.3777787036023805,0.0,4.0,8250.0,2021-05-31,0,0,2.731048355712301,2.8,0.42614703111784047,0.556113322050938,0.5657933072903915,0.02166538155144276,0,0.0,0,0.0,0.1634146341463416,0.008689354261043336,0.006288050108637755,00625942,3.3777787036023805,2.8,1.0,1.0,2.224453288203752,18.0,1.0,-0.061901090146979316,102.0,1.0,0.0,63.0,1.0,0.0,76.0,1.0,new_or_rank_fill,0.0
042700,한미반도체,032902,032902,2021,1,2021-05-31,2021-05-31,2021-05-31,2021-07-31,0.1,2.8556999840022113,2.8556999840022113,0.0,6.0,16300.0,2021-05-31,0,0,1.4588854731108172,1.855351636048392,1.319149694772177,0.7,0.23361947984785456,0.3003483479538195,0,0.0,0,0.0,0.06386066763425258,0.008689354261043336,0.006288050108637755,00161383,2.8556999840022113,1.855351636048392,14.0,1.0,2.8,1.0,1.0,-0.8581381370109129,163.0,1.0,0.0,63.0,1.0,0.0,76.0,1.0,new_or_rank_fill,0.0
010060,OCI홀딩스,116409,116409,2021,1,2021-05-31,2021-05-31,2021-05-31,2021-07-31,0.1,2.8106678979783957,2.8106678979783957,0.0,7.0,100922.0,2021-05-31,0,0,2.990541665825593,2.8,-0.08104597208610909,-0.15426576777846818,0.6334142007240371,-0.035066334243135745,1,0.15,1,0.05,-0.08799782547416746,0.008689354261043336,0.006288050108637755,00148896,2.8106678979783957,2.8,1.0,1.0,-0.6170630711138727,140.0,1.0,0.10018952640895928,90.0,1.0,1.0,1.0,1.0,1.0,1.0,1.0,new_or_rank_fill,0.0
095610,테스,032902,032902,2021,1,2021-05-31,2021-05-31,2021-05-31,2021-07-31,0.1,2.793916064191643,2.793916064191643,0.0,8.0,30850.0,2021-05-31,0,0,1.409239545182207,1.8057963214796269,1.166337841069093,0.7,0.24819526343409923,0.288119742712016,0,0.0,0,0.0,-0.13994169096209907,0.008689354261043336,0.006288050108637755,00524421,2.793916064191643,1.8057963214796269,16.0,1.0,2.8,1.0,1.0,-0.8231992648914743,160.0,1.0,0.0,63.0,1.0,0.0,76.0,1.0,new_or_rank_fill,0.0
039030,이오테크닉스,032902,032902,2021,1,2021-05-31,2021-05-31,2021-05-31,2021-07-31,0.1,2.761156608181351,2.761156608181351,0.0,9.0,113200.0,2021-05-31,0,0,1.3370700117842853,1.7116780151337452,0.6974268318696597,0.7,0.17505909574303793,0.3494785930476058,0,0.0,0,0.0,-0.015319148936170368,0.008689354261043336,0.006288050108637755,00246417,2.761156608181351,1.7116780151337452,19.0,1.0,2.8,1.0,1.0,-0.9985102658503023,178.0,1.0,0.0,63.0,1.0,0.0,76.0,1.0,new_or_rank_fill,0.0
033500,동성화인텍,032001,032001,2021,1,2021-05-31,2021-05-31,2021-05-31,2021-07-31,0.1,2.4768400320667423,2.4768400320667423,0.0,10.0,13050.0,2021-05-31,0,0,2.8007071443248015,2.8,-0.11536435309721726,-0.21050222493606327,0.7854957116314056,-0.16265774299719443,0,0.0,1,0.05,-0.08239700374531833,0.008689354261043336,0.006288050108637755,00231105,2.4768400320667423,2.8,1.0,1.0,-0.8420088997442531,152.0,1.0,0.4647364085634127,64.0,1.0,0.0,63.0,1.0,1.0,1.0,1.0,new_or_rank_fill,0.0
122870,와이지엔터테인먼트,105902,105902,2021,2,2021-08-31,2021-08-31,2021-08-31,2021-10-31,0.1,3.1563674462981646,3.6563674462981646,0.5,4.0,60600.0,2021-08-31,0,0,2.1073194938284017,2.1130517096875217,0.6324152767907845,0.6073874168770012,0.26774994124012913,0.28592831973364197,1,0.15,0,0.0,0.33396584440227706,-0.07754464882649925,-0.07944892130010017,00613318,3.1563674462981646,2.1130517096875217,8.0,1.0,2.4295496675080046,7.0,1.0,-0.8169380563818343,151.0,1.0,1.0,1.0,1.0,0.0,77.0,1.0,keep_current_top_n,1.0
003160,디아이,032702,032702,2021,2,2021-08-31,2021-08-31,2021-08-31,2021-10-31,0.1,3.6252415339553408,3.6252415339553408,0.0,1.0,9710.0,2021-08-31,0,0,4.055644398245438,2.8,0.6015962567679216,0.5829680649554844,0.5381010226294686,0.04227346899985699,1,0.15,1,0.05,-0.12499999999999989,-0.07754464882649925,-0.07944892130010017,00118275,3.6252415339553408,2.8,1.0,1.0,2.3318722598219375,9.0,1.0,-0.12078133999959141,101.0,1.0,1.0,1.0,1.0,1.0,1.0,1.0,new_or_rank_fill,0.0
232140,와이씨,032902,032902,2021,2,2021-08-31,2021-08-31,2021-08-31,2021-10-31,0.1,3.536807386443067,3.536807386443067,0.0,2.0,5750.0,2021-08-31,0,0,2.331575973227296,2.2977748149347628,1.4520614673535666,0.7,0.20882728137756068,0.33903257150830424,1,0.15,1,0.05,-0.1472,-0.07754464882649925,-0.07944892130010017,01109539,3.536807386443067,2.2977748149347628,7.0,1.0,2.8,1.0,1.0,-0.9686644900237265,163.0,1.0,1.0,1.0,1.0,1.0,1.0,1.0,new_or_rank_fill,0.0
114810,한솔아이원스,032902,032902,2021,2,2021-08-31,2021-08-31,2021-08-31,2021-10-31,0.1,3.002059039702992,3.502059039702992,0.5,6.0,9870.0,2021-08-31,0,0,2.584324761429181,2.4706449477229415,0.3210156205814302,0.286030481527883,0.5346501161427979,0.045383610452167635,1,0.15,1,0.05,-0.0943396226415093,-0.07754464882649925,-0.07944892130010017,00625942,3.002059039702992,2.4706449477229415,5.0,1.0,1.144121926111532,29.0,1.0,-0.12966745843476468,104.0,1.0,1.0,1.0,1.0,1.0,1.0,1.0,keep_current_top_n,1.0
011200,HMM,085001,085001,2021,2,2021-08-31,2021-08-31,2021-08-31,2021-10-31,0.1,3.3640272850900703,3.3640272850900703,0.0,3.0,42000.0,2021-08-31,0,0,4.089133061244438,2.8,0.667848634892661,0.6289355849528017,0.8789393976710024,-0.2649082998627309,1,0.15,1,0.05,-0.33375,-0.07754464882649925,-0.07944892130010017,00164645,3.3640272850900703,2.8,1.0,1.0,2.5157423398112067,6.0,1.0,0.7568808567506597,49.0,1.0,1.0,1.0,1.0,1.0,1.0,1.0,new_or_rank_fill,0.0
095340,ISC,074605,074605,2021,2,2021-08-31,2021-08-31,2021-08-31,2021-10-31,0.1,3.047573475649466,3.047573475649466,0.0,5.0,25850.0,2021-08-31,0,0,3.121462277966357,2.7656099219509507,-0.007987336121957345,-0.20515517557295937,0.2109508152073913,0.33711872927147446,1,0.15,0,0.0,0.013461538461538414,-0.07754464882649925,-0.07944892130010017,00572905,3.047573475649466,2.7656099219509507,3.0,1.0,-0.8206207022918375,136.0,1.0,-0.96319636934707,162.0,1.0,1.0,1.0,1.0,0.0,77.0,1.0,new_or_rank_fill,0.0
103140,풍산,032402,032402,2021,2,2021-08-31,2021-08-31,2021-08-31,2021-10-31,0.1,2.4831527289860187,2.9831527289860187,0.5,9.0,35450.0,2021-08-31,0,0,2.054767782006035,2.0697641515313157,0.32349490026152306,0.2890459414286892,0.6134747494354362,-0.02565736397398633,1,0.15,0,0.0,-0.1413748378728924,-0.07754464882649925,-0.07944892130010017,00684714,2.4831527289860187,2.0697641515313157,9.0,1.0,1.156183765714757,28.0,1.0,0.07330675421138952,86.0,1.0,1.0,1.0,1.0,0.0,77.0,1.0,keep_current_top_n,1.0
053610,프로텍,032902,032902,2021,2,2021-08-31,2021-08-31,2021-08-31,2021-10-31,0.1,2.7953429266780847,2.7953429266780847,0.0,7.0,29550.0,2021-08-31,0,0,1.4637254872993435,1.510552790562404,1.3372462044057198,0.7,0.14840576808057626,0.38479013611568136,1,0.15,1,0.05,-0.018248175182481674,-0.07754464882649925,-0.07944892130010017,00325112,2.7953429266780847,1.510552790562404,21.0,1.0,2.8,1.0,1.0,-1.0994003889019468,172.0,1.0,1.0,1.0,1.0,1.0,1.0,1.0,new_or_rank_fill,0.0
011780,금호석유화학,032001,032001,2021,2,2021-08-31,2021-08-31,2021-08-31,2021-10-31,0.1,2.647707982196282,2.647707982196282,0.0,8.0,194500.0,2021-08-31,0,0,1.7644232633835597,1.8306034315591666,0.5530918647370626,0.5387224367726965,0.4980361063873376,0.07838211386441923,1,0.15,1,0.05,-0.1547911547911548,-0.07754464882649925,-0.07944892130010017,00106368,2.647707982196282,1.8306034315591666,13.0,1.0,2.154889747090786,12.0,1.0,-0.22394889675548355,109.0,1.0,1.0,1.0,1.0,1.0,1.0,1.0,new_or_rank_fill,0.0
023160,태광,032401,032401,2021,2,2021-08-31,2021-08-31,2021-08-31,2021-10-31,0.1,2.31612622416307,2.31612622416307,0.0,10.0,12500.0,2021-08-31,0,0,2.367370276602752,2.327259068354772,-0.4203095700485663,-0.6328085214262433,0.09724710091735685,0.4216756772345419,1,0.15,1,0.05,-0.06772908366533859,-0.07754464882649925,-0.07944892130010017,00153375,2.31612622416307,2.327259068354772,6.0,1.0,-2.5312340857049733,173.0,1.0,-1.2047876492415484,178.0,1.0,1.0,1.0,1.0,1.0,1.0,1.0,new_or_rank_fill,0.0
031980,피에스케이홀딩스,032902,032902,2021,3,2021-11-30,2021-11-30,2021-11-30,2022-02-28,0.1,3.9028881134125277,3.9028881134125277,0.0,1.0,11550.0,2021-11-30,0,0,3.918790158070308,2.762271073535209,0.7396002603078715,0.5837735162593024,0.19354259367923168,0.3568435236180164,1,0.15,1,0.05,0.30316742081447967,-0.007675858047494488,-0.00981584256049628,00208444,3.9028881134125277,2.762271073535209,4.0,1.0,2.3350940650372096,10.0,1.0,-1.019552924622904,147.0,1.0,1.0,1.0,1.0,1.0,1.0,1.0,new_or_rank_fill,0.0
011200,HMM,085001,085001,2021,3,2021-11-30,2021-11-30,2021-11-30,2022-02-28,0.1,2.9531088525389744,3.4531088525389744,0.5,4.0,23600.0,2021-11-30,0,0,2.7713343356604243,2.1951313975129576,0.944768182937503,0.6838460065124881,0.6923860101932219,-0.12586855148647141,1,0.15,1,0.05,0.08255159474671658,-0.007675858047494488,-0.00981584256049628,00164645,2.9531088525389744,2.1951313975129576,7.0,1.0,2.7353840260499522,5.0,1.0,0.35962443281848977,63.0,1.0,1.0,1.0,1.0,1.0,1.0,1.0,keep_current_top_n,1.0
122870,와이지엔터테인먼트,105902,105902,2021,3,2021-11-30,2021-11-30,2021-11-30,2022-02-28,0.1,2.933439593839059,3.433439593839059,0.5,5.0,55700.0,2021-11-30,0,0,2.3800012993586637,1.9399365522809988,0.6799696772089084,0.5425035459497749,0.2528108158883284,0.3009994956082856,1,0.15,0,0.0,-0.06543385490753906,-0.007675858047494488,-0.00981584256049628,00613318,2.933439593839059,1.9399365522809988,10.0,1.0,2.1700141837990996,13.0,1.0,-0.8599985588808161,135.0,1.0,1.0,1.0,1.0,0.0,97.0,1.0,keep_current_top_n,1.0
043260,성호전자,032602,032602,2021,3,2021-11-30,2021-11-30,2021-11-30,2022-02-28,0.1,3.043765044589159,3.043765044589159,0.0,2.0,1400.0,2021-11-30,0,0,5.617041898144282,2.8,0.3218467124249902,0.24108130261749994,0.7144721790566494,-0.14731625802834025,1,0.15,0,0.0,-0.08761329305135979,-0.007675858047494488,-0.00981584256049628,00317210,3.043765044589159,2.8,1.0,1.0,0.9643252104699997,33.0,1.0,0.42090359436668645,59.0,1.0,1.0,1.0,1.0,0.0,97.0,1.0,new_or_rank_fill,0.0
093370,후성,032001,032001,2021,3,2021-11-30,2021-11-30,2021-11-30,2022-02-28,0.1,2.97430069342325,2.97430069342325,0.0,3.0,23390.0,2021-11-30,0,0,7.725303253272531,2.8,0.2709841033151338,0.1824117894599868,0.7770767776255908,-0.20811109603673636,1,0.15,1,0.05,0.05769132063850524,-0.007675858047494488,-0.00981584256049628,00595191,2.97430069342325,2.8,1.0,1.0,0.7296471578399472,41.0,1.0,0.5946031315335325,50.0,1.0,1.0,1.0,1.0,1.0,1.0,1.0,new_or_rank_fill,0.0
232140,와이씨,032902,032902,2021,3,2021-11-30,2021-11-30,2021-11-30,2022-02-28,0.1,2.1985941354887717,2.6985941354887717,0.5,11.0,5220.0,2021-11-30,0,0,1.8927366113477797,1.562910754455003,0.23706835524736958,0.14329031177073087,0.21018502483626947,0.3423930692630377,1,0.15,0,0.0,-0.0056285178236398226,-0.007675858047494488,-0.00981584256049628,01109539,2.1985941354887717,1.562910754455003,15.0,1.0,0.5731612470829235,49.0,1.0,-0.9782659121801077,142.0,1.0,1.0,1.0,1.0,0.0,97.0,1.0,keep_current_top_n,1.0
066970,엘앤에프,032802,032802,2021,3,2021-11-30,2021-11-30,2021-11-30,2022-02-28,0.1,2.6868487166479555,2.6868487166479555,0.0,6.0,224300.0,2021-11-30,0,0,2.1785930749363502,1.8085948665760838,1.0520320585708147,0.7,0.5851640590352308,-0.021746149928127758,1,0.15,1,0.05,0.059206952743074304,-0.007675858047494488,-0.00981584256049628,00398701,2.6868487166479555,1.8085948665760838,11.0,1.0,2.8,1.0,1.0,0.06213185693750788,76.0,1.0,1.0,1.0,1.0,1.0,1.0,1.0,new_or_rank_fill,0.0
207940,삼성바이오로직스,032101,032101,2021,3,2021-11-30,2021-11-30,2021-11-30,2022-02-28,0.1,2.500547474293789,2.500547474293789,0.0,7.0,1293067.0,2021-11-30,0,0,4.446049318836688,2.8,-0.5872809608809184,-0.6230353664589454,0.435508867573937,0.12358284075273536,1,0.15,1,0.05,-0.0950345966408973,-0.007675858047494488,-0.00981584256049628,00877059,2.500547474293789,2.8,1.0,1.0,-2.4921414658357817,154.0,1.0,-0.35309383072210104,104.0,1.0,1.0,1.0,1.0,1.0,1.0,1.0,new_or_rank_fill,0.0
005420,코스모화학,032004,032004,2021,3,2021-11-30,2021-11-30,2021-11-30,2022-02-28,0.1,2.463764102163417,2.463764102163417,0.0,8.0,12089.0,2021-11-30,0,0,2.5262606531114242,2.035314733222208,0.9060217175267795,0.6659685416949701,0.8073602835590993,-0.2375191727537608,0,0.0,0,0.0,-0.12589038014545995,-0.007675858047494488,-0.00981584256049628,00160302,2.463764102163417,2.035314733222208,8.0,1.0,2.6638741667798804,8.0,1.0,0.6786262078678881,47.0,1.0,0.0,89.0,1.0,0.0,97.0,1.0,new_or_rank_fill,0.0
298050,HS효성첨단소재,032005,032005,2021,3,2021-11-30,2021-11-30,2021-11-30,2022-02-28,0.1,2.4132036925381843,2.4132036925381843,0.0,9.0,598000.0,2021-11-30,0,0,3.1971314495002137,2.4485338976772693,0.6094203373229701,0.49367676930032656,1.453532134761314,-0.7290069744394114,1,0.15,1,0.05,-0.3455571227080395,-0.007675858047494488,-0.00981584256049628,01316254,2.4132036925381843,2.4485338976772693,5.0,1.0,1.9747070772013062,14.0,1.0,2.08287706982689,5.0,1.0,1.0,1.0,1.0,1.0,1.0,1.0,new_or_rank_fill,0.0
066970,엘앤에프,032802,032802,2021,4,2022-03-31,2022-03-31,2022-03-31,2022-04-30,0.1,3.465453799912047,3.965453799912047,0.5,1.0,225800.0,2022-03-31,0,0,3.4434674462039685,2.8,1.5892859807601816,0.7,0.8805347903536364,-0.2345462000879526,1,0.15,1,0.05,0.12461538461538457,-0.0003761737773264606,-0.002423713807885197,00398701,3.465453799912047,2.8,1.0,1.0,2.8,1.0,1.0,0.6701320002512932,30.0,1.0,1.0,1.0,1.0,1.0,1.0,1.0,keep_current_top_n,1.0
011200,HMM,085001,085001,2021,4,2022-03-31,2022-03-31,2022-03-31,2022-04-30,0.1,3.404286236235665,3.904286236235665,0.5,2.0,29150.0,2022-03-31,0,0,2.467649105424307,2.491780173565798,0.9875952238512395,0.6320741994351422,0.5456770736914232,0.08043186323472536,1,0.15,1,0.05,-0.015597920277296451,-0.0003761737773264606,-0.002423713807885197,00164645,3.404286236235665,2.491780173565798,6.0,1.0,2.528296797740569,9.0,1.0,-0.22980532352778676,77.0,1.0,1.0,1.0,1.0,1.0,1.0,1.0,keep_current_top_n,1.0
093370,후성,032001,032001,2021,4,2022-03-31,2022-03-31,2022-03-31,2022-04-30,0.1,3.1090070806436345,3.6090070806436345,0.5,3.0,19288.0,2022-03-31,0,0,3.068287044179517,2.8,0.40656600179325375,0.24590529257520255,0.7767238074369995,-0.13689821193156773,1,0.15,1,0.05,-0.09482214781384957,-0.0003761737773264606,-0.002423713807885197,00595191,3.1090070806436345,2.8,1.0,1.0,0.9836211703008102,31.0,1.0,0.39113774837590787,42.0,1.0,1.0,1.0,1.0,1.0,1.0,1.0,keep_current_top_n,1.0
005090,SGC에너지,043501,043501,2021,4,2022-03-31,2022-03-31,2022-03-31,2022-04-30,0.1,2.8405289901142656,2.8405289901142656,0.0,4.0,50200.0,2022-03-31,0,1,2.799556566308359,2.6793134310076647,17.44228952105164,0.7,1.2541497116620204,-0.5387844408933994,0,0.0,0,0.0,-0.09285714285714286,-0.0003761737773264606,-0.002423713807885197,00125150,2.8405289901142656,2.6793134310076647,3.0,1.0,2.8,1.0,1.0,1.539384116838284,8.0,1.0,0.0,72.0,1.0,0.0,79.0,1.0,new_or_rank_fill,0.0
285130,SK케미칼,032002,032002,2021,4,2022-03-31,2022-03-31,2022-03-31,2022-04-30,0.1,2.754618720893099,2.754618720893099,0.0,5.0,136000.0,2022-03-31,1,0,1.5893792942658234,1.791086130609289,0.8691512506684993,0.5766472834802671,0.43250488427527994,0.18688530680354307,1,0.15,1,0.05,0.020000000000000018,-0.0003761737773264606,-0.002423713807885197,01267170,2.754618720893099,1.791086130609289,17.0,1.0,2.3065891339210682,10.0,1.0,-0.5339580194386945,90.0,1.0,1.0,1.0,1.0,1.0,1.0,1.0,new_or_rank_fill,0.0
053610,프로텍,032902,032902,2021,4,2022-03-31,2022-03-31,2022-03-31,2022-04-30,0.1,2.6909283431815894,2.6909283431815894,0.0,6.0,30300.0,2022-03-31,0,0,1.369856124327111,1.5430176175790695,1.5302646207854202,0.7,0.12898242552270536,0.4479107256025198,0,0.0,0,0.0,-0.006779661016949046,-0.0003761737773264606,-0.002423713807885197,00325112,2.6909283431815894,1.5430176175790695,19.0,1.0,2.8,1.0,1.0,-1.2797449302929138,133.0,1.0,0.0,72.0,1.0,0.0,79.0,1.0,new_or_rank_fill,0.0
105840,우진,032702,032702,2021,4,2022-03-31,2022-03-31,2022-03-31,2022-04-30,0.1,2.5755720421198283,2.5755720421198283,0.0,7.0,10900.0,2022-03-31,0,0,2.1843664123474293,2.297581082774424,0.18921084566550772,0.02733398741706406,0.3647083083925957,0.2506569719283402,0,0.0,0,0.0,0.001029866117404632,-0.0003761737773264606,-0.002423713807885197,00173944,2.5755720421198283,2.297581082774424,8.0,1.0,0.10933594966825624,53.0,1.0,-0.7161627769381148,105.0,1.0,0.0,72.0,1.0,0.0,79.0,1.0,new_or_rank_fill,0.0
018290,브이티,032004,032004,2021,4,2022-03-31,2022-03-31,2022-03-31,2022-04-30,0.1,2.556640052239549,2.556640052239549,0.0,8.0,6730.0,2022-03-31,0,0,1.667818684553782,1.8597939458448118,1.1590866795645447,0.7,0.6345382959164383,-0.0031538936052627185,0,0.0,0,0.0,-0.014084507042253502,-0.0003761737773264606,-0.002423713807885197,00150165,2.556640052239549,1.8597939458448118,14.0,1.0,2.8,1.0,1.0,0.00901112458646491,68.0,1.0,0.0,72.0,1.0,0.0,79.0,1.0,new_or_rank_fill,0.0
003490,대한항공,085101,085101,2021,4,2022-03-31,2022-03-31,2022-03-31,2022-04-30,0.1,2.5467105187464427,2.5467105187464427,0.0,9.0,30200.0,2022-03-31,0,0,2.609749152637031,2.5720690729640383,0.5857546615094457,0.39087724122668865,1.3570742751368405,-0.6162357954442839,1,0.15,1,0.05,0.029010238907849928,-0.0003761737773264606,-0.002423713807885197,00113526,2.5467105187464427,2.5720690729640383,5.0,1.0,1.5635089649067546,17.0,1.0,1.7606737012693827,5.0,1.0,1.0,1.0,1.0,1.0,1.0,1.0,new_or_rank_fill,0.0
015750,성우하이텍,033003,033003,2021,4,2022-03-31,2022-03-31,2022-03-31,2022-04-30,0.1,2.499595932973323,2.499595932973323,0.0,10.0,4985.0,2022-03-31,0,0,2.7360528010570464,2.6434327432831948,0.25099986337592817,0.08946872802321036,0.9323715452643996,-0.28330553833308186,0,0.0,1,0.05,0.025960539979231534,-0.0003761737773264606,-0.002423713807885197,00132992,2.499595932973323,2.6434327432831948,4.0,1.0,0.35787491209284145,45.0,1.0,0.8094443952373769,27.0,1.0,0.0,72.0,1.0,1.0,1.0,1.0,new_or_rank_fill,0.0
011200,HMM,085001,085001,2022,1,2022-05-31,2022-05-31,2022-05-31,2022-07-31,0.1,3.7037667315014793,4.20376673150148,0.5,1.0,32450.0,2022-05-31,0,0,2.7701261915404727,2.8,0.7969563677042593,0.5930621679139307,0.4681751872310228,0.11070456358754924,1,0.15,1,0.05,-0.12499999999999989,-0.10415451607184079,-0.10593627820842222,00164645,3.7037667315014793,2.8,1.0,1.0,2.372248671655723,10.0,1.0,-0.31629875310728356,108.0,1.0,1.0,1.0,1.0,1.0,1.0,1.0,keep_current_top_n,1.0
093370,후성,032001,032001,2022,1,2022-05-31,2022-05-31,2022-05-31,2022-07-31,0.1,3.461596563755396,3.961596563755396,0.5,2.0,22755.0,2022-05-31,0,0,3.0066827879389266,2.8,0.720319309648195,0.5401535561590269,0.6999472643704883,-0.07855699240363048,1,0.15,1,0.05,-0.03141585803892144,-0.10415451607184079,-0.10593627820842222,00595191,3.461596563755396,2.8,1.0,1.0,2.1606142246361077,14.0,1.0,0.22444854972465852,73.0,1.0,1.0,1.0,1.0,1.0,1.0,1.0,keep_current_top_n,1.0
010950,S-Oil,031902,031902,2022,1,2022-05-31,2022-05-31,2022-05-31,2022-07-31,0.1,2.6821764304198976,2.6821764304198976,0.0,3.0,116000.0,2022-05-31,0,0,1.9342508184315994,2.271661959853982,1.1475616060712062,0.7,1.0194836260779268,-0.33948552943408433,0,0.0,1,0.05,-0.11304347826086958,-0.10415451607184079,-0.10593627820842222,00138279,2.6821764304198976,2.271661959853982,8.0,1.0,2.8,1.0,1.0,0.9699586555259553,30.0,1.0,0.0,43.0,1.0,1.0,1.0,1.0,new_or_rank_fill,0.0
053610,프로텍,032902,032902,2022,1,2022-05-31,2022-05-31,2022-05-31,2022-07-31,0.1,2.1282621642427193,2.6282621642427193,0.5,11.0,30000.0,2022-05-31,0,0,0.7195424491396211,0.9206341435630655,0.8884438606882802,0.6374821382383581,0.1442923664420049,0.37014588244129604,1,0.15,1,0.05,-0.16211604095563137,-0.10415451607184079,-0.10593627820842222,00325112,2.1282621642427193,0.9206341435630655,34.0,1.0,2.5499285529534323,8.0,1.0,-1.0575596641179887,172.0,1.0,1.0,1.0,1.0,1.0,1.0,1.0,keep_current_top_n,1.0
025980,아난티,095501,095501,2022,1,2022-05-31,2022-05-31,2022-05-31,2022-07-31,0.1,2.4955636074256082,2.4955636074256082,0.0,4.0,8000.0,2022-05-31,0,0,2.082575040414372,2.4055559356526484,0.4949454758666596,0.3627469402548894,1.2202448397717895,-0.47273926848192954,1,0.15,1,0.05,-0.19014891179839633,-0.10415451607184079,-0.10593627820842222,00161781,2.4955636074256082,2.4055559356526484,7.0,1.0,1.4509877610195576,31.0,1.0,1.3506836242340845,13.0,1.0,1.0,1.0,1.0,1.0,1.0,1.0,new_or_rank_fill,0.0
004000,롯데정밀화학,032001,032001,2022,1,2022-05-31,2022-05-31,2022-05-31,2022-07-31,0.1,2.4348507378808795,2.4348507378808795,0.0,5.0,83900.0,2022-05-31,0,0,1.08886397812796,1.3902510618450363,0.7184587048473822,0.53886903376826,0.22934380324862097,0.3057306422675832,1,0.15,1,0.05,-0.19263803680981595,-0.10415451607184079,-0.10593627820842222,00157681,2.4348507378808795,1.3902510618450363,19.0,1.0,2.15547613507304,15.0,1.0,-0.8735161207645235,153.0,1.0,1.0,1.0,1.0,1.0,1.0,1.0,new_or_rank_fill,0.0
003030,세아제강지주,116409,116409,2022,1,2022-05-31,2022-05-31,2022-05-31,2022-07-31,0.1,2.412104963943415,2.412104963943415,0.0,6.0,162500.0,2022-05-31,0,0,1.6106463826203627,1.973479730297927,0.557069983529666,0.41993287683754504,0.6420851182367814,-0.031307643192056825,0,0.0,1,0.05,0.0692041522491349,-0.10415451607184079,-0.10593627820842222,00124197,2.412104963943415,1.973479730297927,15.0,1.0,1.6797315073501802,28.0,1.0,0.08945040912016236,84.0,1.0,0.0,43.0,1.0,1.0,1.0,1.0,new_or_rank_fill,0.0
011210,현대위아,033003,033003,2022,1,2022-05-31,2022-05-31,2022-05-31,2022-07-31,0.1,2.380769264878812,2.380769264878812,0.0,7.0,66400.0,2022-05-31,0,0,2.246807671742936,2.5064429997265054,0.15890605251802814,0.0042761009614848385,0.762883585504624,-0.12994983580917827,0,0.0,0,0.0,0.03969465648854964,-0.10415451607184079,-0.10593627820842222,00106623,2.380769264878812,2.5064429997265054,5.0,1.0,0.017104403845939354,78.0,1.0,0.3712852451690808,67.0,1.0,0.0,43.0,1.0,0.0,78.0,1.0,new_or_rank_fill,0.0
080220,제주반도체,032601,032601,2022,1,2022-05-31,2022-05-31,2022-05-31,2022-07-31,0.1,2.370797717415244,2.370797717415244,0.0,8.0,5680.0,2022-05-31,0,0,1.6181744470565644,1.980416393672769,0.2892631702709354,0.15426911799577844,0.3145994144853787,0.2361122057466967,0,0.0,0,0.0,-0.08272058823529416,-0.10415451607184079,-0.10593627820842222,00447487,2.370797717415244,1.980416393672769,14.0,1.0,0.6170764719831138,46.0,1.0,-0.6746063021334192,137.0,1.0,0.0,43.0,1.0,0.0,78.0,1.0,new_or_rank_fill,0.0
052400,코나아이,105802,105802,2022,1,2022-05-31,2022-05-31,2022-05-31,2022-07-31,0.1,2.3162949517399176,2.3162949517399176,0.0,9.0,22200.0,2022-05-31,0,0,3.460389748238854,2.8,0.3161054056773702,0.18515464187018235,1.8464407506310123,-0.8188596901302642,1,0.15,0,0.0,-0.2848232848232849,-0.10415451607184079,-0.10593627820842222,00349732,2.3162949517399176,2.8,1.0,1.0,0.7406185674807294,43.0,1.0,2.3395991146578976,1.0,1.0,1.0,1.0,1.0,0.0,78.0,1.0,new_or_rank_fill,0.0
036930,주성엔지니어링,032902,032902,2022,2,2022-08-31,2022-08-31,2022-08-31,2022-10-31,0.1,3.5071110376660792,3.5071110376660792,0.0,1.0,15950.0,2022-08-31,0,0,3.435453400377116,2.8,1.3605060889648832,0.7,0.6183255837831979,0.007111037666079061,0,0.0,0,0.0,-0.32448377581120946,-0.12708302218138257,-0.12880873660666947,00252135,3.5071110376660792,2.8,1.0,1.0,2.8,1.0,1.0,-0.020317250474511602,98.0,1.0,0.0,103.0,1.0,0.0,81.0,1.0,new_or_rank_fill,0.0
031980,피에스케이홀딩스,032902,032902,2022,2,2022-08-31,2022-08-31,2022-08-31,2022-10-31,0.1,3.3005546484820614,3.3005546484820614,0.0,2.0,8560.0,2022-08-31,0,0,2.435148725886828,2.6355736181992806,0.3796632924740613,0.28713687972833946,0.2017201085678146,0.37784415055444126,0,0.0,0,0.0,-0.24593716143011934,-0.12708302218138257,-0.12880873660666947,00208444,3.3005546484820614,2.6355736181992806,7.0,1.0,1.1485475189133578,34.0,1.0,-1.0795547158698322,176.0,1.0,0.0,103.0,1.0,0.0,81.0,1.0,new_or_rank_fill,0.0
267250,HD현대,116409,116409,2022,2,2022-08-31,2022-08-31,2022-08-31,2022-10-31,0.1,3.2204694641156997,3.2204694641156997,0.0,3.0,63200.0,2022-08-31,0,0,2.6255487005517204,2.743179083793403,1.044750473092491,0.6953136181509957,1.106016430851331,-0.41802323782869877,1,0.15,1,0.05,0.07029876977152916,-0.12708302218138257,-0.12880873660666947,01205709,3.2204694641156997,2.743179083793403,4.0,1.0,2.7812544726039827,4.0,1.0,1.1943521080819965,18.0,1.0,1.0,1.0,1.0,1.0,1.0,1.0,new_or_rank_fill,0.0
010950,S-Oil,031902,031902,2022,2,2022-08-31,2022-08-31,2022-08-31,2022-10-31,0.1,2.7182794608525414,3.2182794608525414,0.5,10.0,101500.0,2022-08-31,0,1,1.7057134914153498,2.134994656787079,0.8385683571945776,0.609520494953724,0.8757124789831904,-0.22623569088826137,1,0.15,1,0.05,-0.05882352941176472,-0.12708302218138257,-0.12880873660666947,00138279,2.7182794608525414,2.134994656787079,14.0,1.0,2.438081979814896,13.0,1.0,0.6463876882521754,48.0,1.0,1.0,1.0,1.0,1.0,1.0,1.0,keep_current_top_n,1.0
161580,필옵틱스,032902,032902,2022,2,2022-08-31,2022-08-31,2022-08-31,2022-10-31,0.1,3.1509903547098608,3.1509903547098608,0.0,4.0,8990.0,2022-08-31,0,0,2.4195345666581347,2.6267492006718025,1.0362869090970621,0.6917918986003663,0.9764351173325437,-0.31755074456230814,1,0.15,0,0.0,0.013698630136986356,-0.12708302218138257,-0.12880873660666947,00938721,3.1509903547098608,2.6267492006718025,9.0,1.0,2.767167594401465,5.0,1.0,0.9072878416065947,33.0,1.0,1.0,1.0,1.0,0.0,81.0,1.0,new_or_rank_fill,0.0
004000,롯데정밀화학,032001,032001,2022,2,2022-08-31,2022-08-31,2022-08-31,2022-10-31,0.1,2.6219127014366896,3.1219127014366896,0.5,13.0,70500.0,2022-08-31,0,0,1.0882818921939803,1.5487706395751664,0.6295454758752881,0.4838179785047842,0.18589181584118214,0.38932408335673957,1,0.15,1,0.05,-0.14741641337386024,-0.12708302218138257,-0.12880873660666947,00157681,2.6219127014366896,1.5487706395751664,22.0,1.0,1.9352719140191368,21.0,1.0,-1.1123545238763988,178.0,1.0,1.0,1.0,1.0,1.0,1.0,1.0,keep_current_top_n,1.0
090460,비에이치,032602,032602,2022,2,2022-08-31,2022-08-31,2022-08-31,2022-10-31,0.1,3.096740941715358,3.096740941715358,0.0,5.0,31600.0,2022-08-31,0,0,2.155801458321219,2.4776991602759115,0.7573200119806376,0.5635691475367397,0.564981612863278,0.055472633902706535,0,0.0,0,0.0,-0.18305084745762712,-0.12708302218138257,-0.12880873660666947,00447609,3.096740941715358,2.4776991602759115,10.0,1.0,2.254276590146959,17.0,1.0,-0.15849323972201868,113.0,1.0,0.0,103.0,1.0,0.0,81.0,1.0,new_or_rank_fill,0.0
050890,쏠리드,032604,032604,2022,2,2022-08-31,2022-08-31,2022-08-31,2022-10-31,0.1,2.982213129842975,2.982213129842975,0.0,6.0,5450.0,2022-08-31,0,1,2.4287702719257647,2.63196880412586,0.5206082142148241,0.4044322618450137,0.6859397845115508,-0.054187936127898746,0,0.0,0,0.0,-0.19734345351043636,-0.12708302218138257,-0.12880873660666947,00364403,2.982213129842975,2.63196880412586,8.0,1.0,1.6177290473800547,26.0,1.0,0.15482267465113927,84.0,1.0,0.0,103.0,1.0,0.0,81.0,1.0,new_or_rank_fill,0.0
096770,SK이노베이션,031902,031902,2022,2,2022-08-31,2022-08-31,2022-08-31,2022-10-31,0.1,2.9151983113221913,2.9151983113221913,0.0,7.0,186950.0,2022-08-31,0,0,2.149290648254162,2.474019544509714,0.8773820621766221,0.6256710177998269,1.0597846031675064,-0.38449225098734935,1,0.15,1,0.05,-0.07733210472112317,-0.12708302218138257,-0.12880873660666947,00631518,2.9151983113221913,2.474019544509714,11.0,1.0,2.5026840711993077,12.0,1.0,1.0985492885352839,22.0,1.0,1.0,1.0,1.0,1.0,1.0,1.0,new_or_rank_fill,0.0
011210,현대위아,033003,033003,2022,2,2022-08-31,2022-08-31,2022-08-31,2022-10-31,0.1,0.4662414190150528,0.9662414190150528,0.5,69.0,76000.0,2022-08-31,0,0,0.34630221615314966,0.6376298025466076,-0.17500816013226084,-0.2744647103050612,0.677927132756402,-0.046923673226493615,1,0.15,0,0.0,-0.10279001468428783,-0.12708302218138257,-0.12880873660666947,00106623,0.4662414190150528,0.6376298025466076,53.0,1.0,-1.0978588412202448,168.0,1.0,0.13406763778998176,86.0,1.0,1.0,1.0,1.0,0.0,81.0,1.0,keep_current_top_n,1.0
322000,HD현대에너지솔루션,032601,032601,2022,3,2022-11-30,2022-11-30,2022-11-30,2023-02-28,0.1,3.6563697018761143,3.6563697018761143,0.0,1.0,65900.0,2022-11-30,0,0,3.1838904402378296,2.8,1.2374813687334532,0.7,0.6346365471651624,-0.04363029812388545,1,0.15,1,0.05,-0.16977928692699495,0.0948900545818332,0.09280652173896176,01199550,3.6563697018761143,2.8,1.0,1.0,2.8,1.0,1.0,0.12465799463967271,79.0,1.0,1.0,1.0,1.0,1.0,1.0,1.0,new_or_rank_fill,0.0
066970,엘앤에프,032802,032802,2022,3,2022-11-30,2022-11-30,2022-11-30,2023-02-28,0.1,3.2012507023120897,3.2012507023120897,0.0,2.0,220100.0,2022-11-30,0,0,2.2945079260102954,2.5279912563526543,2.3637291100291633,0.7,0.8369173315211673,-0.2267405540405639,1,0.15,1,0.05,0.1644444444444444,0.0948900545818332,0.09280652173896176,00398701,3.2012507023120897,2.5279912563526543,3.0,1.0,2.8,1.0,1.0,0.6478301544016112,48.0,1.0,1.0,1.0,1.0,1.0,1.0,1.0,new_or_rank_fill,0.0
033100,제룡전기,032801,032801,2022,3,2022-11-30,2022-11-30,2022-11-30,2023-02-28,0.1,3.180040638979038,3.180040638979038,0.0,3.0,11600.0,2022-11-30,0,0,2.22921566093021,2.491438710948289,0.2976435190651564,0.21844944423187532,0.2880026192784194,0.27015248379887374,1,0.15,1,0.05,0.1881606765327697,0.0948900545818332,0.09280652173896176,00185356,3.180040638979038,2.491438710948289,4.0,1.0,0.8737977769275013,40.0,1.0,-0.7718642394253536,139.0,1.0,1.0,1.0,1.0,1.0,1.0,1.0,new_or_rank_fill,0.0
090460,비에이치,032602,032602,2022,3,2022-11-30,2022-11-30,2022-11-30,2023-02-28,0.1,2.5708038109185614,3.0708038109185614,0.5,6.0,26100.0,2022-11-30,0,0,1.6554468089482972,2.0553388496755134,0.5117608732951779,0.39620675116511406,0.6203986906606681,-0.030741789922065752,1,0.15,0,0.0,-0.018672199170124637,0.0948900545818332,0.09280652173896176,00447609,2.5708038109185614,2.0553388496755134,9.0,1.0,1.5848270046604562,18.0,1.0,0.08783368549161644,84.0,1.0,1.0,1.0,1.0,0.0,96.0,1.0,keep_current_top_n,1.0
006730,서부T&D,095501,095501,2022,3,2022-11-30,2022-11-30,2022-11-30,2023-02-28,0.1,2.9107513123119078,2.9107513123119078,0.0,4.0,6668.0,2022-11-30,0,0,3.1537255023025046,2.8,0.5075086147782696,0.39280189964770396,0.9532526838414095,-0.33205058733579584,0,0.0,1,0.05,0.1952839588176687,0.0948900545818332,0.09280652173896176,00130383,2.9107513123119078,2.8,1.0,1.0,1.5712075985908158,19.0,1.0,0.9487159638165595,34.0,1.0,0.0,92.0,1.0,1.0,1.0,1.0,new_or_rank_fill,0.0
105840,우진,032702,032702,2022,3,2022-11-30,2022-11-30,2022-11-30,2023-02-28,0.1,2.6608102581066233,2.6608102581066233,0.0,5.0,9420.0,2022-11-30,0,0,1.872369291154493,2.2374983031041245,0.0007254139659198522,-0.07873441014625815,0.25276964282216097,0.3020463651487572,1,0.15,1,0.05,-0.004761904761904856,0.0948900545818332,0.09280652173896176,00173944,2.6608102581066233,2.2374983031041245,7.0,1.0,-0.3149376405850326,116.0,1.0,-0.862989614710735,151.0,1.0,1.0,1.0,1.0,1.0,1.0,1.0,new_or_rank_fill,0.0
214430,아이쓰리시스템,032602,032602,2022,3,2022-11-30,2022-11-30,2022-11-30,2023-02-28,0.1,2.463623951217992,2.463623951217992,0.0,7.0,19050.0,2022-11-30,0,0,2.2173926958595196,2.484819864641907,-0.2224068788739273,-0.2916531296645133,0.28766598320622194,0.2704572162405988,0,0.0,0,0.0,0.3259493670886078,0.0948900545818332,0.09280652173896176,00612489,2.463623951217992,2.484819864641907,5.0,1.0,-1.1666125186580532,151.0,1.0,-0.7727349035445681,140.0,1.0,0.0,92.0,1.0,0.0,96.0,1.0,new_or_rank_fill,0.0
010060,OCI홀딩스,116409,116409,2022,3,2022-11-30,2022-11-30,2022-11-30,2023-02-28,0.1,2.4492788974932265,2.4492788974932265,0.0,8.0,75572.0,2022-11-30,0,0,1.6740419641260256,2.070954028282844,0.2144239430933812,0.13515538461654725,0.538749355908869,0.04316948459383543,1,0.15,1,0.05,-0.1098019863055949,0.0948900545818332,0.09280652173896176,00148896,2.4492788974932265,2.070954028282844,8.0,1.0,0.540621538466189,53.0,1.0,-0.12334138455381553,95.0,1.0,1.0,1.0,1.0,1.0,1.0,1.0,new_or_rank_fill,0.0
011210,현대위아,033003,033003,2022,3,2022-11-30,2022-11-30,2022-11-30,2023-02-28,0.1,-0.09307521586251867,0.40692478413748134,0.5,102.0,59800.0,2022-11-30,0,0,-0.09903785540161922,-0.029966555675187165,-0.10205069330287153,-0.18160250465303013,0.6764777761382758,-0.08150615553430136,1,0.15,1,0.05,-0.08510638297872353,0.0948900545818332,0.09280652173896176,00106623,-0.09307521586251867,-0.029966555675187165,94.0,1.0,-0.7264100186121205,136.0,1.0,0.2328747300980039,70.0,1.0,1.0,1.0,1.0,1.0,1.0,1.0,keep_current_top_n,1.0
050890,쏠리드,032604,032604,2022,3,2022-11-30,2022-11-30,2022-11-30,2023-02-28,0.1,-1.6110052812114855,-1.1110052812114855,0.5,158.0,5430.0,2022-11-30,0,0,-1.9342129438451916,-2.1590580533711217,0.5245520977975364,0.4064488895448034,0.6509482577620289,-0.05839611738516696,1,0.15,1,0.05,0.42553191489361675,0.0948900545818332,0.09280652173896176,00364403,-1.6110052812114855,-2.1590580533711217,168.0,1.0,1.6257955581792136,17.0,1.0,0.1668460496719056,74.0,1.0,1.0,1.0,1.0,1.0,1.0,1.0,keep_current_top_n,1.0
033100,제룡전기,032801,032801,2022,4,2023-03-31,2023-03-31,2023-03-31,2023-04-30,0.1,3.8945895826020167,4.394589582602016,0.5,1.0,12360.0,2023-03-31,0,0,4.923517703018846,2.8,0.6603622080764813,0.6266656031575347,0.21581843007587098,0.2679239794444824,1,0.15,1,0.05,0.37900355871886116,0.0660208796290691,0.06385672021749422,00185356,3.8945895826020167,2.8,1.0,1.0,2.506662412630139,6.0,1.0,-0.7654970841270925,91.0,1.0,1.0,1.0,1.0,1.0,1.0,1.0,keep_current_top_n,1.0
023160,태광,032401,032401,2022,4,2023-03-31,2023-03-31,2023-03-31,2023-04-30,0.1,2.7807105675052926,2.7807105675052926,0.0,2.0,16920.0,2023-03-31,0,0,2.163072564594588,1.996438769102507,0.36616574679176606,0.39639921719158844,0.1249354073617118,0.3378725812111975,0,0.0,1,0.05,0.0942698706099816,0.0660208796290691,0.06385672021749422,00153375,2.7807105675052926,1.996438769102507,8.0,1.0,1.5855968687663538,11.0,1.0,-0.9653502320319929,102.0,1.0,0.0,57.0,1.0,1.0,1.0,1.0,new_or_rank_fill,0.0
010060,OCI홀딩스,116409,116409,2022,4,2023-03-31,2023-03-31,2023-03-31,2023-04-30,0.1,2.0413900176946873,2.5413900176946873,0.5,7.0,81293.0,2023-03-31,0,0,2.2851188503121094,2.0807620262450803,-0.17997194237853398,-0.27338033263826744,0.5197410429948908,0.03400832408787448,1,0.15,1,0.05,0.31938188621717134,0.0660208796290691,0.06385672021749422,00148896,2.0413900176946873,2.0807620262450803,6.0,1.0,-1.0935213305530698,86.0,1.0,-0.09716664025106994,55.0,1.0,1.0,1.0,1.0,1.0,1.0,1.0,keep_current_top_n,1.0
001060,JW중외제약,032102,032102,2022,4,2023-03-31,2023-03-31,2023-03-31,2023-04-30,0.1,2.474680614742,2.474680614742,0.0,3.0,20352.0,2023-03-31,0,0,3.2809473415915553,2.645861328859326,0.01995297083740577,-0.018501038706661657,1.0230285655879983,-0.35267967541066386,1,0.15,1,0.05,0.12370665724524299,0.0660208796290691,0.06385672021749422,00149947,2.474680614742,2.645861328859326,2.0,1.0,-0.07400415482664663,59.0,1.0,1.0076562154590396,19.0,1.0,1.0,1.0,1.0,1.0,1.0,1.0,new_or_rank_fill,0.0
050890,쏠리드,032604,032604,2022,4,2023-03-31,2023-03-31,2023-03-31,2023-04-30,0.1,1.9380339288957669,2.438033928895767,0.5,9.0,5590.0,2023-03-31,0,0,1.7961635438882917,1.723915843128749,0.09023965368589293,0.0731606322111755,0.6406404486519037,-0.059042546444157476,1,0.15,1,0.05,-0.1276948590381427,0.0660208796290691,0.06385672021749422,00364403,1.9380339288957669,1.723915843128749,10.0,1.0,0.292642528844702,38.0,1.0,0.16869298984044995,45.0,1.0,1.0,1.0,1.0,1.0,1.0,1.0,keep_current_top_n,1.0
267260,HD현대일렉트릭,032801,032801,2022,4,2023-03-31,2023-03-31,2023-03-31,2023-04-30,0.1,2.2912738725308714,2.2912738725308714,0.0,4.0,37900.0,2023-03-31,0,0,2.6762442876408703,2.3509953285776866,0.16824268938585518,0.17488528756779312,1.0748814331130134,-0.38460674361460856,1,0.15,0,0.0,0.20332936979785954,0.0660208796290691,0.06385672021749422,01205851,2.2912738725308714,2.3509953285776866,4.0,1.0,0.6995411502711725,24.0,1.0,1.098876410327453,16.0,1.0,1.0,1.0,1.0,0.0,49.0,1.0,new_or_rank_fill,0.0
189300,인텔리안테크,032604,032604,2022,4,2023-03-31,2023-03-31,2023-03-31,2023-04-30,0.1,2.2887145582396653,2.2887145582396653,0.0,5.0,90613.0,2023-03-31,0,0,1.9731753514132635,1.8652364843004217,0.48190920379379776,0.5003648364133879,0.7287892789464874,-0.12688676247414396,0,0.0,1,0.05,-0.1564070271851823,0.0660208796290691,0.06385672021749422,00664181,2.2887145582396653,1.8652364843004217,9.0,1.0,2.0014593456535517,8.0,1.0,0.3625336070689828,40.0,1.0,0.0,57.0,1.0,1.0,1.0,1.0,new_or_rank_fill,0.0
090360,로보스타,032902,032902,2022,4,2023-03-31,2023-03-31,2023-03-31,2023-04-30,0.1,2.214042658430115,2.214042658430115,0.0,6.0,41650.0,2023-03-31,0,0,2.2002803272920004,2.022146063045852,-0.05871554603432716,-0.12109355570785783,0.4171213051254709,0.11299015109212117,1,0.15,1,0.05,-0.06131386861313859,0.0660208796290691,0.06385672021749422,00536523,2.214042658430115,2.022146063045852,7.0,1.0,-0.48437422283143133,73.0,1.0,-0.32282900312034624,64.0,1.0,1.0,1.0,1.0,1.0,1.0,1.0,new_or_rank_fill,0.0
071970,HD현대마린엔진,032901,032901,2022,4,2023-03-31,2023-03-31,2023-03-31,2023-04-30,0.1,1.93806638414457,1.93806638414457,0.0,8.0,6060.0,2023-03-31,0,1,1.5384482637661927,1.4865043648244836,0.43366417719595063,0.46261470020934875,0.773180472779455,-0.1610526808892624,1,0.15,0,0.0,-0.19311377245508976,0.0660208796290691,0.06385672021749422,00406046,1.93806638414457,1.4865043648244836,13.0,1.0,1.850458800837395,10.0,1.0,0.46015051682646396,35.0,1.0,1.0,1.0,1.0,0.0,49.0,1.0,new_or_rank_fill,0.0
237690,에스티팜,032102,032102,2022,4,2023-03-31,2023-03-31,2023-03-31,2023-04-30,0.1,1.8700611543587204,1.8700611543587204,0.0,10.0,74000.0,2023-03-31,0,0,1.5034050411916016,1.4542219822197835,0.17053185211546307,0.1778706109931568,0.5145955746739159,0.037968561145780386,1,0.15,1,0.05,0.007653061224489832,0.0660208796290691,0.06385672021749422,00871833,1.8700611543587204,1.4542219822197835,16.0,1.0,0.7114824439726272,22.0,1.0,-0.10848160327365824,56.0,1.0,1.0,1.0,1.0,1.0,1.0,1.0,new_or_rank_fill,0.0
023160,태광,032401,032401,2023,1,2023-05-31,2023-05-31,2023-05-31,2023-07-31,0.1,3.898874495125668,4.398874495125668,0.5,1.0,17960.0,2023-05-31,0,0,2.793143022575386,2.8,0.46299715653833373,0.47062604158968174,0.11064664419788262,0.4282484535359869,1,0.15,1,0.05,0.18806306306306309,0.3220944135942081,0.318497411745819,00153375,3.898874495125668,2.8,1.0,1.0,1.882504166358727,14.0,1.0,-1.2235670101028198,167.0,1.0,1.0,1.0,1.0,1.0,1.0,1.0,keep_current_top_n,1.0
278470,에이피알,032004,032004,2023,1,2023-05-31,2023-05-31,2023-05-31,,0.1,3.3250052932906304,3.3250052932906304,0.0,2.0,,,0,0,2.0068642405051214,2.5702147589157573,0.4441512042536666,0.45861307975984883,0.46959314134092395,0.1461774546150246,1,0.15,0,0.0,,0.3220944135942081,0.318497411745819,01190568,3.3250052932906304,2.5702147589157573,6.0,1.0,1.8344523190393953,16.0,1.0,-0.4176498703286417,113.0,1.0,1.0,1.0,1.0,0.0,45.0,1.0,new_or_rank_fill,0.0
094170,동운아나텍,032601,032601,2023,1,2023-05-31,2023-05-31,2023-05-31,2023-07-31,0.1,3.093460897648716,3.093460897648716,0.0,3.0,7605.0,2023-05-31,0,1,3.538908671849487,2.8,0.4677586801654493,0.47366117617563336,0.9174865038486492,-0.23020027852691724,0,0.0,1,0.05,2.5692134550456425,0.3220944135942081,0.318497411745819,00695969,3.093460897648716,2.8,1.0,1.0,1.8946447047025334,13.0,1.0,0.6577150815054779,43.0,1.0,0.0,34.0,1.0,1.0,1.0,1.0,new_or_rank_fill,0.0
086520,에코프로,116409,116409,2023,1,2023-05-31,2023-05-31,2023-05-31,2023-07-31,0.1,2.9797408148849662,2.9797408148849662,0.0,4.0,110463.0,2023-05-31,0,0,1.7595023516451842,2.418670971086659,1.789879867492054,0.7,0.8088741222301025,-0.1389301562016929,0,0.0,0,0.0,0.6534221421639472,0.3220944135942081,0.318497411745819,00536541,2.9797408148849662,2.418670971086659,7.0,1.0,2.8,1.0,1.0,0.39694330343340833,62.0,1.0,0.0,34.0,1.0,0.0,45.0,1.0,new_or_rank_fill,0.0
100840,SNT에너지,032901,032901,2023,1,2023-05-31,2023-05-31,2023-05-31,2023-07-31,0.1,2.782764289888387,2.782764289888387,0.0,5.0,7839.0,2023-05-31,0,0,1.1223436882624294,1.8424831304084137,0.9348092026447221,0.7,0.41710928023121097,0.1902811594799735,0,0.0,1,0.05,-0.022090059473237167,0.3220944135942081,0.318497411745819,00648721,2.782764289888387,1.8424831304084137,12.0,1.0,2.8,1.0,1.0,-0.5436604556570672,119.0,1.0,0.0,34.0,1.0,1.0,1.0,1.0,new_or_rank_fill,0.0
000210,DL,032001,032001,2023,1,2023-05-31,2023-05-31,2023-05-31,2023-07-31,0.1,2.649719484252033,2.649719484252033,0.0,6.0,45750.0,2023-05-31,0,0,1.514977223152861,2.2032976441978573,8.346965359416357,0.7,0.9453064224968978,-0.25357815994582406,0,0.0,0,0.0,-0.20626895854398375,0.3220944135942081,0.318497411745819,00109693,2.649719484252033,2.2032976441978573,8.0,1.0,2.8,1.0,1.0,0.7245090284166402,39.0,1.0,0.0,34.0,1.0,0.0,45.0,1.0,new_or_rank_fill,0.0
035250,강원랜드,189102,189102,2023,1,2023-05-31,2023-05-31,2023-05-31,2023-07-31,0.1,2.464307894204395,2.464307894204395,0.0,7.0,18230.0,2023-05-31,0,0,2.8281403158392147,2.8,-1.1720621503034159,-0.7,0.2057590459085957,0.3643078942043955,0,0.0,0,0.0,-0.17460317460317465,0.3220944135942081,0.318497411745819,00255619,2.464307894204395,2.8,1.0,1.0,-2.8,169.0,1.0,-1.0408796977268444,155.0,1.0,0.0,34.0,1.0,0.0,45.0,1.0,new_or_rank_fill,0.0
096770,SK이노베이션,031902,031902,2023,1,2023-05-31,2023-05-31,2023-05-31,2023-07-31,0.1,2.302968932510906,2.302968932510906,0.0,8.0,186065.0,2023-05-31,0,0,2.474595603589924,2.8,-0.16805073496173195,-0.13603727112775532,1.0764028140738011,-0.3609937963613384,0,0.0,0,0.0,0.2478305797254612,0.3220944135942081,0.318497411745819,00631518,2.302968932510906,2.8,1.0,1.0,-0.5441490845110213,121.0,1.0,1.0314108467466812,20.0,1.0,0.0,34.0,1.0,0.0,45.0,1.0,new_or_rank_fill,0.0
036830,솔브레인홀딩스,137105,137105,2023,1,2023-05-31,2023-05-31,2023-05-31,2023-07-31,0.1,2.275751301635574,2.275751301635574,0.0,9.0,29100.0,2023-05-31,0,0,2.201864779098112,2.6896798890669453,-4.183216771829114,-0.7,0.3626184094383234,0.23607141256862857,0,0.0,1,0.05,0.016917293233082775,0.3220944135942081,0.318497411745819,00247975,2.275751301635574,2.6896798890669453,5.0,1.0,-2.8,169.0,1.0,-0.6744897501960817,127.0,1.0,0.0,34.0,1.0,1.0,1.0,1.0,new_or_rank_fill,0.0
005850,에스엘,033003,033003,2023,1,2023-05-31,2023-05-31,2023-05-31,2023-07-31,0.1,2.2192905398547507,2.2192905398547507,0.0,10.0,36050.0,2023-05-31,0,0,1.085433752532855,1.8085643758171064,0.28237637012643724,0.32399075123635396,0.5403297807271801,0.08673541280129068,0,0.0,0,0.0,0.21129032258064506,0.3220944135942081,0.318497411745819,00125521,2.2192905398547507,1.8085643758171064,14.0,1.0,1.2959630049454158,23.0,1.0,-0.24781546514654484,105.0,1.0,0.0,34.0,1.0,0.0,45.0,1.0,new_or_rank_fill,0.0
100840,SNT에너지,032901,032901,2023,2,2023-08-31,2023-08-31,2023-08-31,2023-10-31,0.1,3.870934506705293,4.370934506705293,0.5,1.0,7821.0,2023-08-31,0,1,2.608872696549549,2.8,1.1011697775888516,0.7,0.3815847043150298,0.17093450670529314,1,0.15,1,0.05,-0.08563981630879991,-0.027205539236461296,-0.028956255522032404,00648721,3.870934506705293,2.8,1.0,1.0,2.8,1.0,1.0,-0.48838430487226614,123.0,1.0,1.0,1.0,1.0,1.0,1.0,1.0,keep_current_top_n,1.0
033100,제룡전기,032801,032801,2023,2,2023-08-31,2023-08-31,2023-08-31,2023-10-31,0.1,3.7542082374602095,3.7542082374602095,0.0,2.0,26250.0,2023-08-31,0,0,5.9113250799127925,2.8,1.841352352520516,0.7,0.29517648109752137,0.25420823746020954,0,0.0,0,0.0,0.0023866348448686736,-0.027205539236461296,-0.028956255522032404,00185356,3.7542082374602095,2.8,1.0,1.0,2.8,1.0,1.0,-0.7263092498863131,143.0,1.0,0.0,87.0,1.0,0.0,42.0,1.0,new_or_rank_fill,0.0
278470,에이피알,032004,032004,2023,2,2023-08-31,2023-08-31,2023-08-31,,0.1,2.5645322239141044,3.0645322239141044,0.5,5.0,,,0,0,1.6429411947304586,2.1491756831595517,0.1695676036543743,0.22387187932037875,0.5159071493917249,0.04148466143417435,1,0.15,0,0.0,,-0.027205539236461296,-0.028956255522032404,01190568,2.5645322239141044,2.1491756831595517,10.0,1.0,0.895487517281515,32.0,1.0,-0.118527604097641,101.0,1.0,1.0,1.0,1.0,0.0,42.0,1.0,keep_current_top_n,1.0
090360,로보스타,032902,032902,2023,2,2023-08-31,2023-08-31,2023-08-31,2023-10-31,0.1,2.80913830845274,2.80913830845274,0.0,3.0,32700.0,2023-08-31,0,0,1.9148192893875549,2.3888802156447255,0.1197421331957389,0.17212392471308713,0.3014791834839268,0.24813416809492778,0,0.0,0,0.0,-0.19932432432432423,-0.027205539236461296,-0.028956255522032404,00536523,2.80913830845274,2.3888802156447255,7.0,1.0,0.6884956988523485,44.0,1.0,-0.708954765985508,138.0,1.0,0.0,87.0,1.0,0.0,42.0,1.0,new_or_rank_fill,0.0
035250,강원랜드,189102,189102,2023,2,2023-08-31,2023-08-31,2023-08-31,2023-10-31,0.1,2.1073775270635777,2.6073775270635777,0.5,13.0,15510.0,2023-08-31,0,0,1.5764859245291583,2.0905846094841616,-0.629406866424254,-0.5135583081004454,0.15641194815875215,0.3803512256798613,1,0.15,0,0.0,-0.059615384615384626,-0.027205539236461296,-0.028956255522032404,00255619,2.1073775270635777,2.0905846094841616,11.0,1.0,-2.054233232401782,171.0,1.0,-1.0867177876567466,163.0,1.0,1.0,1.0,1.0,0.0,42.0,1.0,keep_current_top_n,1.0
044490,태웅,032509,032509,2023,2,2023-08-31,2023-08-31,2023-08-31,2023-10-31,0.1,2.571144712519161,2.571144712519161,0.0,4.0,23250.0,2023-08-31,0,0,1.9664775291297518,2.4229502084618844,0.009498976540074588,0.05762710583973656,0.46497689758656163,0.09056739821753988,0,0.0,0,0.0,-0.10840579710144937,-0.027205539236461296,-0.028956255522032404,00186799,2.571144712519161,2.4229502084618844,6.0,1.0,0.23050842335894625,68.0,1.0,-0.2587639949072568,112.0,1.0,0.0,87.0,1.0,0.0,42.0,1.0,new_or_rank_fill,0.0
082920,비츠로셀,032802,032802,2023,2,2023-08-31,2023-08-31,2023-08-31,2023-10-31,0.1,2.5579750341826135,2.5579750341826135,0.0,6.0,11632.0,2023-08-31,0,0,1.1370446057765828,1.6708613091896423,0.5281871198735297,0.5077971011536522,0.1577538795512871,0.37931662383931897,0,0.0,0,0.0,-0.15206185567010322,-0.027205539236461296,-0.028956255522032404,00154718,2.5579750341826135,1.6708613091896423,17.0,1.0,2.0311884046146087,10.0,1.0,-1.0837617823980543,162.0,1.0,0.0,87.0,1.0,0.0,42.0,1.0,new_or_rank_fill,0.0
022100,포스코DX,137201,137201,2023,2,2023-08-31,2023-08-31,2023-08-31,2023-10-31,0.1,2.556245642057669,2.556245642057669,0.0,7.0,56100.0,2023-08-31,0,0,1.4945531896144382,2.0183476462866117,0.3804425773034592,0.40430666397216386,0.575979632089215,-0.016408668201106785,1,0.15,0,0.0,0.4115107913669067,-0.027205539236461296,-0.028956255522032404,00155212,2.556245642057669,2.0183476462866117,12.0,1.0,1.6172266558886554,15.0,1.0,0.04688190914601939,87.0,1.0,1.0,1.0,1.0,0.0,42.0,1.0,new_or_rank_fill,0.0
043260,성호전자,032602,032602,2023,2,2023-08-31,2023-08-31,2023-08-31,2023-10-31,0.1,2.524733807996677,2.524733807996677,0.0,8.0,1773.0,2023-08-31,0,0,2.9377433436590588,2.8,0.05764292933245496,0.10762866248904077,0.9647939241845358,-0.38289485449236343,0,0.0,0,0.0,-0.03858317520556631,-0.027205539236461296,-0.028956255522032404,00317210,2.524733807996677,2.8,1.0,1.0,0.43051464995616306,57.0,1.0,1.09398529854961,24.0,1.0,0.0,87.0,1.0,0.0,42.0,1.0,new_or_rank_fill,0.0
189300,인텔리안테크,032604,032604,2023,2,2023-08-31,2023-08-31,2023-08-31,2023-10-31,0.1,2.4977584488901483,2.4977584488901483,0.0,9.0,86200.0,2023-08-31,0,0,4.284633997507814,2.8,-0.16666075416680304,-0.12532963625104113,0.7425243543996763,-0.1769119148588106,0,0.0,0,0.0,-0.0926640926640927,-0.027205539236461296,-0.028956255522032404,00664181,2.4977584488901483,2.8,1.0,1.0,-0.5013185450041645,124.0,1.0,0.5054626138823161,59.0,1.0,0.0,87.0,1.0,0.0,42.0,1.0,new_or_rank_fill,0.0
032820,우리기술,032801,032801,2023,3,2023-11-30,2023-11-30,2023-11-30,2024-02-29,0.1,3.1163797420840162,3.1163797420840162,0.0,1.0,1340.0,2023-11-30,0,0,3.2875319963155123,2.8,0.017411068241889538,0.13345355916573634,0.6254119170738902,-0.017073817081719327,1,0.15,1,0.05,0.017254901960784608,0.527851352842428,0.5242452725200595,00231044,3.1163797420840162,2.8,1.0,1.0,0.5338142366629454,44.0,1.0,0.04878233451919808,72.0,1.0,1.0,1.0,1.0,1.0,1.0,1.0,new_or_rank_fill,0.0
225570,넥슨게임즈,105802,105802,2023,3,2023-11-30,2023-11-30,2023-11-30,2024-02-29,0.1,3.1074690142599497,3.1074690142599497,0.0,2.0,15830.0,2023-11-30,0,0,2.6027886940642055,2.8,-0.05432412162921474,0.0680067607133599,0.31713778845155505,0.23946225354658998,0,0.0,0,0.0,-0.07199999999999995,0.527851352842428,0.5242452725200595,01096341,3.1074690142599497,2.8,1.0,1.0,0.2720270428534396,62.0,1.0,-0.6841778672759714,122.0,1.0,0.0,67.0,1.0,0.0,57.0,1.0,new_or_rank_fill,0.0
124500,아이티센글로벌,106201,106201,2023,3,2023-11-30,2023-11-30,2023-11-30,2024-02-29,0.1,2.796476893679433,2.796476893679433,0.0,3.0,4300.0,2023-11-30,0,1,3.1715680457122217,2.8,0.020852217473358747,0.13659305319371873,1.013605266951012,-0.34011615951428537,1,0.15,1,0.05,2.0901287553648062,0.527851352842428,0.5242452725200595,00620868,2.796476893679433,2.8,1.0,1.0,0.5463722127748749,43.0,1.0,0.9717604557551012,25.0,1.0,1.0,1.0,1.0,1.0,1.0,1.0,new_or_rank_fill,0.0
241710,코스메카코리아,032004,032004,2023,3,2023-11-30,2023-11-30,2023-11-30,2024-02-29,0.1,2.7496730468051975,2.7496730468051975,0.0,4.0,35200.0,2023-11-30,0,0,1.6778690383317014,2.3012172913943845,0.16825980746944413,0.26686297588327834,0.5669302671991261,0.03159277952753493,1,0.15,0,0.0,0.061026352288488184,0.527851352842428,0.5242452725200595,00763473,2.7496730468051975,2.3012172913943845,9.0,1.0,1.0674519035331134,20.0,1.0,-0.0902650843643855,79.0,1.0,1.0,1.0,1.0,0.0,57.0,1.0,new_or_rank_fill,0.0
071970,HD현대마린엔진,032901,032901,2023,3,2023-11-30,2023-11-30,2023-11-30,2024-02-29,0.1,2.7066686638269224,2.7066686638269224,0.0,5.0,11880.0,2023-11-30,0,0,1.7841349301380303,2.3983432125086894,0.22527269296410268,0.3084750308076395,0.7853263283163601,-0.15014957948940674,1,0.15,0,0.0,0.05400000000000005,0.527851352842428,0.5242452725200595,00406046,2.7066686638269224,2.3983432125086894,8.0,1.0,1.233900123230558,14.0,1.0,0.4289987985411622,55.0,1.0,1.0,1.0,1.0,0.0,57.0,1.0,new_or_rank_fill,0.0
035250,강원랜드,189102,189102,2023,3,2023-11-30,2023-11-30,2023-11-30,2024-02-29,0.1,2.2026276864479417,2.7026276864479417,0.5,10.0,15500.0,2023-11-30,0,0,1.413159922454656,2.0592759095465913,-0.551929037244643,-0.35878201650993263,0.18110167854707632,0.35213379341128304,1,0.15,0,0.0,0.18473074301295145,0.527851352842428,0.5242452725200595,00255619,2.2026276864479417,2.0592759095465913,11.0,1.0,-1.4351280660397305,133.0,1.0,-1.0060965526036658,138.0,1.0,1.0,1.0,1.0,0.0,57.0,1.0,keep_current_top_n,1.0
294870,HDC현대산업개발,064101,064101,2023,3,2023-11-30,2023-11-30,2023-11-30,2024-02-29,0.1,2.655156342651869,2.655156342651869,0.0,6.0,15410.0,2023-11-30,0,1,2.125569141567891,2.606940356396333,0.13377223050892462,0.23961436459830837,0.8348941629374153,-0.19139837834277273,0,0.0,0,0.0,0.7085124677558039,0.527851352842428,0.5242452725200595,01310269,2.655156342651869,2.606940356396333,6.0,1.0,0.9584574583932335,24.0,1.0,0.5468525095507792,52.0,1.0,0.0,67.0,1.0,0.0,57.0,1.0,new_or_rank_fill,0.0
025320,시노펙스,032602,032602,2023,3,2023-11-30,2023-11-30,2023-11-30,2024-02-29,0.1,2.617469517663714,2.617469517663714,0.0,7.0,3566.0,2023-11-30,0,0,2.1532278284557838,2.623793524709233,-0.2614389136784232,-0.12095210419110877,0.46714843098057496,0.11462809714558952,0,0.0,0,0.0,1.5010927255697788,0.527851352842428,0.5242452725200595,00203023,2.617469517663714,2.623793524709233,5.0,1.0,-0.4838084167644351,101.0,1.0,-0.3275088489873987,97.0,1.0,0.0,67.0,1.0,0.0,57.0,1.0,new_or_rank_fill,0.0
267260,HD현대일렉트릭,032801,032801,2023,3,2023-11-30,2023-11-30,2023-11-30,2024-02-29,0.1,2.4045432338002235,2.4045432338002235,0.0,8.0,84100.0,2023-11-30,0,1,1.8668898567916585,2.44932023715261,0.06546887715440852,0.17729856382261233,1.133747136552356,-0.42207556717499883,1,0.15,1,0.05,0.6586666666666665,0.527851352842428,0.5242452725200595,01205851,2.4045432338002235,2.44932023715261,7.0,1.0,0.7091942552904493,30.0,1.0,1.205930191928568,15.0,1.0,1.0,1.0,1.0,1.0,1.0,1.0,new_or_rank_fill,0.0
073240,금호타이어,032201,032201,2023,3,2023-11-30,2023-11-30,2023-11-30,2024-02-29,0.1,2.393786202299463,2.393786202299463,0.0,9.0,5560.0,2023-11-30,0,0,3.8043477870216145,2.8,-0.16965602844641325,-0.03721501501701856,1.2793354339942324,-0.5189987826835182,1,0.15,0,0.0,0.5005945303210464,0.527851352842428,0.5242452725200595,00481454,2.393786202299463,2.8,1.0,1.0,-0.14886006006807423,93.0,1.0,1.4828536648100519,11.0,1.0,1.0,1.0,1.0,0.0,57.0,1.0,new_or_rank_fill,0.0
241710,코스메카코리아,032004,032004,2023,4,2024-03-31,2024-03-31,2024-03-31,2024-04-30,0.1,2.790022484635297,3.290022484635297,0.5,4.0,34900.0,2024-03-29,0,0,1.6535406881799086,2.373632629118538,0.17116887113382662,0.26211435659685456,0.5802337671621096,-0.04572450108009532,1,0.15,1,0.05,-0.06797385620915031,0.10669373567890728,0.1045718824378743,00763473,2.790022484635297,2.373632629118538,8.0,1.0,1.0484574263874182,17.0,1.0,0.1306414316574152,52.0,1.0,1.0,1.0,1.0,1.0,1.0,1.0,keep_current_top_n,1.0
100840,SNT에너지,032901,032901,2023,4,2024-03-31,2024-03-31,2024-03-31,2024-04-30,0.1,3.0837695037948056,3.0837695037948056,0.0,1.0,11088.0,2024-03-29,0,0,1.8818652538802199,2.5274028356406184,0.40112330682731123,0.4336695958125065,0.42730595740952526,0.07269707234168088,0,0.0,1,0.05,0.30841121495327095,0.10669373567890728,0.1045718824378743,00648721,3.0837695037948056,2.5274028356406184,5.0,1.0,1.734678383250026,6.0,1.0,-0.2077059209762311,73.0,1.0,0.0,53.0,1.0,1.0,1.0,1.0,new_or_rank_fill,0.0
222080,씨아이에스,032902,032902,2023,4,2024-03-31,2024-03-31,2024-03-31,2024-04-30,0.1,3.012620384776971,3.012620384776971,0.0,2.0,12860.0,2024-03-29,0,1,1.7061290756806622,2.4158142234339515,0.7456988742790231,0.6203684000604698,0.8098907031611913,-0.22356223871745015,1,0.15,1,0.05,0.03243243243243232,0.10669373567890728,0.1045718824378743,01090471,3.012620384776971,2.4158142234339515,7.0,1.0,2.481473600241879,1.0,1.0,0.638749253478429,41.0,1.0,1.0,1.0,1.0,1.0,1.0,1.0,new_or_rank_fill,0.0
044490,태웅,032509,032509,2023,4,2024-03-31,2024-03-31,2024-03-31,2024-04-30,0.1,2.932341754166946,2.932341754166946,0.0,3.0,19090.0,2024-03-29,0,0,2.633392678850437,2.8,-0.09525207977881167,0.01669204161346465,0.3718375744039544,0.1156497125534813,0,0.0,0,0.0,0.3835701050030884,0.10669373567890728,0.1045718824378743,00186799,2.932341754166946,2.8,1.0,1.0,0.0667681664538586,53.0,1.0,-0.33042775015280373,80.0,1.0,0.0,53.0,1.0,0.0,36.0,1.0,new_or_rank_fill,0.0
073240,금호타이어,032201,032201,2023,4,2024-03-31,2024-03-31,2024-03-31,2024-04-30,0.1,2.3236183075454653,2.8236183075454653,0.5,7.0,5890.0,2024-03-29,0,0,2.961268981846815,2.8,-0.23276682607882382,-0.1115473589770949,1.2392511686760455,-0.5148343334774393,1,0.15,0,0.0,0.11568938193343903,0.10669373567890728,0.1045718824378743,00481454,2.3236183075454653,2.8,1.0,1.0,-0.4461894359083796,79.0,1.0,1.4709552385069695,10.0,1.0,1.0,1.0,1.0,0.0,36.0,1.0,keep_current_top_n,1.0
043260,성호전자,032602,032602,2023,4,2024-03-31,2024-03-31,2024-03-31,2024-04-30,0.1,2.7356514655550397,2.7356514655550397,0.0,5.0,2135.0,2024-03-29,0,0,2.483007493825814,2.8,0.20196287543850766,0.2850879198550086,0.9724427410808243,-0.3494364542999686,0,0.0,0,0.0,0.04020752269779493,0.10669373567890728,0.1045718824378743,00317210,2.7356514655550397,2.8,1.0,1.0,1.1403516794200343,14.0,1.0,0.9983898694284818,22.0,1.0,0.0,53.0,1.0,0.0,36.0,1.0,new_or_rank_fill,0.0
006730,서부T&D,095501,095501,2023,4,2024-03-31,2024-03-31,2024-03-31,2024-04-30,0.1,2.432606065210372,2.432606065210372,0.0,6.0,7450.0,2024-03-29,0,0,1.8775731680758112,2.5246774554525846,-0.14805544172557328,-0.03254974275812512,0.8563281339753677,-0.25952164748408696,1,0.15,1,0.05,0.01468624833110832,0.10669373567890728,0.1045718824378743,00130383,2.432606065210372,2.5246774554525846,6.0,1.0,-0.13019897103250047,67.0,1.0,0.7414904213831056,33.0,1.0,1.0,1.0,1.0,1.0,1.0,1.0,new_or_rank_fill,0.0
294870,HDC현대산업개발,064101,064101,2023,4,2024-03-31,2024-03-31,2024-03-31,2024-04-30,0.1,1.7948200432522496,2.2948200432522494,0.5,13.0,17430.0,2024-03-29,0,0,0.8120939566780387,1.4962431299044539,0.29009340177770615,0.3508368299933438,0.8469504457715868,-0.252259916645548,1,0.15,1,0.05,-0.11424257674886773,0.10669373567890728,0.1045718824378743,01310269,1.7948200432522496,1.4962431299044539,14.0,1.0,1.4033473199733753,9.0,1.0,0.72074261898728,36.0,1.0,1.0,1.0,1.0,1.0,1.0,1.0,keep_current_top_n,1.0
031980,피에스케이홀딩스,032902,032902,2023,4,2024-03-31,2024-03-31,2024-03-31,2024-04-30,0.1,1.9630137473883669,1.9630137473883669,0.0,8.0,46000.0,2024-03-29,0,0,0.6144250007791507,1.2452122415457665,0.40942942321293463,0.4398662920370927,0.16226455874506107,0.27793521380550773,0,0.0,0,0.0,0.14601226993865035,0.10669373567890728,0.1045718824378743,00208444,1.9630137473883669,1.2452122415457665,19.0,1.0,1.7594651681483708,5.0,1.0,-0.7941006108728793,108.0,1.0,0.0,53.0,1.0,0.0,36.0,1.0,new_or_rank_fill,0.0
033500,동성화인텍,032001,032001,2023,4,2024-03-31,2024-03-31,2024-03-31,2024-04-30,0.1,1.921223578023911,1.921223578023911,0.0,9.0,12180.0,2024-03-29,0,0,1.0776911025424318,1.8251548760507983,0.03468812500851981,0.1378678021983531,0.76887227163621,-0.1917991002252402,1,0.15,0,0.0,0.09462915601023036,0.10669373567890728,0.1045718824378743,00231105,1.921223578023911,1.8251548760507983,11.0,1.0,0.5514712087934124,32.0,1.0,0.547997429214972,42.0,1.0,1.0,1.0,1.0,0.0,36.0,1.0,new_or_rank_fill,0.0
018290,브이티,032004,032004,2024,1,2024-05-31,2024-05-31,2024-05-31,2024-07-31,0.1,3.7221296637297105,3.7221296637297105,0.0,1.0,31900.0,2024-05-31,0,0,1.5619041778585099,2.8,0.5508798749769346,0.6818663263859128,0.6185610709170419,0.04026333734379816,1,0.15,1,0.05,0.5746606334841629,0.09957377706000226,0.09677200380702189,00150165,3.7221296637297105,2.8,1.0,1.0,2.7274653055436513,6.0,1.0,-0.11503810669656618,120.0,1.0,1.0,1.0,1.0,1.0,1.0,1.0,new_or_rank_fill,0.0
031980,피에스케이홀딩스,032902,032902,2024,1,2024-05-31,2024-05-31,2024-05-31,2024-07-31,0.1,3.1424888161736866,3.6424888161736866,0.5,5.0,54900.0,2024-05-31,0,0,0.8036087076303259,1.958646600243105,0.6414195539038277,0.7,0.21862878558176613,0.33384221593058155,1,0.15,0,0.0,0.145610278372591,0.09957377706000226,0.09677200380702189,00208444,3.1424888161736866,1.958646600243105,15.0,1.0,2.8,1.0,1.0,-0.9538349026588044,184.0,1.0,1.0,1.0,1.0,0.0,48.0,1.0,keep_current_top_n,1.0
009420,한올바이오파마,032102,032102,2024,1,2024-05-31,2024-05-31,2024-05-31,2024-07-31,0.1,3.3791317285479083,3.3791317285479083,0.0,2.0,31550.0,2024-05-31,0,0,2.504195596651486,2.8,0.04696087568689866,0.2445066164718136,0.217562273419302,0.33462511207609497,0,0.0,0,0.0,-0.01939058171745167,0.09957377706000226,0.09677200380702189,00162586,3.3791317285479083,2.8,1.0,1.0,0.9780264658872544,36.0,1.0,-0.9560717487888428,185.0,1.0,0.0,35.0,1.0,0.0,48.0,1.0,new_or_rank_fill,0.0
071970,HD현대마린엔진,032901,032901,2024,1,2024-05-31,2024-05-31,2024-05-31,2024-07-31,0.1,3.3707609104344622,3.3707609104344622,0.0,3.0,15230.0,2024-05-31,0,0,1.4755767694141024,2.7600548210505655,0.46492116862521327,0.633410629197917,0.7043400177393113,-0.022704539814020108,0,0.0,0,0.0,0.43078833022967067,0.09957377706000226,0.09677200380702189,00406046,3.3707609104344622,2.7600548210505655,8.0,1.0,2.533642516791668,7.0,1.0,0.06487011375434316,101.0,1.0,0.0,35.0,1.0,0.0,48.0,1.0,new_or_rank_fill,0.0
033100,제룡전기,032801,032801,2024,1,2024-05-31,2024-05-31,2024-05-31,2024-07-31,0.1,3.178777665572828,3.178777665572828,0.0,4.0,73500.0,2024-05-31,0,0,4.477497008752983,2.8,-0.16047091233087185,-0.047821302768455864,0.2966092688461069,0.27659896834128445,1,0.15,0,0.0,0.18679549114331717,0.09957377706000226,0.09677200380702189,00185356,3.178777665572828,2.8,1.0,1.0,-0.19128521107382346,138.0,1.0,-0.7902827666893842,172.0,1.0,1.0,1.0,1.0,0.0,48.0,1.0,new_or_rank_fill,0.0
272210,한화시스템,032602,032602,2024,1,2024-05-31,2024-05-31,2024-05-31,2024-07-31,0.1,3.0748250066843075,3.0748250066843075,0.0,6.0,17450.0,2024-05-31,0,0,2.079051598216293,2.8,0.14258084648730995,0.3534089711730526,0.7804626125286942,-0.07858396448874504,0,0.0,0,0.0,-0.03963414634146356,0.09957377706000226,0.09677200380702189,00339391,3.0748250066843075,2.8,1.0,1.0,1.4136358846922104,19.0,1.0,0.22452561282498584,96.0,1.0,0.0,35.0,1.0,0.0,48.0,1.0,new_or_rank_fill,0.0
034230,파라다이스,189102,189102,2024,1,2024-05-31,2024-05-31,2024-05-31,2024-07-31,0.1,2.8801194987247327,2.8801194987247327,0.0,7.0,14320.0,2024-05-31,0,0,1.6070642643365731,2.8,-0.05591528678323021,0.09952606743590453,0.6998473065249312,-0.019406568711171416,0,0.0,0,0.0,-0.2164674634794156,0.09957377706000226,0.09677200380702189,00171265,2.8801194987247327,2.8,1.0,1.0,0.3981042697436181,61.0,1.0,0.05544733917477548,102.0,1.0,0.0,35.0,1.0,0.0,48.0,1.0,new_or_rank_fill,0.0
180640,한진칼,116409,116409,2024,1,2024-05-31,2024-05-31,2024-05-31,2024-07-31,0.1,2.8137599153097144,2.8137599153097144,0.0,8.0,63700.0,2024-05-31,0,0,0.7089631033859795,1.820412994157957,1.4780152707701006,0.7,0.2737941158132236,0.29334692115175726,0,0.0,0,0.0,0.15217391304347827,0.09957377706000226,0.09677200380702189,00983040,2.8137599153097144,1.820412994157957,17.0,1.0,2.8,1.0,1.0,-0.8381340604335922,176.0,1.0,0.0,35.0,1.0,0.0,48.0,1.0,new_or_rank_fill,0.0
009520,포스코엠텍,032401,032401,2024,1,2024-05-31,2024-05-31,2024-05-31,2024-07-31,0.1,2.755438685683119,2.755438685683119,0.0,9.0,20200.0,2024-05-31,0,0,0.9572922849988563,2.1831074747373043,0.07314378698310486,0.2751243791459594,0.26853589392030364,0.2972068317998555,0,0.0,0,0.0,-0.10970873786407764,0.09957377706000226,0.09677200380702189,00128111,2.755438685683119,2.1831074747373043,13.0,1.0,1.1004975165838375,32.0,1.0,-0.8491623765710158,177.0,1.0,0.0,35.0,1.0,0.0,48.0,1.0,new_or_rank_fill,0.0
298020,효성티앤씨,032005,032005,2024,1,2024-05-31,2024-05-31,2024-05-31,2024-07-31,0.1,2.7510615776023624,2.7510615776023624,0.0,10.0,401500.0,2024-05-31,0,0,4.379535406650126,2.8,-0.0037925412433321704,0.17298122054610718,0.975723817049049,-0.2219196429437448,0,0.0,0,0.0,-0.17934782608695665,0.09957377706000226,0.09677200380702189,01316227,2.7510615776023624,2.8,1.0,1.0,0.6919248821844287,47.0,1.0,0.6340561226964138,60.0,1.0,0.0,35.0,1.0,0.0,48.0,1.0,new_or_rank_fill,0.0
071970,HD현대마린엔진,032901,032901,2024,2,2024-08-31,2024-08-31,2024-08-31,2024-10-31,0.1,3.2897807696660326,3.7897807696660326,0.5,6.0,19380.0,2024-08-30,0,0,2.850139499521387,2.8,0.2994305960012338,0.42302946787769735,0.6851365856623522,-0.08324869821166427,1,0.15,0,0.0,-0.1700650759219089,0.01472949597162998,0.012904380281167693,00406046,3.2897807696660326,2.8,1.0,1.0,1.6921178715107894,25.0,1.0,0.23785342346189792,93.0,1.0,1.0,1.0,1.0,0.0,70.0,1.0,keep_current_top_n,1.0
005440,현대지에프홀딩스,116409,116409,2024,2,2024-08-31,2024-08-31,2024-08-31,2024-10-31,0.1,3.556271594603272,3.556271594603272,0.0,1.0,4615.0,2024-08-30,0,0,1.8029888753937935,2.4825917984030776,0.7257718597352871,0.7,0.37558462690512917,0.1736797962001949,1,0.15,1,0.05,0.025142857142857133,0.01472949597162998,0.012904380281167693,00105280,3.556271594603272,2.4825917984030776,11.0,1.0,2.8,1.0,1.0,-0.4962279891434141,166.0,1.0,1.0,1.0,1.0,1.0,1.0,1.0,new_or_rank_fill,0.0
319400,현대무벡스,032901,032901,2024,2,2024-08-31,2024-08-31,2024-08-31,2024-10-31,0.1,3.520637617029415,3.520637617029415,0.0,2.0,2880.0,2024-08-30,0,0,2.364530468716886,2.8,0.5566064295809731,0.6264060199523197,0.4713052113992177,0.09423159707709548,0,0.0,0,0.0,0.07304347826086977,0.01472949597162998,0.012904380281167693,01358463,3.520637617029415,2.8,1.0,1.0,2.505624079809279,9.0,1.0,-0.2692331345059871,146.0,1.0,0.0,130.0,1.0,0.0,70.0,1.0,new_or_rank_fill,0.0
018290,브이티,032004,032004,2024,2,2024-08-31,2024-08-31,2024-08-31,2024-10-31,0.1,2.94302656466104,3.44302656466104,0.5,8.0,29550.0,2024-08-30,0,0,1.3849330603205439,2.0994819456067706,0.5522632762977244,0.6240435534262457,0.561341867092011,0.01950106562802407,1,0.15,1,0.05,-0.02298850574712641,0.01472949597162998,0.012904380281167693,00150165,2.94302656466104,2.0994819456067706,15.0,1.0,2.496174213704983,10.0,1.0,-0.055717330365783066,125.0,1.0,1.0,1.0,1.0,1.0,1.0,1.0,keep_current_top_n,1.0
060370,LS마린솔루션,064203,064203,2024,2,2024-08-31,2024-08-31,2024-08-31,2024-10-31,0.1,3.43326668227853,3.43326668227853,0.0,3.0,15025.0,2024-08-30,0,0,1.7170281143255397,2.4244141737445344,0.7584148729043367,0.7,0.21272617101747687,0.3088525085339957,0,0.0,0,0.0,-0.2782446838513172,0.01472949597162998,0.012904380281167693,00225742,3.43326668227853,2.4244141737445344,13.0,1.0,2.8,1.0,1.0,-0.8824357386685593,208.0,1.0,0.0,130.0,1.0,0.0,70.0,1.0,new_or_rank_fill,0.0
222080,씨아이에스,032902,032902,2024,2,2024-08-31,2024-08-31,2024-08-31,2024-10-31,0.1,3.4070675924139255,3.4070675924139255,0.0,4.0,10670.0,2024-08-30,0,0,4.356945987229264,2.8,1.7611450903904842,0.7,0.6968036886504668,-0.09293240758607456,0,0.0,0,0.0,-0.06779661016949157,0.01472949597162998,0.012904380281167693,01090471,3.4070675924139255,2.8,1.0,1.0,2.8,1.0,1.0,0.2655211645316416,91.0,1.0,0.0,130.0,1.0,0.0,70.0,1.0,new_or_rank_fill,0.0
326030,에스케이바이오팜,137001,137001,2024,2,2024-08-31,2024-08-31,2024-08-31,2024-10-31,0.1,3.324175823510859,3.324175823510859,0.0,5.0,115000.0,2024-08-30,0,0,2.6683265172761494,2.8,0.7784054254234478,0.7,0.7966731464446779,-0.17582417648914128,0,0.0,0,0.0,0.37572928821470253,0.01472949597162998,0.012904380281167693,00878696,3.324175823510859,2.8,1.0,1.0,2.8,1.0,1.0,0.5023547899689751,75.0,1.0,0.0,130.0,1.0,0.0,70.0,1.0,new_or_rank_fill,0.0
131290,티에스이,032702,032702,2024,2,2024-08-31,2024-08-31,2024-08-31,2024-10-31,0.1,3.2874027455504535,3.2874027455504535,0.0,7.0,48700.0,2024-08-30,0,0,2.1189264857513264,2.6964161001249227,0.20099367715661454,0.31593956773661097,0.2534555473316131,0.27504707768891995,0,0.0,0,0.0,-1.1102230246251565e-16,0.01472949597162998,0.012904380281167693,00372226,3.2874027455504535,2.6964161001249227,6.0,1.0,1.2637582709464439,36.0,1.0,-0.7858487933969143,197.0,1.0,0.0,130.0,1.0,0.0,70.0,1.0,new_or_rank_fill,0.0
272210,한화시스템,032602,032602,2024,2,2024-08-31,2024-08-31,2024-08-31,2024-10-31,0.1,2.7428442101244346,3.2428442101244346,0.5,10.0,18630.0,2024-08-30,0,0,1.9896276885791562,2.608907604420576,0.09072208016153693,0.18246834501878523,0.8240316166190945,-0.1985317393149268,1,0.15,0,0.0,-0.033862433862433705,0.01472949597162998,0.012904380281167693,00339391,2.7428442101244346,2.608907604420576,8.0,1.0,0.7298733800751409,59.0,1.0,0.5672335408997908,74.0,1.0,1.0,1.0,1.0,0.0,70.0,1.0,keep_current_top_n,1.0
180640,한진칼,116409,116409,2024,2,2024-08-31,2024-08-31,2024-08-31,2024-10-31,0.1,2.5785190279019305,3.0785190279019305,0.5,12.0,68700.0,2024-08-30,0,0,0.984001081961209,1.6566135037978458,0.39071292150035697,0.5042518939352486,0.26236330264715185,0.26765363016883637,1,0.15,0,0.0,0.22786647314949193,0.01472949597162998,0.012904380281167693,00983040,2.5785190279019305,1.6566135037978458,21.0,1.0,2.0170075757409944,18.0,1.0,-0.7647246576252468,193.0,1.0,1.0,1.0,1.0,0.0,70.0,1.0,new_or_rank_fill,1.0
042700,한미반도체,032902,032902,2024,3,2024-11-30,2024-11-30,2024-11-30,2025-02-28,0.1,3.935136293295249,3.935136293295249,0.0,1.0,74600.0,2024-11-29,0,0,1.9948628998946176,2.7811765949943306,2.2968399161489077,0.7,0.2743722207648449,0.2539596983009185,1,0.15,1,0.05,0.016304347826086918,0.16339299460102374,0.16084764112629868,00161383,3.935136293295249,2.7811765949943306,5.0,1.0,2.8,1.0,1.0,-0.7255991380026244,113.0,1.0,1.0,1.0,1.0,1.0,1.0,1.0,new_or_rank_fill,0.0
319400,현대무벡스,032901,032901,2024,3,2024-11-30,2024-11-30,2024-11-30,2025-02-28,0.1,3.237232477750415,3.737232477750415,0.5,3.0,2895.0,2024-11-29,0,0,1.6584276265138513,2.5157128404919065,0.292565798546107,0.4060475199129099,0.45547252155848245,0.11547211734559892,1,0.15,1,0.05,0.2074554294975688,0.16339299460102374,0.16084764112629868,01358463,3.237232477750415,2.5157128404919065,8.0,1.0,1.6241900796516395,19.0,1.0,-0.3299203352731398,90.0,1.0,1.0,1.0,1.0,1.0,1.0,1.0,keep_current_top_n,1.0
060370,LS마린솔루션,064203,064203,2024,3,2024-11-30,2024-11-30,2024-11-30,2025-02-28,0.1,3.182534955604503,3.682534955604503,0.5,6.0,11848.0,2024-11-29,0,0,1.2052232684982207,2.0371689188828253,0.5310671604390889,0.6182137488358191,0.1043964240700097,0.37715228788585875,1,0.15,0,0.0,0.1378555798687089,0.16339299460102374,0.16084764112629868,00225742,3.182534955604503,2.0371689188828253,13.0,1.0,2.4728549953432766,8.0,1.0,-1.0775779653881679,134.0,1.0,1.0,1.0,1.0,0.0,62.0,1.0,keep_current_top_n,1.0
252990,샘씨엔에스,032602,032602,2024,3,2024-11-30,2024-11-30,2024-11-30,2025-02-28,0.1,3.486682239517686,3.486682239517686,0.0,2.0,4010.0,2024-11-29,0,1,1.5855497610824927,2.4582086686399998,0.692365007010771,0.7,0.4384705122145881,0.1284735708776871,1,0.15,1,0.05,-0.17368421052631589,0.16339299460102374,0.16084764112629868,01199727,3.486682239517686,2.4582086686399998,10.0,1.0,2.8,1.0,1.0,-0.3670673453648203,93.0,1.0,1.0,1.0,1.0,1.0,1.0,1.0,new_or_rank_fill,0.0
178320,서진시스템,032809,032809,2024,3,2024-11-30,2024-11-30,2024-11-30,2025-02-28,0.1,3.2305602583951503,3.2305602583951503,0.0,4.0,25450.0,2024-11-29,0,0,2.10182679726795,2.8,0.46698966180359025,0.5708239406991937,0.7898983951333405,-0.1402636823040433,0,0.0,0,0.0,-0.20244328097731246,0.16339299460102374,0.16084764112629868,00838005,3.2305602583951503,2.8,1.0,1.0,2.283295762796775,11.0,1.0,0.40075337801155225,57.0,1.0,0.0,78.0,1.0,0.0,62.0,1.0,new_or_rank_fill,0.0
036930,주성엔지니어링,032902,032902,2024,3,2024-11-30,2024-11-30,2024-11-30,2025-02-28,0.1,3.208184459356154,3.208184459356154,0.0,5.0,27900.0,2024-11-29,0,0,1.3493584960771217,2.2077634508621697,0.7412038500483685,0.7,0.4751548665131866,0.10042100849398469,1,0.15,1,0.05,0.07258064516129026,0.16339299460102374,0.16084764112629868,00252135,3.208184459356154,2.2077634508621697,11.0,1.0,2.8,1.0,1.0,-0.28691716712567056,87.0,1.0,1.0,1.0,1.0,1.0,1.0,1.0,new_or_rank_fill,0.0
319660,피에스케이,032902,032902,2024,3,2024-11-30,2024-11-30,2024-11-30,2025-02-28,0.1,3.0129584487090946,3.0129584487090946,0.0,7.0,16800.0,2024-11-29,0,0,1.0888180717209952,1.8993948965446446,0.5252468283727918,0.6147925847754875,0.21577249467527054,0.29877096738896297,1,0.15,1,0.05,-0.1033653846153848,0.16339299460102374,0.16084764112629868,01365825,3.0129584487090946,1.8993948965446446,15.0,1.0,2.45917033910195,9.0,1.0,-0.8536313353970371,120.0,1.0,1.0,1.0,1.0,1.0,1.0,1.0,new_or_rank_fill,0.0
018290,브이티,032004,032004,2024,3,2024-11-30,2024-11-30,2024-11-30,2025-02-28,0.1,2.5121557059630444,3.0121557059630444,0.5,13.0,29100.0,2024-11-29,0,0,0.9825190787148593,1.764776402530008,0.355714406785983,0.472713326321655,0.4434497050896547,0.12466597711138143,1,0.15,0,0.0,-0.004411764705882226,0.16339299460102374,0.16084764112629868,00150165,2.5121557059630444,1.764776402530008,16.0,1.0,1.89085330528662,13.0,1.0,-0.3561885060325184,92.0,1.0,1.0,1.0,1.0,0.0,62.0,1.0,keep_current_top_n,1.0
119850,지엔씨에너지,032801,032801,2024,3,2024-11-30,2024-11-30,2024-11-30,2025-02-28,0.1,2.836201792181071,2.836201792181071,0.0,8.0,8800.0,2024-11-29,0,0,1.1178303626702695,1.9337330543931877,0.7935500877071201,0.7,0.5378620824866873,0.05246873778788332,1,0.15,0,0.0,2.0830039525691695,0.16339299460102374,0.16084764112629868,00626464,2.836201792181071,1.9337330543931877,14.0,1.0,2.8,1.0,1.0,-0.14991067939395236,79.0,1.0,1.0,1.0,1.0,0.0,62.0,1.0,new_or_rank_fill,0.0
000240,한국앤컴퍼니,116409,116409,2024,3,2024-11-30,2024-11-30,2024-11-30,2025-02-28,0.1,2.7518643077186495,2.7518643077186495,0.0,9.0,17230.0,2024-11-29,0,0,0.9654050749262606,1.7377688438121777,0.5038738419110717,0.6022296429515671,0.12938407765752655,0.36186582095490466,0,0.0,1,0.05,-0.05313432835820886,0.16339299460102374,0.16084764112629868,00160047,2.7518643077186495,1.7377688438121777,17.0,1.0,2.4089185718062684,10.0,1.0,-1.033902345585442,132.0,1.0,0.0,78.0,1.0,1.0,1.0,1.0,new_or_rank_fill,0.0
319400,현대무벡스,032901,032901,2024,4,2025-03-31,2025-03-31,2025-03-31,2025-04-30,0.1,2.718009134897568,3.218009134897568,0.5,3.0,3325.0,2025-03-31,0,0,1.8854611376859984,2.5014282713869087,0.0019322874411271673,0.0,0.5516686270774384,0.016580863510659558,1,0.15,1,0.05,0.2067114093959732,0.05444035384264545,0.05143137331556913,01358463,2.718009134897568,2.5014282713869087,3.0,1.0,0.0,66.0,1.0,-0.0473738957447416,78.0,1.0,1.0,1.0,1.0,1.0,1.0,1.0,keep_current_top_n,1.0
114810,한솔아이원스,032902,032902,2024,4,2025-03-31,2025-03-31,2025-03-31,2025-04-30,0.1,2.766695569427291,2.766695569427291,0.0,1.0,7380.0,2025-03-31,0,0,1.2751825401451478,1.9320589781254038,0.5118356512466334,0.5983747492161503,0.2413543851219518,0.23626184208573717,0,0.0,0,0.0,0.07670850767085069,0.05444035384264545,0.05143137331556913,00625942,2.766695569427291,1.9320589781254038,8.0,1.0,2.393498996864601,12.0,1.0,-0.6750338345306777,119.0,1.0,0.0,48.0,1.0,0.0,47.0,1.0,new_or_rank_fill,0.0
005690,파미셀,032101,032101,2024,4,2025-03-31,2025-03-31,2025-03-31,2025-04-30,0.1,2.766209142463143,2.766209142463143,0.0,2.0,10140.0,2025-03-31,0,0,1.4920649678804065,2.152425872871624,0.21908393231810952,0.30459808328369137,0.1383452287083328,0.3091851863078277,0,0.0,0,0.0,0.044554455445544594,0.05444035384264545,0.05143137331556913,00145163,2.766209142463143,2.152425872871624,7.0,1.0,1.2183923331347655,29.0,1.0,-0.8833862465937935,137.0,1.0,0.0,48.0,1.0,0.0,47.0,1.0,new_or_rank_fill,0.0
082740,한화엔진,032901,032901,2024,4,2025-03-31,2025-03-31,2025-03-31,2025-04-30,0.1,2.716672167364312,2.716672167364312,0.0,4.0,21250.0,2025-03-31,0,0,2.2503092294642326,2.7485681369162496,0.2891516133628238,0.3867484962092911,1.2789805597294945,-0.4686444657612285,0,0.0,1,0.05,0.20309050772626946,0.05444035384264545,0.05143137331556913,00361008,2.716672167364312,2.7485681369162496,1.0,1.0,1.5469939848371643,24.0,1.0,1.3389841878892244,17.0,1.0,0.0,48.0,1.0,1.0,1.0,1.0,new_or_rank_fill,0.0
368770,파이버프로,032702,032702,2024,4,2025-03-31,2025-03-31,2025-03-31,2025-04-30,0.1,2.6493314319649195,2.6493314319649195,0.0,5.0,6450.0,2025-03-31,0,0,1.094844465202064,1.7317647512799454,0.6697350850679322,0.6914805996141301,0.25572833586697574,0.22608608107084377,0,0.0,0,0.0,0.18999999999999995,0.05444035384264545,0.05143137331556913,01513440,2.6493314319649195,1.7317647512799454,12.0,1.0,2.7659223984565204,9.0,1.0,-0.6459602316309823,117.0,1.0,0.0,48.0,1.0,0.0,47.0,1.0,new_or_rank_fill,0.0
084370,유진테크,032902,032902,2024,4,2025-03-31,2025-03-31,2025-03-31,2025-04-30,0.1,2.607573015703587,2.607573015703587,0.0,6.0,38150.0,2025-03-31,0,0,1.118878214582051,1.7643245904227867,0.3322954213191045,0.4373321830952524,0.2135912155128993,0.25591624218554754,1,0.15,0,0.0,-0.19047619047619047,0.05444035384264545,0.05143137331556913,00531014,2.607573015703587,1.7643245904227867,11.0,1.0,1.7493287323810096,18.0,1.0,-0.7311892633872787,124.0,1.0,1.0,1.0,1.0,0.0,47.0,1.0,new_or_rank_fill,0.0
218410,RFHIC,032604,032604,2024,4,2025-03-31,2025-03-31,2025-03-31,2025-04-30,0.1,2.5910711793941372,2.5910711793941372,0.0,7.0,14020.0,2025-03-31,0,0,1.7353695543005565,2.3996394288373906,-0.0005756524813160802,-0.0036755230291164944,0.29948799691610667,0.1951072735858629,0,0.0,0,0.0,-0.02885821831869506,0.05444035384264545,0.05143137331556913,01078178,2.5910711793941372,2.3996394288373906,4.0,1.0,-0.014702092116465977,85.0,1.0,-0.5574493531024655,111.0,1.0,0.0,48.0,1.0,0.0,47.0,1.0,new_or_rank_fill,0.0
031980,피에스케이홀딩스,032902,032902,2024,4,2025-03-31,2025-03-31,2025-03-31,2025-04-30,0.1,2.5704282722656573,2.5704282722656573,0.0,8.0,34950.0,2025-03-31,0,0,0.9877076563985057,1.5866206372356375,0.9740774735694873,0.7,0.17419273648319533,0.28380763503001966,0,0.0,0,0.0,-0.16606060606060602,0.05444035384264545,0.05143137331556913,00208444,2.5704282722656573,1.5866206372356375,16.0,1.0,2.8,1.0,1.0,-0.8108789572286276,133.0,1.0,0.0,48.0,1.0,0.0,47.0,1.0,new_or_rank_fill,0.0
057050,현대홈쇼핑,074709,074709,2024,4,2025-03-31,2025-03-31,2025-03-31,2025-04-30,0.1,2.452909446177479,2.452909446177479,0.0,9.0,49400.0,2025-03-31,0,0,0.9664748241676853,1.5578553542557743,0.884279163449566,0.7,0.29956311961405796,0.19505409192170486,0,0.0,0,0.0,-0.06717850287907878,0.05444035384264545,0.05143137331556913,00412597,2.452909446177479,1.5578553542557743,17.0,1.0,2.8,1.0,1.0,-0.5572974054905854,110.0,1.0,0.0,48.0,1.0,0.0,47.0,1.0,new_or_rank_fill,0.0
009540,HD한국조선해양,116409,116409,2024,4,2025-03-31,2025-03-31,2025-03-31,2025-04-30,0.1,2.3632655273587617,2.3632655273587617,0.0,10.0,201000.0,2025-03-31,0,0,1.9278301124509418,2.5301280589477786,-0.031642939413910165,-0.049206330027745264,0.9531727079294116,-0.2676562015612713,1,0.15,0,0.0,0.2710280373831777,0.05444035384264545,0.05143137331556913,00164830,2.3632655273587617,2.5301280589477786,2.0,1.0,-0.19682532011098106,98.0,1.0,0.7647320044607752,36.0,1.0,1.0,1.0,1.0,0.0,47.0,1.0,new_or_rank_fill,0.0
114810,한솔아이원스,032902,032902,2025,1,2025-05-31,2025-05-31,2025-05-31,2025-07-31,0.1,3.1553754398484353,3.6553754398484353,0.5,4.0,8210.0,2025-05-30,0,0,1.310622047403583,1.992698090594495,0.564798772777842,0.6424108362578096,0.22702349063811422,0.3202665129961307,1,0.15,1,0.05,0.16580310880829008,0.24961560190582177,0.2471577072357578,00625942,3.1553754398484353,1.992698090594495,17.0,1.0,2.5696433450312384,8.0,1.0,-0.9150471799889448,200.0,1.0,1.0,1.0,1.0,1.0,1.0,1.0,keep_current_top_n,1.0
005440,현대지에프홀딩스,116409,116409,2025,1,2025-05-31,2025-05-31,2025-05-31,2025-07-31,0.1,3.6000140260825346,3.6000140260825346,0.0,1.0,7460.0,2025-05-30,0,0,2.098166217743728,2.700019693428447,1.5708684888717008,0.7,0.3804687176985377,0.1999943326540881,0,0.0,0,0.0,0.5669724770642202,0.24961560190582177,0.2471577072357578,00105280,3.6000140260825346,2.700019693428447,3.0,1.0,2.8,1.0,1.0,-0.5714123790116803,167.0,1.0,0.0,59.0,1.0,0.0,61.0,1.0,new_or_rank_fill,0.0
206650,유바이오로직스,032102,032102,2025,1,2025-05-31,2025-05-31,2025-05-31,2025-07-31,0.1,3.577470529602468,3.577470529602468,0.0,2.0,13030.0,2025-05-30,0,0,2.119522383295199,2.7155187710747843,0.5290958483573234,0.6174464649568322,0.38747172409682046,0.19450529357085172,0,0.0,1,0.05,-0.01145912910618796,0.24961560190582177,0.2471577072357578,00927558,3.577470529602468,2.7155187710747843,2.0,1.0,2.469785859827329,11.0,1.0,-0.5557294102024335,163.0,1.0,0.0,59.0,1.0,1.0,1.0,1.0,new_or_rank_fill,0.0
036930,주성엔지니어링,032902,032902,2025,1,2025-05-31,2025-05-31,2025-05-31,2025-07-31,0.1,3.27341517049912,3.27341517049912,0.0,3.0,31400.0,2025-05-30,0,0,1.767782642366642,2.460246281132,1.0554014687671838,0.7,0.4912420471742448,0.11316888936711994,0,0.0,0,0.0,-0.18898809523809523,0.24961560190582177,0.2471577072357578,00252135,3.27341517049912,2.460246281132,6.0,1.0,2.8,1.0,1.0,-0.323339683906057,145.0,1.0,0.0,59.0,1.0,0.0,61.0,1.0,new_or_rank_fill,0.0
003160,디아이,032702,032702,2025,1,2025-05-31,2025-05-31,2025-05-31,2025-07-31,0.1,2.9016041178559155,2.9016041178559155,0.0,5.0,15130.0,2025-05-30,0,0,1.5738228348419372,2.279222099170783,0.3999644697410709,0.4907318978135504,0.7228266793669467,-0.06834987912841783,1,0.15,1,0.05,-0.01285714285714279,0.24961560190582177,0.2471577072357578,00118275,2.9016041178559155,2.279222099170783,12.0,1.0,1.9629275912542017,19.0,1.0,0.1952853689383367,95.0,1.0,1.0,1.0,1.0,1.0,1.0,1.0,new_or_rank_fill,0.0
060370,LS마린솔루션,064203,064203,2025,1,2025-05-31,2025-05-31,2025-05-31,2025-07-31,0.1,2.8766027187455214,2.8766027187455214,0.0,6.0,15666.0,2025-05-30,0,0,1.567324306899121,2.2721477119922993,0.23840163957536653,0.2783717117858863,0.283393167344795,0.27608329496733625,0,0.0,1,0.05,0.6682615629984052,0.24961560190582177,0.2471577072357578,00225742,2.8766027187455214,2.2721477119922993,13.0,1.0,1.1134868471435453,41.0,1.0,-0.7888094141923894,189.0,1.0,0.0,59.0,1.0,1.0,1.0,1.0,new_or_rank_fill,0.0
356860,티엘비,032602,032602,2025,1,2025-05-31,2025-05-31,2025-05-31,2025-07-31,0.1,2.8064676787214395,2.8064676787214395,0.0,7.0,17310.0,2025-05-30,0,0,1.683748723686062,2.3988889384096557,0.2600268664455022,0.3086135030013802,0.5731541231001477,0.048965237310403524,0,0.0,1,0.05,0.5926358854471072,0.24961560190582177,0.2471577072357578,00920379,2.8064676787214395,2.3988889384096557,7.0,1.0,1.2344540120055207,34.0,1.0,-0.13990067802972436,132.0,1.0,0.0,59.0,1.0,1.0,1.0,1.0,new_or_rank_fill,0.0
178920,PI첨단소재,032202,032202,2025,1,2025-05-31,2025-05-31,2025-05-31,2025-07-31,0.1,2.6609069520982525,2.6609069520982525,0.0,8.0,17640.0,2025-05-30,0,0,1.5361986990569416,2.2382639458565174,0.22027870014462214,0.25302769325757696,0.4192267709563117,0.16961531298415802,0,0.0,0,0.0,0.10091743119266061,0.24961560190582177,0.2471577072357578,00767460,2.6609069520982525,2.2382639458565174,15.0,1.0,1.0121107730303078,48.0,1.0,-0.48461517995473724,159.0,1.0,0.0,59.0,1.0,0.0,61.0,1.0,new_or_rank_fill,0.0
082740,한화엔진,032901,032901,2025,1,2025-05-31,2025-05-31,2025-05-31,2025-07-31,0.1,2.0451368788717676,2.5451368788717676,0.5,21.0,27800.0,2025-05-30,0,0,1.6373718890753415,2.3484024763930647,0.08676836333476445,0.020400259776513077,1.279379208798329,-0.4736658572978103,1,0.15,0,0.0,0.2715596330275232,0.24961560190582177,0.2471577072357578,00361008,2.0451368788717676,2.3484024763930647,11.0,1.0,0.0816010391060523,89.0,1.0,1.3533310208508866,34.0,1.0,1.0,1.0,1.0,0.0,61.0,1.0,keep_current_top_n,1.0
057050,현대홈쇼핑,074709,074709,2025,1,2025-05-31,2025-05-31,2025-05-31,2025-07-31,0.1,0.7505559293573133,1.2505559293573132,0.5,58.0,54600.0,2025-05-30,0,0,0.06834123237895016,0.06722342609868995,0.2390812212672122,0.2793220725734095,0.31155409086020774,0.25401043068521384,1,0.15,0,0.0,0.1790123456790127,0.24961560190582177,0.2471577072357578,00412597,0.7505559293573133,0.06722342609868995,88.0,1.0,1.117288290293638,40.0,1.0,-0.7257440876720396,183.0,1.0,1.0,1.0,1.0,0.0,61.0,1.0,keep_current_top_n,1.0
218410,RFHIC,032604,032604,2025,2,2025-08-31,2025-08-31,2025-08-31,2025-10-31,0.1,3.5529803145695276,3.5529803145695276,0.0,1.0,26300.0,2025-08-29,0,0,1.931576275802212,2.6418859886190886,0.363711965344645,0.5012634198599288,0.2898310365365063,0.25983090609051,1,0.15,0,0.0,0.19928186714542195,0.3308503161202816,0.32810895951915353,01078178,3.5529803145695276,2.6418859886190886,9.0,1.0,2.0050536794397154,23.0,1.0,-0.7423740174014573,176.0,1.0,1.0,1.0,1.0,0.0,54.0,1.0,new_or_rank_fill,0.0
039030,이오테크닉스,032902,032902,2025,2,2025-08-31,2025-08-31,2025-08-31,2025-10-31,0.1,3.187174196458372,3.187174196458372,0.0,2.0,206500.0,2025-08-29,0,0,1.2942252058192245,2.0445350804992524,0.456660352694815,0.5994714241714403,0.11323542566114038,0.3931676917876793,1,0.15,0,0.0,0.08009153318077789,0.3308503161202816,0.32810895951915353,00246417,3.187174196458372,2.0445350804992524,17.0,1.0,2.397885696685761,14.0,1.0,-1.1233362622505123,209.0,1.0,1.0,1.0,1.0,0.0,54.0,1.0,new_or_rank_fill,0.0
084370,유진테크,032902,032902,2025,2,2025-08-31,2025-08-31,2025-08-31,2025-10-31,0.1,3.168729876761956,3.168729876761956,0.0,3.0,47950.0,2025-08-29,0,0,1.4428121097790454,2.21199234561069,0.45350793695787706,0.5961406244974392,0.16312015847664207,0.360596906653827,0,0.0,0,0.0,1.1206703910614522,0.3308503161202816,0.32810895951915353,00531014,3.168729876761956,2.21199234561069,13.0,1.0,2.384562497989757,15.0,1.0,-1.0302768761537915,201.0,1.0,0.0,122.0,1.0,0.0,54.0,1.0,new_or_rank_fill,0.0
042000,카페24,106301,106301,2025,2,2025-08-31,2025-08-31,2025-08-31,2025-10-31,0.1,3.1137708610361616,3.1137708610361616,0.0,4.0,38400.0,2025-08-29,0,0,2.04537409334853,2.727385992518534,0.17157545067343838,0.2470909778122899,0.4375206125085095,0.13929389070533765,0,0.0,0,0.0,-0.17205542725173206,0.3308503161202816,0.32810895951915353,00260879,3.1137708610361616,2.727385992518534,6.0,1.0,0.9883639112491596,55.0,1.0,-0.3979825448723933,142.0,1.0,0.0,122.0,1.0,0.0,54.0,1.0,new_or_rank_fill,0.0
093370,후성,032001,032001,2025,2,2025-08-31,2025-08-31,2025-08-31,2025-10-31,0.1,2.9248653592821148,2.9248653592821148,0.0,5.0,6010.0,2025-08-29,0,0,2.8282082756409594,2.8,0.23966035724786894,0.3435895663064884,0.8761870327367027,-0.21872420702437353,0,0.0,0,0.0,0.8407445708376422,0.3308503161202816,0.32810895951915353,00595191,2.9248653592821148,2.8,1.0,1.0,1.3743582652259536,39.0,1.0,0.6249263057839244,64.0,1.0,0.0,122.0,1.0,0.0,54.0,1.0,new_or_rank_fill,0.0
004800,효성,116409,116409,2025,2,2025-08-31,2025-08-31,2025-08-31,2025-10-31,0.1,2.9180348330274892,2.9180348330274892,0.0,6.0,86800.0,2025-08-29,0,0,2.0073997861661312,2.6988546596495855,0.1441529562699072,0.19880058559586403,0.5832219385254854,0.020379587782039445,0,0.0,0,0.0,0.45632183908045953,0.3308503161202816,0.32810895951915353,00117188,2.9180348330274892,2.6988546596495855,7.0,1.0,0.7952023423834561,59.0,1.0,-0.05822739366296984,112.0,1.0,0.0,122.0,1.0,0.0,54.0,1.0,new_or_rank_fill,0.0
171090,선익시스템,032902,032902,2025,2,2025-08-31,2025-08-31,2025-08-31,2025-10-31,0.1,2.829635469155917,2.829635469155917,0.0,7.0,36850.0,2025-08-29,0,1,1.9556430826070053,2.659968163831451,1.0536665920639807,0.7,1.3132282191703513,-0.5303326946755341,0,0.0,0,0.0,0.27722772277227725,0.3308503161202816,0.32810895951915353,00327819,2.829635469155917,2.659968163831451,8.0,1.0,2.8,1.0,1.0,1.5152362705015263,26.0,1.0,0.0,122.0,1.0,0.0,54.0,1.0,new_or_rank_fill,0.0
178920,PI첨단소재,032202,032202,2025,2,2025-08-31,2025-08-31,2025-08-31,2025-10-31,0.1,0.37778365938298847,0.8777836593829884,0.5,85.0,16990.0,2025-08-29,0,0,0.020527130153259222,0.01513142486608862,0.02825844161171065,-0.005287032628098875,0.40242248529494673,0.16793926714499874,1,0.15,1,0.05,0.007777777777777661,0.3308503161202816,0.32810895951915353,00767460,0.37778365938298847,0.01513142486608862,94.0,1.0,-0.0211481305123955,125.0,1.0,-0.47982647755713925,149.0,1.0,1.0,1.0,1.0,1.0,1.0,1.0,keep_current_top_n,1.0
060370,LS마린솔루션,064203,064203,2025,2,2025-08-31,2025-08-31,2025-08-31,2025-10-31,0.1,-1.7740870079680386,-1.2740870079680386,0.5,204.0,23000.0,2025-08-29,0,0,-1.2734037221385432,-2.049179685999187,-0.07849180406381207,-0.1932718000607437,0.27937516431847165,0.2683644780918919,1,0.15,1,0.05,0.10516252390057357,0.3308503161202816,0.32810895951915353,00225742,-1.7740870079680386,-2.049179685999187,206.0,1.0,-0.7730872002429748,174.0,1.0,-0.7667556516911198,179.0,1.0,1.0,1.0,1.0,1.0,1.0,1.0,keep_current_top_n,1.0
082740,한화엔진,032901,032901,2025,2,2025-08-31,2025-08-31,2025-08-31,2025-10-31,0.1,-1.8999215795409126,-1.3999215795409126,0.5,206.0,47500.0,2025-08-29,0,0,-0.8112936092189741,-1.4378428466933866,-0.05664218547987132,-0.15479511607746832,1.201347780342794,-0.4572836167700574,1,0.15,0,0.0,0.42568542568542567,0.3308503161202816,0.32810895951915353,00361008,-1.8999215795409126,-1.4378428466933866,196.0,1.0,-0.6191804643098733,168.0,1.0,1.3065246193430213,32.0,1.0,1.0,1.0,1.0,0.0,54.0,1.0,keep_current_top_n,1.0
206650,유바이오로직스,032102,032102,2025,3,2025-11-30,2025-11-30,2025-11-30,2026-02-28,0.1,3.4391051317130343,3.4391051317130343,0.0,1.0,12740.0,2025-11-28,0,0,2.1925380452215415,2.7529681319261274,0.34734398910995345,0.44465044171357754,0.2919975877863711,0.24148655807332936,0,0.0,0,0.0,0.21052631578947367,0.21067926925557567,0.2078809591052746,00927558,3.4391051317130343,2.7529681319261274,4.0,1.0,1.7786017668543102,19.0,1.0,-0.6899615944952268,153.0,1.0,0.0,102.0,1.0,0.0,94.0,1.0,new_or_rank_fill,0.0
039030,이오테크닉스,032902,032902,2025,3,2025-11-30,2025-11-30,2025-11-30,2026-02-28,0.1,2.8166961154782477,3.3166961154782477,0.5,4.0,257000.0,2025-11-28,0,0,1.1113700484069449,1.7833309137261113,0.3638030436262798,0.4615107570779538,0.11675734154468093,0.3718544446741828,1,0.15,1,0.05,0.7733050847457625,0.21067926925557567,0.2078809591052746,00246417,2.8166961154782477,1.7833309137261113,19.0,1.0,1.8460430283118152,17.0,1.0,-1.0624412704976653,188.0,1.0,1.0,1.0,1.0,1.0,1.0,1.0,keep_current_top_n,1.0
356860,티엘비,032602,032602,2025,3,2025-11-30,2025-11-30,2025-11-30,2026-02-28,0.1,3.0309351277144883,3.0309351277144883,0.0,2.0,66500.0,2025-11-28,0,0,1.7401740957897918,2.4344367974627157,0.32013976487240003,0.41044117380611256,0.621534639012824,-0.01394284355433972,1,0.15,1,0.05,-0.11661807580174943,0.21067926925557567,0.2078809591052746,00920379,3.0309351277144883,2.4344367974627157,6.0,1.0,1.6417646952244502,21.0,1.0,0.03983669586954206,96.0,1.0,1.0,1.0,1.0,1.0,1.0,1.0,new_or_rank_fill,0.0
006120,SK디스커버리,116409,116409,2025,3,2025-11-30,2025-11-30,2025-11-30,2026-02-28,0.1,2.979911825807582,2.979911825807582,0.0,3.0,59900.0,2025-11-28,0,0,2.281993005053815,2.8,0.2501373249201453,0.32241321897117325,0.851898322811749,-0.19250139316359102,0,0.0,1,0.05,0.008431703204047292,0.21067926925557567,0.2078809591052746,00131832,2.979911825807582,2.8,1.0,1.0,1.289652875884693,34.0,1.0,0.550003980467403,62.0,1.0,0.0,102.0,1.0,1.0,1.0,1.0,new_or_rank_fill,0.0
004800,효성,116409,116409,2025,3,2025-11-30,2025-11-30,2025-11-30,2026-02-28,0.1,2.3668168315576668,2.8668168315576668,0.5,8.0,130700.0,2025-11-28,0,0,1.1204198987478706,1.79607578833166,0.29112582884716043,0.37395619625739285,0.607694527111543,-0.0032151530313858515,1,0.15,1,0.05,0.3338595106550908,0.21067926925557567,0.2078809591052746,00117188,2.3668168315576668,1.79607578833166,18.0,1.0,1.4958247850295714,26.0,1.0,0.00918615151824529,97.0,1.0,1.0,1.0,1.0,1.0,1.0,1.0,keep_current_top_n,1.0
068270,셀트리온,032101,032101,2025,3,2025-11-30,2025-11-30,2025-11-30,2026-02-28,0.1,2.5162381987852096,2.5162381987852096,0.0,5.0,185600.0,2025-11-28,0,0,1.2252782971171012,1.9078106455833002,0.10641814648351389,0.11460823114296462,0.22448153592837897,0.2938193220589448,1,0.15,1,0.05,0.35820045558086555,0.21067926925557567,0.2078809591052746,00413046,2.5162381987852096,1.9078106455833002,15.0,1.0,0.45843292457185847,64.0,1.0,-0.8394837773112709,169.0,1.0,1.0,1.0,1.0,1.0,1.0,1.0,new_or_rank_fill,0.0
249420,일동제약,032102,032102,2025,3,2025-11-30,2025-11-30,2025-11-30,2026-02-28,0.1,2.4338502335049967,2.4338502335049967,0.0,6.0,29350.0,2025-11-28,0,0,2.474340068904969,2.8,-0.0711566710682685,-0.16451682560385023,0.9281856873376275,-0.25163294089115296,0,0.0,1,0.05,0.651063829787234,0.21067926925557567,0.2078809591052746,01168383,2.4338502335049967,2.8,1.0,1.0,-0.6580673024154009,153.0,1.0,0.7189512596890084,47.0,1.0,0.0,102.0,1.0,1.0,1.0,1.0,new_or_rank_fill,0.0
018670,SK가스,074607,074607,2025,3,2025-11-30,2025-11-30,2025-11-30,2026-02-28,0.1,2.432766505047119,2.432766505047119,0.0,7.0,239000.0,2025-11-28,0,0,1.5305816759186626,2.2302789571762496,0.21272993515182648,0.27537348693805463,0.9556048109937975,-0.2728859390671843,1,0.15,1,0.05,-0.10556621880998085,0.21067926925557567,0.2078809591052746,00144164,2.432766505047119,2.2302789571762496,11.0,1.0,1.1014939477522185,38.0,1.0,0.7796741116205266,44.0,1.0,1.0,1.0,1.0,1.0,1.0,1.0,new_or_rank_fill,0.0
041510,에스엠,105902,105902,2025,3,2025-11-30,2025-11-30,2025-11-30,2026-02-28,0.1,2.3660127225983016,2.3660127225983016,0.0,9.0,108100.0,2025-11-28,0,0,1.129389371842826,1.8065306009436506,0.16936418594115965,0.21355140944852083,0.4152770202787469,0.14593071220613044,1,0.15,1,0.05,-0.03347280334728031,0.21067926925557567,0.2078809591052746,00260930,2.3660127225983016,1.8065306009436506,17.0,1.0,0.8542056377940833,45.0,1.0,-0.41694489201751556,125.0,1.0,1.0,1.0,1.0,1.0,1.0,1.0,new_or_rank_fill,0.0
425420,티에프이,032602,032602,2025,3,2025-11-30,2025-11-30,2025-11-30,2026-02-28,0.1,2.338587897317936,2.338587897317936,0.0,10.0,45800.0,2025-11-28,0,0,0.8570447690355211,1.42516545545861,0.5751196814541396,0.6405390029181469,0.5095174752869511,0.0728834389411794,1,0.15,1,0.05,0.04539877300613493,0.21067926925557567,0.2078809591052746,01035368,2.338587897317936,1.42516545545861,24.0,1.0,2.5621560116725877,6.0,1.0,-0.20823839697479826,112.0,1.0,1.0,1.0,1.0,1.0,1.0,1.0,new_or_rank_fill,0.0
425420,티에프이,032602,032602,2025,4,2026-03-31,2026-03-31,2026-03-31,2026-03-31,0.1,3.2946297363732713,3.7946297363732713,0.5,4.0,69000.0,2026-03-27,0,0,1.5818483115435626,2.1686724879321657,0.6010818700044805,0.7,0.27417368941909315,0.22595724844110548,1,0.15,1,0.05,0.619718309859155,0.03720937206939379,0.035109372069393796,01035368,3.2946297363732713,2.1686724879321657,16.0,1.0,2.8,1.0,1.0,-0.6455921384031585,122.0,1.0,1.0,1.0,1.0,1.0,1.0,1.0,keep_current_top_n,1.0
218410,RFHIC,032604,032604,2025,4,2026-03-31,2026-03-31,2026-03-31,2026-03-31,0.1,3.688174929908726,3.688174929908726,0.0,1.0,82400.0,2026-03-27,0,0,2.781523944541956,2.8,0.5865324602488591,0.7,0.3203824618557173,0.18817492990872628,0,0.0,0,0.0,0.45070422535211274,0.03720937206939379,0.035109372069393796,01078178,3.688174929908726,2.8,1.0,1.0,2.8,1.0,1.0,-0.5376426568820751,114.0,1.0,0.0,79.0,1.0,0.0,74.0,1.0,new_or_rank_fill,0.0
060280,큐렉소,074708,074708,2025,4,2026-03-31,2026-03-31,2026-03-31,2026-03-31,0.1,3.631624082770845,3.631624082770845,0.0,2.0,17460.0,2026-03-27,0,0,1.7442099508906124,2.3339255041320617,0.580228132847816,0.7,0.049545356214452746,0.3976985786387838,1,0.15,1,0.05,0.027663331371394984,0.03720937206939379,0.035109372069393796,00356802,3.631624082770845,2.3339255041320617,12.0,1.0,2.8,1.0,1.0,-1.136281653253668,161.0,1.0,1.0,1.0,1.0,1.0,1.0,1.0,new_or_rank_fill,0.0
041920,메디아나,032701,032701,2025,4,2026-03-31,2026-03-31,2026-03-31,2026-03-31,0.1,3.3897927172563476,3.3897927172563476,0.0,3.0,19900.0,2026-03-27,0,0,1.6874566232521577,2.2761614989806445,0.4112630857650592,0.5864055582787628,0.08084400580049247,0.3772256599969405,1,0.15,0,0.0,-0.03398058252427183,0.03720937206939379,0.035109372069393796,00273439,3.3897927172563476,2.2761614989806445,13.0,1.0,2.3456222331150514,13.0,1.0,-1.0777875999912587,160.0,1.0,1.0,1.0,1.0,0.0,74.0,1.0,new_or_rank_fill,0.0
098460,고영,032902,032902,2025,4,2026-03-31,2026-03-31,2026-03-31,2026-03-31,0.1,3.2789272292847214,3.2789272292847214,0.0,5.0,27300.0,2026-03-27,0,0,1.8011839833658807,2.3919141444874596,0.251005614690228,0.40232934991388636,0.20234964702508956,0.28468373488337556,1,0.15,1,0.05,-0.1428571428571429,0.03720937206939379,0.035109372069393796,00579999,3.2789272292847214,2.3919141444874596,9.0,1.0,1.6093173996555454,22.0,1.0,-0.8133820996667873,144.0,1.0,1.0,1.0,1.0,1.0,1.0,1.0,new_or_rank_fill,0.0
171090,선익시스템,032902,032902,2025,4,2026-03-31,2026-03-31,2026-03-31,2026-03-31,0.1,3.1871602201059335,3.1871602201059335,0.0,6.0,92800.0,2026-03-27,0,1,2.836390215977585,2.8,2.7579613134265983,0.7,0.9331366710194042,-0.3128397798940665,0,0.0,0,0.0,-0.2916030534351145,0.03720937206939379,0.035109372069393796,00327819,3.1871602201059335,2.8,1.0,1.0,2.8,1.0,1.0,0.8938279425544758,37.0,1.0,0.0,79.0,1.0,0.0,74.0,1.0,new_or_rank_fill,0.0
005690,파미셀,032101,032101,2025,4,2026-03-31,2026-03-31,2026-03-31,2026-03-31,0.1,3.1055858212346266,3.1055858212346266,0.0,7.0,16920.0,2026-03-27,0,0,1.56359454669505,2.150093655454547,0.6054405257357389,0.7,0.23805170624642055,0.25549216578007955,0,0.0,0,0.0,0.041871921182266014,0.03720937206939379,0.035109372069393796,00145163,3.1055858212346266,2.150093655454547,17.0,1.0,2.8,1.0,1.0,-0.729977616514513,136.0,1.0,0.0,79.0,1.0,0.0,74.0,1.0,new_or_rank_fill,0.0
100840,SNT에너지,032901,032901,2025,4,2026-03-31,2026-03-31,2026-03-31,2026-03-31,0.1,2.99053520472302,2.99053520472302,0.0,8.0,48200.0,2026-03-27,0,0,1.596323630857286,2.183405587367903,1.1457911592997267,0.7,0.48065433668749946,0.05712961735511724,0,0.0,1,0.05,0.04896626768226331,0.03720937206939379,0.035109372069393796,00648721,2.99053520472302,2.183405587367903,14.0,1.0,2.8,1.0,1.0,-0.16322747815747785,89.0,1.0,0.0,79.0,1.0,1.0,1.0,1.0,new_or_rank_fill,0.0
041510,에스엠,105902,105902,2025,4,2026-03-31,2026-03-31,2026-03-31,2026-03-31,0.1,1.840241185305811,2.340241185305811,0.5,23.0,91000.0,2026-03-27,0,0,0.8447105423513473,1.2912101122718767,0.1573158031253481,0.26813278392402007,0.39043330477416793,0.13089828910991433,1,0.15,0,0.0,-0.21212121212121215,0.03720937206939379,0.035109372069393796,00260930,1.840241185305811,1.2912101122718767,25.0,1.0,1.0725311356960803,33.0,1.0,-0.3739951117426124,101.0,1.0,1.0,1.0,1.0,0.0,74.0,1.0,keep_current_top_n,1.0
068270,셀트리온,032101,032101,2025,4,2026-03-31,2026-03-31,2026-03-31,2026-03-31,0.1,1.25939156964921,1.75939156964921,0.5,34.0,206000.0,2026-03-27,0,0,0.9630373006666744,1.4517887135342709,-0.46433961245791067,-0.6361475571689781,0.2524121793507207,0.24375041328391714,1,0.15,1,0.05,-0.13626834381551367,0.03720937206939379,0.035109372069393796,00413046,1.25939156964921,1.4517887135342709,24.0,1.0,-2.5445902286759123,153.0,1.0,-0.6964297522397633,130.0,1.0,1.0,1.0,1.0,1.0,1.0,1.0,keep_current_top_n,1.0
